output_id	origin	original_id	length	sequence_sha256
BASE_00000001	baseline	k141_7205	1176	418c4a05792dbf0afb5ef2b979bf26c60d29fa24beb98df9755fc735a98f839f
BASE_00000002	baseline	k141_14410	1427	e4ed3faca4b3bc2e448434316a42ffc5cc658d412f43c91973d4621278b2a73f
BASE_00000003	baseline	k141_7206	1290	7d8f1152c44961df09227ac2f2494935e38fd473350e465479cf78331f83c81a
BASE_00000004	baseline	k141_4	1058	03849fc44289adef8ce9dfd74f1b863b39cb763050e67fe682e0e76457c9d34b
BASE_00000005	baseline	k141_14412	1706	698c74ab91547749d0ebd8b94706b01eafb92a4727f3da47588fa6ddfaf5f8b7
BASE_00000006	baseline	k141_7209	1151	fd4b68a6f5a2ac2f11dc73c7dc0d82c392c97fafa277c9591d9b54a610741f44
BASE_00000007	baseline	k141_5	1658	b1e23d848b8d5b9e8ecc656e12ca12d99e49e6c776e1f7ce36f02f784a997288
BASE_00000008	baseline	k141_6	1382	53a09825b6fea78a69afc83fa66655e145af112e6f10dcd4bcb642683bbbd3c7
BASE_00000009	baseline	k141_7210	2479	1266ee31e67f6aa2d8687fe74a7bbeadb024e49719769b1645cc0468e90c8fcf
BASE_00000010	baseline	k141_14415	4053	d5020248045d9677ef2f707f6a72c2c89df0790bb4978e2a4983547e0f3e32d0
BASE_00000011	baseline	k141_21620	6960	8768eecfb60d2df040274ddfed5a579d9f5cf134d4245903766cea5c62f2b525
BASE_00000012	baseline	k141_9	3315	af41c57301ebf7f5e9010b8352eddea8d27049b7de5b2ce78eb080446cb91421
BASE_00000013	baseline	k141_7212	3184	cf23cb6794d19ab473702ae3abd82150159d449dcb75a67c406fdd6cd07f83ba
BASE_00000014	baseline	k141_14417	1446	9d5295c6f967e8ed4d8ad3f653312e102c7418552b5fe99b7a5e4801658a2a45
BASE_00000015	baseline	k141_21622	1401	b3e06ec1e1c3c7895d6eb2b2580725b62f02a4cfd38454a516925bd7a71e9ca0
BASE_00000016	baseline	k141_10	1694	f8c311e954a32cefff59c62df7a40582e8f84c9d8aef5ed5c645398f546e1a15
BASE_00000017	baseline	k141_7214	1185	d3e3402eb8dcc6b3d7155811eedf482c8a46ba9520ce26d2a3be7f2bbdb0e881
BASE_00000018	baseline	k141_21623	1389	e05e802e604bd7a35f4a711e75e41437386f54a35dba1dbea507e23ddf782dc9
BASE_00000019	baseline	k141_7215	1627	27e4207b66d806ef171b69fdc1278d8a4e2e32ff6346207da1460d4922a23a47
BASE_00000020	baseline	k141_14422	1752	e6c5a74ef077256ca4249d05e8bcd5b3ca00c3f451afa82774e9126936e64950
BASE_00000021	baseline	k141_14424	1074	e81ab5e61192a38d92122cadb5ceb2ae1aad8f99eb916854f3f5d887db3d4f6c
BASE_00000022	baseline	k141_7219	1210	8716bc4a5fc09c70b84e34fde46887bcad0ccae3ce014df8def3d8cca630d87c
BASE_00000023	baseline	k141_18	2824	b030220a5c2256be16a253e5b1e41016faf1da70b2971efa152df3870164c2c2
BASE_00000024	baseline	k141_14428	1223	7f1bce8c37f0d4e56a0d7f5412d5a3e49b52723c9f4b301d41f916bd1601f52a
BASE_00000025	baseline	k141_7222	2282	bc6838f0a3210f600e4ce443d86997eea826fd38ce583eea3d082fc98eae35d2
BASE_00000026	baseline	k141_14431	1228	b8963f00b304a56cb95ac2958f4d4f8596155dac3f6d508fe54f84834482b788
BASE_00000027	baseline	k141_23	1362	bad1d87fd1b62bdff0610b4457e5a51b8d22644e669ea1f670a6ac514ce07ea0
BASE_00000028	baseline	k141_21639	1356	10318f05bbb56cbb9aa99a7b931739202a5be89d83d1a9633e5d1c10c47756ab
BASE_00000029	baseline	k141_24	1084	80382595dc5ad308bff1e0c7b60b3d25103749fe61696563f4c61f8154ca6902
BASE_00000030	baseline	k141_7229	1293	a0e9858e3899490b0262cf009d4b2eeb3543e45657f09a7543ffa971ad015894
BASE_00000031	baseline	k141_14435	1239	60054068a9b5fa380168867c28320c02970e777ff65995b63f7c7bcf27c755b0
BASE_00000032	baseline	k141_25	2061	f05bf116d89f1ec340609a663f59174f7960bc133231d1bb8a8288824d2e1e37
BASE_00000033	baseline	k141_21644	1115	ffdcb721b0a69cf28e3dad14d136401df7661304a42f22f0726d177bc1c69110
BASE_00000034	baseline	k141_21646	1112	cbdb197438b50d9a38c73a99d2d848475a120ec740dd6c5df496fa6177bc8cb6
BASE_00000035	baseline	k141_14437	2587	8554e2336c24978c9396ef3ee3e86881fdd87204a4617457496074e2168ef725
BASE_00000036	baseline	k141_26	3479	656f6251c5caf3efe2af4371b5f43914d7017212512ea48314599436427ade6b
BASE_00000037	baseline	k141_21648	1292	3ad30858e676455661f5a808c6bf9e1d2a5efc4b92262b355456ad69bc4327d9
BASE_00000038	baseline	k141_7234	2342	ca33f6728fc1b6b9c1c37ab0446bf96d47ee7aeb5955e1e1cb8c4df8e7a835e2
BASE_00000039	baseline	k141_27	2104	2a89b551064ceeb291dfe876d3fed74950a8dc07178deb586ed02f86040dbcd4
BASE_00000040	baseline	k141_7236	1519	858b8e6ea40505b627885164598e994924179bdaf86b69a0fdd5a5306aa5ab2f
BASE_00000041	baseline	k141_21649	3118	860d8cb18055e6abd5a86c88b4a64bea34661eb2920ea676ab5186b45c35aec3
BASE_00000042	baseline	k141_14442	2639	4e148a9bb2918fbe6c097da08cfce656c80599b2abd4cbd5ecd26e3789778aad
BASE_00000043	baseline	k141_7237	2494	856417e2ae03412800f0d082cc744e45641a5eb6e979595c9cbe5d9b5174fbd5
BASE_00000044	baseline	k141_14443	1324	5da0a91764e7436405b80f92617747da9dfac2095006b6446bc3d7357c54605a
BASE_00000045	baseline	k141_21651	2519	41a447820a51eb1e472b7c6e81b1584c48ec99f10db8305768761d679a61ce10
BASE_00000046	baseline	k141_7238	1792	dff66b4bc0cf3501c111a6915e988179535a2d2fb40720b27bd431d9d82a34cc
BASE_00000047	baseline	k141_35	1156	058fb567e500c9cb7a3c158a5d572b45cab247b2978c7d59ad67aee232060638
BASE_00000048	baseline	k141_21652	1964	c85622505d5e382736ff3a906eaf8d5509f6b95b0685d0edcd140ca154cedec3
BASE_00000049	baseline	k141_14447	1965	d1dceaa77684cca688f85d12a72bf5afa2d3e2463de94a02729e9b190c349c60
BASE_00000050	baseline	k141_7243	1768	0709b5047f239eca1e4d71ffccc41ab3acec9a1ea2cf34ab30790dd66940494d
BASE_00000051	baseline	k141_7244	1124	649fa86aee4c72a7080096ef37e187530575bd73563a2a83c96a1373c60d7ac7
BASE_00000052	baseline	k141_21655	1532	b23a1b7b6c0f19ebbe39545ed9274ae5c25759f358161013ffcd584204c7d7b0
BASE_00000053	baseline	k141_14450	1040	2df9e4d12775b0f813a302437a492e64c2dc37baf01afec76338d9d4dd8d660e
BASE_00000054	baseline	k141_7246	1075	c04d6972809f936acf6df5cc0d482d15a0b52b1078adff83b7dcf87c1d8e4c4e
BASE_00000055	baseline	k141_21656	1923	670f9029deda9b45ca87b0712c88ff722947a03236a3964c2b282328fce9fc7b
BASE_00000056	baseline	k141_41	4083	f35bb90db8a0fcf25e8baf68077d31af141fd7150ad2725b9a8fd26c55ba00e0
BASE_00000057	baseline	k141_14453	2287	a249e5dbe9490c50a29dbeac3b4763923c50326684b81f249d82284a40948c79
BASE_00000058	baseline	k141_21660	1058	ced14fd3c115d8ee78e4ee5064b5b6920ff3c27f0c21020dba4672ff520a5a2b
BASE_00000059	baseline	k141_14454	1346	33b0641fa4b92f28ba6deb966caeb3b055c8f91a1b129385372d2957f60afaf9
BASE_00000060	baseline	k141_44	2297	bdcfc06bf5072d090f2bf4681bec9cedf8bdf45c3b01f9177550d15c5746b0ae
BASE_00000061	baseline	k141_14455	1674	678f73a3706557edd9b5faf7df5f1f4756fbaccca2273b5e17f9e4d206fe1c6a
BASE_00000062	baseline	k141_45	2574	da36f16c11b9734ad9a8174d028064311d53b5d9f6e2a3d63136b0c7325a78e2
BASE_00000063	baseline	k141_7248	5739	e865358b6be6fe8c4c32ba55d1132bf94a1914fbb893e629d21bd226d3faa64d
BASE_00000064	baseline	k141_7252	1989	58bb24208305ad237c887031d6e1cc706924f889b55ac66c2f0c3d01a0fbdbe1
BASE_00000065	baseline	k141_21670	3260	ce5d9568c600b5bbbc911653c7dd9b255cca69a051ad226edddede8b8d5621f4
BASE_00000066	baseline	k141_50	2632	0d8849967e50aa59b41d7b3666cb81a944b5de8d9689787488c9ae3a6f84729e
BASE_00000067	baseline	k141_14463	3340	2d724efa31a0db00b4ae57f630b8f0681ebf2b8082ef204d54cbfd542377ebad
BASE_00000068	baseline	k141_51	1269	1a1734db9bc34d784911d7ad22a6f533a5a0dc5733a1464dddc8c88cb407954a
BASE_00000069	baseline	k141_7256	1338	623ce7b91a4a9e5645a74a0140d420a7fad13587f1cac16cb662136bee4db7d5
BASE_00000070	baseline	k141_14464	1063	191154e8d4c494789b20b5690a092adaeb96e7face144e8c882915c252547c38
BASE_00000071	baseline	k141_21673	2231	63a5e06480a7c3a79655d54b0a392a61c33f2e4b4f2d7c1638243028ff4255ec
BASE_00000072	baseline	k141_14466	1134	493117364eff335384ee57b7bbba5839bf11e095129e67b772608532aeccebba
BASE_00000073	baseline	k141_55	1245	fe57e14569c4f65f16a73484124431d0baff3d7b6d3748765c270ece94ce1ea6
BASE_00000074	baseline	k141_7260	1526	878fc730915f6aa49f0a787932f61ac203d9d16ccb1c19be8ab6f54e9b0b61e8
BASE_00000075	baseline	k141_56	1160	6a1beafd447a7a03a53041bb41fc46efbbf494f120672f2c484d881cb6b40c91
BASE_00000076	baseline	k141_7262	1519	2e08b5222d8b6c522fc4e68877926b687fdaf73f735e115d9a26b6fab603b613
BASE_00000077	baseline	k141_14469	2560	63b32a6c3365492f5ec40f685ac7cabab63dc3425a7cfd0cab79afd0d3601716
BASE_00000078	baseline	k141_7263	2533	6db47c416f978b6754ba63f640b14d8e31888b250e66b07c6cb5c06f9a86c8bb
BASE_00000079	baseline	k141_21681	2796	298affcc28d49627e8739153a7ff16d9834c631b087a931fe583cc5ccc0c1608
BASE_00000080	baseline	k141_63	1534	a458816696cb9be3782be297178867cc2dde83b2367bfc92805f5a3209db9082
BASE_00000081	baseline	k141_21685	1052	5a22156d343ce3996616298f396a1b1998561ebbf358a8d6aca378e4af771fdd
BASE_00000082	baseline	k141_7264	3936	2174d7c2b405b04250e51eab6dcf3f3bd1febe38226dd8f301da0d14177dfe43
BASE_00000083	baseline	k141_21686	1670	94becffa10afa54b5965006e36972c9db11a025b1ecb09a334100865a5d0ee96
BASE_00000084	baseline	k141_64	3502	fcd9767552f504a6f359546a31f4e211eb1d083955457b1b687c327fae9486df
BASE_00000085	baseline	k141_67	1414	81df5054e480abc9e5d86ec6b36a3008f4de4d078cd006b57e67248df00a8894
BASE_00000086	baseline	k141_21689	1671	db28a5ee11bd85b539f2b30f0883799d9a59a32fd0a193fb4ce8bc738c01e74f
BASE_00000087	baseline	k141_7269	1682	1008d19c772b01ce24a02735f78f6ab9b09259f91356d2c77a5f1ffa9cfc29b9
BASE_00000088	baseline	k141_14477	6609	b988e4c8ee68c054dc58f9f0ce71d39705fe96f5d5214ac4c01c2577a2d1e7e6
BASE_00000089	baseline	k141_21693	1512	ae68b9e0e01802f15ac8391a2fbf845b619bc1ed71fee92c5fd7e6a1bb78a09f
BASE_00000090	baseline	k141_7272	1108	9b5675b59929497e61dede9fcadb8c2cb2b00cd568b675ef8fed3cd939938d72
BASE_00000091	baseline	k141_14479	1506	1aa102ebfb8504d9ae6832f57c9e77fae596b70d58badaff2da42fcf67b6a680
BASE_00000092	baseline	k141_7274	1286	e3810f3836b0ce27abcd605cb96d7565ff8c1dcf3aab4e15e9a32a0e1c3fead7
BASE_00000093	baseline	k141_21696	1108	eb1f995b2f60d5f1c0b474a0feb2eb44ae0a7349504d5f374532a2f38f8d9986
BASE_00000094	baseline	k141_7277	2484	4e845c206c891443a90ac36a398040591dfa69236bf1ab550bc64748aef7358f
BASE_00000095	baseline	k141_21700	1168	6ca29aa0dd6ecd3e9dfba28b3257fbed41bdcd2d5dadf5a37b05197885f9be6a
BASE_00000096	baseline	k141_7281	1258	e07c7b3e15f4cc07f708cf8a5e8c8fe7cf7f6eb6ec43f98d0479d1c0662cac53
BASE_00000097	baseline	k141_21701	3459	a4a2315735c5cb659e6ffdae528faa9b654f6ff6e325ebe4b3aded0494593fc0
BASE_00000098	baseline	k141_7283	1830	54b57842d813542cd70ba13cf255f451f7f8abd1591566df919062bb1bac639c
BASE_00000099	baseline	k141_80	7859	c26f7a1b34e0fd11e4253cc899742192e5a7c15b470e580272f47541f4dd8902
BASE_00000100	baseline	k141_81	1412	38ac83ac2caf2099fe79ce8576879fadaa11d29360ec147a664e63e2d4ec9f9d
BASE_00000101	baseline	k141_7285	3592	dd335b3a3ef83c8a39152bda174f534df6604711f41c1dd5ea7555ba37a8a4b6
BASE_00000102	baseline	k141_85	1257	08f096eb99f079c80b9360b2859728beb8fe4d7bb4211b511541c3b0365f5e74
BASE_00000103	baseline	k141_7291	1548	e0402609874bb25179ea275bf0ef654bc93a7a3b7269ee43da0a0f4f0b6557b5
BASE_00000104	baseline	k141_92	1234	3cbc5d20502591086929160635425945940adf8534e6ee2653374752c2699c4e
BASE_00000105	baseline	k141_7293	1579	98bf1bc5a1f76c28b712039c02d816f951dea3d28578532ecec9dd1e1ce98349
BASE_00000106	baseline	k141_93	1494	4ea2524d979956cd61aadbe6179bf0bd9849c66d5c3b8242e0eac08da9dceeee
BASE_00000107	baseline	k141_21703	10700	820ddd293db5a187c4d5bd974d0f315ba3ad9aa2ce09c5f801aa175f68ee1cc1
BASE_00000108	baseline	k141_21705	2045	dde1ee158aa8c5f85e8b97d03fde67a4e5c25166de2cfbd668533d5032186279
BASE_00000109	baseline	k141_7296	2659	e15f3630a3a256d251a9e89291f8502ecb4a667e9cf037914dbfa986b78fb3b3
BASE_00000110	baseline	k141_99	1639	a6fb487726df80cc5b25d04b2084bbb05f509837dedb8257ab9c29949be62ab0
BASE_00000111	baseline	k141_21706	2696	80e02ce05dcb14ddf0e1f09e42fc48e54ce5e614a04bbeb7afc9bdae6a44f235
BASE_00000112	baseline	k141_7299	2220	eb5cec5782764202a9cb20860b90c4409e22fbabdfe83cbc500c0b8808372afc
BASE_00000113	baseline	k141_21708	1319	336da6b49bbdf12b82a8a5e56bff1194069da8118672f8008aaa77c0f634baf2
BASE_00000114	baseline	k141_101	2531	dac1edd63802874c1a7330a587dbbdc48b96deb7ba8f6d76fcab0ab6099b6ca5
BASE_00000115	baseline	k141_104	1040	0a68cb3c17435af20616290e119d2c092c2ba93a4ef2410eaaaca446dd6e08a2
BASE_00000116	baseline	k141_106	1556	7c8ea0c77ccb7bbe0b6bb6aca825583ce9570af8a9d58d4f7ef9dff9e921b1b1
BASE_00000117	baseline	k141_7310	1122	e5090fcea9a21ae1cc4458da4de522e1df2aed6d528f34df413d914b007da046
BASE_00000118	baseline	k141_21715	1923	616497a8e6999ea62779d34ec3bc5300754efc62349d97c48edcc73565d20a21
BASE_00000119	baseline	k141_108	1009	7dd4d213eb7573b798f45fff15e97927a2028617b41fb491621fce4b997b0e9c
BASE_00000120	baseline	k141_21716	1244	81b66e36b66b9454d263bf66da63133bc89ca6d6c47ffecfc246218c1fb79762
BASE_00000121	baseline	k141_21719	1416	829b6b8f5fd6deb7a95a7dfca1db20749fc4482858eff58976cc57459f531597
BASE_00000122	baseline	k141_7312	2949	d88a00ef87a8c1861ea78cf4f4ba0ec7b05f04b6a360df41c82231bff1f574b7
BASE_00000123	baseline	k141_111	2370	f9bc7f9fdb434cefe65aed4f2ba691f3eb0b5632320c709bfee1a1e757e25821
BASE_00000124	baseline	k141_113	1069	12a99cdf8db8b3870e13a1ae7f96a695e75f8760c4fb51d9cc6832a78aff622b
BASE_00000125	baseline	k141_7316	1831	408f6f6d9c236ce504cc1d56d253a111fe5d492e10721253355c88e94fdb7958
BASE_00000126	baseline	k141_7319	1108	f7a3469ca62750e8ab8bcde2b2bfd0f19688579ebfa9397bd88617e2d26a031a
BASE_00000127	baseline	k141_115	2658	050a0de6f1c2eb651c8f6392bae792882495702cf5926feb9e52a19f32a4715b
BASE_00000128	baseline	k141_7320	1119	8adf45818f21fab30f0e977eabf922646275f4322897ca1fc725e9c25f781296
BASE_00000129	baseline	k141_116	2198	c034e4eeae17dc39bbe80feb470f55abec27b1f3c4fd1f71c425cfd633d9378a
BASE_00000130	baseline	k141_7321	1256	9d4a5bac42c4304d38e9b00c46f61a4d92de76c15b19336a5c4b233b49efa74b
BASE_00000131	baseline	k141_21721	7384	e8be3a3f099a5ccc630abfaf605513fe6a3107c4846ff32c419e31068d48dc1c
BASE_00000132	baseline	k141_7324	1504	f1b63ed0c010589e29719bf3fe75284af3eb6f3b1faf7b29abb4d977e3bcf7e6
BASE_00000133	baseline	k141_7327	1051	c071b7c996481678ad76b4595cadea7d5103d73386fe25f4931d11ba455353dd
BASE_00000134	baseline	k141_7328	1394	e4f9ba2ab5733a2262e2105df6b7af1dbc63ee813f67dd00370b35a9859cc09e
BASE_00000135	baseline	k141_21727	2366	0405c8dfd296e5295009214e1bfaf93e231cc7b67367b717d3eb45b3237729b2
BASE_00000136	baseline	k141_7329	1085	6262e070d1de49b23ad25f048ef159bf1d3ab9302e9eea12ca75b255c625b126
BASE_00000137	baseline	k141_21729	1498	903c1dd53eee861083d5c7903b3f88ece5f039f8f22001edb8cd6913925b4110
BASE_00000138	baseline	k141_118	7914	478684bceb1315998d12cdc8315e66537fc2b35901cea64ff7d583ef65a44c30
BASE_00000139	baseline	k141_21732	1133	0f2f260c0baa19ba96f093b6da28cbeb1599072591d0c6c7b8f1fc11754879f6
BASE_00000140	baseline	k141_119	1312	5df92e69f51860bfb622c52718372d39f6cd00f66fe53643729099dddd393efd
BASE_00000141	baseline	k141_21733	1021	69cc012817319e088949363a7cb24341312608f9194b8638256687567449d0e5
BASE_00000142	baseline	k141_120	1172	d4d5b113c88965aa92853bd9a288b3a3cb5f3a41ec7a8893e15af4b418e0b397
BASE_00000143	baseline	k141_7338	1437	6dea46e06f3b8a82ed2ef432bdf8c8bfb18f330352a49e1739da71fcf38bdb5d
BASE_00000144	baseline	k141_124	1107	e38f2467f01b4c41d1283615d0df13e8ff9f955c0879cf450493e31d4b56f7e1
BASE_00000145	baseline	k141_14487	50246	450857890501caf7b0702a94b8a8f431e17e5138f2ee30e168f8472edac1bb85
BASE_00000146	baseline	k141_21734	3537	456e28f858ae79988cef364618677a25b1241f83475af7d36191ed582b212d42
BASE_00000147	baseline	k141_7344	1180	6c11de3af2cff56a2e1fa425bc1bbeb874b6faa4984b2ac416939aa8346f50c7
BASE_00000148	baseline	k141_14492	1196	64c9adca4f8fef8b467364298177e75bf43eecbbb533aaba9b8ec71c0c1679f4
BASE_00000149	baseline	k141_21738	1514	12511466d96db07c0a717aec694192a8d26734ab4ecd3feb581d848f3c5ccf9b
BASE_00000150	baseline	k141_128	2367	3e0528ee2a2702aa9778453cbbb539ca32ffcdaf44dc8f31747d3a169402e9e1
BASE_00000151	baseline	k141_7345	1173	5e5e4ee6980d281ff5db8d12a5a3a273cd5b2412af4cb9366592742ffb208a04
BASE_00000152	baseline	k141_14493	1656	e4f3c10aa78cbbc8691a98857a49bff792b9a8d33eb819c1cf8016de42888bb3
BASE_00000153	baseline	k141_129	1007	ba27332cd55b705c7efd2e7bd790f5ef6dd7ffb99c376bf1d9f28059cc680516
BASE_00000154	baseline	k141_21740	1297	e645cc1374343f712f9f1de51599513a631f8e8bce06462a85c11d6d9a64627f
BASE_00000155	baseline	k141_7348	1005	48a85479f698c6012355901d67765f4b9574f4e76a6ff90baa2d0f1e544c9b5e
BASE_00000156	baseline	k141_14497	1236	05caaf83144b810873b19b1f8cee0fd8bc0cc8040ef143131a1e512148b8129b
BASE_00000157	baseline	k141_21742	1882	01b96d811a7e0f3e865eeee678ddef78354ff6a65fe3ebff4e557ab477c2a817
BASE_00000158	baseline	k141_134	1432	ccfa973589af0101939ce2d4b6ac15d392ef2ad8787c9d42d828a89236006cdb
BASE_00000159	baseline	k141_7351	2404	aa89f648885e1d69098d9aa213af71d929704d09b6a898f0bfd84b85be3dbd15
BASE_00000160	baseline	k141_21744	2289	ef2c3e4be6763ceaf9d4794ccfa5cfdf231ee1e4f5e054a6f25a603cfd0e1a9a
BASE_00000161	baseline	k141_139	1055	37f106aa2494441b571f984e6bc23de4edcd2c06797baff28bae69e3429ec6e5
BASE_00000162	baseline	k141_7353	1847	d1c917a63ac291447335dda12bb35f3ff1cbd6e04e6a0081934f9aade0ff4c9e
BASE_00000163	baseline	k141_141	1092	4d89f0cb0c0e317ebd1caefa2b02f7ae10743052a1150a1379e05db72023de8a
BASE_00000164	baseline	k141_21745	2214	a405b04a7100f5f62d5729d2af92da6b5dbd8e2fc6b6e7bfd93e6dc738d75c91
BASE_00000165	baseline	k141_21747	1199	1d4c767dbd61cc91a0b251ee51effa0506b68d6123d1f37e9d1f083beece21ed
BASE_00000166	baseline	k141_144	2349	a6b682021a7931fda79e04d189f80ba394d5379ba7aa21bb23149970d3cbbf7e
BASE_00000167	baseline	k141_7356	3550	b4af8ce51636e70477e06b6280c082358948b33478a8c49013735f75dbd48ce0
BASE_00000168	baseline	k141_14503	6425	04e75aca3889c13bb2ff91f5fd164367fd914373a6319659a7c38119c5ea8ca6
BASE_00000169	baseline	k141_21753	1663	163e874b9fae116bf88cce231b39fdbc92c82869127b902deae74da7be7442ab
BASE_00000170	baseline	k141_147	1875	3b88e0291b0f2d28de4d06bf75d3e30f2c5f9e12d29258e6dd93e5c36165dc8e
BASE_00000171	baseline	k141_7361	1549	aaa09bc85ba579eda1f89016856ce3443c71c963ac69ee3e72c4e56144ad9cd7
BASE_00000172	baseline	k141_21754	1034	e0db8985c2cb361b72bc73843633556e04478ffa87a0604a36ceefb01d4d782c
BASE_00000173	baseline	k141_14506	2272	1f46fdc14638075aec828bb052c190fbbe3f0b34fe841991b119a023863b148b
BASE_00000174	baseline	k141_148	1650	0205bcceb35753042ad82d9e80f2a5df038d04c3a4780456ebd99e446c5ddaf8
BASE_00000175	baseline	k141_21755	1031	51bd8e6fd4f09372e71f7b3a2458d19990e9029f854d94cdde4becda4d0ad65f
BASE_00000176	baseline	k141_14507	1356	c4a397c913ac0a14c9fae9abfe0de554ebe9add1b4c1c23c8a10b767949ca001
BASE_00000177	baseline	k141_7367	1159	8f82148a909f8bbf9f1b2ff0253422c60117ee6a121d0ae6e011ec0863c76eb3
BASE_00000178	baseline	k141_14510	1150	0a069c05635abd97cc443bc7a4f16c7d8f43d51bea6bfc5a79394a199ee40ab4
BASE_00000179	baseline	k141_21758	3807	51c49b7386af3a524fbeb67a9c6861f89e83aa0c7fac62a49ebb15d906a24cb9
BASE_00000180	baseline	k141_14512	1898	8b152d9464bb5ad9a8c9927705e830243f0c44d660e85698e85500c92b96c727
BASE_00000181	baseline	k141_7371	1103	2079cd40cdabb9220912a5d828107446494db4bf0ff5b90232f09e93331b01df
BASE_00000182	baseline	k141_7372	2175	9f1a9ddb1398f2fb0c4644a568153127456150483aa6d01873b9db1b6675d917
BASE_00000183	baseline	k141_163	1150	5d6f628e7d5c1d50cba8567c10e29961d94e9c8a50133c5f6d8cefbeb85f4d94
BASE_00000184	baseline	k141_14516	1507	5ade022a211ed842d460dedfa6c1a15e7d2151f39d095d62521169404632e39a
BASE_00000185	baseline	k141_14517	1055	68405cc7484b81530ae5c9bfe652a9da1d6e8b846d6f5851c8663e83110792fc
BASE_00000186	baseline	k141_21760	5178	33efb48fd37f191612841ea6141da50bcf65d646197c38b41f28926602ee40e0
BASE_00000187	baseline	k141_14519	1576	93cf93fcb5991046e44ef9cc88f06d3d45994a8ca12eb223266f7b21e0dd2e35
BASE_00000188	baseline	k141_21761	1212	c8873f6599ee412458d0356150ea95bfa5526892190258d97d17fcac13b8af3e
BASE_00000189	baseline	k141_166	2916	7f29628840b8aa03657c7a6ecdcf374941315d87bd694f03c7314072fd41aa72
BASE_00000190	baseline	k141_7373	4125	6830904fc205913f58612e1dbc1af75645aba23d55a5f434fe294aff47d4cb6e
BASE_00000191	baseline	k141_7374	1061	44c077391ba1cf88c4211d43439c9335990af89996214a145f8c5c6d5631c2a5
BASE_00000192	baseline	k141_21762	1058	9d06bc75af4f4d81350f1cd0de0c2a96cc6b7c0f7413dc8dc6904b85a1e20991
BASE_00000193	baseline	k141_14521	2074	1ba58fbe132a83e02744bae521c49263a039a9776032fed416f836c607099066
BASE_00000194	baseline	k141_7375	1081	f37b4b66862965514c6d6a91114fcd97379031684d7a06c0376231bcd04e2c9b
BASE_00000195	baseline	k141_167	2666	3c504c943856b90c426380fd9ef026c324bc1f9abde7abd492a580c24f966729
BASE_00000196	baseline	k141_21766	1026	b4531bb31d4f64cca46e0a18d00943640fb1f8ccbce2a62b511036bb408620d1
BASE_00000197	baseline	k141_14522	1798	12b40c0edda347ef23d3b0771d478808e22de7de42f9a00b79f98aaee45e1ac8
BASE_00000198	baseline	k141_168	1125	4e82e3b57a8d368adbc2dae56e8fc5c19d1c59659d9de352252b97f3fcf08ea4
BASE_00000199	baseline	k141_7378	1146	c459faf400173282201263734cf2ee2e0138933c7ce144d47eaef622e307a28c
BASE_00000200	baseline	k141_14524	1327	13e6a3c918805f2b663279ff06925f119581318a4b5f2a2a02c549785444f0ae
BASE_00000201	baseline	k141_21768	2366	38e57d80d0097be7fdd3c175f5e16f2d4f97425caa680026bc94d4239ecae0f0
BASE_00000202	baseline	k141_171	2031	922abc3f04c21fef3733b726d1db4b2d3710ef0fe1ccc4e19d8dc5b06a41c0c9
BASE_00000203	baseline	k141_21769	1344	fbb6abe3cce58d3ee863e00321437ec00be2883ffc972a5cc5ffb0d29e5e2404
BASE_00000204	baseline	k141_7382	2099	9e92d0eab0f2e76dbc32c4466166cc57b6b2169b754bb1599d3a810965f6a2b9
BASE_00000205	baseline	k141_14526	2461	91e77b63bab11e43d63aa689c93e0c5cef446d7a54225948db421b1107d441e7
BASE_00000206	baseline	k141_21770	1289	4c0e26db7c53021ebb3211f7e6fa276e3d30fd54d95f69fa6b781a261be0464d
BASE_00000207	baseline	k141_172	1871	cd482ab02c2760bed9f79a13a7147ea6affc094a615f9c9dc469bde7a89870b8
BASE_00000208	baseline	k141_7383	1265	3ca918f81bb58624b31131d96f182c79a97268a1a8609ea64c552ab1662d11b9
BASE_00000209	baseline	k141_14527	1106	df06099124948aef3338d6dbfae1d07ade2cb727d4dc51d43fb2071bb1656b4c
BASE_00000210	baseline	k141_21771	1633	11c3ad4ff545fcdc88268d269060472cd979b9656ebc5c7bde60d7d34f607877
BASE_00000211	baseline	k141_7386	1126	01efc70d1b99fa9383b06d81dc6c42b12cc1cc64557b240e1ab23041d260865e
BASE_00000212	baseline	k141_175	1328	88b4e56e93a42a851da07e043c8b7f94c69f1c82e8c6910bef02794ce0c1cb75
BASE_00000213	baseline	k141_14530	1021	ee1f9946fe025283959417aeeea3e801388273c2fcb5c0cf1b71e1e586a18f32
BASE_00000214	baseline	k141_14531	3423	d736ed36ab640e92d8cc6215eb02beb1891eda9ea0c5097b68b8d64759db2425
BASE_00000215	baseline	k141_21777	2674	9e5d416cc1eb6aabea391ed7a410e340314376dbe3960d3c4d31b3afeb884dc6
BASE_00000216	baseline	k141_183	1769	c29f7bd9c6d97bbc68a2fc0e3c09226cf5a2ad3d2b0903da4ca6f2f011ef9930
BASE_00000217	baseline	k141_14534	2158	f478c6446aa300be819d7a2f70dfb7b186795fe9f59f52ffb04f821c80c866c4
BASE_00000218	baseline	k141_184	1072	1babddc24bfb2fcf8ef92c18a01161f011c538607d5f6efd6d3412845b7c4329
BASE_00000219	baseline	k141_7390	6708	9880b192a627fe1f271de55efac9dd0354b5192b8d2d6a918f7055e548334e1d
BASE_00000220	baseline	k141_186	1119	daaf30a2fc3b28fd1c3de0333d18bc3dad5ed7ce33af491cdb993ad758155e7f
BASE_00000221	baseline	k141_21783	1469	e80f2e0d32967e2d769b3152608bbbe2b35e27e8e25eb259003f734c02de21ea
BASE_00000222	baseline	k141_7391	1749	c262dba98a11a10bf4337cd02360d738b4a3a454c51a3569eb07f02d1e6fbd55
BASE_00000223	baseline	k141_14535	3806	b2e423f1fc10e5b11939720619a9ca94b568b759883185aad0ede2a67187053b
BASE_00000224	baseline	k141_188	2147	fdba8e9850066341a7ac907c540d35f0b7e96c869b1a2255d9723eca0e524721
BASE_00000225	baseline	k141_21785	3814	ed982749deb6246bf502097e7ac74c3cb3984ab20488005b69c7749dd10d56ea
BASE_00000226	baseline	k141_7396	1863	f2aa233e644c9dd08f358788c71ca327511a375f9d010c08e81fcb6d9d5ec2c2
BASE_00000227	baseline	k141_14541	1108	bfd1e909d44262c5857bab0aadb8af63208abd93cf3d6d240fe38bc4acb42abf
BASE_00000228	baseline	k141_7399	1154	9bac6d0c2ba1b5a00c312e858d5ba8e5724bbde6fcfbf33a63724f0462470779
BASE_00000229	baseline	k141_14542	1830	61c675ad726ad60b14acbae046c93c9ce93bb62a0b8a8b44030107bc38fc5e41
BASE_00000230	baseline	k141_14544	1829	d1874e4c3b19710608d9c7c943932ecd56c200e6406011bd5d465fab0269419f
BASE_00000231	baseline	k141_201	1050	2c193172d29bd2b385c0cfdcf90205ffe73b2f0639003ddc2f35043083c2d871
BASE_00000232	baseline	k141_21792	2008	bd7b037ea35f655437f93735cdebb08c27872d798c9eaf01f3b116396e69be1f
BASE_00000233	baseline	k141_7410	1009	f47f8ba3d0be6f89c988672d70027004e4a1207affec9b9802c35d96f2122ae0
BASE_00000234	baseline	k141_14550	1216	6cb4a65afd36b7ea6f9a8bf8ec1fa599c6b0ef2e36c9fe72a3b40d98fb57704e
BASE_00000235	baseline	k141_21793	2270	f58f9089b0b867a7b8b0f658afed60046049124c71b545f898e85b35a159cf3f
BASE_00000236	baseline	k141_7413	1161	f39f4ea2f11d1ef572ac118b72f4ef450f3818fb34ca19f7caef43dbc6c9b1ce
BASE_00000237	baseline	k141_21794	1439	81d8af675dde6991acdfe989ea1f50fc92fc17507cfa10e24c496fe12ab16d54
BASE_00000238	baseline	k141_7415	1069	b7cb81fb7ec4f9a7b8f36891dac10ad1873ad1326564188ddaa4d880a3ad4fcd
BASE_00000239	baseline	k141_208	4217	2b0d40d664bfd825936c36aafd18c1f9836a31dba8b623bb0b46c816e7a19f96
BASE_00000240	baseline	k141_7416	2187	757a3afada1729c90e694d845bd461995adfd694443ac4b9bb233f2799ed612b
BASE_00000241	baseline	k141_14562	1896	82553c83f4bbe3773d7a83ffce3f2cd1550b388b4ac06930193d179e7456e9e1
BASE_00000242	baseline	k141_21796	5225	ccae16d771d954fdce813287c2287351a792f95d5f2acf359d8ffd4696a50c37
BASE_00000243	baseline	k141_7419	1670	9b0927d45a912a0c92d4880406bf30ebbe3cfa7b1fdb7930f248bf48ff84b9ba
BASE_00000244	baseline	k141_14563	1154	5325dc3b0ad7ad131feed727776cb32169b92afffc741a89f4c18bfde0326f5b
BASE_00000245	baseline	k141_21800	1254	e1fbea64e3a9bf0caddabec4336424766e02c28ed0b73222c5c6dd5d42e0e222
BASE_00000246	baseline	k141_14565	1914	7341a042a183fefefb7473568075b94d125965df3fa74d79f4ae1c0a5deabd34
BASE_00000247	baseline	k141_7423	1088	218f71612a4c0cb6fd188e617209a528b6a94f4c9d6bf5d387d6975b97dcfbff
BASE_00000248	baseline	k141_21803	1914	219f6c846502105b00dbe83d4882e277af2f1a872ab192b51efb17e447378338
BASE_00000249	baseline	k141_215	5850	f3545a889e299f1a900b2bc009916dad1cd25cd27c93073c295c37eaf847e7a7
BASE_00000250	baseline	k141_7428	1704	7488947dbcebf30a774c6d4a2e3732ac72052d93cade76eba95686311318d088
BASE_00000251	baseline	k141_21805	1735	d4549645dcec6d422811e86b16ed343bdd6481e7ff0f010716c02a64cf07b8ae
BASE_00000252	baseline	k141_216	2936	0700c594853620dd82cb41d500adef3f2d3d5dd3bb2774dadab9d2b35eee168d
BASE_00000253	baseline	k141_7430	1470	37a63646322f1559360159a32698e77a8d8ad28b073f0fea1612f5ca3d8e3f5d
BASE_00000254	baseline	k141_21807	2069	4a017ff27047c03c4046689db7fde502eee27eb75e6e1610df66ffcd387da6cb
BASE_00000255	baseline	k141_7433	1102	996f0a472483db525d634be65e8c26028c7dd8700faa51afc4278733562cd87c
BASE_00000256	baseline	k141_218	2417	f013b1a1e46305682d43690ac62afa6cb03d1bd3f86e92865a6a591af07ef32a
BASE_00000257	baseline	k141_7435	1028	1fc5b1dd7576c1b6ae14367b2896089ea0760417c5dae0a9aa7c1967712c9529
BASE_00000258	baseline	k141_21810	1004	16dbd60878e09120a55e06a028a5c826ad950d21cbe3449488e208436ff1bee4
BASE_00000259	baseline	k141_7436	1723	649d032c8f76f6c107bf07e3849f8051eea14f1cf8b956d5c5120306bec00d80
BASE_00000260	baseline	k141_7437	1851	f1aaca5d9123ce02443a380d383f836a69379c459f9d43a1755c96fe8f0f7c5e
BASE_00000261	baseline	k141_221	3400	9d49ea9766236fd0df17eb63eb8d48067d953b728318fbd4ffef2e360f6decc0
BASE_00000262	baseline	k141_14582	3873	76231a423cc47d9b82c885f7e7b7ab881ae51b7e4529a0d25f2d7ee1414fb559
BASE_00000263	baseline	k141_7438	1102	01424755229256b169a3b69e99b82debec0364ac755b386bcf0ad26fa2d5de90
BASE_00000264	baseline	k141_21814	2760	4691f0b135111ebf7d2bfbfe523f0c439826dc7ac27b2e7af6196a0e0d8334c7
BASE_00000265	baseline	k141_222	1005	177f73628b84119bacab1ce61565921095b682ecbea85ec1efde9c71d5774ac9
BASE_00000266	baseline	k141_14583	1941	94fce4ef0b26f7cafe66db6aefb32413fae34a8359fe0f95ad558039ec26c3b5
BASE_00000267	baseline	k141_7443	1233	2818bae2f832eee5411842c3bd091a14c9bd00237836796d184fcbebfed36f87
BASE_00000268	baseline	k141_21816	4518	5c282ef19c333897290e31562518c991736d8a9e6a1a65c7a79a22e6acb2b46f
BASE_00000269	baseline	k141_14584	4133	e15161105d6da7349f01b93a97e2291575f38c99ac868166e3c7304e2a5cfb44
BASE_00000270	baseline	k141_7450	1163	ed0faa9cd980ce289caf3da83b905396403719ab9f0b41de2df145fe790b924e
BASE_00000271	baseline	k141_21817	3263	fe57a4f89c76d96ab4efd18729e45b03c104cc4ed83be63fbfc1c407c292fe4f
BASE_00000272	baseline	k141_228	5778	8b98c8c2d757396226824113f23caebe4f3d685b6d305f3ef1852237754442f2
BASE_00000273	baseline	k141_14586	3433	c2a7fa6c5a8b7f8ab395f89ab056aa038c5f7076556d441cd9ea0f25eac86793
BASE_00000274	baseline	k141_21820	3273	a68d99908d321659b1e88cf60659974ba1f469d17aadbe4576c21a334e1a05a6
BASE_00000275	baseline	k141_14591	1594	cd59b827553f19409f15ca05422987887692ed6789ae092e240f2f625a62f756
BASE_00000276	baseline	k141_21822	1363	5410977db98d73e7958d713ee7dcff353d2296c8917dc9bfb5475a8906d4e6d4
BASE_00000277	baseline	k141_14593	1663	e4f73ad362518c6e3c189f3fdc489e5cc28026f81eae28410550662de0dc420d
BASE_00000278	baseline	k141_7455	5698	feecaa9b8bb2deb3894e8425057894e79cd278e974c4558b2a949b66bfce790d
BASE_00000279	baseline	k141_21824	1246	0c4879f7f1978133050764552c6ba601f7d2eb34b2b5de7f410ba39c0dcb069f
BASE_00000280	baseline	k141_7456	1616	b55e49e62e328cb2b31534c4b9f43aec70ff8211f37009e3c753693058099bce
BASE_00000281	baseline	k141_14596	1812	bdbd34445135ecd29da8e7ca2ae705ab73763966b78d150875bb52a964a09a04
BASE_00000282	baseline	k141_21826	1644	88629e8fee6805f1442cf9eaf89654439a847c0359ca011bfce4cb65cae267ec
BASE_00000283	baseline	k141_246	2391	cc71786f99a5ad43c9a28129971a9a00682f577a1d46f2be03d4067cd0633010
BASE_00000284	baseline	k141_14597	1449	07c28173dc36820337b3dbd17d67c008ec033e310348f7d12fb31f4ba71215ca
BASE_00000285	baseline	k141_21830	1455	b521527a4d4c28fca7a95d244bdbeb6124bcde95f4ce8f97835ca47338b8555f
BASE_00000286	baseline	k141_7463	1309	b68f71a784d006ec5860d50fa0d796ee0980f2e4a9c6dbcfba8a20cd364da17a
BASE_00000287	baseline	k141_249	1700	db8d4aa5c76089c7fd3503f52744810470b3c127860a4159a31ea057f6fa159b
BASE_00000288	baseline	k141_14600	2651	05cb275a0ae701cec3a9a14a1bcc702a83e88ea49ed49faf5db43be254de81f6
BASE_00000289	baseline	k141_7464	2085	ac610f4082448e5e595eb063b87712184494e9348bf222f1818c8fa8e0f98774
BASE_00000290	baseline	k141_253	1119	28842238cb0b5bd99780f95625cf9a361cf35ce771db7e4ffa7e032f8d31df6c
BASE_00000291	baseline	k141_14601	1925	f759b03836273581b67f996c8b0d17d0be310b591962cb717e9677345d16e8b4
BASE_00000292	baseline	k141_21835	2566	3a4bb7744ff2435d0491e1822f5bcf5c8bb1c67fbafe983eac4b7059b78ad0ab
BASE_00000293	baseline	k141_7470	1315	37ac83b5af912237c93a767c1f99404eb8f932bc966866af737431c279db7985
BASE_00000294	baseline	k141_21836	2484	5a74c1d5210f4fecc3041b3df37e6ed2000bc7d367e365a4ac7bd72100dd4ec9
BASE_00000295	baseline	k141_261	1093	d745e485f72ed0388f7ad5112256785fedee4f00ec8853c500d0a7bb4158f2fa
BASE_00000296	baseline	k141_14603	3548	206426c6b0f6f51aeee397e96a66dc9cc5e09c2a1a6f4547f89e0c961e66bdfb
BASE_00000297	baseline	k141_262	1514	9bbeae862f752ec428160a18cd9b41c9d2cc2c2be8eea3d83a8f12e5e0950570
BASE_00000298	baseline	k141_7475	1777	f6402d60edbe3b77a2aa6a3920324321c5c642fdedeb6d8b18bce9312ec56b95
BASE_00000299	baseline	k141_14604	2555	35566c9f79b8332112ff42d3cc4a2212faad50600848f2efbc82b58b64af2530
BASE_00000300	baseline	k141_14605	1345	7536810de095db1e8397f7a12d666985f4d468fe21943a7b5240185500256f3c
BASE_00000301	baseline	k141_267	1116	f544520070ed124984519f568fe601a3aba862800610fa3e7ed24f3a07f81202
BASE_00000302	baseline	k141_21840	4685	414ca6b30f8294efecb4e83aad8d498e82c4541b5d061153314e86a109e3fb7b
BASE_00000303	baseline	k141_269	1372	b2344c71fc65c701c54a20d4733b90c721a44d786b0065f6b52a2493540d7805
BASE_00000304	baseline	k141_14608	1713	3c451443f8c1083cab0e25881d6f2ea5b3406bebe70870530e44ffc1a5978010
BASE_00000305	baseline	k141_7482	1846	4b373964a60655a920e5dd35d2576e705f861cdd1acb512863124f02bb9724d8
BASE_00000306	baseline	k141_271	1446	42708e050dafa7b5208c02cc0c54427c5664a07e3d949d3d3e9f795a575f49bd
BASE_00000307	baseline	k141_14609	1481	019f006aaa8796729f75a50929a5c87e12b0b1f1fd6823ee129e8ac09cd93594
BASE_00000308	baseline	k141_21844	1053	2dfe440003d2e399a712d2120d6d3b3a4b2713e307392f8f250fd9738abd7457
BASE_00000309	baseline	k141_274	1031	923cff481ef83e98934abc5c8df931a29f974cec7a3adee6779aeeea9bb6478c
BASE_00000310	baseline	k141_7483	2298	e9be98ed979972114fba3a27f5ecb7978866c9ac2db3574d8de9f9fa33c946e0
BASE_00000311	baseline	k141_275	1258	50874d6290800568855e7ab50662321ff1cced0b97635a8389545862397c4711
BASE_00000312	baseline	k141_7484	1004	a83ba947260b4e6285a77a2ed380e4543fc2eadd1de72edef97f3f43249a6b4c
BASE_00000313	baseline	k141_14612	1705	ff96e741a41f669d2e1d374876752e3f844e01f4367bed6a8ef968ee481010eb
BASE_00000314	baseline	k141_7485	1344	a9314881002fce6584b7cbb503995254a5e7f141a55d5fac933042a188341956
BASE_00000315	baseline	k141_21846	2922	ae0efd861e2aee4448f3f8f36f53eed2adc64dc83e4a8c09d62a3d0af70937b8
BASE_00000316	baseline	k141_14613	1848	e22c240ef0b3c6450e7937e7bf4269d0d93109529915d5fbd755f3aed83dffee
BASE_00000317	baseline	k141_280	1769	3f2dba20ab61ccced5ca1489c77f54197108a9950346a4c3991da3871248f250
BASE_00000318	baseline	k141_21853	2001	c7e893c0d53b558c53b47238273d9d3a9bfbe79865316b3e3de047380b14612d
BASE_00000319	baseline	k141_14619	6113	3dfb11bd74425b5e7515921b93fe41787f0a8e2bc911fc2e37513290d6e05fdb
BASE_00000320	baseline	k141_7486	9459	ba991c41bd3aa9757e8a5f0ccdeb65f0e8d7bd0000993e49bd83dcb8a1b3692c
BASE_00000321	baseline	k141_21865	1231	d3c344901baa8c318658b2d19f5bbbcd48599ae353801d4e932ea6ed6f2e3e16
BASE_00000322	baseline	k141_7488	2773	ff40643616b8c20ca32ea55141a20756e1027b69aa132fdc2147b684007f208d
BASE_00000323	baseline	k141_292	5652	3d6a4cb84f17c1d9813db860c564353f7cb564b5b878c9a94c1b839b2c6a647d
BASE_00000324	baseline	k141_21869	1405	0b16cbca75e89eef2498db0cc50b43f5ecbe1c4160932670e2b13eaca447e6eb
BASE_00000325	baseline	k141_21870	1390	042295c1f5531492b0d3248051fb04be46f7b22faab2fc037dc8fbca75db336f
BASE_00000326	baseline	k141_14629	2448	55235b67a99c1410caf8f2297f170e8b427bae72767f647d89935b25e9eff132
BASE_00000327	baseline	k141_14630	1113	078291fed83394d51f8afe53e720131a8ac8d2daee9d8d8cec82041133e3b2fa
BASE_00000328	baseline	k141_294	3937	7abb4f7d94bc9357f54e88f259e2e44e2205585b35e853698572f2b67305388f
BASE_00000329	baseline	k141_7494	3949	fee4e5b1469f9750897682094718e78759bffb2c6a761c584b379f12350f1881
BASE_00000330	baseline	k141_14631	1069	acec07ecfea088211386bfdd05eb63cc7c3287310f06ba097928b09486899e79
BASE_00000331	baseline	k141_21875	1304	701a9c5de4e13a8527a8b959dd2299385e9e51926e3ce4d4882331e0a14dd477
BASE_00000332	baseline	k141_295	1867	e4d25e3889ec5abeeb618bc3b758082eed9fdac42117d5377cbdf6246d1e8a3c
BASE_00000333	baseline	k141_21876	1433	928a3861437ccf412dbc1f90a618af831da7696d7b46e581f2de464dc59b65c8
BASE_00000334	baseline	k141_14633	1346	a4944fbbdd8d65631a4eed4d70fa1569398103bc380910c8d1dd1a9d393f5f05
BASE_00000335	baseline	k141_296	1172	1bef20580b7b090b3bdc0a2e2f51a2ab5bb01cba361d43da4616b08d44399734
BASE_00000336	baseline	k141_7501	1314	51179056252280ccd532a6a4656807fd1044afeecb1780e883327f07d5a4b5de
BASE_00000337	baseline	k141_300	1379	6d332e1e089204fcf8c245686ad212909cc3f51c3ba655f82d8d09b426419989
BASE_00000338	baseline	k141_21881	2252	c02b989788db6da931e30bbd0dafbac94fd67e643c1c0ee9e8a0e31c71636aac
BASE_00000339	baseline	k141_14636	4461	444296b4d5b22e9123553b9096e79d7a1d3a48cf57221a51eab90a6e3b55223f
BASE_00000340	baseline	k141_21885	1004	a39db09c3a024b5aead4f02b29b510164b744c023b9aec9cb3ca46f5f69e825c
BASE_00000341	baseline	k141_305	1169	6ea922d7c0b600f71dfc0f5836c642ab5bd1195e79332e673619b8e49c608941
BASE_00000342	baseline	k141_14639	2464	361282084853f4886b956a5c2915ed9f676b77b1a1a70cdd9005671e816ae030
BASE_00000343	baseline	k141_307	2352	f632c2cdd6b7b94bcafbd740a570c851d5b7d5ed2426a3b1d4c48c4b1c0df09b
BASE_00000344	baseline	k141_308	1352	c233e6f32cb2cc4f83bc0f8e3e744fde2c7df54bb5e89a88589d24ff55ae899e
BASE_00000345	baseline	k141_21893	2264	e959f6d5e5727ff88855b8cf98e89a11e293e694de3b4effbd14ab26fc915f67
BASE_00000346	baseline	k141_310	1009	647f97347fc761f437bd4c4c2e75c99d1ffcad420d35e7e625c86876ffaa08c0
BASE_00000347	baseline	k141_14644	1535	94461de4707fbeb115e62acad6b92c669812fd54e4c844aca839bb154b487912
BASE_00000348	baseline	k141_7506	8766	e8bc7130461e071c497448c03781e7018bdc92b073d9a45fcd8c896521ee1cdf
BASE_00000349	baseline	k141_311	1185	b5b54a834d0f21efc3d38ae4007f7e159a6679d33f8e43da5df43472ddf9be8f
BASE_00000350	baseline	k141_21895	1230	f593d232869bedfeae80d8bcad7e2550de8ed683b928bf399b4d9489000cf751
BASE_00000351	baseline	k141_312	1613	c2afe39cebc5fa14777781008f0b7b06d7cdc27a67de529e9409d76e0b603ad1
BASE_00000352	baseline	k141_21897	1260	d2844c8baa421e5a122c207896f57677f5ae760108e65a777d221c4bd2d08c55
BASE_00000353	baseline	k141_14648	1766	246bead95bb14538c4c327bbdc493c41609c463993229abad701c07be1b09d12
BASE_00000354	baseline	k141_14650	1255	34a4134d96c3f7c3302b98162d31ad0103376c32dfb148b33170455a299ac1c1
BASE_00000355	baseline	k141_7511	3250	93139183b43e1e294fcdfedbab4b1246f93aae4463e90cf0f111db4fb4336729
BASE_00000356	baseline	k141_315	3253	2c023ee70795a63ff93a4562e2bb0519c5ebf068812abe3f3d2c9af82dae3945
BASE_00000357	baseline	k141_7513	1754	811989c947bb76a4526b0927a8275423bc12032afb4a48e9db109dcd7bc7a8ae
BASE_00000358	baseline	k141_14655	1703	7bc06180e138505e629c89d174728ad9d8219f9291905d9f9ac554c5d2236139
BASE_00000359	baseline	k141_316	3440	6e1d6ed700e8b98902810393c8994724e4c515a1ca6bb784355362aa33abbde5
BASE_00000360	baseline	k141_7519	1240	8c38b6a4ba64a663efa12503c44b36e624626726caad6f7529b7c35cb047992b
BASE_00000361	baseline	k141_14658	2763	897583fdbe4a9d343b40164bb6ce36d1d6706a331c799998c0d4ab819e20d738
BASE_00000362	baseline	k141_21907	5562	fa555c1193826bf92b493c3012cb65cc70411585437cea22c9517ce1209b16ec
BASE_00000363	baseline	k141_7520	2110	a5faea5a998bd88c2f3eb46a33fc44fdfd763bb68d784b08b68c0120d0f2e7b9
BASE_00000364	baseline	k141_7521	1595	25c757540c79d1d3cb99f71d82b997ba2e5b4f5664cc74bb1d3cba810797b1f1
BASE_00000365	baseline	k141_7522	1359	26643ddeded3974e0a79a194ee6a503ae55bd661cfa1fcb250bc073832bd2a46
BASE_00000366	baseline	k141_21914	1059	b394f91c5053fc460605dc39b9f9fac0f9781f0cbb4b6fc87e1a684b8256fcff
BASE_00000367	baseline	k141_326	3491	943203e7fcbb768be156949869698ab9ebbaf86d2d339c2bc5379e60d4132ab1
BASE_00000368	baseline	k141_21917	1279	f03b1d5c7a8525883097fce5889ecf73d830440b52d57727e9ac9f2b7302503a
BASE_00000369	baseline	k141_328	1021	eacb611a49f4170ed1399f7bb28d3fb9a43b036b4eb4a1d0daed2f2f680120ec
BASE_00000370	baseline	k141_329	1019	1f4df103482b71b1d4c8361bdc98d6eae50c902e6938954bd4a0a05f1974c04c
BASE_00000371	baseline	k141_21919	1179	bb507181429c558fe28a4825fc73d9ebb57228e68410e94cbe1528fd540f5eda
BASE_00000372	baseline	k141_330	1890	195d0359efbb93123154e0006b82eeb5d8aae17e4a5df201d3ac08d48f5c954c
BASE_00000373	baseline	k141_14660	1100	f2866aa1882ddb72122d7ed9bd7b20ff976751fb6b38a0446d426a1b8aa62008
BASE_00000374	baseline	k141_7527	4389	47c997c15a7d5f4ac0bbebaa5e48e3bb2590db22f3b291a3f0e735653a03b921
BASE_00000375	baseline	k141_21920	4109	2741136275514f97b266c7c51b26466c05ffb07e8afa48fda8979689e4cf62bb
BASE_00000376	baseline	k141_14661	2272	c47f7ac3343e324bb7445d372c4e406b1160b83f9188327a633d08c4d7d25e4f
BASE_00000377	baseline	k141_21922	1875	1fc433ec307c78ae6bc44902ff4ba9389f062e5bcbbf709033aed5ee4f0da69c
BASE_00000378	baseline	k141_7531	1524	0edfc49ea4c23c0e833cd3415f10a4b7bd09cf569bbf1d1b43b553cc352d6810
BASE_00000379	baseline	k141_332	4695	66367509a981aedd22aa1e205bfb621236e270aef500dc92ab45aff555b9c022
BASE_00000380	baseline	k141_21923	1125	97968c24502d461db833d6e498b0c263fb3a8c715553a20ec946c12420ff9b20
BASE_00000381	baseline	k141_14664	1302	1ca03e70349738c55fa8dfefeac360e643918dfe424240389761269b4112d24f
BASE_00000382	baseline	k141_7533	1163	f151130a51925bd26269331a9bbebbb42f97072149850b11b51d0d7e4c372d72
BASE_00000383	baseline	k141_333	1424	41fed69af500ed832df1b14568446d73fee8b99830a652efacfd4e782943f2e8
BASE_00000384	baseline	k141_338	1570	93a9ecdeece92c9b0c2291b1b42bab34479c3b116833b1727c445d4e1471ef51
BASE_00000385	baseline	k141_339	1140	810e7b28e0d389014929b713b7afe41f5c9fa53f9251eda9a2d452267cc58786
BASE_00000386	baseline	k141_7540	4041	c963e6dd9a22193d8182544e0b3b8677d11a21b612b5ab0a4ae4afacd9818c04
BASE_00000387	baseline	k141_14668	1245	6837506414b78efdb19e336b302d002699c9947756cd640d34e1ecea5d423255
BASE_00000388	baseline	k141_344	1173	5cae4f9f06cefac79af24ef2cef2bbc2221dcc5ed643c81ec24f64c45ea18c64
BASE_00000389	baseline	k141_21924	8861	1b3b4cdd590a5de5a26b5a49630d83ca6a089479bb1b483f74aab1a286b5af60
BASE_00000390	baseline	k141_14671	1108	75ec7fe9c945ad42ba850ee66989e237ea0b62f5e848907f6654146f597a45f3
BASE_00000391	baseline	k141_7541	2717	2f65b30d030a02ce8425daca61a744ef114157df0301b7eab0e7c746507d6d73
BASE_00000392	baseline	k141_21925	2221	96a8f23e4637bcce99377085b3bd7e36edb50697b7f0f26b27743c28a3b04724
BASE_00000393	baseline	k141_345	2676	cababf207834365704331cbb82207b969ed26e454304b8adac706df425494db6
BASE_00000394	baseline	k141_7544	1045	d45e3e4cf8e39a78a95f2fc4d47f6a7a8cadf1cfd76e1cab6e7fc5615bd916e2
BASE_00000395	baseline	k141_14673	3662	b7c98c4bcb9b4f2451686089b8629b8147596d6f5f52aad5b03a23ffd11c3977
BASE_00000396	baseline	k141_346	2524	2098f9fb402658924821431d9abb9fe62c9566a047fc3231412db59b2fc3850d
BASE_00000397	baseline	k141_21931	1538	db9d93905b83b071343879e444a54234ac02ec8ef0cb697277f3017213db0727
BASE_00000398	baseline	k141_347	1044	0d098b4eb6858d9a8ddde08706546affffa7050f36333ebb0d96a39186fb6c33
BASE_00000399	baseline	k141_7545	3708	427b1e422dd93e3b0454db370738f1de1cf92894d2e4cfb22bcf2508da307683
BASE_00000400	baseline	k141_14677	2285	4c47eaa52d83aa70775b32ac84a1b755d97c4df98a36be39f9cb873d9c3ba6cb
BASE_00000401	baseline	k141_351	1195	c3db9c8cc447c18916f5ef2c96469202f423e043b90a505cc58c38c0b5d62114
BASE_00000402	baseline	k141_21933	2288	5b4d2efa95f84f3440ecbc72674a76ed86366c422480c035cf9dc987d3358fc0
BASE_00000403	baseline	k141_7548	2132	51a595b845fd2268c121add0313358a99095905eba86aa5adac791334f9e4988
BASE_00000404	baseline	k141_352	2231	3f9096f501456ce593c6283896a447f5a8e96d90d2fb60dc958d844245730b3b
BASE_00000405	baseline	k141_14679	2238	1da702df71976f7bb68b629e80cf252f7d4268840171c7948c64d3941bb57461
BASE_00000406	baseline	k141_7550	2699	8898f54fa9aa1eb5700c6044aa492e4f6a15cebe5a6edfd7ebb321a46db42895
BASE_00000407	baseline	k141_14682	1433	43f99130204338ba04a98e833ebe236a0f19f60a242cc0b4470fe30bc12fa67b
BASE_00000408	baseline	k141_21935	4103	b0534d186a215623c20180c0aa99639e08f3599fa033f0ba1c1d1ebead1c7f2f
BASE_00000409	baseline	k141_7552	1169	39f39bfa7d9d16607cc40d1e5dfde0b17904ef49da379fae6b549166b0c32937
BASE_00000410	baseline	k141_354	5544	1a08af90e1516198523ccde228b2ee6fd16c9b1ed0021aa42ba3729c367d3f71
BASE_00000411	baseline	k141_14686	1811	e721ac8b071a3327fd4923d7cc418a1a5a7f354764c05ce518519b0f367a8850
BASE_00000412	baseline	k141_21939	1515	9db494a9f89d231e57df172fd7464293ff388e150e2d017382a20f8fa89f63bb
BASE_00000413	baseline	k141_21940	1227	24ac350206e7b5d9e44ef796d6308a37d95331cb9468c775dbd77fbfab7287e2
BASE_00000414	baseline	k141_14689	1900	2b89d1fbded2b49ec00f7085d47fda9ffe55e1146f4c11b699c4d30892b16b9e
BASE_00000415	baseline	k141_7563	1552	117415ba749c7176ffbc688f22dc9e6c5958c87f032f1a55a57701a44414ddb3
BASE_00000416	baseline	k141_14690	1018	7f455c317f30f1df0df8e0494abb87cf0adcfb968876eb1b1b3c66becc5a055d
BASE_00000417	baseline	k141_21942	2636	5630a928694be10cd71502ecf54fdaebd69a3f1a1f0aeb057d1cc9d7c42d93c5
BASE_00000418	baseline	k141_7564	1477	835c3ee078d601f3232da0df208b6957767d39ee572e40c025f07180935776a6
BASE_00000419	baseline	k141_21945	1373	81c2fb402e61509cd99cb96c311698aaaf8b4e2e92357b0cb4891e6b42eea7be
BASE_00000420	baseline	k141_7568	1985	4f78fb37fdf5557d81c32cef1a6ba515c6980142d094d38fa7826a7a5789c09a
BASE_00000421	baseline	k141_356	7575	5df5acca14ac24ba3ef54c1536adff96aca6eb60994f9f5cc444e15135685239
BASE_00000422	baseline	k141_21950	1232	234b236e0a5ab103a5d6384c0a1b5c07ab34bdab7a1b81c016ef1fee372a1b2a
BASE_00000423	baseline	k141_357	2404	446c7d4d5345366488dffb02462b1c0898ddae2c61fd51aa7bbae288f453a351
BASE_00000424	baseline	k141_14703	2873	5c87855edc30eb291bcf7786bdb302174f48eb24b087ec817227a5a3fcea65ac
BASE_00000425	baseline	k141_358	1753	600d87b125a8dc3ff2aa58581f05b7f6bd32f1773162279d713ea6897d853b73
BASE_00000426	baseline	k141_21956	1170	9d78a7fb2ca12a3189dd48803d92e93ab552ac7973b0baec54dad1ac4826700b
BASE_00000427	baseline	k141_359	1472	5c7a63ac780a99e72ca0359e75001f8e23f1605baeae20af895f77150863c965
BASE_00000428	baseline	k141_21957	2051	4df7f6ecbace1f7e0a20322cd29069149273e1e2e0a1c418c23ccd42ac27d5e4
BASE_00000429	baseline	k141_7572	6861	cef14b34f05bc2363d93c06be10fcb357a5087f3590bb5b2d7e0c55044a35494
BASE_00000430	baseline	k141_14712	1185	7af12ddf11fe426c2107c3559bc05fb4106a03ecb3680baa0105428183b4d20c
BASE_00000431	baseline	k141_365	1299	93628d2459799ed59fac9b691b5b91cc27617d1dbb2c36310bbd761e75c92cdf
BASE_00000432	baseline	k141_21961	1035	7945a254c7398db13c31d125075f0d4a7e9415ca3ebb19ffe1248c31294b2cc1
BASE_00000433	baseline	k141_7574	1391	ca42fcd2f7aedbe0af5f20a3f0b6e6b7bc27832a2191ad24fce95b9c8bd946e5
BASE_00000434	baseline	k141_14714	1543	dfdc1ec9c37dab260c30386aca7584f7967a972ec46761dfdfad157dde632bc0
BASE_00000435	baseline	k141_21963	1152	53848369a50865e064201425746e593f595486d1b0c6650bb3629ab2339834f8
BASE_00000436	baseline	k141_372	1048	278534223c10c7506f1eefc7fa97d9e551fdaed2cad88e669c1d0afb7ce8bbb4
BASE_00000437	baseline	k141_21967	1758	9a43afdce4be8e57b56043fe7481520564fe1de7d7019ae550bb78ddc2380733
BASE_00000438	baseline	k141_14720	2149	7508a7bece5c3e510a9f96751a57518d2e2bb7bcdddf4f355d75177040664557
BASE_00000439	baseline	k141_21969	1434	5f431c9d4825056a5c17b4d5d5c50071a21509349289773ec910050500a1eb54
BASE_00000440	baseline	k141_7580	5293	2f13bb80c8bdfaa308bb5806047f82ac59d78829c246c2280a533c586a384eee
BASE_00000441	baseline	k141_21970	1065	9f3617e464802c1cd0aec03ca58692e2a30c5a569feb34a9319d255bb806c8d1
BASE_00000442	baseline	k141_375	3379	5b8b2d90bd6b828d99e7be5e7ee936077a6bea253d0018af41e2e9d9ce85c92c
BASE_00000443	baseline	k141_21971	1565	939edec355911342eab90edef8d3f6f45be8044c2aa262f017144d235f0cd520
BASE_00000444	baseline	k141_379	1182	de0065f990e577487d0670077c2a1aed099e2cf537a87098aa15b4ceafef9e99
BASE_00000445	baseline	k141_21972	1192	167229982a86337b23a4636bfa920487d07cf557819bfa0a77338016ee1cc289
BASE_00000446	baseline	k141_7581	3904	99d94d2f28a79a54c1f17778795a36e3cd849b3ee52c6ae7d361782cde63df58
BASE_00000447	baseline	k141_21974	1372	cda1f0dbc5a65543fe56772de7307c61fe8fb62c403f952701e4797ec20277ae
BASE_00000448	baseline	k141_381	1779	c86801a08f9914f5ab84347c5b3f6945d2d509428913b716c179dc0eb8d4e73e
BASE_00000449	baseline	k141_14734	1535	09102f0c9c6b14e425874fc30577035b0736d71af1b98acca7f220d3e54571e0
BASE_00000450	baseline	k141_7583	1294	00b0cd83686f9628cda600379cf09172f6cef2768cf22a475566e2c048b0fb6e
BASE_00000451	baseline	k141_383	1504	c330c0d3e2510cb0bd264466fe96ff92310d06ac8ccef50a641a75e3eca3b56e
BASE_00000452	baseline	k141_14736	1227	05408065e1a2c80fb3be829c6982c5b87def0c141215396cd9f75bccabbed837
BASE_00000453	baseline	k141_21976	2675	70095f91b2177fa167e5a262ea5beb40190c31f9997792bced8693d48250e3d7
BASE_00000454	baseline	k141_7584	2474	21d3faf7d08cf1ba2e4b4b3448aa7f468cfbbb65d64c4d1641395e608c71f6b2
BASE_00000455	baseline	k141_386	1237	5854223bddc283a75295657222292fdd72e01ca2cc933cb6bbadd6a1401b05b9
BASE_00000456	baseline	k141_7585	1262	5dc8669152d6a59dab15f0d627f0ad8f6f46bc6ba92f02b2b00138272e24a02c
BASE_00000457	baseline	k141_14741	1240	de5e53028ea74e0c70a9967af691d12e678c78791dc8239f3a53bc9bf4991cf9
BASE_00000458	baseline	k141_14742	1067	e2a89cf754340a93f450f2b8f421bf440cf1211d9e58fc9fe62df58cc79d86cd
BASE_00000459	baseline	k141_21981	1932	aa029082862a5eb1068400819646171fb9791bd3e52b486360bba5c76835c9d8
BASE_00000460	baseline	k141_7587	2080	26c01e9de58556eeee7b1aedfe26fd85f95913b54ef767b11168dc18f50aee90
BASE_00000461	baseline	k141_391	1464	c395d04911d2672158dc7f1befe7c1bbca146d6d2bac5f963d3244d164181c91
BASE_00000462	baseline	k141_14745	1804	171f6410dc22c88fb701237057aff9c3275b24aaa24131952ea810f64753f8b5
BASE_00000463	baseline	k141_14746	1190	97b2af0853d589f9c60f695d27214a1adb84f7df0bbcd3a33424c217cad888de
BASE_00000464	baseline	k141_7592	1006	2880e84b1ab762e5812af5a4f1305a916adee9e4081e5780a6a012a50334ff18
BASE_00000465	baseline	k141_21988	1758	a887f8f2cd2702eca98afc9e0076d91dd40bd85687efc3840d8b4cf01e66889e
BASE_00000466	baseline	k141_394	2641	ae9af93c8e4cceeb0a23506a39e852d7a91bd77760dae8077fc40a9ca13934bc
BASE_00000467	baseline	k141_14748	2083	2e490fd4a0b6487d03a096df9c072e24f827c16af2d83f2ff12fb272dea8403f
BASE_00000468	baseline	k141_395	2324	51984b253bb19bf7776650154cd7b1235e3fa58421c308ccef1cdf099bd3f664
BASE_00000469	baseline	k141_7594	3881	015c8f4eeab3ef0e6094d6f906c306ddc4bc50d265cbe6ed3997e51e4d16f8f7
BASE_00000470	baseline	k141_7595	1119	4662156d7e790a3cfff7dc362c34ce57efd9a05921399f50e51afe318fc61d36
BASE_00000471	baseline	k141_14752	2017	b8bf62ecb1a4a78bc26976f67d23f809b4a4d075130c59601796b8beecb7ff9b
BASE_00000472	baseline	k141_21995	1096	f1dba4d6438cedd170b3d21cba2941989f6247c8b7d1a59d3041dbf5e15cb65e
BASE_00000473	baseline	k141_14753	1338	7b9346ff3a9c35de5eb08dd5ead86c580f9bd07605c537b8f1e3c5ea75e329b0
BASE_00000474	baseline	k141_397	4031	8e73a750c536485f3356eff99346d78b7718e41208b0c29848b9714d3877d113
BASE_00000475	baseline	k141_7598	1822	77c1197872adeda05928c77a7059ca517458ad5cf524d75e9436ab6202452d8e
BASE_00000476	baseline	k141_7599	1140	10b60c0abd4762499ed9e0ee42a9b5efb00c60f63dbf243014f886c32c027133
BASE_00000477	baseline	k141_22002	1018	58ec61e12774cf2174628e3018c2d69e682a805a52ce0b459f75f57e23b92278
BASE_00000478	baseline	k141_14761	1880	5ddafc8b18d40d0cf06ada88698d2b4267530d9e8a7df44af78b6091ae87592d
BASE_00000479	baseline	k141_22003	1650	d18b2b60a8abaf123f39d35cfb86810bc30db8eef0e121ace03db2563907552c
BASE_00000480	baseline	k141_401	2433	b854c35a66189d5ace1b03146484fed07fbfbead7ca90c4c96a8570ae0844121
BASE_00000481	baseline	k141_7605	1120	fddb212d9b1f4a085287448088056a57986af277c2c4ecb0d78f7e5aa7488e36
BASE_00000482	baseline	k141_402	1270	8fad8b4254216e96fb3cf2faa4c4ff7c64429c6dfa9544d7761ae0af1d077c61
BASE_00000483	baseline	k141_22007	2608	79e358965955ff9daf869dfaa04ac877f10c30cf91ce553949900d463b4768ed
BASE_00000484	baseline	k141_7606	2949	efff32deb0b6cf290cf654ea0085d7e267aaa98c2a24e5ec8bd044e56b048876
BASE_00000485	baseline	k141_403	3896	4b72a4a73c2143b0c2f676aa12fc1315dca1e04eda363c9771fbe383b1913e70
BASE_00000486	baseline	k141_7607	1924	c8d580b2d0a29aed2cd2f3904206aa59249a397eb45bdc21e8c3cc093c52084b
BASE_00000487	baseline	k141_7609	1936	e7399614b556df881fcd3d4a1a4498c1b2ecbdcd0d2aa87b7c6fcf905c82a8a2
BASE_00000488	baseline	k141_408	1553	1a084cd1d3f329e1c5689cf160fb04d2099b220a57bf9feda0409c1e0a771e18
BASE_00000489	baseline	k141_7611	2654	84a183fdc30654f44cfbd438ec3d0dbc0b4298f8aa9b30117817ef6863b1bbd9
BASE_00000490	baseline	k141_7612	1668	d91d4ceb24bbd367534e3bfdd0c9b3adb682c41582925e98a9f8d6ec6ffca62d
BASE_00000491	baseline	k141_409	3684	379984114e68c9e359378504830c3a0a3cccaa90019130dac7e17bd9ba50539c
BASE_00000492	baseline	k141_14771	10549	3b394b40c742df490e160f0af16afbbfebb1ee0dfc6a96060e12ba336cee65a4
BASE_00000493	baseline	k141_7614	1251	18c7a6c22e0b38c87c620638ed697aff06af9a4ae3e65861a56f566ec92b695b
BASE_00000494	baseline	k141_412	1205	18990ba42d0688e654a242192dfdc36432da78304ee89f99cedfc933f21b85c0
BASE_00000495	baseline	k141_14772	2886	e18de455ec4357b799b8b67510b9ba6ca1d58e9b3bdb91a7104bb7344695cd6b
BASE_00000496	baseline	k141_413	2294	da3e7af18875b33692db6be8af25f0540a90392bf6544180c7660fb218bb29f8
BASE_00000497	baseline	k141_7619	1201	e29426d10c59863589c29e90495c308584d9257f7a3ffd4308bd71dacdc6dd75
BASE_00000498	baseline	k141_22011	12755	534c173416ec60e60bf422daa6cfbb3e38f805c68f2368136044e3d39668b991
BASE_00000499	baseline	k141_14773	1325	20c1bdeda82335ee4701f52f0e3810efc8e9a19c16eff8c618990d2f1a59be85
BASE_00000500	baseline	k141_22013	2229	818834c6c22a79f38c80c087cecdb3697f53cb05631ca6f2a68ac63b3923a64d
BASE_00000501	baseline	k141_7623	2913	ea6fb6f0221ebed6f4bb7d62489437bf21709c680544438bda608145decf9567
BASE_00000502	baseline	k141_14777	1917	f38b4a314c0c6c99ff5898b05f02f75761d44854a8f1440248568e4f564b760a
BASE_00000503	baseline	k141_22014	2171	0e9b0b55c3466c78c22fb3c7d1e3e6dc207a065b37920ad109b36c53e296f86f
BASE_00000504	baseline	k141_7625	1071	57815965f42c28519e39f8bb11c4aacbe5048a3e2acb7f4ca2f279c08fd7b790
BASE_00000505	baseline	k141_7626	2313	a5d90a8f0f14d6003bc281f91f0fac38b98368c3c75990ab1f0baf0cb2e384ea
BASE_00000506	baseline	k141_14785	1307	5bf80c4e7205602fff2dae23080a7324ce32da5888130500cd01eea01c7a945a
BASE_00000507	baseline	k141_429	1017	eb767e66c8fc8296feebc74e2ad1279b6374b01f01a33bb6707cdc3e94b39569
BASE_00000508	baseline	k141_22017	3712	0c0a59fb520acaa8861fe48826c3dc83496b33f38bc3a99c1b0de2b338d144e6
BASE_00000509	baseline	k141_22018	1197	f1b141f80502e193732b7d4bbd8c57acdfef41e20e964ea150f0ebb15bcab6a8
BASE_00000510	baseline	k141_7628	3313	ef6435a57bc7f96a735beaafb0e041c4a74b05a0ec551ba004ddd37f6a5c4467
BASE_00000511	baseline	k141_14789	1825	a04f40cd003454c04e6646a33674fb5096367f528f22c9349fcf1d8feeaf959d
BASE_00000512	baseline	k141_433	1597	bdcc3705ef39ef76e45c69a21cc3a68cbf74e2b70602d2bcf8877c93627fa13f
BASE_00000513	baseline	k141_7630	1473	5fd08cfd04ec15817d78dafef8bdaa7a2dc8782fc5816332372e8c19345a5196
BASE_00000514	baseline	k141_14791	1624	4f09fe233481189e2f101c422f001fc2fc26891ea7db4a91a25a08f904382c27
BASE_00000515	baseline	k141_14792	1207	31c5780e87d9f200c6f195a02708953625bfaa116398c17eeb552694e9833962
BASE_00000516	baseline	k141_22020	4244	aefbef6bdfcb61e6c867b52757ac7ff09dc155474f2ef03001b0142847546062
BASE_00000517	baseline	k141_7632	1732	c1404e295e51763362bde536ce6c509c9ea84ae6e49aaf77aa60df1ca5dd1f3a
BASE_00000518	baseline	k141_438	1828	142d917823d85400901e1c063580c1f09eadaae20a084c9b3a5d0e6c730551e4
BASE_00000519	baseline	k141_14794	2360	0b997603c1dcd03c640f6146761adf9f4b2c93740b22248755bde2eeeb844641
BASE_00000520	baseline	k141_14795	1685	75d492b5d6a29d884953c83d2c0da17e95491e4fff0d0c8ad63181034e7e1cdf
BASE_00000521	baseline	k141_22028	1468	d0924bed0303fb11b80d1ac1a02c5761d8785c5781d196149ca421f57e781477
BASE_00000522	baseline	k141_442	2554	2103ec31c4f2a27c30ef89d09d35b3396d695fb7cb161f447dcc2baa1884e569
BASE_00000523	baseline	k141_14797	2558	a884383f257ddc269bc9126c5928a9dba5a98b8cc3bed7301fa2b78a5a3d9ae0
BASE_00000524	baseline	k141_22031	4367	34dbdd9dd890a6c0f148283cd67fe217574893ba136f9821a2d214e871304f45
BASE_00000525	baseline	k141_22032	1040	8a850f3057591aa0b20db32bc4ad507b56934af3718fb4ba9c513e427ed1e529
BASE_00000526	baseline	k141_14805	1055	c41513676db206493d101f660db0fdaf16adbcf2f028135e0ec5eb75fecc73ae
BASE_00000527	baseline	k141_7650	4546	8123ca7a9f9c581753db8636369f3e8fa4ddb91af35356cb0c7a768af7b45cd9
BASE_00000528	baseline	k141_14808	1869	d9d08d819d4e443ada7ff1a85801c94282ecf94ec75034648739ec2b5aeb98dd
BASE_00000529	baseline	k141_7652	1710	b6fdb4719872c3724c03a098191d02e81c989e347045c84109d955612f1ca8fc
BASE_00000530	baseline	k141_14809	1613	2ce01f339a15ce72be3989321b1e5a37be4ddd7e83c67b3e1737d90f2287ed8c
BASE_00000531	baseline	k141_444	10491	4db27036d6060a2f3c3a0a4abf65bca83787bdc99547c58e3acca695c406ea85
BASE_00000532	baseline	k141_7655	1477	b7923182efb6328b5d6875a3d014d92d9a7cf2e3c57c9e9e8f68911c63dc04cd
BASE_00000533	baseline	k141_22037	4342	aa6b05833f9bd4053ece64de9797ba7fdbf270d5ee0c1deb2c2630916b2dd483
BASE_00000534	baseline	k141_22038	1627	4d2e68ee67121b08e3ce05e1989ee4ca723e1cd8b23fa2ba6f9025d5cd6ba800
BASE_00000535	baseline	k141_7656	2567	0608da6ff361bfce19c04b0a126e973a6a08b20299d2caad52a8bafeb7735ac2
BASE_00000536	baseline	k141_14817	1487	34b74c3d8f47ad156283503f0bce1c4e3c510d23cac7515dd459768226e0482b
BASE_00000537	baseline	k141_7657	1551	5ac87a52f9423aaddd415ecc49f2ab388292ab3e8bb46d4a661a00ba90884c84
BASE_00000538	baseline	k141_22044	1547	7881aec72889bf715458aa85012e7d2246994f74c787ddc4c55e960e853da39b
BASE_00000539	baseline	k141_14818	2290	c97ab56d5aa24f4b774e6c66b817ea11c38618f6aaf449de956147c43cc4c152
BASE_00000540	baseline	k141_14819	1134	c3a60b9b5128dcbb33c42f244d2e8a8bfbff397e6c285f449d07989b63046df2
BASE_00000541	baseline	k141_22045	1331	6484ccbc7d5ba0a25d2eda3b5d9cabc3baed3de6ca9f2885c9769a770733d5f4
BASE_00000542	baseline	k141_446	7395	9bf3eefaa997861f2d0818028178c8d30dc16094bdddb99b3747138f9982970b
BASE_00000543	baseline	k141_7664	1271	f77b2ed43ef0ee4d0f79ad3617e38d4c8a2df5b2af3c5a0b6a3c5b3a0a5625f3
BASE_00000544	baseline	k141_447	3504	bf63da03e80686b97f427bd8b4ecb9fee2248e5e2869ae96143b6fbaf409a739
BASE_00000545	baseline	k141_22049	1798	65c64662903a999d48288fb2516a1c963d30d40355d95e0d0b664de7d3ffbbbc
BASE_00000546	baseline	k141_14825	1567	26d9a0e0e7dfa8989d243e5325a7216eade7e970f269456f967d51d422f2cb2d
BASE_00000547	baseline	k141_7669	1233	09c8a53a4879d27aebdb1888d9ed5e573fd32a26ae79b0e62ea44cca9f4ab520
BASE_00000548	baseline	k141_14826	1590	89956f5f4cc21b136b9d4f03097eaf499a603641d12581b1298c1f4b84ce248e
BASE_00000549	baseline	k141_22050	1807	ae7ca360bf28b5cd6039b9f4e48c431bfa26fe65fa5257036adc16c28fd93b22
BASE_00000550	baseline	k141_14827	1266	c38260217f54784b805f86c87938cf8138d49d7d18f998350f2ef22faf9e85d7
BASE_00000551	baseline	k141_451	1422	3956be6a0bdc3e27ac6a97098980cd6e7f5fccd749011f7da79b28c8e643ac4c
BASE_00000552	baseline	k141_14829	1043	194018dfb26bcf9b5cfc0f25a917c5767ed25fc3b4c1907fa2bdd84492611461
BASE_00000553	baseline	k141_22053	2274	86df6b2da963634b393d38e182974dc704469fe15525c29de9a7bf32b4c6ec3f
BASE_00000554	baseline	k141_457	1146	ac63a141ef2c584930db55d9277c2a4c5ca5e0ee670a499a12616fae65375158
BASE_00000555	baseline	k141_22054	1449	105c96d853b2d4a8fbd5e603f57e75915d2906db3a6ca5d2544d2db3d25b74f7
BASE_00000556	baseline	k141_14831	2212	4837fc04c0d7d42b24eda2c4163f74d9ff178ebdb01527524b24ed16f23fc851
BASE_00000557	baseline	k141_14832	1407	c547f340963a73c51b13d4414dfbb6ce67ca0664002f5bbd5ad1e0885104b3b3
BASE_00000558	baseline	k141_462	1231	61a6c003b8f310603e50495a6ba3d81a51177e618475c2b3694b6910017d0e9f
BASE_00000559	baseline	k141_22059	1097	9842f54fac336ebcb5e937bb356e46e0e0c00f0bffc0b6419218da57f217a4a2
BASE_00000560	baseline	k141_463	1421	c88384446f953778790cfe71fbab3d9c571a4466ec1140334b7031e1394ed0d9
BASE_00000561	baseline	k141_14834	1827	6e6dc8734d526f47127a5332187fe3e13cc26b718c479e113a23ac9d5ba22a02
BASE_00000562	baseline	k141_22062	1326	942306897cc1247438d712b7e86b3c6a22eb6a0e660286bb5cb5073d9e25a454
BASE_00000563	baseline	k141_14836	1365	39cbc83e516130a63e017206a1b7399241ee7a758464fc393cab3caaceec00ad
BASE_00000564	baseline	k141_466	1677	39f55b7c546aa0820b331fb2f643d910e807c1bdf954816286648b2e1de69bf1
BASE_00000565	baseline	k141_22063	1260	85378c93a862f4aa763c996ee3aa7e1a3e21445fc0fcebea6a05e8d95e39ce0a
BASE_00000566	baseline	k141_14838	1281	17e378113149de18a47e0a15372019b144c8e44ea5d40264e733f7f01b11530a
BASE_00000567	baseline	k141_22065	1269	1b90d4e598197099db88cc85f95da6c988d86f5a534134bbdc9e289ed41ea53b
BASE_00000568	baseline	k141_22067	1817	52f460fa34de5d13453c834ca37c1eb54f38bd2747b3d6bbf0619fe51ca1f05a
BASE_00000569	baseline	k141_472	2429	87ce00ae9dc1ddfcbe21495d5bd601a27a2d0a70441104031260131d926918ef
BASE_00000570	baseline	k141_22068	1994	b399e4b40f7f66dae7ba1318c5470e5f226028587405de8b1d9423c1a887e850
BASE_00000571	baseline	k141_474	1026	7d8e72010d0446fc78c435bb433cae94a772dcec8be9874295af67a1ac9d7cd9
BASE_00000572	baseline	k141_14846	2886	5a8db13bf612cc2feab6b91e33ce1e15cf69a86fb3d08562543d6a16c35a55e8
BASE_00000573	baseline	k141_475	1407	60d13ad7b44655573780a3b229b18ee30f08c4953dd77570e4a38f6e40b9f079
BASE_00000574	baseline	k141_22071	1188	139e347f2cab1f3047e48527534c249bcab64fabac09a3d360de82a399c4b0f8
BASE_00000575	baseline	k141_14849	1868	99ff83e05099db32a0af0a57af5d12fbc82b1fa3d56d883e3587209d890aa5ad
BASE_00000576	baseline	k141_14851	2179	25c2eb98d10cbd1b41eff38dcb35f80f4905db57e8bc005149ddc0a20441bc45
BASE_00000577	baseline	k141_22080	1474	8115b09fb8d4ac86e659d5e16fd951b98f53f6bd1d8f8c9677e93d746660049a
BASE_00000578	baseline	k141_14856	1289	48889ff963495b81f8eb3acb336e06f5d9e4f05b9ea8092015b433955a51220b
BASE_00000579	baseline	k141_476	8102	a2f947dabcf30e79e2e9d034bdeaa52a1332d268658dd00f1f6ac1eb2535d45b
BASE_00000580	baseline	k141_14858	1183	8193e416f9a1d8fe18a7c95d9b16dba5f2a91908fcd35ceb38378345dbec7d91
BASE_00000581	baseline	k141_14859	1200	8e295547a32e9ed9a6f18c04dd175f148eb030ea564c9061a542cdc0c6a5e75b
BASE_00000582	baseline	k141_480	1458	ea2d236e56fdbcf669ff987da097affcada02c1a8492b448eeada685a33c9b06
BASE_00000583	baseline	k141_22086	3521	efcf5eef10914257abf3ea68e06857c1ed43e73ee9e2ee8bc13439f58430ce04
BASE_00000584	baseline	k141_22092	1148	9d7c3b4e7ba5abb3b99feacc62f46daeceb9cd42eba6effa3df6621b6d30fc77
BASE_00000585	baseline	k141_481	4870	e7f7350c3dcd6091bf426ba8d20c58d5a013f4d08bc2b881374931836a96a478
BASE_00000586	baseline	k141_14862	5346	1965c7de14f52d7db20d152fde35a7fd7d343c5c9ec38f06bc71427d937fde14
BASE_00000587	baseline	k141_22096	1236	7c397cf9045d03fde42c511bcf94ec7b932e2fa0e8634761a9d6febda44bc2bd
BASE_00000588	baseline	k141_484	1290	1477c88db0f33c54912035e1bac24953b6dbb11b8d70cf4a6ac314a3aa75ea55
BASE_00000589	baseline	k141_486	1103	ea51b576a5a8103d420261e188a1a87dc663d829baf79e4eacefb877ef65b6d4
BASE_00000590	baseline	k141_22101	1861	4724b7644ba219f56df787e63c98428b6a0e79fbab4d6cbe3286957fb3a18723
BASE_00000591	baseline	k141_488	1054	4e6a598476a038bb759a2e670e4d58df03f58c44f1a50c75ea79016f1b59eb94
BASE_00000592	baseline	k141_14863	4913	32ddc1c914f3a0899f9fa770dc5b5ad62526c8ceb2849fce41f2c3246ed0b3d2
BASE_00000593	baseline	k141_22104	1184	eb9475ef0ea0287aabf7aa7250c761c92b9ad1ddc705744aadd01ca4e40ebd35
BASE_00000594	baseline	k141_22105	1475	54e97eb2ea48ce7aaca7fdef52d58aca632de340c936a2b313c7b46872669d76
BASE_00000595	baseline	k141_14866	2791	f0cd59e8ec022ea78c7fd8011d08b80c18adee33e6f4ef8ff25854905811eed8
BASE_00000596	baseline	k141_22106	2060	401c713cb85d97384f7d39c527f8615f0983a58b47d07ed1ab52bb908a2eec70
BASE_00000597	baseline	k141_14867	2046	166b0feebe348c628724c04788adeb05b0cd3d42b32365091204ecd70e716914
BASE_00000598	baseline	k141_492	4784	6d9908c940a66ae5bbb92f89b271fcbc0cb14505667121a55f0528fe2e88de3f
BASE_00000599	baseline	k141_494	1807	8cfe34849e85fcff5738d9ced1120eeb378a94e59b7bab1af3dbc08d93aadd27
BASE_00000600	baseline	k141_14874	1454	c18742c2645a84a7ef5b137c4cbd0d69977c14df04b833bec6a31abadb848e31
BASE_00000601	baseline	k141_22111	5956	fe0dc8ffa9384dc179f38c1a2fca325363fc4ff8d0ed06b1d081129e2996a4ad
BASE_00000602	baseline	k141_14876	1364	027498a288da79de1dfcc3823ebe1477138737e62b9eb949c39cce2c93662085
BASE_00000603	baseline	k141_502	1572	efda29232219bfd2d33b8cf725f6204e4054ad91fed3c66f023248cd73662239
BASE_00000604	baseline	k141_22112	1153	d2881d7a52ee87bd31e2f9926c4495f9ca35cf965097f41f433a0f6748715c4d
BASE_00000605	baseline	k141_504	1209	4727181953c4b644bad2c01ce8a0ef9a1b3ebbef5a67c0096e68b9dccbc855db
BASE_00000606	baseline	k141_14877	2224	2b82f1c60fe33c9e7deb4133af94ff37b27b033cf1668103bd8ea678fea956fc
BASE_00000607	baseline	k141_14879	1093	f372ba3f73d313e32c2492851b960ffeed703c373a32193ba895363c1ddd85ab
BASE_00000608	baseline	k141_507	1352	c0215541f46e344b3943b7ef023263f4642c31fd187456fc9e51a3c4fb83c176
BASE_00000609	baseline	k141_22117	2102	2c98a8d4d95489cef01cdb59b8507e746e0069be8339eea6e42bd72f54c9eb17
BASE_00000610	baseline	k141_14882	2011	3057dae98953858999731a391a60578fac16d0f1b0f27de70542edbc65af472d
BASE_00000611	baseline	k141_512	1605	7e878f92fda4d160fac3b9dcbac3eecdb7dcd029a2837da9053bfaf1acbb50b9
BASE_00000612	baseline	k141_22120	1362	512ec2904d71574ddd0d30215de818a385527c7fee6311f5220663017c58d65b
BASE_00000613	baseline	k141_14883	1601	5368ed97953ac7e71c7cfb3bcfc4c9021993af014a338a35628eb4bf9651dd2a
BASE_00000614	baseline	k141_514	1959	568d734c06815d1d6ba4d0f8e5a510bddfaefd50c446dae6228217be34abcc8a
BASE_00000615	baseline	k141_14887	1427	1313b5aca5df5b74bf5b6a96c57adbfab6a04f5178fd64690ff2bba57e912933
BASE_00000616	baseline	k141_515	1955	3d1d78c40e84b2c94c5340982905f6a864f7ed5cb6ade18b360791452eef63a4
BASE_00000617	baseline	k141_14889	3213	f5589b4cf9a1e154a09e127f73cd0bb7243103df70e5603f693490cd9b81854c
BASE_00000618	baseline	k141_22121	7282	a5993d44f0b9ba4e1d8f419d7c8844ff9099f9a336b202adb434a1f2d7fff95f
BASE_00000619	baseline	k141_14892	1032	65332d1eb1f18f9c511fb6df90c8cce82c9e36cd78e33d32f6d811a0fdaffce9
BASE_00000620	baseline	k141_22122	1319	a2708b23e816b318c7d16d45bd102bdf0c7ef0d7d479c52eb918afa8bc7fb12d
BASE_00000621	baseline	k141_22123	1051	4dd376461883ccc47a29507bc8495771fbe24d10043dbece3a3f658645dde753
BASE_00000622	baseline	k141_517	5624	9690c2ba7b0911c2ed4d3efe29bd7290a931934f16dcbef23bc0c1bf5b339199
BASE_00000623	baseline	k141_14896	1464	7690b2c2a245cfb2d4a36877c879ccfa7272a446850c178192d0f9251f7826c3
BASE_00000624	baseline	k141_14897	1120	6c5ca3b52ec3578b5818c79839243c10d01036415439e99493435ea37852290b
BASE_00000625	baseline	k141_22126	1548	d9e355a2296b68d4425c8fcc0d3a9debeef61e13adc55e68342726afde8dc561
BASE_00000626	baseline	k141_14898	2132	30ba35a12c295938a51106917f9696efb47fc6cc823b2fad79e43a685b0c4061
BASE_00000627	baseline	k141_522	2004	0b049e129a47350ea2cabecaab7d5643dcc9cc0d459b6054bc16ff8685831173
BASE_00000628	baseline	k141_14899	3382	24f80938670e44f1bdbc86b1919775f2f22c48d9f0746c27ce86e35453b81fc5
BASE_00000629	baseline	k141_528	1393	4e869087a984ec71998952d05a1fe551073d0df72ebca6403124c245760d11f6
BASE_00000630	baseline	k141_14901	1510	4fb9c6a770582cf1c4f09faf1f52ea5a963d14ad1f2637952944bb2e609fe295
BASE_00000631	baseline	k141_14902	1075	0992a8586fc3784c63bc1a3f1fc10a2a247faa5e91aaa56623aac8aec7bb2ac9
BASE_00000632	baseline	k141_530	2367	f1f6c6e55518cea848d0fe2d5ccb589c31dea174be4cc0c1a67697b25d635d34
BASE_00000633	baseline	k141_22128	8726	4d541becb46230c81cb4d2177edaac9f83017a3c37c292fb84f8d05b0458bc95
BASE_00000634	baseline	k141_14904	2083	975daa04773d6ed08c151d14c8d98022471fe7ec2b90250a6be651368ace2464
BASE_00000635	baseline	k141_14905	2255	83d354bac0a2ca32b569c1e87abb678669722d7fedb6d32e128da4bae2ba9553
BASE_00000636	baseline	k141_22129	3140	bff96776628e144aa8bcdbe543e355b21cc806d23051594987689538f9145e36
BASE_00000637	baseline	k141_534	3157	68d5fcafb57c0d72947d23ad019b52525dfe81dd811d94b2fcb81985a676748e
BASE_00000638	baseline	k141_22133	1914	f42a7382d1a530f60580b6b4a215c2e412edaff85af4d9b5f6f42d2e5a959ede
BASE_00000639	baseline	k141_22134	1080	a98cc51bacddb9e4ed937d2d0efbe9d65d690471d648421183bd5be943e34bab
BASE_00000640	baseline	k141_14909	3970	616338d0f9a4ee7d18e60044d6ee72c111ae423f669ff3bfdadc4765b3aec7af
BASE_00000641	baseline	k141_541	1068	33aaddc167fb21adf72f3c1d2ef42e449ce9527e3115945d89e527cbda6b407d
BASE_00000642	baseline	k141_22139	1964	f467636e8392ebeb298b9c7d7eb3335a49b4662fddbb99784d07dd9564cb4c2b
BASE_00000643	baseline	k141_546	1575	7196853da1209dbe418b004aede743d37be8048bcbe31031ba68b5582cef2ff2
BASE_00000644	baseline	k141_14915	1799	9c1334b3639786904b92e5509f858fe76059a05506cc6b695f8d3c3a26aeab2d
BASE_00000645	baseline	k141_22142	1887	99dfcd5f9948df061ff6b104739a7be917a00a241b3807412d4348320d0327a3
BASE_00000646	baseline	k141_22143	1192	e8dd3b505e4e4e56dc3aca2ffbada5cae0ea17bcda0c67fa01b987341f4f76d2
BASE_00000647	baseline	k141_14917	3832	053cca288e14d2ba74800b1e4f45e528b76e6b547f8f4735db3da8011ef5f38e
BASE_00000648	baseline	k141_554	1425	3dc13b20a084e093233f2896dd219c3c75d4e83c7899dd5a98b9be9d033106bb
BASE_00000649	baseline	k141_14925	1302	d273baa0a9d1e397d4fa3ab57bf3f9be94ed8714638ddcf1a6c8c5ab6a6142bd
BASE_00000650	baseline	k141_558	2898	b33d633f8a9723e60fe364a41f4e12fe5841b698b6ca0946a47e83e4ad222a32
BASE_00000651	baseline	k141_22144	7027	327e2ad0760169ccd4b7caf7f50216cb5e68005ddd3431870104f2388817bef2
BASE_00000652	baseline	k141_14926	1182	abcdbd21a69d16c877f4eeb97685fad2ff3458d397782fdcf195f9e97fcb7d3a
BASE_00000653	baseline	k141_14928	1434	4db8dfa3fdbf6275d125432616a83008b0ddc6aa90e162af10cd0834ccb4581c
BASE_00000654	baseline	k141_14934	1120	7e561ee4e9784ac83ab8bf69b3ad897826ecb64d6ca076afa9d8b90a2de0a940
BASE_00000655	baseline	k141_570	3335	f6e2d113fcfc9ee6aecd3225026e0032d93edcef1c949bb496cf063f1ba455b0
BASE_00000656	baseline	k141_22150	6373	b683bf3a0c69a42f16bc9cc518e293a8d4b96c6e78b05e904503edf378510377
BASE_00000657	baseline	k141_14945	1073	3a00230cccf080257c3a3ebd6aae7e9b89a2e2cf9f566eb4f444cbd9823bcb64
BASE_00000658	baseline	k141_14946	1019	ab66f2ce9d22e177dec9a33204fba733ab8508ff574a454c9ecc7aa0188f1579
BASE_00000659	baseline	k141_14947	1637	eb3fffd15206dab5ffc5cd39bad99d2e939895a983aded0d5ae895c73b9a3d56
BASE_00000660	baseline	k141_22158	1010	556e0ad7d780583106a994139ab3dcd4457a50ecc6b9ff4e6edbfd86d4b040da
BASE_00000661	baseline	k141_7676	118163	c524c0693115edcc4686627428ccf05138485fbe6468ad11deee749d908e183f
BASE_00000662	baseline	k141_14948	2512	2c1943648b81c50a38fb494bacf584d7fc10d12361650719332ca472b21f4b07
BASE_00000663	baseline	k141_576	6349	a0969e4a1dc0bb9cf2edf3eb7f3bb93bd609bf2834ba5262a3514f80e6300f82
BASE_00000664	baseline	k141_14949	1895	aaac1a18c92e02d1d45b9dad1aa7f173cc6a0548fefa87ebd2cf6f7d67c1bcd8
BASE_00000665	baseline	k141_7680	1211	c4cd7dc346e63ec6ba9c7e994147b0aac099a8508b4f629356cd76cb0959eaa6
BASE_00000666	baseline	k141_578	1379	a3b1a2f029aa22e8380ba21797fb72dc46491111a966ce67c4e26bd3aa60ebca
BASE_00000667	baseline	k141_7681	1672	56cd86834f74b6a88824c2f63e1c95845a6a55233301cc2285d74bc2056b6171
BASE_00000668	baseline	k141_14954	1339	4f21a4f0bbad040f8b86c9346c20bfc7d3636e8c74f61ae92ce86ac455c275da
BASE_00000669	baseline	k141_582	6335	deeb8d3e618e72e8bde82cb596fd8be1602a2bec0ac307d8bd56e6009fc81e5c
BASE_00000670	baseline	k141_14956	5727	d53af93881610a0e3c8abc5eaa19f5f78421009e0eddd3eab9a3495f3777d4f4
BASE_00000671	baseline	k141_14957	1215	f4178f016a0d6ea2cc7804bf440adda86f22cbc66a1b98fe0a7cc2bf7f216b9a
BASE_00000672	baseline	k141_22159	14944	5b0499802c28dcba48bc3ee48ccb5745d272c013696db5f50d9e1827cb11940e
BASE_00000673	baseline	k141_585	1156	ed79dbc8beed8f7347ae902d5e2dd84eff84505d1bb25313b8687ac17307dd87
BASE_00000674	baseline	k141_22160	1005	e8ed0a8a2b94e2e38567da207d72fc994164bc6b0d63e1b57c9655ffa8e9016e
BASE_00000675	baseline	k141_586	1539	fc468b3e6aa30a0f76797ce7c661f3f3344f2b41ed643c9d1243edaab4e4d1dc
BASE_00000676	baseline	k141_22161	1173	d72a0bdc78e06cebdc1fa47b4729b62cf238c960bb469f02dbcb3e2c0e3d4c04
BASE_00000677	baseline	k141_14961	1171	fce72e0f13ea9e12637f539cadf3cf61e3fbc9d92c2d0c95aaed3034612b08a7
BASE_00000678	baseline	k141_7707	1132	30fe5cfa4e885b1ce4ab09bad649ab024dbcf60b1667535f6a92dfa1fb3d6b5e
BASE_00000679	baseline	k141_14966	1152	8e1469196f6d385f83c1469753508e123eca1b111104077a2ea4da6321974de3
BASE_00000680	baseline	k141_22165	2268	5934d76c4f843b52b7725c83de4fa0b94e8b0d00951b6c756843c084a2c6b29b
BASE_00000681	baseline	k141_7710	1202	87f49284d4cd94162e95adcd02b3491e3c98703157071f33bcc2f5364b6e61bc
BASE_00000682	baseline	k141_14973	1009	fb06f1a9666432c664986db3c7db81797dfeba82a1df59efcf1e61d0406e01ad
BASE_00000683	baseline	k141_590	6639	74d47c23919153384f4b268355c1a6f0776f14840d4b613d51550b03bf3f341d
BASE_00000684	baseline	k141_14974	1347	76d397eb320399189ebc0fc257d6c6e6da13fdf383c6d9a306cd046d341c0fa5
BASE_00000685	baseline	k141_7711	3732	45d3ee5af4d7aa9b56d61069f9b0c4dda741fe2565dc1c858ea93f254b096357
BASE_00000686	baseline	k141_591	1873	72fc263ab87d7d74d016522c9945e5dea402a611e7944d04cecaa93c41b46878
BASE_00000687	baseline	k141_14978	1165	b4d42c39ce4bfcb56ce3916df1fce191754173280b50c741f08ac2eb9f44df19
BASE_00000688	baseline	k141_592	1151	676ee484e95b966099681171d23ab5e51f22cf3d01107faff3607f0a86babd64
BASE_00000689	baseline	k141_7715	1360	60503234a850d8b4a942ca0699c976c1adfe7329725efa7ef95079f4ad2a72aa
BASE_00000690	baseline	k141_593	1148	6b7af4010af07c922bf9c5b86be661bdcf7e71e2c3f8ff40b84233b6da860abe
BASE_00000691	baseline	k141_14980	1388	c3aa8d366960c29c63b203fee25864c5af312b5ddf286e94a6a44efd449fc4dc
BASE_00000692	baseline	k141_22166	8155	3ffc6c280a3bacb92716401eef851074c9d1ec92df3bfb56c5468411e82cdbd5
BASE_00000693	baseline	k141_14981	2540	fd57c1bc3d60e97069a24f0bf8781ae3f4f86b684d275b1fa0d31572974fd8a0
BASE_00000694	baseline	k141_22167	2761	c7087381f1094eb734c519fcafffe8e930aa35f1916dc66a213c862231b71f5b
BASE_00000695	baseline	k141_14982	1082	f676fd68f77ea49c1dd48fb39b08027437b541ba954575f372a11229fbf4e0a4
BASE_00000696	baseline	k141_7721	2856	8686cc78b201f5dda20be6d8e322ff8833122d24a4f083e7cc2bb0877803ef53
BASE_00000697	baseline	k141_22171	1467	c244082e82c076630872cdbe3c04c3ecc0017b3477aa5d147f4b166c05ab4a9e
BASE_00000698	baseline	k141_7726	1102	c84de51fbd6b63101f8e3ffba0bc70ea8c37fda99bf6fd8d36a801a1b75db852
BASE_00000699	baseline	k141_14986	2198	e5ffabb86ebb6e8a82d6f261976e10c36663140b5dae5c8ea5ed6fd44e848b59
BASE_00000700	baseline	k141_607	3653	7c3b313a5d3c8ce454740e8e214bb365dd69dbc65042111dc29cf56d9f1fde7a
BASE_00000701	baseline	k141_7728	2616	ec8a6875409444d041f1e6f0d93ee2fc56c0860ede91e33646c8b3f54ddc0b9c
BASE_00000702	baseline	k141_14989	2607	642296d1089a6bea84d39dc7bcc06aab50eed21c018efd664933344b9c6f1e66
BASE_00000703	baseline	k141_7729	1159	c9b9ba53119c53d45777689a34bc7f663fe3f5952fb967ecab141254f07f3bfc
BASE_00000704	baseline	k141_7730	1100	46a8673cde735c72663b8ba41506c98be629301861828c1b29a6648f56b26747
BASE_00000705	baseline	k141_22175	4789	fcabaccfe53d608f2d26147098d8f6ec147ada8726253c24dccac0a64cd3f061
BASE_00000706	baseline	k141_614	1594	1f8ec4354a692333de757300ab3df2b3f536db99e622d94898a19c17422d0f04
BASE_00000707	baseline	k141_14992	2715	2516f20931f0ed393c30dfb639c72a97bcfd278ee9d6e09f35656c3c2ba76245
BASE_00000708	baseline	k141_22176	1070	99cfe3a0a57adb63a85ec0b4fdeda5270e15d82a98d004f2cd8e788ab87592c0
BASE_00000709	baseline	k141_7733	1843	a6f4b9bb65f5a1e7fce3a9bb2cc75f146054c2776f4a20a36703e865e902f51e
BASE_00000710	baseline	k141_22178	1199	11c8706586216460958d30932fdc175c66bc8e4903bea570bde3af0bd10d9716
BASE_00000711	baseline	k141_620	1576	3e0659bc0f1d487d56af75afdf70d77a16cec0f00298fed0c34a22e789f61766
BASE_00000712	baseline	k141_7736	2318	168f6789dce0576de8d8cc0da82ff9516038a3958c0c089b226d8776c8c08df9
BASE_00000713	baseline	k141_623	1270	488b79143830ba07a2ac7e24b140f72c127752c513a3c0ebe90b17fa0a2bdc69
BASE_00000714	baseline	k141_7738	4196	5cdd9530dc0721d33454deb16e47fd34f6f986b06e7b68086edaa60a891dfa97
BASE_00000715	baseline	k141_15007	2193	f36fba555182ea683a24abf2354422211ec82702b3822dbf7ffa1d3b497c7b0a
BASE_00000716	baseline	k141_629	1563	cdc66639881b832ad779a477f7432911bca7ea4c3992a6aae22f6ad6e9c5eaa2
BASE_00000717	baseline	k141_22193	1024	2318f4fe3e90d7a5d6fb3dc5476510db0869350741c06369030b4b46f0aab9cf
BASE_00000718	baseline	k141_15008	1954	83586691e1704f012c3725e30d329b47e17a806d2149e8161eaafd91a2d0af72
BASE_00000719	baseline	k141_632	1225	5da0bc597e3db68f9f1c23db16a19f3d31b34c9251b1fa80fcf1e7eaf6e982e8
BASE_00000720	baseline	k141_15009	1673	51a27be2ebf9c39753aa34bed56d1dd8338150862c21fe1865066faf1704303c
BASE_00000721	baseline	k141_634	1318	bdc95561201a8c33dd303cc835b9de867c6e940345f3da6fce2f41f60e21596a
BASE_00000722	baseline	k141_7743	2182	5bf1db79f5d4020f4520c13972f09c77dcf2846bae2673b52f40418e9ee7f0ac
BASE_00000723	baseline	k141_22200	2053	e9857a68d20df1f04f3d873f6443c3761e423d2aa21b35e88157b625a9180cda
BASE_00000724	baseline	k141_15011	1818	6e6aed527096c99ac730d844e114325872118885afb49cf7844cd6c1e7598b00
BASE_00000725	baseline	k141_638	1876	76ad03e357e804db03f257b97cfeb272dbe9e58e10fad485b30ce32f2fcff39e
BASE_00000726	baseline	k141_7745	3042	594db3435bf9a87414d7d5bf4a584dbf864337aba67b10ee4a186d1ded3a08ad
BASE_00000727	baseline	k141_15017	1061	114c2736969606a40a8150049b56ae24d0ffe4414abc19a2fed81fffb181f0ad
BASE_00000728	baseline	k141_7747	2060	2c54fc781843c490887130c6ac8cf587be445bf3a65643a65b0721798622a2d7
BASE_00000729	baseline	k141_639	3760	b1195d9a984ad6574cb05d3443b093a9493d7bc1e7a3e36d62f2a57b50b5979b
BASE_00000730	baseline	k141_22209	2026	c7c169c674c78f4a6fa32ff9e12cf76dc703a3f6ea8833d3a7121c9275ba47f1
BASE_00000731	baseline	k141_7749	1599	da8d971c95b45853fd86a0939004738a3731e2d0d78e17dc220299baefeee1c2
BASE_00000732	baseline	k141_22210	1618	92856a2efa89ec1373b69e4d814bd0ebbbce90d2f120d9d2f7ecb6e03a9fa6a0
BASE_00000733	baseline	k141_7751	1360	b33b2acdb443b08c874a30a5078b197a6060780869c96153edc6ccee6d0787cc
BASE_00000734	baseline	k141_646	1096	ec1d6f7c0b33a3c22de170c9c73821b652f6969b61b79ba88dcb47e648c9ec1c
BASE_00000735	baseline	k141_22213	1450	2ff31421a234f29e176de413c05edc602b6eb389a2866a58ab66a938738adac5
BASE_00000736	baseline	k141_22214	1085	5a74f2bd7e4ab8d5ba5f8bb5281973aa6537675a735ec4b14ebfa06bb4d780e2
BASE_00000737	baseline	k141_15020	7135	87ba3e72b45941cd19decec05f038854ebf47a829bc0061e63821c0b7ddf9815
BASE_00000738	baseline	k141_22215	2572	936a923eab6bd1d17310d1abd4c856c6216c5b2f4c1964a66cdfb20af2eb00de
BASE_00000739	baseline	k141_653	1133	7b839e77c78fcabdadf47b7e1fe5f564bb25bcfdb711852d4f0c4077ef70ba43
BASE_00000740	baseline	k141_15022	1518	157060b3cd4571750aac1781f3b40572cfebae244eaf18979605e7ba23528f0d
BASE_00000741	baseline	k141_7758	2347	d646732f1ed3622109acec3bce02eeff1de72312ae530b860b46f8ead8b4b3c7
BASE_00000742	baseline	k141_22217	1273	699654ee8b1c5f517685c32b33804eb40182055191012a241fc71133c290a8ce
BASE_00000743	baseline	k141_15023	1196	68d304cd9cf1878258ea722588e55d067a041f7b7169eb4199aab8387ea4b8c0
BASE_00000744	baseline	k141_22218	1308	d7890541bf3d8e4ada83c4f0581422538ea88465fcb5a09d92b2ce60d145a7c3
BASE_00000745	baseline	k141_15025	1085	1b40b366d42aea5ab55ebed43cb45e2d3f49a1844f4e27d2d9509c952cdadbde
BASE_00000746	baseline	k141_7761	1480	8375710afaf4f27a62510666aa4bd25b6a9a023f23416006cf1cdb95f81f6a91
BASE_00000747	baseline	k141_7765	1399	5c2bdb9ad0acf7b041bfa4d5ba3381278df253f4886c60ef1c8f22cd767de918
BASE_00000748	baseline	k141_7766	1041	2400620a3f5c85c2db8b4ec1c824bc0daf28beda8f3150f10e5bac8ebdc7d914
BASE_00000749	baseline	k141_22225	3903	5f77b62af7aa7f6f74cfc8b7b3f352391faedcd74c536e5c0a4007142f15708a
BASE_00000750	baseline	k141_15035	2745	2ea94950cc319a12775d555c058a9c1d03d2a4a8f9cccc5e5e39544f1c0feb40
BASE_00000751	baseline	k141_7775	1147	95cccecadee3fc14465dc301b9a216900f44bc4366362517afa6adb503eb295e
BASE_00000752	baseline	k141_22231	3312	c1c45ecd331045ea9532d615dacb46d9f59d99f71d451613c30982cf7871b433
BASE_00000753	baseline	k141_7778	2306	cac35763b6f1443db81c93a8034dddebaa4a72caeb1bc739a7ec0c95ecb19509
BASE_00000754	baseline	k141_22232	1737	77f4acadb2a6a543c30eefbcae7f82472acc6b4b35c25169931fd76c21c3108c
BASE_00000755	baseline	k141_15047	1356	e5b39e316c88d12fe996e7b8a547bfd12a30a13c37fe40fb52d93153c03e1108
BASE_00000756	baseline	k141_22233	1407	a9946c7539d6cd5ca435305ee6342e64a0fae1b196068590f86d42c008dac1f7
BASE_00000757	baseline	k141_659	15126	4b8d85041376d60cf03d6a3e27a4cb34bf80ae6b284c329557aaef7f9ef1dc5e
BASE_00000758	baseline	k141_15048	1444	930d8987b081df34bfff05b0373500ef4056e69840598b075b204d23116482c0
BASE_00000759	baseline	k141_7782	1128	bd5aa30e2ffe5633b05e69ef2bfa364a18241983cb84456529288756da4f83ce
BASE_00000760	baseline	k141_660	1330	51ccfc39af6b1a62258576533d2bb10fba3dc28e0a84d38ba6221411d0533fa4
BASE_00000761	baseline	k141_22236	1431	f097c0065ac2d047a344ec30e4e140eed5783adf6080bcc665a77c549d09a82f
BASE_00000762	baseline	k141_7783	3130	adac07dd58c292cb3eea82dd5bf170b4ec058a82f3d92cf78115abeadf7bcde5
BASE_00000763	baseline	k141_15053	2009	24bf8a95c92383256718277c38ceac5e4b63b0feffcd978b47ab83ad9dd4d042
BASE_00000764	baseline	k141_22237	2429	44ec9667bcefdc16d483636200a41e59ca27ccb9f5a113d77623f6cd78e38456
BASE_00000765	baseline	k141_15055	1374	38dea5648590204d8f2c0676b61991e34449ee7731fafc7c2c4d1dc27d59e596
BASE_00000766	baseline	k141_661	5736	6933810efa0123a1351e259652abe40ba01ff6691bf6dc9bbf65203b89d72ab2
BASE_00000767	baseline	k141_15058	1021	4c77e6f655deffe9fe5d9f671e60520fd3ba421d2cd6d2b0f8a9ba1cf27a42a6
BASE_00000768	baseline	k141_7795	1242	466c8f72c39e15854a4abb3b0f421be88cc829528e27a0d6e359fdbaccfc4d34
BASE_00000769	baseline	k141_22244	2953	9b3b9cbe97adc037cbfb4e29f9c4aabedb427cd6bc13f891cdbb862da0a6b559
BASE_00000770	baseline	k141_667	1894	dd1f3757cdb21e74ea8db0c7dee88df329e29d7dd01faf484f41e60574304905
BASE_00000771	baseline	k141_22245	1426	3aba1fe37f4c251c5cfce2a798d46f43c2cfe79b5df57c2fa1d3c51a8e7d8b1d
BASE_00000772	baseline	k141_670	3018	2d9b86626cf29b0ef5852b386b64dd7c372b4fd89a202acfd4ab499287d7bcdb
BASE_00000773	baseline	k141_7802	2079	82ceb3a36a5ab0cd293e03cb5fef9b87fc9fd154e5196a37c0fa144a70391bbe
BASE_00000774	baseline	k141_7807	1324	fc84ee66d633d0a9fb3fd73d33dc820f2ef3a05e6f9fcbd4b8fe574dba763132
BASE_00000775	baseline	k141_671	3550	d89ef99c26f50287a9a64d6ca939301c60acf49f00e28dce8719839c9e1cac64
BASE_00000776	baseline	k141_15059	12249	d8a4c9098aade341f379a5f26dc17099648befde84fe247fdde220103a3c3982
BASE_00000777	baseline	k141_674	1066	cc3cdf5a0cc41cb2304536fb3729355e59832faeb3c05f894521af8accce97bc
BASE_00000778	baseline	k141_7808	3167	4d85978c61037bfd6a74e1335663afd279f0884fe08e06fd90c051ead30a833f
BASE_00000779	baseline	k141_15061	1348	74ab70c2e644a05cf2a94c4716f2ca677a3c75b88d5904047aa001ff33a4cf58
BASE_00000780	baseline	k141_678	1068	459009c2c55d3127a2fe5a9e7ba70a1890b3a0259ab6c56fa58f525a8c8b7ab2
BASE_00000781	baseline	k141_15062	1081	30e18271d503d8939838e8993cd0e1f985d220a7ffb7fc7bd690b5d1e144f5c8
BASE_00000782	baseline	k141_680	2180	f51c26e02d3af132802a8a57e6a1b3c3ef5d20517340bbce43bede0911c1282d
BASE_00000783	baseline	k141_15067	1156	10cd032345f80cc1c5340e46e9105ef8cceb15115f4cddec49341186bf477fb5
BASE_00000784	baseline	k141_15068	1170	80409ce9b04b4c4bef4bf9d6990774406cb79c87216c5232457752da3f66bbdc
BASE_00000785	baseline	k141_7820	1680	112f80d9485c5cdb044ce9809b0d0e98741ed12f0c2eb1cc0d4d8bba4cda6f74
BASE_00000786	baseline	k141_7821	1104	82d9b146b73d7a8d715e8d35e8d23434b0a4ddae7325f8844cb2a30b3355f4f0
BASE_00000787	baseline	k141_683	4001	0ad9c798e0eeba3eff8b567cd1c7e6db2bf7d6dda077c0b39224870aa6c0c65d
BASE_00000788	baseline	k141_7824	1587	2b0f4e0ce4955526f6343eb2a3f76d2ac67173d6ab1d1578aafbbf4b3c977b92
BASE_00000789	baseline	k141_684	1975	d3f4312b6136de4078ffae09026c1062a57578a8cd69c41b6aab4f04e5daea0e
BASE_00000790	baseline	k141_15075	2686	d09d9c76fa2cc02404de66b571c81c0ddd5d050c7b27456631f52ae54fe26194
BASE_00000791	baseline	k141_15080	1119	25f051e860f4a3d5ec3c8d21152fd54e932ae65e2e1cdbf924eb7e7d06b5e830
BASE_00000792	baseline	k141_687	2822	99443a5951dd6a51bb7ec1e6ee39bf9805d2a13deec2551f6dafe15e86798269
BASE_00000793	baseline	k141_7831	1242	5c98583b96ab38223b1f4233f38bfd8e3ac21d31b6fc08bfc775846aa47576b5
BASE_00000794	baseline	k141_7833	1053	3dce869eae0dd9382b14c5a16bbf3d0d6eddff4af82c97578476515e76946cda
BASE_00000795	baseline	k141_15084	1917	a00d60c8629013d3629fc92a24dd039f246306958b4df2404416a2e269af7380
BASE_00000796	baseline	k141_689	2477	996329adcf3cbfa9d190df378e6b345f0dd0ebaecc00f8c7d8fa8bbc47a89830
BASE_00000797	baseline	k141_15085	1071	ebcd60133bed2e28862e85b9ac742aeac768691805abf4f3afead84b0b28a209
BASE_00000798	baseline	k141_691	1040	7ac811d8ccf569839defd2a6b5b101a8a243283c7b5f650aefbb79c16918ce40
BASE_00000799	baseline	k141_15086	1034	6c3892f2b33c707b4210aa23f560c3de580055aede3e422459f1ed08a4e0679c
BASE_00000800	baseline	k141_7834	2481	ebaaa30121c066efe181d306cafaa7585ae786994a32e9e23f420cec799796f1
BASE_00000801	baseline	k141_7836	1175	0e397900a5eb454743c80d46101c0462d36c84abb7c6b3d5885b22c814ff1d46
BASE_00000802	baseline	k141_15088	1062	9e41d81d1024b7e62659eb3ac9a19b5450cda6a0c02beecaeb4f6721ba70af24
BASE_00000803	baseline	k141_696	1050	3f776a1e5e78eb9d98686f6b8c715af4c18c09aaff1916693e2921dfaed5b182
BASE_00000804	baseline	k141_7837	1727	704bf21430ae0f9b368bbf5aa498277962565ed17c4bd03b549a4fcb10ff255a
BASE_00000805	baseline	k141_697	1883	cee4b36a68de8806f717b119a924450acd2ec1156cca70c3600f0145aab0f1ea
BASE_00000806	baseline	k141_700	1043	462a9c6cccc883c92f5ed82ac98864b99ca5235c39165172a41474eee494d131
BASE_00000807	baseline	k141_15093	2381	d2c2cfb1667f7c747f48ab807027973ea9e0bca2c87411229b17f329731d1f85
BASE_00000808	baseline	k141_7842	2773	c161293c2aee91c503488f9ff4facc05dc5da80d08b158dbb324159bfed5b961
BASE_00000809	baseline	k141_15098	1033	2a791d0477d9c3a9564b05d17bfdf3dbf56557389027a948f5c448785b522702
BASE_00000810	baseline	k141_15100	1885	b4cb60b55287c8946c6fc0e799c72bdefe780889809a41d8066d00fa7e59157c
BASE_00000811	baseline	k141_706	3607	40feec795eb9dc733e8e5fa1c3d22815df8ac29cd5efb0b52e99f54eafa1b166
BASE_00000812	baseline	k141_15101	1260	3f3db63f9d4d7cb58f1c6b0281072a4a00854e641d4247830aa386c24e560c43
BASE_00000813	baseline	k141_7844	7079	3f1bf555d914c91f9fab212a81cd36038759d1353d1082100dfff1fff13ff59c
BASE_00000814	baseline	k141_711	2004	592754bac1e0a8e70ae183f2c3d7635bd9e5ee9554d45e1d0cb1fe46b458005c
BASE_00000815	baseline	k141_712	1292	e40c84c2f38b9a87231bd0816c64dd7d3c7f9abcc1146cad3aa2e855e8dc8e0b
BASE_00000816	baseline	k141_15109	3258	4ba5ad2cf4c925dbb5d18e25944fdecc1692f594c7303b3ce0cc5dbf78b7303e
BASE_00000817	baseline	k141_7849	1776	d168752736a6b60f19c57b03eb905f6979264a57a51e933126bcba55d55b7084
BASE_00000818	baseline	k141_15112	1442	60b3506a366ffefce7e4201c01e9144e8960a66c302f0b19548b577a7702805e
BASE_00000819	baseline	k141_7852	1676	4d305a255aea241db33cb395e061fdad9adf60d9087c7f817b45eb775f6790f0
BASE_00000820	baseline	k141_719	4179	98f573bc35d9313b64f6e7a0c990481eaa0712a4e43db6277e2939353ebfa6fa
BASE_00000821	baseline	k141_15117	1156	40aaebe77e52435b0532aa66bfbb894d7b4d85cb98e064f05bcc75e2055304c4
BASE_00000822	baseline	k141_7856	1200	fb13ef7a8967d07cee98c28a9d10529909bea7161b66b7285a20a1a2e6ed99b0
BASE_00000823	baseline	k141_720	1147	5393dc19abf1f4dbd8e6024c1f156446d26854135654406b1c47bd740cd05740
BASE_00000824	baseline	k141_721	2257	903ce92ae48fa52f4cca91374d947edcb8270b4421a3fdc3c8ada0f74cdb61ba
BASE_00000825	baseline	k141_7860	2067	fd7073d610a59ab2774d63769894c424a5fe2b9e947cf0a6d37e1094574e1692
BASE_00000826	baseline	k141_15124	2487	9db826c45e69a69cc48f1984919f1dc9695057831755b929e005aaf13931b331
BASE_00000827	baseline	k141_722	3453	a55c9645ec1193528edf07fa447f7f19b3cd24e3cf92a54fe77f6f5f080cb3ee
BASE_00000828	baseline	k141_15126	1058	66799cecc9f26e97acce2997590a28279ed6ff7fc5a1a6c130583250410a8285
BASE_00000829	baseline	k141_7862	1419	2d54816dbbbeef28e2acd98177693358b1972163befdbd4aca9cf4daad91f712
BASE_00000830	baseline	k141_7864	1649	4ff1c5e200ec8b6f40863b1e2273054f45f3e21e73c97ccedda97d54d117bcb0
BASE_00000831	baseline	k141_727	1166	abc38536c3a4cbda5be73edc65e2f50e7bc5bb72aa4f1735bf6ad081d0c1eb19
BASE_00000832	baseline	k141_15130	3021	e162cb43c4565d4ab2490af7e57a443a851408b667ac9cdc8b36afdb910353e6
BASE_00000833	baseline	k141_15131	1493	0c1bc8e681a3547b5748ff83e681ee2dcd3510de567bd4dc85a167debf18c09a
BASE_00000834	baseline	k141_7872	2781	95ffb5c5ce3bd751b521ef2135f8efef66d2afa948ef924ff1c8264a0a4217eb
BASE_00000835	baseline	k141_15134	1122	4e863fad8f938c58b3cf957eaa7a9aeb8f342c3b4aee0aa7e75b19fdf43bf4c7
BASE_00000836	baseline	k141_731	5141	57ca7184b98f4437c47c3fe246f54b1d38792c12a8656b193efef32c2eb729c9
BASE_00000837	baseline	k141_7874	1589	c319311c9b6ef6d9bf09fa1c04d1149ed57561677b68e98a3ffbc30de66cb897
BASE_00000838	baseline	k141_15137	1122	30f9fbbc13f21edb26cf49e746033653e2239c3874f6877d6a58d09234aee455
BASE_00000839	baseline	k141_732	1684	c397de225f2f77791c8bb96f525bef2a6d6bd0344aceb9c118663fbe20cbcd6e
BASE_00000840	baseline	k141_22250	68328	7b72806ab3e2bddc0f402f2f38563c37608112acca7d24c91d075eab2a270a8a
BASE_00000841	baseline	k141_733	1521	33855cb005e60fefdf5eff3a258a0a9df51e312a5262be1c81e802b7d627ea12
BASE_00000842	baseline	k141_15138	2054	4a1723bfe91351fe4d0f24b9631c555af950a98c8b5da91df916e688d4566cd1
BASE_00000843	baseline	k141_22251	2020	fb1dfeb4041219e294f812e55b6c36871039161eda4937fb3f69595566f76abe
BASE_00000844	baseline	k141_7875	3504	8b5a53dad8ed55496f838eb44f9ac2233f48c875109c2d694d674de1e0f3b469
BASE_00000845	baseline	k141_15139	1184	e01539dc1f955ce67a0cf06e262626dea23ee0b2365d1784d12473ce2bcbf0cc
BASE_00000846	baseline	k141_737	2354	bf61b57f3fb18c5cd4a914992cc9fe101fe97ec181bf286d1819a54c95aba28f
BASE_00000847	baseline	k141_7876	4241	b90144b25ea8ae6cfd55c8b04a441a95d8c44b9c103293428cbcd2757d446eb7
BASE_00000848	baseline	k141_22253	4363	c0f7524ec6c8aa4a278c6d6514c93d4671d22c576c1359692dce34ec942d31a1
BASE_00000849	baseline	k141_7877	1192	43f335eafb7fcc6f18968f1498efdab85f6ec07f92b61f43a129e4ca4276b219
BASE_00000850	baseline	k141_740	1828	968d8e7c2c48c8711aeb4bf64c35aa7ebb76f79045ee3aa6922752204c6f959f
BASE_00000851	baseline	k141_22255	1264	f7145271f225c18dc90a6c85df23d7ba15373dac756707d950b39db61cd3faa8
BASE_00000852	baseline	k141_15150	2745	55ef96dabb3cb90ee51dfa7909a5832ca335a25bb9197637222ada9f5fab7d55
BASE_00000853	baseline	k141_741	2342	3f96b7895aead544daf32459e30f999788e692d62dfdca97bab0c64546acbb05
BASE_00000854	baseline	k141_7879	2539	69a4cc0183b0bbf27e081967772f10d1692a6b7da514a6026cd6f0e0a870a617
BASE_00000855	baseline	k141_15152	1015	73f8ab7fc1ebb8629cdcf72eeea39c894121ad98f833eaa1cdf3f650c2ea8727
BASE_00000856	baseline	k141_7880	1284	f450418a62bcf237d0cad2343321eeff404569eec86850e6261cfc42be92225d
BASE_00000857	baseline	k141_22259	1635	a185a4dd9431cf5ff2df81104a3cf1c14929dcba1b8d74830889ddc69e1fb9d3
BASE_00000858	baseline	k141_7881	1025	de820ade946af3c4de709c14c813b4f9fc258dc302482f73fae27d1b3fd8e077
BASE_00000859	baseline	k141_15153	1601	cb50b6eeb491d3d4e511b06314f57a0d395a63c47d4bea0f1ccd9694e3d81adf
BASE_00000860	baseline	k141_22260	1568	ac03e12e6094cf507a46102cd93dbd709afce391ecbe56027cca8cf2592bdc3f
BASE_00000861	baseline	k141_7882	1519	ece1ca075e2e834f4ea2453f409d584d8c9704e2a27fd449f0467598c096b8c9
BASE_00000862	baseline	k141_747	1179	b78e9328f288d534cb03bea9c6a6f3a8e14114af0985090f4fe14f447f0dfbbe
BASE_00000863	baseline	k141_15156	1232	02ad867d6102c1090a01d4310f3b3577f95f4881fac3aca360cc8c82c93fa587
BASE_00000864	baseline	k141_748	1296	4189c950b3f7cd6e2245bcd4e1bbcd7f6c265a38af1c844163f18fa93dd18957
BASE_00000865	baseline	k141_7886	1113	154b611971e03bda9d74a32356cdc4fc6786a9ea1816419f41e8586961f1e54c
BASE_00000866	baseline	k141_22263	3287	ddd187b89cf22bad85728608fcbfadd2dfaf7ea6b36e39776c4132a398d7714d
BASE_00000867	baseline	k141_22264	1225	83f18da56915c4220ea7f7a81cadc8dc9930807a08fcdd8e29f8863a82c55b5a
BASE_00000868	baseline	k141_15159	3149	94ae14a883fc849d492247c44b6f8751bbffa46e877fb626abbd41f5a9f39405
BASE_00000869	baseline	k141_754	2083	898a766fddfe1ee14b2054cbceca70e77f05d3f93ae84bad642746dd200e9f06
BASE_00000870	baseline	k141_22265	1079	cd154b438f03886d509663771a6ed3dde6082ea2f1442f2e216e6e206ba9c7c3
BASE_00000871	baseline	k141_22266	1399	62f392e1f36be1a3d8833ac90cc1d30180023c51f6aaff0c4603d9da6c6ca87d
BASE_00000872	baseline	k141_15161	1657	a985e52ed3ba1317c97983aaeb52aa16472dcdf5aa988fc974c78454f374aec2
BASE_00000873	baseline	k141_15162	1892	36ff9f452f3e89ce58e20bdf2d914175faab1a5049f14c451a1c4618bbf367ba
BASE_00000874	baseline	k141_7890	5294	3dd3d7a65306067d53a7622ad979f10e14a959de48af0494f36c70cce6e87eec
BASE_00000875	baseline	k141_22269	1897	d3b7cb460395198b3127e6551c194386f7f22331bb53d081cc3316fd1267c7c4
BASE_00000876	baseline	k141_15163	1202	2feef217fa06aa53f512408254be06b7f6ede17721ac8375ae73af75c989ea35
BASE_00000877	baseline	k141_15164	1233	0ceaa84ddcc204e4e0f8d46a55e77d4ccf128b45e4f25ab1e4da89ecec47fd04
BASE_00000878	baseline	k141_762	1247	8508cf56de885f0ff106b0cc1477ae904747ec44027c5fac79684f46dc3b3a62
BASE_00000879	baseline	k141_22271	1547	6d08192430a73a4eff92d1cc1baefeff7329f6713a76d961d19faf716ebe7134
BASE_00000880	baseline	k141_763	1461	48d77afdd5b83636fe632f779b20374e1b30e9f1894a6560f3b2bde45fc6ff8b
BASE_00000881	baseline	k141_22274	1801	b232086a6e3646026aa2648ae0df200b8fa8fca17454f6721e315ba7e6860017
BASE_00000882	baseline	k141_15166	3827	78739b2b77c6547e85456a44d14fe664878127028a85bc081e75aa95bc280816
BASE_00000883	baseline	k141_22276	1148	55ef9e88f3d96ff6dcde8893a18a2a284600f4d718e8860f1bf1b7577caf0403
BASE_00000884	baseline	k141_15167	1413	fd20c00b711dcfcf8f42c389607b23177c8fbe33b0859a780c45840755ed9749
BASE_00000885	baseline	k141_765	5276	5cef78661fb8a358ced9516259856c28810f5b3d877851bef7eeaf6148d1bd2a
BASE_00000886	baseline	k141_7891	9785	91c7bf4e4f093ce3ac042086a7df46861c8b6661d95cd20327223983481e1efe
BASE_00000887	baseline	k141_15168	2908	cc2109ed2e843cccc9d9dbad6335c9874d3f89856712990bbdce2e5ed5112fd3
BASE_00000888	baseline	k141_22277	5936	567a7f3d7143919b0c300d111d5c53082d8ff0f801fac71c61f0e198f71988a6
BASE_00000889	baseline	k141_7895	1345	7b5eeb7b5cdc98fc41e5f00462a6111204b358fd94fbf2ddef38123a9bd062ce
BASE_00000890	baseline	k141_768	3204	c6e9d308c1fffdfa28e2721f313c6a02b7d1771032a3991dd47756198e6c5da5
BASE_00000891	baseline	k141_22279	2295	f86fe1750694808a2e5d57bd4e9fa4c8a017887a4e48f87a93005c73809e96a7
BASE_00000892	baseline	k141_15170	4507	6a4a40abb6424cc11178ba0784f8dff3ed11be2535e0323339151b5c31c1b0c9
BASE_00000893	baseline	k141_771	1323	285f844ed455c111dc71367d916156efabd5e5676a4e2c40289469459e39817d
BASE_00000894	baseline	k141_22283	1037	a583962cadbc4004e7028007c8dd378f5b8c95221a27dded5e3eb06434f857c5
BASE_00000895	baseline	k141_7903	1292	987d9a70b8fde9c9d2bdb1fa25a600be0059718951f5491b05ba95b7a026e1bf
BASE_00000896	baseline	k141_773	2250	5cf51869b5ef230d9daf4eab8226e47338ebc833f81246405543c603ad951774
BASE_00000897	baseline	k141_15172	3188	fdc5b8c3ab4b701c306494c4d17265f214446256c8279de213a9993e3af3faf2
BASE_00000898	baseline	k141_7906	1011	30f83573d7a07b0c49c7becfea34aba30c7b005a2bc435dc57f7dbc90a2bfba3
BASE_00000899	baseline	k141_7907	1139	4ab8851b7d4c639fbd6a029e1a5c63f142e62e28b4127409235fbfda97f2842d
BASE_00000900	baseline	k141_776	2796	b497ba085cad0cebd2bafa6061c3ada2221f3c09eb6f001dacbbbad09f31234d
BASE_00000901	baseline	k141_22293	1687	71b68f4a373a919b70c7d2ba5ab8a5e2c3de38d4c8bf270ddef093713e1405a3
BASE_00000902	baseline	k141_15178	2860	bc09214f2b5673e87d79ecb7786e90e851d1257ca9a36215602118fc9a1f2938
BASE_00000903	baseline	k141_15179	1168	6bed32b0ce445b5f0554a0e72dbb2e926347c06a1fb572cb37e5e75bb05cf3ca
BASE_00000904	baseline	k141_22294	2306	33d1f9b0b880c84915bc9265754101bfa5b2fcb3d6456ca470a46066d7c8c9e0
BASE_00000905	baseline	k141_15181	1393	35366d35f1ce92cf9ebbb4b4b45b2eaf816ae1f5e8db0450746d1e4861ab140b
BASE_00000906	baseline	k141_7913	2268	6f87851568d48de1a9975b361ce1044dc051c2783d696adec0a46a6bc0259279
BASE_00000907	baseline	k141_22295	1877	ee4523fcfc6f39cdcfc4762e4622f6fcff7ef1e485187d475f4045f267ffe855
BASE_00000908	baseline	k141_779	5446	d2f9b29e6f820b34e59aaa864c32d49ca2686ab2dc51292b9c1c892c6c0a48a4
BASE_00000909	baseline	k141_22297	1012	c207907e37c218b84ac1b5aba016d2398577d323b23ffba0445bc6ba95af9923
BASE_00000910	baseline	k141_7916	1524	2bc4421c11a0b5c0f2f86a07accea7bf7809187b8c70a369c1187771839fd2a7
BASE_00000911	baseline	k141_15186	1867	8a2074cf822e0bb94e5df026aeeaa95f7406dc2be70258bd06ad3e0c88a627e8
BASE_00000912	baseline	k141_7919	1261	dee568f51616ce3b844bec071a8bc82805d00b79e8d16ab257c1fc11cfe60074
BASE_00000913	baseline	k141_781	2331	4885c6f555de1d7b8f08936ef0590e0ea019523a0e4f84b35885b0b72251d2dc
BASE_00000914	baseline	k141_784	1183	678204c6cf459fc76bd2bc3e13ce8a3c2850fdb08569e5042abc0d0812a68ac3
BASE_00000915	baseline	k141_15189	2721	732bee03fed3d1bab574e0344a8133f64151bfcb3495a277e227a44c00dfd362
BASE_00000916	baseline	k141_7926	1061	9e731477bfffbeca5ba962363f914a7520e9bd66496c2ad5c069a71db4b2d6d1
BASE_00000917	baseline	k141_787	1166	bdd2c729247c5142dd6be9017541653b38c5ef9caca78923b342c4766e15e5d2
BASE_00000918	baseline	k141_15191	1904	f90ab3c2ce7067142ce5652c6099bdd56b414e171986b2433a517f30a26457a1
BASE_00000919	baseline	k141_7927	1622	30c7504388da3c0547300abf36c5a43c4b2f3d25f0fb3d849fae57a7c722cc17
BASE_00000920	baseline	k141_790	1285	dd11007df1300a8713d18fee224c455de38cf81f9cd09e2c1a846507a3fb02fb
BASE_00000921	baseline	k141_15193	1451	e3b62a206bc204aa24c15959d09b288b3106263759770f210ad3bc742d671ebe
BASE_00000922	baseline	k141_7929	1072	b4f41e1c2422acf562826ae56972ce5159b9b495a374658e60f956adbf280d6b
BASE_00000923	baseline	k141_15194	1065	37e65e2fa46cec0c7e7c895f718501f4a7ddc09babcb22511062c51cd5edb266
BASE_00000924	baseline	k141_15197	1450	32321b4cbe2054ad9ac754d21070914d9bde4fc00cce87c1e53ade77bcb9ea21
BASE_00000925	baseline	k141_792	4813	89afa631581ef53ea701f2e972402c4d0c37c6ab6e615105545dd4564e836533
BASE_00000926	baseline	k141_7936	1120	a0c7bfbeba87d3cdcf75f6d81b3da87aa20e34ad960caac196cc5d7f27586706
BASE_00000927	baseline	k141_15198	4228	10ec245b9ae607a2d86c2bc9a1c3b2c2a021fead1ee2446345bea68f076b5520
BASE_00000928	baseline	k141_7937	2552	4872a6b8b63ebf82cfe934fbf9dd327c766bc4ad3e177b7dde0be155d53f3b66
BASE_00000929	baseline	k141_15199	1081	4224dd1245fd5fe2a3143d21635014cc22ffcb0ad6f82f8e9f06d28867c00ae9
BASE_00000930	baseline	k141_7939	1119	aea1de24ed035c349f1a9cb580a1e89e942f0b781c0973f44d853675880b6a57
BASE_00000931	baseline	k141_7940	1157	4b892f42cda3fc95d616532da04814ee9ccbb739de30116a57654dd1344d13c0
BASE_00000932	baseline	k141_15204	1228	706bdff93991b6e9a251f68a60386b3a51dff5f16ab947afaa3ff3ae63195137
BASE_00000933	baseline	k141_7943	1698	2c85e8a72604f1eabd29a236f62f9a8ee27601837e46fb784b4cab060079bd80
BASE_00000934	baseline	k141_807	1765	1042f3052ce12492c32c924d4ffdee43df848c7b1f5c51266de95a7127f10efa
BASE_00000935	baseline	k141_15209	1211	98f7d767ba7846132236c30dde0fb8c8907e8fa1cf4014cecb8510e7c7d38e6a
BASE_00000936	baseline	k141_7945	1675	2bada32f320dbb532e992b560f9442a3f1f4a0b82fe8458bc7926f3080a4a538
BASE_00000937	baseline	k141_15211	1049	7a7cf2bd043cd86a0fccb0861211e0ff1820565a4baffc02751cfd3832c4f433
BASE_00000938	baseline	k141_7947	1311	7dc2f503f25b271a5c043035d5e246b0ec3be45aecf654466c2f6974641e2fa9
BASE_00000939	baseline	k141_15214	1415	34d4a9801459a125ccf7485ac9912ed540d5c7123d0a9d5e6bd1e1eed0b8fb83
BASE_00000940	baseline	k141_7950	2369	04e10f93bd38a75ba6ee119d6d8fbe64dbe86bf21af1f14d775452e8bab60c2f
BASE_00000941	baseline	k141_7952	1128	ee3bb7b69449cc70cdbbb9bd7fadeb305fb8750e721bfce2630912dfeddcc3e4
BASE_00000942	baseline	k141_15218	1907	2a60225f4b0f521a0853eab6439fdaed1b64f30c2d62d60f19d06d57bb143adb
BASE_00000943	baseline	k141_7954	2223	1e82bf31728b6dde9a98e04e6709dbe2f9c893f20c63ead0af4d0d167cbfb3c9
BASE_00000944	baseline	k141_15220	1006	01934c27030dfb76504d7a803403570d5ec11947345121effc70cd154a670836
BASE_00000945	baseline	k141_15221	1462	6e0a2ddcd563c2764de837005a5fdafc63afea504919a91b4b4bf1fc99f00a95
BASE_00000946	baseline	k141_7958	1000	86574c7b205a0594a3788b2576258ab17b404013657e53e494c90712fa897b43
BASE_00000947	baseline	k141_15225	1519	c6d9b657128fae04165130d1696da2ffd9b3e1f9428b47c4a137c0836b44a197
BASE_00000948	baseline	k141_7960	4584	201a900a4b2ba1b2136f29f957ccb9c324bb313604836740419527f58462c1fc
BASE_00000949	baseline	k141_15228	5632	2ee4a6cf8b5d458dc8a647cd08af61a6b412aef135d2e4dc568a41bdec69152b
BASE_00000950	baseline	k141_7969	1369	bf4f00765ba738702db34293ea6315f56cba9f1dc1e31c56f3b86aeb8f5fe1fa
BASE_00000951	baseline	k141_7970	2187	758b848fc196f4b4c585d6abf63c64569c8acb29ea597b7c5a2f0cc7122051fb
BASE_00000952	baseline	k141_7971	1032	497e9a0c3c7a17f7af2a1106a917dfcdf032e0a5c08b1397012f4015e343df53
BASE_00000953	baseline	k141_15233	1247	61b037c69f059335163dc293d53e3aed5f89d59f8fe20f1d1f8163be54bcee5b
BASE_00000954	baseline	k141_7972	1267	7b9b5ec3833921ab18b8da7c080cc50249d55d50ee48bc2648ea0088b01659c1
BASE_00000955	baseline	k141_15235	1102	d6a4e16ddcc4e138f3ba6a3a47e3da501866b8e0c359e983ffdce280b7a3fdac
BASE_00000956	baseline	k141_7973	1297	06dda751e076463f3cc4cb9b1240b86842768aad3f9d5bb4988c22d7a1bea1b7
BASE_00000957	baseline	k141_7974	4600	f1b5ffbbe3519c4c87d06e33f9ca8a472bde00f35ebe5df01febef6c078e06f7
BASE_00000958	baseline	k141_15243	2365	9b426bb4caa9912788014eb62342b5a301e918ba7b9c13850c4da6f3e4e48de2
BASE_00000959	baseline	k141_7975	1307	402d6888f196a652bd6b19f7e09578f753ec89b5849374ba77754db0ae17e606
BASE_00000960	baseline	k141_7977	2017	ca63fedf36144465531121b3eec4e3048a172fb3ef5ab3e706e8f8dadb294272
BASE_00000961	baseline	k141_15245	2922	3c78c9d55a75d7ec9dd870bdb337de4ef99fd607d82181f92c17318665a4c33b
BASE_00000962	baseline	k141_22298	58334	26c48dc504cde982baed92fe8c4ed75fe609bc7f511b3b8158926453daa8fc4c
BASE_00000963	baseline	k141_15246	2547	83160da43316c5d0cd9fbffd7464d7780514953f1d7b8bdd81fa625f1166b218
BASE_00000964	baseline	k141_7978	6298	a55469b03e2d3bfd54ea19d621f401bf251404e248b6ce58a8f3820436d397e5
BASE_00000965	baseline	k141_22307	1067	8560eb5c33a4812801c8a209f8df1b7909f38328083ab8157b7937206514217b
BASE_00000966	baseline	k141_7980	1120	fbf0b5851a6eecf77479f07ac8d5613851860862c46a5f50914f043836ba2f93
BASE_00000967	baseline	k141_22308	2415	fed030eb0841ed3eb2ad4bf5f1336e5ede831c8b0f573b7ea7d938b603dbe154
BASE_00000968	baseline	k141_7984	1526	b8999e9cb4100c6173f7917da703e62272b33fd3727237d737dd32c31435b0a1
BASE_00000969	baseline	k141_7985	1150	d072d344dddacef0650e189707f612becf3c165e2b9027450c3356df57a33781
BASE_00000970	baseline	k141_15251	6739	5f7b384a691fdd435b8bc731bd7126506b3455e4c085a85f7e90a4cfcbb7e6cf
BASE_00000971	baseline	k141_15252	1914	581dc748e9ba667f8e915b93f8dd7be7c1431a56d71fe2aa6cea77fa5b3c66ee
BASE_00000972	baseline	k141_7986	2609	f9e76200fc34c861cc05b05c71353764a3f638fafe9b520406ba6fdae0d3d124
BASE_00000973	baseline	k141_15255	1059	448e154b1fcb2fed0229283ec1238893d6e6770a655c1613bee3c3765fc7832e
BASE_00000974	baseline	k141_7988	1189	3501653217e6789ba1808cb5d33ec2ca38bb276b37ca53f86925cfa4029978f5
BASE_00000975	baseline	k141_22309	8684	d89e8201b3f002bcbf6b891c3e8f357231f22828292f1212138f828d882e58bc
BASE_00000976	baseline	k141_15259	1395	b710fc9146fa104c27c30fdd040b011e94e06e2ed185b83f5f08af029e853797
BASE_00000977	baseline	k141_22310	1750	32d7ff7b27706286a76b6ed3e3df45f83f67ec10f9396a9bac8cc42656c3439a
BASE_00000978	baseline	k141_22311	1007	36cded0366da6135bfec7c667808aecd1285f5b710f3905cf49bfe485a1d0e00
BASE_00000979	baseline	k141_22312	1289	db02da33fcd337fbb38fa30b63bed309a61a38421863612651b9ca4968c91e22
BASE_00000980	baseline	k141_15265	1395	8551a8a6346c8b91fcbc9750445eea9cc09d0957908116aa7292c4279e423a4b
BASE_00000981	baseline	k141_22313	1104	678da2a49da09f8ee73a2184c1e3e38f4b9761f53dd79c137e5c8ff4cb765c55
BASE_00000982	baseline	k141_809	57704	e1a086c80860e2d655e30517079384a1261177ecf7f972b9ce9f1ed740530ce0
BASE_00000983	baseline	k141_22314	1810	06955183d22cfcc2606357fe5fd5713362de010ac3d971b54003a07dba87df09
BASE_00000984	baseline	k141_814	1232	d49c257045276f4323687ec16970420d7c73507b2205d3ea7b201fc1cb69aeb1
BASE_00000985	baseline	k141_15274	1527	1f6c6220e6f9f5bb31bb1f08962a55e0aebc17980cbf5b5cd224661ebfa627ea
BASE_00000986	baseline	k141_22321	1315	1aeb69fc27253275d8abfb144f28c58dc80928be4bcec948b4b078a381b23d94
BASE_00000987	baseline	k141_15276	1080	60086bbd1d054c63ca2be19ce6bfe52dd5f3eed828bceb52461d6260f2b32df7
BASE_00000988	baseline	k141_818	1601	0f0531c6a3a57cff58ae9541997659da07afbafce9080060246a047bebfef62f
BASE_00000989	baseline	k141_819	1270	e973de897e37956fb1c63a97b0fc589205f7e5df09bccd685ae23a24d88bb4db
BASE_00000990	baseline	k141_15278	1040	25010f7a9082626f2be8e96f5d56351f87d61d3c84b23ce15a47c6b547f64289
BASE_00000991	baseline	k141_7993	12769	84c1e9d49472ed8b43f0ea345d4533853514c16a539e1eff133f6f2f4fe85c85
BASE_00000992	baseline	k141_22325	2096	7649340e0179134a8931628c1e87a15dcaeec4ca24eb1615d7d03a58e8b9c506
BASE_00000993	baseline	k141_15279	1138	97e3f8d6306938c0bb8738d860ceda3a24b630653f5f56272baae8cfec34b94f
BASE_00000994	baseline	k141_821	1706	473b35cd62b47838bbf5ee1e0f2a65ac32dab570437f864f7ce28cb91bd905d0
BASE_00000995	baseline	k141_7995	1034	b67750d19918a12b8aebb1b82979267db4722ea005b68a8b7cd21a3821842cf6
BASE_00000996	baseline	k141_22327	1056	58cc6b5c925dec826b25a48e6a4e5e45f1ca12365e2f56ac48f08c6576f0ef2a
BASE_00000997	baseline	k141_15280	2094	2eabe413141b6fdbff678910fe46e861da9eaa50028450dea23a4462d1cedfdb
BASE_00000998	baseline	k141_823	1627	9d41ef8017a0c85968a461254e6656f517fa281a3aea488e2893c5c350b68a84
BASE_00000999	baseline	k141_15282	1395	a69a5e73ba0e3748b3fcc5f2ea748a99ac8e5689884f3df4786066ad146b8cac
BASE_00001000	baseline	k141_22329	2420	0104c1de998c1056895a5a5ed7b26411518643bb5ce63e3568a562f8da322160
BASE_00001001	baseline	k141_824	1555	f6447adc599d0f0a809e0e436561a2935ecd1fd6533abf10679668b77d6dfbaf
BASE_00001002	baseline	k141_8000	1776	c9295800209b3a734d4a5e7a5804241e5e56dec6a847188917ef2cdd3e4d5df1
BASE_00001003	baseline	k141_15284	1285	0039ba61e5d86f279f95785efc2484f63afbfa78a1a76cbeed9bd9962daa9281
BASE_00001004	baseline	k141_825	1586	0b99b3946d4d63d7e9f46f643264658356aca0c10e5565ab785a15e039e96505
BASE_00001005	baseline	k141_22332	1042	8ad3e283e8f34d0dbaf1a2c2dfa42a7aa93d6ae74f46ecabbc218835ed00dbcc
BASE_00001006	baseline	k141_8002	2440	737e56d89fc7435c6934bfef194ce54bc818e522983eeff98bebe33fceaac8af
BASE_00001007	baseline	k141_826	1940	6e282693833e1dc3d634c0204b4bc5e72e85c5793a712e90e973717f0e3cc9dc
BASE_00001008	baseline	k141_8003	1153	d0ba4b5044c36f778c38cf39d7ea0cab617c621683dbaabeb062bc7319d47239
BASE_00001009	baseline	k141_827	1292	d1fc959ea24acedc0cdd892119df832ea7b9148cb46c49f5b5be444d8563b5e1
BASE_00001010	baseline	k141_22333	5803	7989b6b33280a5fb62d6f242f32863e455f2b83a3119e0f86409a09d192d5e62
BASE_00001011	baseline	k141_833	1684	be763e1865cccd7c11e2346ddb41376db7eb20a04516d31ff4fefd9e427192fb
BASE_00001012	baseline	k141_22334	1606	a3293215c8da094a543573b1b8f9d7701c92916df49d53a5d26fb705353d8e48
BASE_00001013	baseline	k141_8013	1014	7c15755c1f293a4025acba7c43c126cc2e5001c44b861db89c5236b489e81f1a
BASE_00001014	baseline	k141_22335	1212	43de0a58c37a991e6369d5d39fa6b97661afbea638e2ee610d2edd94ad164a1f
BASE_00001015	baseline	k141_15291	6361	fdc4eafefeef4face29c759a42b209d26da5d32385335abcfe63d30147d3d4f6
BASE_00001016	baseline	k141_835	2121	4c5cd55d2c6d4f19ecf90274761b57d4e59112ba5065f46b0eafc7ec0cb52701
BASE_00001017	baseline	k141_8014	1675	82fa27a526bf6736d93b099817234be3d81bfad49b30340726f737c838036cb0
BASE_00001018	baseline	k141_836	1017	34c2003cb60fbfb36167de02f9f8c3d13c7e7d38804ad7fc5878ea80b3d22fd6
BASE_00001019	baseline	k141_8016	1096	fc4df9af35b51aa89451b571e5c81dd218d1eb7ae22c292519524e94b3a7d3d3
BASE_00001020	baseline	k141_15292	2500	19912acb426312a3edff1209205d687ce397c8814ee2dfa0ae916fa54947a03f
BASE_00001021	baseline	k141_22338	2451	080aa4ce42db2a2258edc28a7ae846958b35cdc5c1278cb9b030724c57221df7
BASE_00001022	baseline	k141_15293	1228	691fc219193016cb8941381cc086591d485d07bdd0c69e05addcb66dc1db9d4e
BASE_00001023	baseline	k141_8020	1756	f0992a1e3c4ca7d7c808024779f8e463d2974e3c91c8cf656a67abb6ed6de737
BASE_00001024	baseline	k141_22339	2654	3934841a918feb182aa7d85d13a47a31a4975df0caaf92a0daed0ec961b9cde7
BASE_00001025	baseline	k141_838	3862	c22d5464238bff6c21b9bfb621174063fde5c6ebbb03ec24b02812c66b332189
BASE_00001026	baseline	k141_840	1438	aa4c5fbba64acb54bf896da5a88d1fc56e6df48093c49ad057a18b4543b9fad7
BASE_00001027	baseline	k141_22347	1104	bd0f57f147a76a0161388ebc5e8b2af26210c30a3fa583a4065421c7d9dc36c5
BASE_00001028	baseline	k141_842	1702	1ab89076c0b4207925148cf49f12d4d05860b3f64a885cd0ac155fc1c2903416
BASE_00001029	baseline	k141_15304	2910	4d98f41ccdc93aa0597ab4976aa2071aea0d0112f24f0d211208abb0415a2990
BASE_00001030	baseline	k141_15305	1205	94b6fbcb7d2c96c7a92ae9b8cfa21c6c3233678b00e150c25d449afb9b215118
BASE_00001031	baseline	k141_8035	1777	a6e6874e948988b62e07124e7f3d1392c0faa3fa66fce780034b97dfd3c01a1d
BASE_00001032	baseline	k141_22359	1037	a24114a75c30174babe33760c2e7f8c7f55194aa45d49175f3079db75fd1a2d6
BASE_00001033	baseline	k141_15309	3330	a6b4a1b3bcb30456fddd17967afc261c1375fa4842d51859ee077125da7b9a85
BASE_00001034	baseline	k141_845	5793	05eb478e020d7c318a8ad169f062a103bdaabf33bcefa6a7efaebdeb127c8b5d
BASE_00001035	baseline	k141_8036	3752	d7d4d9a58adc111a8f6e354d86fb50c6dc6e8ef87469d79e6c9d972dcb329f22
BASE_00001036	baseline	k141_22362	1739	8cfc4d31fba80ef3ec0a530f445ae6a5e66afe6c3417cd7649cda6b710fbd7ce
BASE_00001037	baseline	k141_847	2769	0b0d669a0df590df3d83c82325a59b9cb2d1d21902bee3918e3ad591c996ff19
BASE_00001038	baseline	k141_8040	2059	73b7cfe58b3774ecf3b872f0bfe25ca372f1b134d911c1c7bcc02235077e56b4
BASE_00001039	baseline	k141_8042	1450	a2fe1bb09431242059927207f43a4fbb8645deadc9e2714884444de3969c9452
BASE_00001040	baseline	k141_22372	1328	973603a73f01442a945ff3a190ad61ac3ea2f41c3d9a83fbb6a1808620ca620d
BASE_00001041	baseline	k141_8045	1271	5c7bc4762593d6b29d7bd7b92894b717a66fdad1cfab84fd2c9026ae33912d6c
BASE_00001042	baseline	k141_851	4020	64837748bca7ec42715e9e9dd64056e6cb5ffd1840a4f58347a37ee0242c5c78
BASE_00001043	baseline	k141_22376	1775	56ffcb40c7d246d5c9449f53c35daa6ba8978b43659ddbe2e495c53b7102972e
BASE_00001044	baseline	k141_853	1077	6af62729853a72d5d71e5d6247e22db6355a766598b004fd270e892233b8f8ec
BASE_00001045	baseline	k141_8046	2937	2aeec95cd06964b0242568ffa2d0ce940a31213416eb7c3fdad61c0d71653b78
BASE_00001046	baseline	k141_22377	2507	bc896616ef9fcd844afc0fcbc475a87e5dbf1eb09cb381540c320344c6370150
BASE_00001047	baseline	k141_8047	2290	48c77be9c71d4f1cbb6e70f2d6f68c00fb0df5a8284652cc4c1d86634f5bb8f7
BASE_00001048	baseline	k141_15316	10311	89f7a9c676a345b14d6b8a9b81ad52e584de42cb57abb553d2e604f77888c604
BASE_00001049	baseline	k141_854	2515	59905703cff8ed1dd18e7bd60c33f3b871bc5a14eaff21de45dc6a87dc108a83
BASE_00001050	baseline	k141_22379	1063	d8f80401c5de3c05d351b656ab1b2c6bff8b04cbdae6b8d106813c445b1d9ff6
BASE_00001051	baseline	k141_855	1126	237cbecbd2a17120a1a743aa4565a55e17d0276de4c77f4a9bccc578339dc421
BASE_00001052	baseline	k141_8048	1291	ed0f7775c4eba20cc5e598372e8b9fcac92c11393d4365f921ee748f3b57786e
BASE_00001053	baseline	k141_15317	1891	0da22d2bd73e65924ee56fd000baa3c55dc8b56baf11be042a08e19fd7aec9c3
BASE_00001054	baseline	k141_22380	1504	1679f968f5e1998a13a91bb3dc19b6867b9d0dc8e1ea6481eb393d29c86f4942
BASE_00001055	baseline	k141_857	1473	333fda80fabe6ee237580258443044fe8eca048448a127ee65a90dbba9abe0f9
BASE_00001056	baseline	k141_15319	1793	0fd9372f39c8a6b2794afde76ba70f961fd8daceb53ed0b94bc892685ddc1acc
BASE_00001057	baseline	k141_8053	1134	535cc868c1f480a294e985a11c88b2d3175dc94382831a8121f320dc93a58014
BASE_00001058	baseline	k141_860	1756	12533cddf2685703daaac5980d64b1aa3baa83c6602a4f551c804d8badcc1899
BASE_00001059	baseline	k141_15323	1279	a40ff1234030d1bdad153d18320bf603d848719b7300dca94af673018faf9a81
BASE_00001060	baseline	k141_862	2167	013bed02beaa56d64eff7c63ef5e2672068a76945a9429de246ceb52284148f7
BASE_00001061	baseline	k141_15326	2290	1e70a5ecd7b8d29ac1731ec2716cf503a3a68a95d1a1bf44ebfe8314f15b8e6c
BASE_00001062	baseline	k141_22382	7278	d2c465b5a4c026f515034534276556b2989e6e4c04ead13c8577128b0ffb2603
BASE_00001063	baseline	k141_8055	5492	9b2ecd2fe86461350fdeadc51aadd475059f549d27b478be3170456fdb9fcbfe
BASE_00001064	baseline	k141_15329	1095	c91d48f3d9727f4c8fbaaed1e9ceff7e8348edcaaf5a17005adf83755a2a4c75
BASE_00001065	baseline	k141_22383	1891	5cd45c191e697d8f87d68892c77b2128445d8a327d6befe28a30f8adafa503e5
BASE_00001066	baseline	k141_15331	1210	9e2cb9303e04ed0f1121c55f034478219215df233992f0bf89d9544f9f406651
BASE_00001067	baseline	k141_872	1188	793381c3ef256161b6aac4841b8adf6f17213998f9f27c977ab5f986ecf9ada9
BASE_00001068	baseline	k141_8061	3262	8f22b87328cf1c4e5e35c1f13a47abc295f7c27ced0c3a458cb34b81c81c820e
BASE_00001069	baseline	k141_22390	1131	0e36dae70c338cb6646c2f1fdbd2966cab5028b455523ec68c2be313debe4717
BASE_00001070	baseline	k141_22391	1427	de26aadda8ffbc1d373b6be10a160058b5176164828875e1a155632f6a4b6fbf
BASE_00001071	baseline	k141_876	2232	40a3fdd00939c80b93aa141a287f7b42a6dcb1800952d20a99ce84a911808a63
BASE_00001072	baseline	k141_22392	1035	4160bef400efa3d634b1896257a80e5f516afbe346ab33819383c08c2dd57cc1
BASE_00001073	baseline	k141_15338	2229	55ec9b9248dca4c5ed5592e1e7cda70688fabbf343d6d6fedfacae1dc6ccb0eb
BASE_00001074	baseline	k141_22393	1042	acd9715161cf0c12c26d1bbf23f409e3b874b360aa0781850bb61d524ce99101
BASE_00001075	baseline	k141_8070	1103	78d072c56bb9b33592788f6de1355a80c248652074d2c1f5f94cbd3b45cd4aed
BASE_00001076	baseline	k141_15341	1036	8dda0b3e08b57fb27713daf2836ea399ced1a6399ddf3f1a8773c40ee66befe2
BASE_00001077	baseline	k141_8071	1170	21c23d2dc0159bbf6bde84b5835955b0a74d9aae69fea89548d2b1adda61b231
BASE_00001078	baseline	k141_8073	1607	469218a474f909a74043516a01bb99f86cc9a88b36ffacee40aa9ca5b05c5e26
BASE_00001079	baseline	k141_882	2956	f1336a95788646b76a6379f36413c5f4565d9d8792495bb12613bc674b5eea2e
BASE_00001080	baseline	k141_22399	1641	5bfd9e1579b93229e13716bad2dc70cd301a158abc4672bbd4ea7d286b67c86c
BASE_00001081	baseline	k141_15347	1877	65d0c75201afe0172d7bbf11bab765c12be73f4656964f4b18a5e2e9e52aa9ad
BASE_00001082	baseline	k141_885	1234	881a5167bdb2f9589ae2e88fce9cd331e42da98aa0d1efc7a3c14a3bd2022525
BASE_00001083	baseline	k141_15348	1004	e69b52f24aa1e2da4a92fc9566167c3367f119557094cf2c323a7aa5486cd796
BASE_00001084	baseline	k141_15349	1223	4d457dfae15020e4b6b752408c49e40240071ec6104e1c508f9d0808418564f2
BASE_00001085	baseline	k141_22404	1684	a7f7ec691ddacd34e671b1ffdc01863425e2845be26e473d547d501acedf1908
BASE_00001086	baseline	k141_8077	2640	c4bdcef93fd4fd26595d73daafde28f825b07ef84988d6a5ab9aba1f84b7e7f4
BASE_00001087	baseline	k141_15353	1166	ad944fbe87d3553ceea67b6bbdf970c212359f990d4d913746e5ec4fdec31950
BASE_00001088	baseline	k141_22408	1433	923e70e8d8f6901b02fc12789b27fc9afdec2d335d90e07f6d8c15fc123b6a98
BASE_00001089	baseline	k141_8082	1852	6cbcb3752056ba93590d2d8e0f4aac5b184fcc27fab69c2ff74ae75d579e0ae3
BASE_00001090	baseline	k141_886	6419	ed1b03cc60275f49af46ba1cf84f6e73c31ad7276f97f6d22add1c8b61c00823
BASE_00001091	baseline	k141_22411	1167	6cb63e1f44a5ab59f484891fcee8dd1890a69552b2b0c114540007c4a218272d
BASE_00001092	baseline	k141_887	1356	f34f5d22bfd58d7441023f376363e2d973aa18a89eeb27bc98242a0d00599e8b
BASE_00001093	baseline	k141_15355	4234	ed2620337c7547ce401c7c5f0f6cbc9efc092243fd44dfe485531cfdd5fde529
BASE_00001094	baseline	k141_15356	1356	a9ce4edbcdb2474675a1dfed0681606c2f525aec8020ab85a9a09d975cf0849e
BASE_00001095	baseline	k141_22415	3034	4bef1c2e7300215ebc73d529464a739c4ecb3bd535ad5ed75958736fc9973081
BASE_00001096	baseline	k141_891	2086	e4db74f0731a896f8e4f01286e8ff4f028ae4aaf44c26b3c502cae189d129987
BASE_00001097	baseline	k141_15358	2762	06bbf01de1c5ef442a3d72ce7ff1cd4169b8ce39b21abd8a7102d537ff4afff7
BASE_00001098	baseline	k141_15360	1090	1000801a3cb6c69c6196ab530eba98a823a9a0c199372f926499ac8abd43a9d5
BASE_00001099	baseline	k141_15361	1384	fd1ef8ac8a47c9133ba68e1b01c3dd702a9d4bbb9bb1294879da35b4890f5ae4
BASE_00001100	baseline	k141_22420	5991	17d6b5fd5ba7e593351cd25e8c7c4f662554290a7a5e55d5443755e54b58e2ec
BASE_00001101	baseline	k141_22422	1554	6ca397c7c993866ffa72ad3f12431c1993a860850d7bfa56b456de2b08d05e61
BASE_00001102	baseline	k141_15372	3052	b8008ac1ed13231b23548aa250547dbc5f4fdb3969c622ad09395afae96562bc
BASE_00001103	baseline	k141_22425	1501	cea73a2fa4ff64376ecaa4c97a69e0c8e544ad60d9e25aa33c6c518be53435c9
BASE_00001104	baseline	k141_907	2893	c83a9aba6aa213082c2ed2dd606418e93314b86835d4ba5fed99b23f20596951
BASE_00001105	baseline	k141_22426	2365	c59ef5bfeee1a9e564b504407483e40d04d2057bd89684878a896fa4679cbe88
BASE_00001106	baseline	k141_911	1126	b9b677463e35259814d9c0e9a9984bf48450466567f94c4f643e89c4bb0f64d2
BASE_00001107	baseline	k141_8091	16479	c614a4c51e0c2dd5bacc5fdebebddd67aaae25c94c1faf756dff5e3dd8a7ea28
BASE_00001108	baseline	k141_15373	3773	34cbbd23845934c85e133766d01ff1ab47bd46bbbfe9d5d9e6dd25a13b09bcbc
BASE_00001109	baseline	k141_22428	1004	01a5c7b1f76e2e69fd48580eec3ac840785acd05a7093b06d4497604636024ae
BASE_00001110	baseline	k141_15374	1277	0847dcc4b013c2ae36dda6d83caf5502f1014112b96780a04685ded5bfc5350f
BASE_00001111	baseline	k141_8096	1643	680a5e6454617ec0c11f6187e067c4779a2afe3fca4927790c820177a562606a
BASE_00001112	baseline	k141_913	5038	1fae9101f87618723d0a403694138c749ab1e17359f4b4848044218be33b458b
BASE_00001113	baseline	k141_8098	1262	0010b619ff2d6f425d8a6e07319448d302a53b190694ba429d9f2fc1f2bc722d
BASE_00001114	baseline	k141_22435	2282	9aa79c12086fd9105ca1137e23fe73f8677d191e87cee64f29bec5140e970832
BASE_00001115	baseline	k141_914	1811	1461730578ce4bf830577908c1b7af693566ca0820893903931800f686b72e18
BASE_00001116	baseline	k141_15384	1736	8e5d80ae08d3b7b4c9414c2e886ad6f7080d018a761f6cebbe0cdcf097f9a6fa
BASE_00001117	baseline	k141_22439	1117	cc5589de2be136ffdd4ee3509d10a67bdebb5b5ca6efc2459f0f2c437849e501
BASE_00001118	baseline	k141_22440	1145	04e7905a21b7c0eb8f9124bdf11c3b46cfa4e71d60fb41986c750ad50370c43f
BASE_00001119	baseline	k141_8100	4023	7426ddd815b9ecf0926cfb36ff2706e3ba15548b5c01a58d8ecdf3c57029341b
BASE_00001120	baseline	k141_918	1926	f28a0befde6094d179b71cf73c6590761b65632c3f9486483aeaee6b951fe2c6
BASE_00001121	baseline	k141_22442	1178	48a6764cb86c9284adecc4e6567f9a96d6edecca1fdf86ba4c068d8ee2a2a86d
BASE_00001122	baseline	k141_920	1348	ee23bc89c2af88bed7c552bd385e1feef0200331d2de652a50e8d8a31733517e
BASE_00001123	baseline	k141_8104	1271	324058cc1503fdbc86d9d4caff5be2f6515dcadaf959692d0c3ac124e76e4323
BASE_00001124	baseline	k141_22444	1134	08281123c20179ed24251489b868f6b106c67956b4b2884cd1a81b1249c94180
BASE_00001125	baseline	k141_8106	1352	9f0f4af8884a045e46f3ca9aa94f7faca7d4ce9a0086e1c0659a693835593967
BASE_00001126	baseline	k141_15385	6010	a7bf18659e68758f303cfc7e143ece3c2a606c7a0d55de0f22eb3917f2d5a631
BASE_00001127	baseline	k141_925	1185	b352778f5514832765e33a475145274ee54a8a16e97125b5648f8d1ddc5b2183
BASE_00001128	baseline	k141_15386	1368	91958701182944dcdb43cc63ba8d4589c361477b02fbcf0e3af0c260f7d3a968
BASE_00001129	baseline	k141_22449	1882	3fb6b9137e88f3fbb0e20a97d2121e471e81321706be8ee40321c34e327f8ec1
BASE_00001130	baseline	k141_928	1396	b73e4d8912767aebaedf54ee7f44e749d4991246d36401889a537763584fb97e
BASE_00001131	baseline	k141_15389	2758	bfed81475ee64ee293840bbdd2ab63125ae900a6cc85371462a05d7d5ef637f5
BASE_00001132	baseline	k141_8112	2641	23eea6cd98c0dcb4b5db840f9612f9c51050ce33514d75c3f629a7753543db45
BASE_00001133	baseline	k141_8113	1086	b2359c08d1e50ea57b7ce9f82184fa4829765ff40736a24b5a0a873253d05311
BASE_00001134	baseline	k141_936	1325	9362c80d99885071b19edf7d8626ea740ec9a330a277237742cee697aeb48fd3
BASE_00001135	baseline	k141_15390	2365	bf9c8fca0e044049ceb1c3d6cc8fc213699c0a3537d0f6e5bde109ebb87bf8f3
BASE_00001136	baseline	k141_22453	4350	1c35b0bf461103ca2a13faca6d214799758eae0974147a8d7472441be3ef4c47
BASE_00001137	baseline	k141_937	1412	7c9b471ed8319016ca02654c79d8542e99a04721c0025ef10427db0e0f4f0a5d
BASE_00001138	baseline	k141_8118	1198	9afe6e1667f58c71cd2dce3106eb9dc84ed58f182d0583158c78bd98e2eb4bce
BASE_00001139	baseline	k141_15391	2187	839f95b230b650b3d6d49632c101b87ebcdede363abca553f2ff9ad6ecae47e0
BASE_00001140	baseline	k141_939	1921	1654ec86eaf13d9fdc884561ef9ff420377720c4876fc475a7cd2562aeec72bc
BASE_00001141	baseline	k141_22454	3234	8aae96a0dc06d4a00ec181266369bb88d8e99f0146c7ec1fb22fa5871d0b4055
BASE_00001142	baseline	k141_8120	1549	d70e4c478b8922ee4062ded8f8a3403c67e792c59c222a053bbd70fca0ac2dee
BASE_00001143	baseline	k141_940	1313	4715c7a3d5af5fb811654acda3793cd15c85b035820dca69fd0847d452abda0d
BASE_00001144	baseline	k141_22457	1264	3f51e424d220ea6f63b312c23de72f7f98a124d50ffa9e747eb677cc6323902b
BASE_00001145	baseline	k141_8127	1517	2fd6a97bd4404ddfddbae939e65c4a5750fa0a20917b82efd5bf6fdd6ee1a4f1
BASE_00001146	baseline	k141_15395	4358	9b3a3d09cffc8aaef17446b091a85339dc828d462813a95ab194abc9c8bbabfd
BASE_00001147	baseline	k141_946	2010	22a1ac29ddf73d3ebe2ee67b776a5a5ba64646573d9e4921949af78293ceca54
BASE_00001148	baseline	k141_15398	1438	1be1457495c82f0d8b8f9fec0de717533c8059ac4917dce3c52878d3496e173c
BASE_00001149	baseline	k141_8128	3540	391096dcc92daeaf50ab45b2fc166e84555c699eb32f556fec6b72f4faf35e4e
BASE_00001150	baseline	k141_22459	5183	705fed680478cf6681c50410cdcc8477e7670e4c42d9afc18d873e967cd689e9
BASE_00001151	baseline	k141_947	2801	e0065b492b3c62ac2cd59710b0273ca47d4ecb61805ac0fa05eb954fcdb2497f
BASE_00001152	baseline	k141_15399	1826	01feac05e8310988e9dc8f82ecdb27e783679918bec7761631ad6b1c338fa13a
BASE_00001153	baseline	k141_22460	1603	39b70c39498fcdadd075810d7d96872198d015df03cb0f58f3a3e9bb0b2abf4a
BASE_00001154	baseline	k141_22462	1380	bd14801929d77856770e35b6e72f33e7dc32e92722ae2486ae54f30e5cc68c4b
BASE_00001155	baseline	k141_15401	1837	17319c5b20a576e97f7347de33880cdc47267d76a67e8addfd2b90ee0b28b37a
BASE_00001156	baseline	k141_8132	2561	504d3c4e1cf28d11401bbc66b10cadb4ffbb4ab4dc6065eafb0cf1ccdb679f41
BASE_00001157	baseline	k141_22463	1271	d67840bc163b58530cd29aa149efd5352df623c424afed63d5257de0f2308570
BASE_00001158	baseline	k141_8133	1174	b28aae9cc13ebb24810198249f3fe4d3c8a997baed598ead0439a918727ccea5
BASE_00001159	baseline	k141_15403	1004	5d4dad97dbbac2d0027195e6840fa6bb0abe74eb22cc851ead1bbe49b914a1ff
BASE_00001160	baseline	k141_950	2876	0ecc6fd2965a22d5fdcf843935d6385c37575100f653c7d6e2b6571d3acb4607
BASE_00001161	baseline	k141_22464	2077	1f82c960863cc2aecc022348de9a485ceefedc39c2563c4d6501376ca24f825e
BASE_00001162	baseline	k141_952	1101	2575baa1e7a8b0232639dd75d70e7ef2270a974b7650a13807ab21a4136b2cd8
BASE_00001163	baseline	k141_954	2056	c9e2361235b0f92eba38bbc1f821145a4f51feb1b5f62e65f00d6b2543d5463e
BASE_00001164	baseline	k141_15404	4053	97bfe895750ec1fffb8767d85099298cd4529a6bd541482eeb53a361a32b89e5
BASE_00001165	baseline	k141_22471	1161	61e5c610abbd966d5ab4323c8c8a00439b672bfcaf14f0e5e2a36d543da1ce67
BASE_00001166	baseline	k141_15405	2453	e141f3979314b377a1eb890460fea75708abc4ad9a21908e3f0c709ae44411be
BASE_00001167	baseline	k141_959	1667	6fa5115f1f1c52e4d369d4bcb7fa90091711ece2515f8b8a161eabcea4dd5823
BASE_00001168	baseline	k141_8144	2790	3a60841d07bc9fbf23b333d521c937bfd55fa2095be0cf58d5c83ef15636de17
BASE_00001169	baseline	k141_15409	1487	a21b03b47a3ed9e7bc6a53f1dc6f0ed43a88738ebb61f273c489e38abfb994f8
BASE_00001170	baseline	k141_22477	2544	e3769a2b7fa3c7299719d43896fabefdc484ae90c74c353e29dddb5e9adf334a
BASE_00001171	baseline	k141_8146	1557	49c59d8dc7381c55ba371e7ff84a4a4213fcc6f22a010326ab20f264c0c9f1e9
BASE_00001172	baseline	k141_963	1096	5e72a026ea3584ff37f76034bccfd5e415f8df376909d1b006d56081830d77de
BASE_00001173	baseline	k141_15412	1213	21cf0fdb15e8f2a06e84c4003c632aa2fb0402e6b700334cba65a89b16cef213
BASE_00001174	baseline	k141_15413	1223	5bfa293c6c4c4317b4c1eda8568ec1dd77b77b2870b60f23c8178f107eee1f2e
BASE_00001175	baseline	k141_15416	1069	53b3a68c4bf572fb6588592c574cc27ec1da442cb60c9d5d6def0fdd1692c82a
BASE_00001176	baseline	k141_22480	4948	dbb778ea947d91d02e015864eb2ca0c7706de971c29c21e72b67d01937434ffc
BASE_00001177	baseline	k141_8152	4445	58fca6ae9910581ad43cbcb0617f5a8e1c7666a8f533df844dffe8ebe089061e
BASE_00001178	baseline	k141_15420	1246	91ee5e3b8c30757c55bd2e9a6159adaeaa74f7f92fdf091d808526db2a536a00
BASE_00001179	baseline	k141_22483	1804	a455bbe054af758e8dee674252c5927da7f8616d4e037b5c4137aeafa15b3c04
BASE_00001180	baseline	k141_22484	5088	f2ea3383e7495e7317c4a1a52f03907ad30cdebfe73f802030dfd4d6d95ac61f
BASE_00001181	baseline	k141_8157	4492	11b8b2dfd5973a3dae2850a23f77f43e4523db55b36e81fbd9d57a868126d61f
BASE_00001182	baseline	k141_967	12579	e0be4836d91d2af77ffeeb450f79efc24e2dbbc83fdbe1121ffafb59576f368e
BASE_00001183	baseline	k141_15421	7333	f568d695718afb36fcd2abf97efb89cacf4a4560555b588e98dde26eabf92f50
BASE_00001184	baseline	k141_22489	1323	048fa580d70309b2cd4079880b70b983759355791671da942d54ec044fc0c8c2
BASE_00001185	baseline	k141_8160	2433	ff42a4b1e31fb8c234951661fcb8d8473592b62542e3361a0c95c4f46a03ce6c
BASE_00001186	baseline	k141_969	1633	886c1fd0e108dbf4fbbb5e333213a4b5731ba79cfb8b930a56cfcc78a50b925f
BASE_00001187	baseline	k141_15423	3404	ab057331cce3b67cb2e80d138f65d2ae284bb19e40ef85e38b574e38e612904a
BASE_00001188	baseline	k141_22494	1178	c3b9e314c90c493ec7513df8a5d756f40477c0de083544fe55650cf63a051e1b
BASE_00001189	baseline	k141_8164	3335	3aad3287a102e9469164db9511bce8a2e1e09c97689a407e4c6415c9b08ff910
BASE_00001190	baseline	k141_973	2845	2bd80efbccc617bf6b656108264a719d8ee379eb63c1cb1d04249a7248ea638d
BASE_00001191	baseline	k141_974	1521	c7c115abab826893cf5ae5f969781ac1a94ac8fc5215061c76e4ebb83e96221c
BASE_00001192	baseline	k141_22496	3371	04ac07b1afe3aa6aebfd01cd4d4081e20d8060cd4839e9533e554b3bb681cb6a
BASE_00001193	baseline	k141_8167	2065	e154aab4add86b59fc1f1f259e22a086af223fa1be4416a7e854a80a3790972d
BASE_00001194	baseline	k141_979	1596	587506e6a88c79ef659bf1523b73edd4e9c495020e12aea1f4f54184d7ebe7f9
BASE_00001195	baseline	k141_22498	3983	3bf21568fac65ee7253310a5d462d1dab113bdbf7be78753de965d8bd58cabe7
BASE_00001196	baseline	k141_8173	1727	ccf0c8c79409cc35e7772d8d0109948aec034c36f243c66e2869d35a3d91ae21
BASE_00001197	baseline	k141_15432	5474	986519785dc0ec7cd844a0c3466f01ab045492c827f4a514e48b61d3db2f7652
BASE_00001198	baseline	k141_8177	1542	198128f775806dd9291e67dab546e3d92d9c59a8ff958bfb28e4376663da5db3
BASE_00001199	baseline	k141_22502	2700	1e986ea0ac2ccdf1da76f1afd18f3010c6a88c5b29d52e0083b245e3972c60cb
BASE_00001200	baseline	k141_15437	1255	493ecf8206d3aed28cf64517441743eb79f4ea9084c6a1745727e983d79942d8
BASE_00001201	baseline	k141_8179	1105	6fd2b1f780394631a89e07999fe90644a32f6c22a7de4454b5d1dbab2d2e3530
BASE_00001202	baseline	k141_22506	2271	e340d1fc81cf1a44b5ae810292e70d85d5d53778d99e22511e72c3e63e6e1061
BASE_00001203	baseline	k141_8183	1373	c56e53db768c529816dff3bebb7fb41d6518d9bf519c1e7621de378479f07039
BASE_00001204	baseline	k141_989	3049	b2b08122c9d423f5b8c7aacee036106f590c144807b1f6dc7287b8f2bc806243
BASE_00001205	baseline	k141_22508	2115	73148b67682252f4ea62f460f28357b644b39b164b6f9ffa066a81eef06a1b1e
BASE_00001206	baseline	k141_990	2415	82f45b3323b64501c48f5bc1330aec981f9d8cef02c7fc127225eb91945eb811
BASE_00001207	baseline	k141_15449	1135	b7a65a28ea30f63c4be8a3091ace54c8f0f497ab283c3df5f721a495ef183103
BASE_00001208	baseline	k141_22510	1702	ae5cddaf3be7c20c2a7771717deb02f228a5cde247e601f8c9c862153f1e5c39
BASE_00001209	baseline	k141_22511	2037	a9b852e71b2fe39b8e006636675d7e3758d7f993471b852bf3b36ceefb814aa6
BASE_00001210	baseline	k141_996	1496	560e8efbd537ae3fdef58a557376440aedf19e28f60f7de40e4f94afa3ca3be4
BASE_00001211	baseline	k141_8193	3506	ba41313a954fb37aa7c48fcd54f9dcfc9d6964be501f72033060a5d18563e132
BASE_00001212	baseline	k141_22516	1473	f79e51f1e4666df2adc0158b4506e4484b688987a78dbf32d969b17fcbf32f2f
BASE_00001213	baseline	k141_8196	1912	0e4d856c068131e8cc7f52c539271acde5d86bd91bd5aaa9bbcd1767d9812fe8
BASE_00001214	baseline	k141_8199	1026	3e5abb7999877cacc98ec749a6651552b0dbbb671defffcaa042d6824c7c9a92
BASE_00001215	baseline	k141_22517	2579	e143c24e38e7fc60fea4fb27f6b731b0ff70aa92ff9b7eb1eb1b90ff39e11f8d
BASE_00001216	baseline	k141_1000	3428	9e10f279685ebdf00dd8b0929a675f2af63e849b565762f0024f660e240546c3
BASE_00001217	baseline	k141_8200	1662	71f07ad0eff7002b900653062edbf6733c8e1ef847447ba7ffa8d57a27ecf070
BASE_00001218	baseline	k141_22518	1709	ae62767effc98363931b3c3f90f76817af0d2cae85c14675d965c37fa26d0750
BASE_00001219	baseline	k141_1001	2145	c04d2deb9c468708453011382bbea30ad355d460c7016fb03b6e2bc415a4537a
BASE_00001220	baseline	k141_8202	1155	f9017b7e89ddf38928be93ff8ce144ef5faf67155aba2c20db6c614e837a1e9f
BASE_00001221	baseline	k141_15469	1184	871b04cccf11f5bb73f8ec5f1ff4758b3cc29027c824e32f5189df2ab61938fb
BASE_00001222	baseline	k141_8203	2229	5c9a3d71a254523ef04fbdd678a7cf852a6b9416e55c48d1c25882b9cad5eda1
BASE_00001223	baseline	k141_22521	2452	7de56d72e0685352675a21644e5dc867d7b19f618bad3b64413085e1d089b5e3
BASE_00001224	baseline	k141_15474	1094	f1160f622ddfe5093eaceb66fc3ce4dd9d4e2b409be176853c2a79e0ba01d680
BASE_00001225	baseline	k141_22524	1074	4b11ec14d7747f4826bf1deebf5018cc2773a96f8e83bee290c4be52a0d5200c
BASE_00001226	baseline	k141_1007	3052	74e4ad5415978afb3c376f7fa38c25569f120b0f6b9e2b1550b06d674ea096b4
BASE_00001227	baseline	k141_8204	5181	f05e64cfcd06612bbbc200e9e547296ca2d3982163670a7eec4a14b2a106a0be
BASE_00001228	baseline	k141_1010	1264	011ceadd541964176d274f0edcf89fff727e6bd87e319912e8653b2bca2dda19
BASE_00001229	baseline	k141_15478	4215	3e71f82178af62e621fd6640f11828e251cf0da014e8b7bd1a7c2b615538be8c
BASE_00001230	baseline	k141_8205	2038	cc5f34989f808a974c791de20e1ef61438db34d3e36f7ca05db11a47889af386
BASE_00001231	baseline	k141_1012	1658	ddbb600af30f9c87a8827a9104f3dc2216a16f35628c25ac92b5b2d10257a526
BASE_00001232	baseline	k141_8206	1072	bd1a29f374e125fc08c9db06ae09a659947136a05a951aab1e4193760100e4d0
BASE_00001233	baseline	k141_1015	1233	cd9cbe99ec07c9f46c797a747fe2414309bb2afecd09050fc5e859f2335def49
BASE_00001234	baseline	k141_1016	1171	8f703b69c1931092c9d3d3831ef0b33e1b714cbe892df5cdaf7c710fc08a2df9
BASE_00001235	baseline	k141_15482	2410	1a435d7565ef6201457c8eb2f01a347ac3e6ec8852cf9bcc446705a0b87cc9e8
BASE_00001236	baseline	k141_8207	3188	77252028773ec27f438e1966aff6e1ff64983c2fa4347a287b8198b68616d06a
BASE_00001237	baseline	k141_1017	1494	408361b3fbc417401c322b3271aa06f87c9feff8bf2652cd537243318fc0031f
BASE_00001238	baseline	k141_8208	1395	519eb9bd9783b9760c1fcad6d827183d344606aaeee6436778a059ae8428fb03
BASE_00001239	baseline	k141_22538	5288	bbeab5d724a464c387106362b2e7209261747ab7b3388aef0f31557b46aeeb71
BASE_00001240	baseline	k141_1021	1816	aa41bf7d5eb89e177201dc32a002167e4178fd499bd28adba62774cd6c94a73f
BASE_00001241	baseline	k141_22539	2114	2df5ce7df3de5025a3c505b78c974d1b5cb442b0a87224d7298d5961b8af911d
BASE_00001242	baseline	k141_8213	1475	4efef9161a96fe56b73f75e6a66d47cd2a42e6be14655b48104fc733bcdd23f0
BASE_00001243	baseline	k141_15484	4525	fc91a20b91cfb9d559c77cb4d5e4ef4daffcf9a981a4422ad27fa737a86b829c
BASE_00001244	baseline	k141_1022	1555	8d6392beef23caf94e866ab06ef429f354f9f2eeb983100032e09b60e5251123
BASE_00001245	baseline	k141_8215	1782	31035709c746637ea3a9e82abf882af4abac096dba4f37b08d41b2ac44517619
BASE_00001246	baseline	k141_15488	1026	9737706ec64f06716556e67258611e56f4d9a7bb56c84e5894f4d7763b529e43
BASE_00001247	baseline	k141_22545	1510	4b026ae023bb84e7d06f390eee79d933c894d05d42d56ad373fb6df8816c0baf
BASE_00001248	baseline	k141_1028	1123	ffcd2cac34f6a0f549e9990e0702097ecee2388838203267f691d2ef01471f00
BASE_00001249	baseline	k141_15490	1726	f6d2def3af5abcadda0c7bcefaec44d89c730c2ddf04d6a53d82efcbf964bce3
BASE_00001250	baseline	k141_8220	1014	5aaf56bd363efe7c9201f9a2a54d423be441327398314aacac2e992aa350d4b5
BASE_00001251	baseline	k141_22549	2042	763f0049a9df0169d909e431065fc46dca9afb3477cdb58380fbd9e87005423f
BASE_00001252	baseline	k141_8223	1092	79d9aadf43a516c876081e467f8f6ef262273d2d8c566b855ee63ffd53c3ac21
BASE_00001253	baseline	k141_15494	2082	baea9966fcdd16747e0193b16c744fb6ea939439bd663533ee99410905ab1295
BASE_00001254	baseline	k141_1029	4488	bd1c4db707763108120e974f4f7bce500480279d12bf8d5f77a93af079a5dcfa
BASE_00001255	baseline	k141_1032	1221	9d437c3a792ccf3fbc17ab09dbcfbd25b12d5149b777cb2247958b90cd41a019
BASE_00001256	baseline	k141_15496	2297	f3752b177616e2cc9e0cccd7707a3cf7ffb094827971071e4a0643701a8596fe
BASE_00001257	baseline	k141_22555	2657	21f0882f5c54c8270ab8060cda92f3faf25d1ee8d5298ef5cec432d61293cf13
BASE_00001258	baseline	k141_8229	4191	8408d781c5532571c1a186757ca3fd5722388fd8d6dfb74e45b7a9005fea1974
BASE_00001259	baseline	k141_15500	1871	f1873f8a85b4f4916b138ae3b475ad717454832de8a2989d628ae3e0eafc0666
BASE_00001260	baseline	k141_22557	2437	92c5a6fef5cfeafdde8aaa34576e5b83cea328525275a0353c26ce34ce2b6484
BASE_00001261	baseline	k141_1038	1564	d0bda9238a7d5df201e5969ec5eef3808d6f5ca65d06150e8a3161a4499090a5
BASE_00001262	baseline	k141_22560	1804	b130b9666574d5613c18001f1b8782362e2725fc40db91eb81677b9c00b1558b
BASE_00001263	baseline	k141_8236	1119	fd6d08a03549779c229e53094ddd0c8f83170fa15f823599fe1835c7219740b8
BASE_00001264	baseline	k141_1041	1458	5c717d767ca47ed138e61830bf74dcf94faa8c9dd26673f11bc57ac874317d07
BASE_00001265	baseline	k141_15509	1222	0664d356f87d574f0b9b5be508031374397b841c1febee83eae0d306065a5424
BASE_00001266	baseline	k141_8237	2751	e436fcaa43ab5112bbf4fe6ff9b74b00912af57ec93a4a77eadf60c71ac3a1d7
BASE_00001267	baseline	k141_22566	1037	2bb7cd94454f15e8731003c63cf1fd4c7f1fc9377b5fe7d16fa702ae593ff647
BASE_00001268	baseline	k141_1042	3676	c4d5e499c6869704a77bf492b5a6f24a765fa05cac5e9c8dffd3b5a1e89fe65a
BASE_00001269	baseline	k141_8243	1846	e0cc1d9ee18b5a5179345226db3243249492bd1ff341a9a5e01c4dd219369eee
BASE_00001270	baseline	k141_1047	1629	6f538389cd8e420ee5828db612b5eebada0c7e827ae65a346a7f770319022dc1
BASE_00001271	baseline	k141_22573	1737	0782b463b004e90965038186ff310f8899ccc692868ed65424f803b1117738fe
BASE_00001272	baseline	k141_15515	4508	52d447525b2d056cdf4da6e475f7cf3a13b27a278ccab222b3ba343c3ef9ea83
BASE_00001273	baseline	k141_22575	1449	1051f8247352d55eb0a24928cdfa48ee751f0a94cce61bc3c05fca61deaf38fd
BASE_00001274	baseline	k141_1051	1450	d61e379fb9a8eabcc059558dd8c24c6cbb3847e45e5b897141644d3d323fc8c2
BASE_00001275	baseline	k141_15516	2117	87c2ae5fbe1d898d432d942b2f0f78908b8760216470eaa9b3a26cb2c1dfcf2d
BASE_00001276	baseline	k141_22576	1211	9998273f7be44a8209239ae8ae2fea4ab06d16522ff54cd68cf3ea126494e691
BASE_00001277	baseline	k141_15517	1147	4b337e8dc75f2f6f25dcdac87d7604317fbb45b8e66f684432ac3670a7b14c0e
BASE_00001278	baseline	k141_22578	1009	665df460005b29c9dcd44bbf4b50dbee70356a6f71b72285378f8e26284ead1e
BASE_00001279	baseline	k141_8251	1619	ca1ca08f344e693bae8cb4ab1f74bff731925cbe2fabb8f27397e5181879d8a8
BASE_00001280	baseline	k141_22579	1332	05e69c3aa957d43d50a44ca6771866dc0c3671d8db19d874c5764f80f6b29020
BASE_00001281	baseline	k141_1057	1222	0c334d848bda460bd68a80183b928f3a706eb3141adbed15a94e2c5a3befb21e
BASE_00001282	baseline	k141_22580	2142	74cc4a4fa21aba0105d7a1e49bb7d044bbafafbd83e0bf663740c0a3deb89c7b
BASE_00001283	baseline	k141_15518	4263	e48ec72bf816510adfb286f7ec75a5eb015de431ec8efaa1163286ab04f18f53
BASE_00001284	baseline	k141_15519	2052	13ff16251dd20cc6ad2bba090a6724aa68f1a417f134aa50142d04f4717193fc
BASE_00001285	baseline	k141_1062	1608	4bd5ac5da54781cc60a4049bfb8003febd9ee0c9988ab76289f4fc742b49e4b9
BASE_00001286	baseline	k141_8254	4918	8ed71589b2fecc5c4518cc0fc7e1a785e9580846e05e615114721f7ba80c390c
BASE_00001287	baseline	k141_22581	5489	43f98aa0c2285b141e286611cb9b346ccc3edfda9bfe3065765cc841035ffb77
BASE_00001288	baseline	k141_1065	2419	583b1d2f230ad003dfd1a618f5a42fc02ab958d71128844ae66c4a80d6154b55
BASE_00001289	baseline	k141_15527	1033	901ea8fa8298bf598fa191d797f3dfccacc4cce7734a5338746f4a1649b962c9
BASE_00001290	baseline	k141_22583	1167	59fcf8ea1d57e32dc641a2562dd9ef415535e6a905bd589d63135a4b66e86752
BASE_00001291	baseline	k141_15530	1406	e5a0f208ebf17fe6a5c3243efe47eb60d31b5aaa80c23d6565eaa17864d27454
BASE_00001292	baseline	k141_22584	2124	f074b0c933efd7b11d63b478b2ccd2bbb64381d17ae7909a2cf7912e182651f0
BASE_00001293	baseline	k141_8258	4556	234b723e6fbe9235ab4514d3d99c70e9986588d206e41a88cb770c3e038900e9
BASE_00001294	baseline	k141_1067	3285	8987f22988c5027068892aef2606023c124727bc5a02aeeadd0290b67e2a98c8
BASE_00001295	baseline	k141_8259	1529	a46adbaef3f835fdd7042d80218129ced0323cca34814278e14b9e06c37b73d6
BASE_00001296	baseline	k141_15531	2330	df1e25a9e60d352547640f159a4cdcc2b5e15172334ba09ca1c5186e8d4b1035
BASE_00001297	baseline	k141_1068	3119	857df62721f701214e1617d3170b59d82758f45626c0628600c4feac3ee6a884
BASE_00001298	baseline	k141_8263	1183	1775fb5e49bab044177f3391db8454124fc88f546e6e4fe4690ee88eea7a71bb
BASE_00001299	baseline	k141_22585	4596	bb8a5e35eaeb942561cd383c308a0496d0bcc086e3fa2754ea85c3998c74ad7f
BASE_00001300	baseline	k141_15532	3687	c58e1a9fb70149ca6b611abb94b1dbe605a70e5153aa6a1eed41f929c40da9e2
BASE_00001301	baseline	k141_1070	4044	62ebd90fa740c36208d5805476cdb63c21da1a97619f88b37dd375556e8a20b4
BASE_00001302	baseline	k141_22592	1345	80005735368d7890de60d857522e70a9e94838a8a9c0b389170e3fb6d67784d5
BASE_00001303	baseline	k141_8270	4262	1c8c8ffc7d7a07580f8bd6a7e305c3c3c235d63dc8a5df3e68908a006316b694
BASE_00001304	baseline	k141_15543	1220	a6286ff839b04e6dcd37938206850eaf658a3e18935e5af4d24f343e46bf0c6a
BASE_00001305	baseline	k141_22597	1820	2fc8095d4bb405581b7d280f620ce23d6868897bde0ecc24d86cec091e72e08e
BASE_00001306	baseline	k141_8271	2316	76ca951f9dd9f7099496bf753549cae49d891d2c5827f4126fcae8b31ef34c96
BASE_00001307	baseline	k141_1073	5226	8a3666a3b924c9fa7cb1ed39ff79fd6a1409c20f328667f6ba8cd02559256108
BASE_00001308	baseline	k141_15551	1728	610090f90727ecdd359558097b60283e29c2cf7363a355fd74ca350f1de08eaa
BASE_00001309	baseline	k141_22605	2448	204c847a416aa11b3c1aa47ec1d5264889128a50343483b5a4e0bbd5a2506ef0
BASE_00001310	baseline	k141_8283	1142	2e528c4aa82809374ad28fbff3d5ab9ed0fcae1b02de9b84a9bef495ccebb917
BASE_00001311	baseline	k141_1081	2494	cd743e310a144b65a1af052c13aaf81ecc57012bf06d6a3750d05db28a023755
BASE_00001312	baseline	k141_15558	1231	e0f2269288053fd1c6ac70772d6c91df2b4c1bd137a781cdf30718fb1c791f4c
BASE_00001313	baseline	k141_8284	1206	950ade36b464be9a0cdfb4843d94a8b93c7c56df0a77f71aefdec52a94a42260
BASE_00001314	baseline	k141_22608	2193	cb516e37a29c8f447e2312e7b193c934b844cb5c33d8f60f1362705060da8a8c
BASE_00001315	baseline	k141_15559	1435	ded17185742adccfd069b2d074219217c0d7a8530509ea538159de988018b0a8
BASE_00001316	baseline	k141_22610	1309	9486ad253145e1fa7d2e188fdbd5d183f422b69f0261fc7a1db10732079fcbc7
BASE_00001317	baseline	k141_8285	1946	5311858a84a844d939b32c117351a3f623fed265780903d9503625cd0225175b
BASE_00001318	baseline	k141_22611	1874	87c02897e4953512a854fd18bb3cf00db2a76dd761f479e9091f14e24bb45374
BASE_00001319	baseline	k141_1082	4846	3ae5dd48fc38b5e5df422130ac2f4fa59fd3d607e5014cb76422e13cf61d0099
BASE_00001320	baseline	k141_8289	1214	38abd0e2c2349d2579ef441fb5401919c1ef4fbf538ff337023f9bd861d13430
BASE_00001321	baseline	k141_15560	4169	338ad2568b23c0e4de19dbe0d66414bce8769783c86e8ade1e2598e930ecbf6f
BASE_00001322	baseline	k141_8290	1172	c8f964a78e5ac312a5cbba5978c09cfa3826be641f282197a55af0f33043bd37
BASE_00001323	baseline	k141_1085	1260	2e84ae6d559db8ba3f2984889b425cc60a0f664d729c9156897689cdd09d2997
BASE_00001324	baseline	k141_15563	1088	bb232edd20ec17018990c49db004c3023425a35e149a1b8f628d58f650473a2e
BASE_00001325	baseline	k141_8294	1177	0d8139328d8735651019fbd9165f0942c3bd2e21d4ce6fbf7d9ced690895ac4d
BASE_00001326	baseline	k141_1086	2289	a676f1377f03e5a179d21d1c6be2eb2a7aa3a98c7a66317f6ffb685e34bd3173
BASE_00001327	baseline	k141_8295	1267	83e78c72449e52e758fe99602d29773df10192e6b856165477342d304b69b34e
BASE_00001328	baseline	k141_15565	1565	c015fc5b8e7db653d458a176972be26998054e7148667e6f6b932adeadb4fb64
BASE_00001329	baseline	k141_22617	3024	b0b902abea4ca1023b8f88bab5cef4e226620ffb489a1a2f00194812a96ab352
BASE_00001330	baseline	k141_1089	1121	e9c49088144882a38361307c6e6fb54892a2ae35ec14bff5caeb56f5b55ac30d
BASE_00001331	baseline	k141_8297	1065	0b3abf14486069bcf88e30b5fe0cee406c5f902c98939e833d7e125c414afe8f
BASE_00001332	baseline	k141_8298	2050	d2921086abb9db5231a8cc7adad90b4d717ba28a0beb1432de002497b92749c6
BASE_00001333	baseline	k141_15571	1616	8d3112703628253fb9292ebce2549e9175239753a7f199c8ed3e9055b01d6f8a
BASE_00001334	baseline	k141_22621	1705	84a3e68a38313572a9a5f79e6173352bf9514720ae4fac6e80f736db0c618a6b
BASE_00001335	baseline	k141_15572	1311	690569d9d18dcb63e36f300e21d37fdebcc9baeb367cd013f55a62c5661c7b8c
BASE_00001336	baseline	k141_22623	1439	8f0ab9608a9fdbc6882116489459f63f775eb2182a9f38ad65e265cc31cd51ad
BASE_00001337	baseline	k141_8299	2226	a544db2505a1d408b918eead5bffb6cb2bf48275bbfe58352953b7f8e6ece69a
BASE_00001338	baseline	k141_1090	5468	50b0cd2f4982ed0416fcd7dab54913c92c3d4ca9e36fa53c57f1cf2759d4d76a
BASE_00001339	baseline	k141_1092	1199	778f9f4b419f745d37ee58c944fd8095d90fe7b0c8e4e21a2a5e0452a37416c4
BASE_00001340	baseline	k141_8306	1195	849024ef8ff9908e470454b976c611bd2392996a26ecd6da47d6fac5f4d8f275
BASE_00001341	baseline	k141_22629	1680	5371d8e3d5a5666e8541643d1616fc61513c2e0abf2ee71fae68d6875cc81d73
BASE_00001342	baseline	k141_1093	1138	e11562d5cce9d50d242c75dd03c06a78db133d1419800a85f8b3a02b49323114
BASE_00001343	baseline	k141_15580	2064	1dcef42990e5ac22e70f11296c29967c430d5b44c8a4f7df64314d61ede87e4a
BASE_00001344	baseline	k141_22632	1174	674fd60eb03a2e87104a940ad28ecf1f6e6c374fd328c886f28f3fe630c2d3db
BASE_00001345	baseline	k141_22634	1329	4e3816bf86b1ccb963b45ce61a5e7f4d4e94b44f5d679cd506329f84622c878e
BASE_00001346	baseline	k141_8309	2530	642de1aa579bedf57886da37efacc1606f092768f112ce8c8331e235c4b50019
BASE_00001347	baseline	k141_1100	1654	c375467ab565bbd858b9ea0841134cc7b9a2449e7bd5e5f1513d4a16678738c8
BASE_00001348	baseline	k141_22636	1091	2f61f3639eb5bf538302504f3227b25ac1457c9789de43b1bb0e393310590892
BASE_00001349	baseline	k141_22637	1116	73a05c1b0f77537da82fa75c23d0c546aa3d65cedd2eb5c169bd63aa23bb475c
BASE_00001350	baseline	k141_22638	1412	0e89bb9607d8553880c6484b7d8ddd1a3aaf09862ce5c4752cf628185317f097
BASE_00001351	baseline	k141_8312	2737	b578bc927224bf95535861e8801b9f5cecef991d4a0ef8b3e21c3be9ce2444a3
BASE_00001352	baseline	k141_1106	1044	d1a08cfb583215f831fd70d7d314975f8eb16b49fe8b7f0ecc52b7b2992e36a8
BASE_00001353	baseline	k141_22641	1096	0303e5683f0820c43d5b54c01893cb321626b54a612709bc24b00a58e168f636
BASE_00001354	baseline	k141_8316	1013	823fb2e2449463c12c7b57c52e1ec7e2df4d51b5273d3b441b504bb131f2aab0
BASE_00001355	baseline	k141_15596	1673	7b2ff91af44e9f0fc907eb97e83082951986867a8f33e6c4e85ef8082afd19eb
BASE_00001356	baseline	k141_22646	1319	b7a4ce548d708aefceeca069e831776f221ce12f28afdd1433aebe8ab2e6ec6c
BASE_00001357	baseline	k141_22647	1436	ec904cbfe7c4155029839356b9379c7f213a6a26077b22ef24d38bfdcdd6af64
BASE_00001358	baseline	k141_8320	2916	76067401f5714dfc894b7f2d791dfb2f14dce7474ad50839db3cdfd51cc194b6
BASE_00001359	baseline	k141_8321	1511	a64d1a5062f9cfe05442f690bed09275c5bc6dc91b2707fa5acb2ed006626ce8
BASE_00001360	baseline	k141_1108	8654	c839961766d268b0b16165c480252607c6da8551518e973c764ed7852bca32e9
BASE_00001361	baseline	k141_22652	1435	842fba3d395bca0e774e091b8817a7c047e560f4c01d5704800270347ac11275
BASE_00001362	baseline	k141_1110	1125	7dde8e6a4ec05415dbc294cdf81adca8ad6d41bb7d312a683e45e969f8e2f84d
BASE_00001363	baseline	k141_1111	1078	ba563f59801e98980784ba608b1fdf5ac4a8021f7263785a46a087cac217900a
BASE_00001364	baseline	k141_15611	2254	5495de0d56ed60b40fe4e7a775605e21a12ce305406765f1bb9fd77aa3d9a9d5
BASE_00001365	baseline	k141_22656	4462	b44785f11ff605af524c98517138f9369a8aff7e2d9539d090d2df7c795d9abb
BASE_00001366	baseline	k141_1113	3472	f5df31a484e2fe111295588f710778990f8f39ba0be57401ac46dabe5f3d4b2a
BASE_00001367	baseline	k141_1114	1318	c606102567a2c653fdad955b4fe17d2866c6ed8bfb0a52c7028590f7a0cd5d38
BASE_00001368	baseline	k141_8322	9056	440d7501ccd5ab7300f9e249e9d289b12b86e658986b3b68cc5ee39f96a98405
BASE_00001369	baseline	k141_22661	1190	41e6379c16536b6c1d04689b79773db7694ef972c46a91cc1079f404c36bde59
BASE_00001370	baseline	k141_1116	1240	3a75588577acf776ec774eaeaeaf8f4b2782d8cd8d2edf9d876d4e014fe7d243
BASE_00001371	baseline	k141_15613	4739	57b920715bf90ac6543d6032005ef21a7a519941232e6fe3e70083ad7e76a088
BASE_00001372	baseline	k141_22662	2076	d88e8bccc645baabb2e294342f971ce3f0c050ce19e1cc25bf283fd390b685b9
BASE_00001373	baseline	k141_1118	1017	a2bf709567e9dfa65c1b2862698140f3e3d04e658fc7ba66243bcc9dc571110b
BASE_00001374	baseline	k141_8327	1950	deb897096d73c039900ae201ddbbebeb80d79a62b312b9414db48b570da64b5d
BASE_00001375	baseline	k141_1122	1062	dc20a5ef2f44614bae545e503ce202e6e2d17cf989b801a9939010cfe62bd26d
BASE_00001376	baseline	k141_22667	1150	03ee202481c50d30abded52785d48ccb658bfbd18967d944e21f8a3bd2659f7c
BASE_00001377	baseline	k141_1123	1222	22d612cd2f6d5e29208700c5ddad1cc0b4534d3884713250c55613b5362bed71
BASE_00001378	baseline	k141_22668	1222	603bbd21381786b47798691bbb7401587fa2aec646c12fd8b0b6bcc90a1cb133
BASE_00001379	baseline	k141_8332	1489	cade34330f19be997d14ee2b0bebbac00916bbf44c04d21023b98a894935b114
BASE_00001380	baseline	k141_22672	1605	ef3aeeaa8f29983e8ea6ff10ee58c489a29ab577e8806c675b2c10897eb6e608
BASE_00001381	baseline	k141_22673	1403	589bbdbbb33c758c674f60b50ea3eb240027d097c619407f8c85d6947973747d
BASE_00001382	baseline	k141_8336	3446	9064523e4656d20835cc80699784c9269d4b7a0f687df9996dc9fef9098eb775
BASE_00001383	baseline	k141_8337	1266	711e2f8085f3d02e20eb307994bc345da1a366ea72f3eec22587d293b3001848
BASE_00001384	baseline	k141_1131	3433	f4e78a77e07bfe2e73ae1d4cf1a81cbfd73db6bdde00da1d4591fc687ce81bcd
BASE_00001385	baseline	k141_8338	1960	1c80e8a3fae875196fbbf187c03983e8bcac700cbcda3e57d66bbd42f50d5e0d
BASE_00001386	baseline	k141_1132	2866	6f2a9381a141ff15b345caa6658d042ca3d86b0b4792146439ddb3c42a6bc24a
BASE_00001387	baseline	k141_8339	1656	d06332bcaabdbbe8f34d4ad9ade72c53a34dae026868129b08a19cfb0dbd4d82
BASE_00001388	baseline	k141_8341	2037	10f6f38e94e00a0ee21c991f031745bc1ab287e13b195444092dc50f54c68afc
BASE_00001389	baseline	k141_1135	1987	cbad1167fcfe7e86d0bf7d8e299dd76e27ad926e03b723d90fc6c5931c054c23
BASE_00001390	baseline	k141_15616	16621	01f85f21f3e75bead996fd47f03ac72e62014b4b3ce1a3d2d7cb11005f226045
BASE_00001391	baseline	k141_22680	6729	de3754b63e328533bb7e6fca51913b6a6dbf5f783e03b4d169b8b8a728d4f673
BASE_00001392	baseline	k141_15620	1160	88c89f49bab5c4d83d0899ff5f0f43c34a1a54c15c641284d328e7d8bcc0f14f
BASE_00001393	baseline	k141_1139	2038	60b583fdc2ebee8e447615fa23a6cfd177ba9bd4d26c0e799b485aefe6df8eed
BASE_00001394	baseline	k141_22682	2062	c8101b2b6d794e67e604858dd6459e23b6d1614a935cd3b701dd473643389676
BASE_00001395	baseline	k141_8346	1406	c8229ac02479d07ef5ca3e76005ae38e4e73ffd81f1763916367ae20828d882a
BASE_00001396	baseline	k141_1141	1388	814bb7fa6eb5e174b2999db521cf0c2a66d9f6af4cdc5531a07972bc5aeeeada
BASE_00001397	baseline	k141_22684	1460	a2e7d4132c0d1a288a2e2fa5450ba381d2d2f90216b73ec710078172b1e07fa0
BASE_00001398	baseline	k141_15624	1810	a6a349a10c54f87ecade8fda27b92f6898bb7486bb3f686c1c88cef2e9a71b96
BASE_00001399	baseline	k141_8348	2469	5928ebaeb1899b035186f0f7186d7e19acebd170a32e1bf11a76e9a771b38f58
BASE_00001400	baseline	k141_22685	1535	fee7e6af034668f3f61c494f4f5cfb64f562e763d8e89704bc9bd85921bb2474
BASE_00001401	baseline	k141_1143	1882	5341db4ebe6345d0e8d2b46bfbc4ed6335d455bf4f92491bbbe976b21ee6bbc6
BASE_00001402	baseline	k141_22686	1306	b44a3499cf19402262b3485f122ac04cf429ab9cd04bb1ea930e4c93c6155ef4
BASE_00001403	baseline	k141_22687	1189	77c71cd7c78c2c4c60a0d08d90cd90042520bd1267409dd9e12802d6e7e495f6
BASE_00001404	baseline	k141_15628	1976	534f449ccd9708f5734ffae711ab70e4be5e879a1fd440c6b3dad4a608a7b818
BASE_00001405	baseline	k141_1144	2393	1a705dd45f940fca2fdbb8db5ed454550c09153f371689d056b04bed1c40099d
BASE_00001406	baseline	k141_22688	1086	e2453277542cd1d4858979555ca162aaa1ace3ff53b0cd6a33e8efd315ee0015
BASE_00001407	baseline	k141_22689	1549	d1a9a671cd1ba6729c776cb56a366a17c9a5902632f95f702607a65a808ae505
BASE_00001408	baseline	k141_1148	1000	b69bbd87beeb76c884c861bf81264057019bc3c7c0fc01a8ca6794143bb64bec
BASE_00001409	baseline	k141_8356	3585	5aad78f68e8e8e0e595cb223752d459a55b440db0c01c983b6eb5d79e40969d3
BASE_00001410	baseline	k141_1150	1134	193df61bb3b0b9df6658ae6a27bd73124304b06c1c024ea2642928f55fc22538
BASE_00001411	baseline	k141_15630	3274	ad51a2347ea30e9c96834b247b75dd7b6828646a8f86d12fb68e58f383a0ba32
BASE_00001412	baseline	k141_1152	1016	fadb8d805bbc02a32ae7d5ce132b867b2ee56e0630a298b8d907b1d0504c9284
BASE_00001413	baseline	k141_22694	1365	dd664a13e0108058bc0fafd1afc985e502f5a63c19ab788829a44377de255c17
BASE_00001414	baseline	k141_1153	1986	59355a1708518674a62283e58ba9879707f0061d718560dbc108aaf61c4791cb
BASE_00001415	baseline	k141_15638	1142	85d69358f1b411016f83c5243e4e5b0054660b1bacbbeba1ab76f3e6e30f0b3b
BASE_00001416	baseline	k141_22697	1305	11dcb3305ce396dfa5c5742191f82a168387f926fe01d5302a92e2136835def7
BASE_00001417	baseline	k141_1155	1040	080ff8a853e7faa479a313cbd54b2ea1b0e5005bc51eb1ca448b0bd666318be1
BASE_00001418	baseline	k141_8357	5959	939578e32b0a74e3ca27bd9a39920fb675187ec01c981f777bfcb51734ac3cad
BASE_00001419	baseline	k141_15641	1036	c90b96c941d6384ada12bad835ee8754167ec664e210d828d10623ed600601bf
BASE_00001420	baseline	k141_8360	1121	1330c0043c8fc990ecb7a676c919939b867d51cc6842652bd740c22e58d20dfe
BASE_00001421	baseline	k141_22699	3026	d61ee6c1993c35486482cd7af20c4dccb79be53a0de7521c868629eb2cb7a398
BASE_00001422	baseline	k141_15644	1625	39dfbd1ab8f5bd07f3450596cef37ef36865c26cb212c700a32da8d5423f1ca6
BASE_00001423	baseline	k141_15648	1499	6ad1a8d6fd89329e006bd15c0ef3c9ec018bb9567ddf35754ef89a5ce1408bfc
BASE_00001424	baseline	k141_1168	2242	d5390d97874a8b3b80943f1d6d8adbf32af3f63324f6691216295c125e4bc675
BASE_00001425	baseline	k141_8362	5438	255284951d75e516fa86f64797b746085dd62a0b3ee0231c8eb849c5f249cb2d
BASE_00001426	baseline	k141_22706	2845	c0ee121a368908485ef7450e65536d3ab5ecc8b20c974f94d186dc4ae33baff2
BASE_00001427	baseline	k141_15653	2105	8059f98a73d545ff018d5846efc881856d3252747ce9c33d12dc5a23ea5c60f3
BASE_00001428	baseline	k141_22710	2831	c30286566424a5ee7913c308fc2663bea1a574f15a77083dca3bb6cea1956d8b
BASE_00001429	baseline	k141_8367	2645	dc07e90b71da5c4700f15e4e46a92e84c81743e013392a8a8e117131131bfa56
BASE_00001430	baseline	k141_1169	8231	2f9a0c60f44a92eff2ff04f4f5ea83921505b129f205287a3be8529864a2baec
BASE_00001431	baseline	k141_22712	1548	ccea64e8b460a42f772e41374d3b669314039c3f62e6277463b7792f18020cec
BASE_00001432	baseline	k141_15664	1290	bcd2dbafbc30860b31834a507162cc5b185177782c576102565b414d81c2b088
BASE_00001433	baseline	k141_8370	1311	4c2e89bf4d1d0e3dbaef0a0721b74498f12bba120c10454bcb939176725e9de8
BASE_00001434	baseline	k141_1172	1145	076c73e60f37dcb8e6a195a7637b214d0b126a85fcbe1a75e6f870d202278abc
BASE_00001435	baseline	k141_15665	1532	96ccf98428a1ee7ea8f0fb2ba754aea3c96f5ef606f82fce1dd83be1220f756c
BASE_00001436	baseline	k141_8373	3435	a00279a4f7975ab9924a27cf1e43939975d53ea1a954dfb3e5ce30ff7f40ed2d
BASE_00001437	baseline	k141_22720	2419	594be344f72078f514e663ae64a6a45c407dd9f6f911f8aaa96ad1b688943295
BASE_00001438	baseline	k141_1178	1763	d1504e0dda5b55f60ed4d39b0b0042c170169f207c1cd70b1cbd2afa54cd0ddf
BASE_00001439	baseline	k141_1181	1078	c93fb2ead4a8a81447eb296fddb5fca4ca2d8875c4ba7cb7269ad1ce86c71893
BASE_00001440	baseline	k141_22723	1330	196d5e2ecd6f99013029cb93e9b781cd94de80c13a1eeca17928763b4700cb8a
BASE_00001441	baseline	k141_15666	8356	608b4260ee1b82dca51fd9ef149b1f5416c0db8b4cc0117b18034c2f317305a1
BASE_00001442	baseline	k141_1184	3723	692faf0a5ed24a091f12e25d39a612243c6bdf59c57e144fe0d1a8a4aafc6e43
BASE_00001443	baseline	k141_22726	4011	702a4d26be91bf4590a1533008e44037831f016c86d7dfcd230fba776ec7ccaa
BASE_00001444	baseline	k141_1185	1820	773efd19afa0d3d019da3e78b4d95e525b669f3fb8b78dd7c0653cc67d5eb278
BASE_00001445	baseline	k141_8380	6848	aa0260dec1197724634440eb346d4670a8503706e85b80e9ab00035da88600bf
BASE_00001446	baseline	k141_1186	1350	d50640fe0a35b134c6dd127eb46c8d46ac226c477a7e077c3ae36a3cf4aca81d
BASE_00001447	baseline	k141_22729	1296	6cbce384847c4e77371dd464fe0e2fc9ecb0d9fdda9cebd4fa6b703e135cbd79
BASE_00001448	baseline	k141_1187	1191	4263d3533f8b75de9654b7f3659be09d90565abb4d4da9d25732ac3d04aaa03b
BASE_00001449	baseline	k141_22731	1374	5f472f6f9598e6fd131ea84ceb9c1420b16f7b9d0e8fc20a7503e40c8c89e032
BASE_00001450	baseline	k141_1189	1208	34ea9c482bf8b7e7213952b5816272a13fa3bdeffea6a8538eaef7de8d787101
BASE_00001451	baseline	k141_22732	1382	381f3840db2278e775f7f0e71fc474b66208034bf8e10565a040d16bff594344
BASE_00001452	baseline	k141_1191	1560	d8b88b8e42fb6068fe25d2ddfa65c2b9794c40727590ecfd9a0df9404c3a9085
BASE_00001453	baseline	k141_8385	2542	1a2299dea0b747cc9543011dfef387974d86c4452402e4461ed4951b32678f9d
BASE_00001454	baseline	k141_22733	3551	9effb4e60201d7313fcd62409649732a8f0521694de37e2aed8f90b705d9e5ff
BASE_00001455	baseline	k141_8389	2516	88db211610ad1f0a27309fadbb44902a8c1518ebbf2e929ba859f5c593320910
BASE_00001456	baseline	k141_22734	2076	ebf17537ecbb1f57c124b183376a54295b9b26dd18b5f2d5d20a95ff1d3e86c3
BASE_00001457	baseline	k141_1199	1002	880729f449bd1e3121085d4b4867df914d8210ba2a70e2b5e9ce692ac52e79a0
BASE_00001458	baseline	k141_8390	2133	e549ff87a407e8c624220c6b7d87c8d4243e81453eafc350be34df93d5ee6c50
BASE_00001459	baseline	k141_1202	1309	ad5a0c0592047a45e3718ea39797f7ca349638f584fbe3424c1f1f4bf28286a1
BASE_00001460	baseline	k141_1203	1446	fa31627d77fd06102d9a5ad8ede2467038727798198d0880822617fc5a10e742
BASE_00001461	baseline	k141_8393	1038	bdf8cd22b84aacb164c835aa91e7736c2e20f154f507a985fbd0770c02cc9fa5
BASE_00001462	baseline	k141_8394	1959	e33265e9e612a82f4b32cb49bb8f3352afea3a601e436ee078950672b4c364d2
BASE_00001463	baseline	k141_1206	1781	eaac1be752251d3c014b49a511b2cdef5a5aed76f1dd156bc6dd6b2b9b245314
BASE_00001464	baseline	k141_22740	5558	8be0d1d47db77cd98e2f1c2b2b802014961de99047b45a1210d12eec417afdf2
BASE_00001465	baseline	k141_1207	3341	a2dde501c764eecb2787eaf951de1949ab43fe8e7ffde227f08649475e66aff4
BASE_00001466	baseline	k141_1208	1303	2130d4d810b81d3c2cb17879b62ea8d8073d904c1b052b083568e047dd46c735
BASE_00001467	baseline	k141_1209	1563	a93408b6e8ef45d0c13e46bf7ca21c77eb517bb3f3fa2ee5099acd8466dd85cf
BASE_00001468	baseline	k141_22749	1907	e20eeb6f83aca6b69f5be885b0aaa31bc2bb32e3031204491d87ac137ce39768
BASE_00001469	baseline	k141_1216	1058	5cb5922b714c262580be8dad36f13e5d26e13b9dcb4e3d5107a125edbb86edb8
BASE_00001470	baseline	k141_8411	2951	68e74525016b029404d0f03f62d2b5e7e97b20d850910177917fc8805324cebd
BASE_00001471	baseline	k141_22754	1217	ae2643489b32ba3f97967c2585a99545e6bb4079a34fdd94536de5471ad0347e
BASE_00001472	baseline	k141_1220	1200	5ef21dc11f6d67db50b266ead5bfe1d860d184be4748640d6712c4bf081368f7
BASE_00001473	baseline	k141_8413	1241	a1089c0e063971cb954ee34ccf41f718fe17e8aab0d8efe289815e328878c4bf
BASE_00001474	baseline	k141_1221	1131	e777ab75bdebd933b4397c53509cf8ea97eb6884dc3bf81b8d80a4489407b308
BASE_00001475	baseline	k141_22756	1138	543f8758283a61907516d4dff71f8133c710cb59ecda48d5a9e1890dfb439ab9
BASE_00001476	baseline	k141_1222	1324	80820bc5c550e1fc2be728b7f5d596b202ab2fb55039316703589ccdcb445cad
BASE_00001477	baseline	k141_22757	1222	e6dcb6ce28ee57956d2b9cc8808b8b710480b1a87d65e945046151818e988f2e
BASE_00001478	baseline	k141_8415	2667	dee95aad6efa74878f3d46706859dbbf284f61907407b58c32927d92b2530d23
BASE_00001479	baseline	k141_22760	1057	9c850a6434af700673024521f5eac84edfc46af360c0aabd4580b297b1ca234e
BASE_00001480	baseline	k141_1223	1936	9d3f43acb0d8a5795ca7265fa92f5fa30fe82720acee649a5ea8143d754d7eba
BASE_00001481	baseline	k141_22762	1160	db03b0bda028739e62e7f57e5bcbe14157ddf9e46489e613075d77b4ee67ad4a
BASE_00001482	baseline	k141_8423	1365	928642c6ce96a32426d46438ddd96e04d72ce55470458aa3952166c6891e80da
BASE_00001483	baseline	k141_22763	1793	f05ab701cd53d9fb6f485b95b58a1079c96660e3b498ec48a6b89c1de36a5eb1
BASE_00001484	baseline	k141_8426	1201	34e182ff97da1a48494a7c863da2e126a55f2acbff33d2446540389d722ac389
BASE_00001485	baseline	k141_8428	1164	4a534fea27b2b8a1dc6e7086495e2d26cd66c14e0ab12acab1769f70d83933be
BASE_00001486	baseline	k141_1236	3017	24616d518c39590b5b8d9c007fa54c492f203b2c7accdbc2b020d9ef31004ae1
BASE_00001487	baseline	k141_22774	1147	daac1464d2d16a2d3e84e6c421d0f81ad1888a317bedc5b471895e8a8e8e87f6
BASE_00001488	baseline	k141_8430	2253	e98db00e6b0b7507a34ee1f34f057cffc920415283cc159b642f224dd132147d
BASE_00001489	baseline	k141_22775	1787	d89b8ca9afdd7626164a63174c646ca85148391348f36d4ea1dfe10f6dc2e767
BASE_00001490	baseline	k141_8431	1739	898684cac0a91577c0914e66a0d78348d3d2fd63545b5a8e40872efe423ebff2
BASE_00001491	baseline	k141_15668	48180	c099de6a42fbcc4ced7ca30ea852f60557e70bf3a0c8d5c205e64223df075573
BASE_00001492	baseline	k141_8433	1050	c8bee708efdf4763188572eae7114790ba2c1f6fa62bcc6d0323128b7366484a
BASE_00001493	baseline	k141_1244	1063	fe266e5b78587c553c20de485f4893d2cec4b5b3167ed809dd118cc2dd22a5ce
BASE_00001494	baseline	k141_15670	2384	874e528abcd2a4d0cee081553725608abaa19a437b18e3c96247b8b141f41ed5
BASE_00001495	baseline	k141_15671	1009	1a40886cb0954c7487e7d287fd7248d7390b090ea57070fa5530d3c82a37c443
BASE_00001496	baseline	k141_22781	3907	34f278d3ae46d7efa285a074f53f7f299e4608399548f2834b44256047421771
BASE_00001497	baseline	k141_8444	1030	a72ae6389230ca05e9bee204961d63e2acef9397603b38b3e2e381ace8d9274a
BASE_00001498	baseline	k141_8448	1073	b6acdb7a6b0d50c949a393b44f7692fe88f6a08ee48f78535651a0b35ae0940d
BASE_00001499	baseline	k141_15673	4191	11e1d9fd268855b2e0b3a43a1d9d8168d1d830aa59f99775ca2f408d2dd86391
BASE_00001500	baseline	k141_8449	1150	8cbf25aad13d4e9542ef3e5c43a5fd1928b197a9f8f58c59d90e2b2e4c91095d
BASE_00001501	baseline	k141_1258	1367	5844a3e1370fd7e8886e246b4666a7b407b5cd3fe6bba44d83e27ca25a08f5f9
BASE_00001502	baseline	k141_15674	1475	88a8b92c211de23852f29325f16f0d4c19c31e4091d9eb7b33fc7bc48f258558
BASE_00001503	baseline	k141_8450	2259	de472dbd450063924bddf700eaf0eac5405d9d9343fe6c7419cbbfb146aff5dc
BASE_00001504	baseline	k141_22782	7433	480eb47618f5b016f9cea49e08085653af582ebf26a8854537315c640b00600d
BASE_00001505	baseline	k141_1259	2190	8c6d7c4844a0c598722210fb00e3040a25065ebc0fb9e438835b9c1b70b2099e
BASE_00001506	baseline	k141_15675	3174	6d77cabd1656424d8a60010231f3803234a8b2b09884f9077272e460ada1a50b
BASE_00001507	baseline	k141_8452	1317	7024b0f60a835093a79dbdfbbc86700d45bfbc71b3772fca9260608d190a9473
BASE_00001508	baseline	k141_1260	1087	9a264a4148d711dc7a4ed00a12ce0dcaba3f10ffe3262a355f3ea7fe7ae8e77b
BASE_00001509	baseline	k141_22784	1303	d79acbcbdfd7120c5bf50d0a3e38e1689962abc87b6762c1b28460c0fea2ecd5
BASE_00001510	baseline	k141_8453	1127	ca5017685cd496fe4c0afaf0d854fa1ac1d9bad59d342792ec22966b99700c76
BASE_00001511	baseline	k141_15678	1202	8b7f1ef4db5ed7a0325c8e2ba9ea14fcfcbc67c9a5b690624bc33a192f34c1c0
BASE_00001512	baseline	k141_1264	1856	917f08d8e9fc134cb85aa0cd8d4d6e8490fcfcbc4c19987a283d179ce586cba0
BASE_00001513	baseline	k141_8458	1054	ef5172f8df0e9d5317a1c8194d0f66f9ed93f3412daaefe09fd8c1411e41c68c
BASE_00001514	baseline	k141_1265	1079	d071c429b3286a5943adf7380c72ef4170cbfb11d97a74da8016923d7c3fba94
BASE_00001515	baseline	k141_1266	1141	b52735b43a942e3abf094dd29f7a7ae3598478fc4c22a1571f086141b0b8aa29
BASE_00001516	baseline	k141_22790	1960	6d9aaec9bf9880868278a3c22b95fb7a69c18a135193cd83fc47c3d376e5401d
BASE_00001517	baseline	k141_15683	1921	54ae7114b0ddfa8a3c5c5a3b506246dc0bd087826bc6ca1a7db69d3fb919f9cc
BASE_00001518	baseline	k141_22791	1411	f54df7024aff9bcf123dbaba300184ec4c2fb54ed19a5982284b7d25e59504a6
BASE_00001519	baseline	k141_15688	1129	8e0bb6f0cb0f1f15476d27b46aa4d7fe11b8f4e53648aafeac6b9998b424b548
BASE_00001520	baseline	k141_8463	3540	21457f61e261a6afc9bbb67efdbd7b6bd678b01ade5f7f05dfadf793d4dfea3b
BASE_00001521	baseline	k141_8465	1023	71e999ee581fa617307700f96a0e2422c56363ad6384e546a2481bc64e3d778b
BASE_00001522	baseline	k141_1274	2419	b7f6f4b1b98eefc9783a8723cedad9427d49590938f5bd1e96964f98bd71c57c
BASE_00001523	baseline	k141_15691	1581	d81d6ee9e323b66ac1aa07c0a70a8aa251edfae321aff3a767d0f36f972cabc4
BASE_00001524	baseline	k141_1279	1187	2039c7180dd0de06920b18c2bb50f12bfbe52a2df2caaf334e50194d09bd7113
BASE_00001525	baseline	k141_15696	1563	b9833cbcfa6520d17814dfb5a5a8ad66b5e8d7e78fab2401c24f304841e30727
BASE_00001526	baseline	k141_22792	8955	0d1531bdcde26e11f181c6e0ab6ee0598c44584f4095b10060f35576719c8415
BASE_00001527	baseline	k141_1281	1488	4a4cf8ef5df05ec45770de6b90cd2e0ca702eb68e8ae3afc30682cc586971836
BASE_00001528	baseline	k141_15698	1435	99e8af200dc7b1718bf2cce8baca4c7ac414ae3b88af1b318778762b61da26bd
BASE_00001529	baseline	k141_15699	1363	425634fae8727c939b2687e00b99cd20125ed3a198f4b475b7d85712017abfe1
BASE_00001530	baseline	k141_1283	1507	421940b21ef274d9e12fe39d0b2a0a638b8df4d2e9cde780dd7900b7681742fb
BASE_00001531	baseline	k141_8482	1004	9e440d2905bae3f6cc26fd4d5735441c0e14b6f5481629adeec564c0e3349594
BASE_00001532	baseline	k141_15702	1410	2e7e2ef04755a1e89b3bb3330b20d7dd5ce8ab8acca6204a14e7bc288a1b7d50
BASE_00001533	baseline	k141_22800	1487	8380c86801fdcfa4cefc135fa6f1fd86eb6ffe0e5ec7b14bd67d59fb84b222ef
BASE_00001534	baseline	k141_22801	1027	fdc36d1accbc2a94c92d3d4dcdcb03032472ae441548b180b1b454e1a27e5f71
BASE_00001535	baseline	k141_8484	1546	17e802b24131e2aa2a8e7e3f9911555e289dbe28446e9d788684f453b6b8b876
BASE_00001536	baseline	k141_22803	1044	99c92ebabc73ec98102594136864198f60ff1fa074a467bcbc6a1062b56d13f8
BASE_00001537	baseline	k141_1286	3336	7d3b316c5784b1d7aa5ca64ed104259989469d0f3ae0054962f3a7404f739ab6
BASE_00001538	baseline	k141_15704	2002	9994407b129db10e46ea78d1ee87844b01c8c80ebe1c3d8786f0fb881b6279f8
BASE_00001539	baseline	k141_8488	1421	9150d3a2c8d7aa6a82041576cc0d01cda0a137e41727039c3f5c55f12e20539f
BASE_00001540	baseline	k141_8490	1462	a4a6590ba9784234408d678eec4732b9631a22d030d28155d5a66052618d86df
BASE_00001541	baseline	k141_15707	2194	0d0d0e608e73b5ad85e7c41824b53cb2faf1d4d535faa2255198aba3734fab09
BASE_00001542	baseline	k141_1290	2270	e7f6f4e39f57622b790139980ce8afdae8f07a59dc2bb9982d9ba944e4c053dd
BASE_00001543	baseline	k141_8495	1114	67ca545c09bc0a42ccc07f5a100f9f5dfba6d8f1ed92ba241d6e49dc77401736
BASE_00001544	baseline	k141_1293	1434	ac15ff655cc191e466831c63d1241de8c29fbe1474ac55bbd30076cb9f7c4c3f
BASE_00001545	baseline	k141_22816	1000	e9b122f2c52dc1486244772f50ad9aa6156e538de9d9be8648db173e1afb77d0
BASE_00001546	baseline	k141_1294	1381	2260217d9426c09affe0dd607816e91eebf7a9756602cfd89eb0c71faf9e40c6
BASE_00001547	baseline	k141_1297	1307	fec44c2d754c08d073c985b261f565da627290ad63b897ad5de176db95742ead
BASE_00001548	baseline	k141_22820	1261	851a3979a7995a04e4fa30f485382d595f0b62fb38ea1087584b056744980623
BASE_00001549	baseline	k141_15709	6176	2879f8c1c2d04e4a1ea31df10902149bbee880a8ab97e1d13d9c3ebacf129eac
BASE_00001550	baseline	k141_15710	1202	3e3bd97dc5ab04b8646ade83195bfdfeb17b02c45c2c2016b5f91d1ada620506
BASE_00001551	baseline	k141_8500	3695	871ffd9d1b6f27cdfff334b1e5fd94f2fdee98cf93a614bcc5aeb59a5b0d1849
BASE_00001552	baseline	k141_1302	2038	0e3730c02cee6ded551c305bc3acdecdfeefc31aa75060cdf1706578c74f2cab
BASE_00001553	baseline	k141_8501	1920	05238c4ee90cd8b588527f4f67fe9dbfa0fae884e41ef8f38def00accd3d663e
BASE_00001554	baseline	k141_22821	3679	8daea8f3b57e282926750847b1b7a8176fcea8bb082b7370d56ca64d2383e3a9
BASE_00001555	baseline	k141_1305	1277	7e2ad078dede69ebac368f33eac4c2127d61747f893b24f684981024879be757
BASE_00001556	baseline	k141_22823	1955	d4b82732fe085e8619d6e4e8ff8a43468eca372974718c28b05e6bae356b27a8
BASE_00001557	baseline	k141_8506	1464	1b75bf7f7290eb39110e378368f3b662722b3bf7c92154baf3666459283abd75
BASE_00001558	baseline	k141_1307	1172	e194fe121b9b53fb748758be4fcf3f1e7e8880f12fe956435db8828e39a603ed
BASE_00001559	baseline	k141_22824	1336	7fb1080bcd80afe526cff4b17db35b1becac8785ce8b3f11cee5733a4edd3601
BASE_00001560	baseline	k141_8509	2429	0988c42aff7b1457250fe3760e91bd002781eea9bfc3355d84bc82d04def2ca2
BASE_00001561	baseline	k141_22830	2121	d915e302adb77d2a98190c88a25248e69e1f00876004a5e9ff87948298ad2472
BASE_00001562	baseline	k141_8510	1779	2fad00b880713dec0f44430365433d8e9c5a3e06b9461c712f402422d6ffa98e
BASE_00001563	baseline	k141_1312	2632	3b2ffba8fbee91fdef3c3fffd28a21d98e83d4f763c299f71571028cffb4133b
BASE_00001564	baseline	k141_22834	1140	2500d413ef78aa14bcfe810204be4a100f26d464d05511f9aaa03927581a0302
BASE_00001565	baseline	k141_1316	1285	8d6fdaddedb59875db3beafa4f9b80da64230284f0c4eb8dfa2ede0d98a62c7b
BASE_00001566	baseline	k141_22836	1023	bcae20d2d075fc533ba62f3eb6d07eea96321362350659a9e668530736c896be
BASE_00001567	baseline	k141_8513	2382	85c2819614d3451dc2341d1bf1a1b88e0253bdbe3bda87760bee17f89b8be4a3
BASE_00001568	baseline	k141_15711	14961	8fec3073ae0bd3de965e74a9b6a4891f334598f0c90c355ae900ba365b6e4426
BASE_00001569	baseline	k141_1320	1448	50092e9e020dc272b342a93bd2f897ff9df0fa899da0e43e656d0f80857f5d0e
BASE_00001570	baseline	k141_8514	2656	bc4991acec22bef3200525aee09ec84adf823c4f1cb74757b81879aa846b6a13
BASE_00001571	baseline	k141_1321	1276	6b50a4bd3eeaa1b8d14e7212d75a1e6ed760b8e52b2054c9dcd623fe6f349a48
BASE_00001572	baseline	k141_8515	3297	c57bc594a7fa66e75dfe9259b85049aa6dac062e6cc23e4dd11203aced514f4c
BASE_00001573	baseline	k141_22838	5289	e116fce19720122d11ddc984d08e5f401d3970c603797d3c865ecfce17135065
BASE_00001574	baseline	k141_1323	2353	11ac2bf777a1b02faa2669436c02da2704c445ef72de30e3800236cfe34ec5c2
BASE_00001575	baseline	k141_8516	1209	678ae83d164344dc9c2e9fb13f882bd5fe6daa82e3f722fcaee2ac352eba0402
BASE_00001576	baseline	k141_22840	3228	6ee3a924bdfa329837a6fae76ac7ee928661a1a57ec7a63722be6302cf0c18f4
BASE_00001577	baseline	k141_8522	1790	c701b6e07e9b28d8e56e4ed45ed6d0be3dd7ee82b381d7fd94eb7a61c85cf674
BASE_00001578	baseline	k141_22841	2387	fd6fbf4c26cc2d79ba37776d7f7f85fffde2b050a674bb3b278b91e22da173c4
BASE_00001579	baseline	k141_8523	1449	93cba7ce2ceafacde32d93936f56a71a8d0c5be8cf54a43d2d24f49893e66338
BASE_00001580	baseline	k141_1334	1474	9f395aa8b11d765279d5097a45490ac28a87e2ba5772ee95c7f8f246cc465dbb
BASE_00001581	baseline	k141_15717	9339	752e7903c06b4133fec09d0cd82105814732fcc58cc00f57d555b2c9344a08ef
BASE_00001582	baseline	k141_22845	1460	1eb9e405d7134c604c878d120ea81f70d38686a68a2b39d3fadfbada729dc521
BASE_00001583	baseline	k141_8524	2770	19b278497b6c9f087084f74cec8a59761461da375b08ecc20ad8eaf7eab1e02a
BASE_00001584	baseline	k141_1336	2531	92ddeb1dedda191bcd5d5d521e64efd7cff4db0258f02f98181086979cdf799c
BASE_00001585	baseline	k141_22846	1000	8b8c0cade82dae2470796d305ee6e3e3e7cea48552c6823d1c0df5a490a784ac
BASE_00001586	baseline	k141_8525	1304	432e97feca8a165d27c7571c77baf0aac5e1096d655818a776be922d99e80cad
BASE_00001587	baseline	k141_22849	1414	4d3e56eb6ad3e1470a8ed07a5dd3b27d8f05a3c9c339a5151042593da81a6c7e
BASE_00001588	baseline	k141_22850	1442	f379390f262869a395a4c615dc346c7e12870720506d01a77842e90f2ae7ac1e
BASE_00001589	baseline	k141_8528	2627	a280d7c0768b9edf8263175df3848a1c5f308589c28b766d439883e4c142b1a9
BASE_00001590	baseline	k141_1338	3472	490f41b68bb6b414c0b540d915f956892fce2ed82993380dc5564bbba6112d26
BASE_00001591	baseline	k141_22851	1972	d90fb77173e37f7469d341ab60a3f99d1d1519bdf76c0a36da8d2adb5610b7e8
BASE_00001592	baseline	k141_1343	1129	e9332efe83aa80c1ad0e80dba95449375866c82e13a38bd6b6dd02ef0d79c4fa
BASE_00001593	baseline	k141_22856	1220	99a4cf4ed8988bc696204cf3bd7c993439a5eee31f0ab23c1337fd8beaf694b6
BASE_00001594	baseline	k141_8534	2214	2328b0390697c53532a8a69a77dee6a6cee7a3ef23a30275707a7eb7346a900d
BASE_00001595	baseline	k141_1346	2049	0f19267efd54d55f2ec1299659858d417856aa24901e658198ed6dc949e36d2e
BASE_00001596	baseline	k141_15723	9816	9759491344941db736e66ee54b2aa04841af735090e27e4020112b4e82b11f84
BASE_00001597	baseline	k141_22857	1714	4e3ec0595b0931d10593f1b129efe071815951cecba809f83f01353159a6d7f8
BASE_00001598	baseline	k141_8537	1206	06b3307c2690d584f3c2715047b10ea6fe058b777807244b027a446fe707e7a8
BASE_00001599	baseline	k141_1351	1034	a435b439c4c2bfd0bbe956e00b0697c88deb960723d211d155769b9b5afca99f
BASE_00001600	baseline	k141_15725	2643	fd3dc53ddbc886d941ae362dbc09124015cab359280339ef18467d618ccfd950
BASE_00001601	baseline	k141_8543	1341	5a26274d8b390ab3a39104441e8a3f00636d1be6d122f1ce3c7dbf9eb7fc9b1b
BASE_00001602	baseline	k141_22863	2145	c6020c154c880e2576f2def2e209d642f0c97590343dea04e73411139a0f6b85
BASE_00001603	baseline	k141_15732	1110	6aee7a9437cceeeab935700dc560b3ac02af01125dd926afc8a6d95fff6046cb
BASE_00001604	baseline	k141_15733	1548	a6e56cad1744dc019e2bb0a55949239bb0743ef5d4648287900014e37e7c8b8e
BASE_00001605	baseline	k141_1360	1498	e6979a6f87a8f776063994449668806ddceb3f50da948f2ec06274d493b5759c
BASE_00001606	baseline	k141_22867	3052	b70b6f59acf636fb6de41c2169070a223f24eec46e753f1231620ec3e1a81ddf
BASE_00001607	baseline	k141_1362	1284	e2d736ccf81d9499a93338da6f4938b503532628e2dcf4441645bb25381082c5
BASE_00001608	baseline	k141_15736	2300	7f32e546c432fa2f07006a2654a4f1c4553d78f6891b843fe01c8aba20669b1f
BASE_00001609	baseline	k141_8545	7433	97948fed4f89e3169ab2dfd30558122af160bb8d70ec6b5b3a1f72c19b1fdd89
BASE_00001610	baseline	k141_1364	1869	ddfdde46f62a14bcad28f5eecca055ddbc7ebf482907e81029800eed3030c181
BASE_00001611	baseline	k141_22873	1337	8d188ebacb3d08c1e2c65ac5dca3c5b4d866c41386a0309a33c9e9fca348bf65
BASE_00001612	baseline	k141_15739	1184	4a0e1e1a192b4e1a36f7f0db5d6cfc324b13f90ef2d46f1bc4fc07cb7ebd23ce
BASE_00001613	baseline	k141_22874	1016	5734d39dd7a946888ef91db3533af6aeee5544c3732c826c7a597dbc8b5e5cee
BASE_00001614	baseline	k141_15740	1118	7fbcbc45f466c3442f4a14e4e6a62ac8970c43bbdc93b8e23df22db4b563842b
BASE_00001615	baseline	k141_8547	2723	9cafdf3edc1261a581327dfc5a158392814ba47f52444b93ae6ead84ff6de744
BASE_00001616	baseline	k141_1367	2799	6f441ee798a80fea304c10d6127e137eff34e6ce18c0ff9db50ed7dc28d7ed3c
BASE_00001617	baseline	k141_22877	2136	7dcfa070ed3c602626a7e80caa5c47ff4c03eb9906dea1cc67aef9328a97bde4
BASE_00001618	baseline	k141_15741	2542	0bfa77536babba6c56bb7d98bf9b54d0ef2af7f32604f3450baa93a02a804dab
BASE_00001619	baseline	k141_1368	1913	f9d2ab9212188629373f6afb823e78e5c34e449c641a594b79e9fe7a4092ec90
BASE_00001620	baseline	k141_8549	2346	8d34e484a8524ffd1e541662adf7b351397b84b1dc5f00a7f34e2a573523d16b
BASE_00001621	baseline	k141_1369	1143	015da5ddaecb20b885b34776b12afb47a654a4193894c46570b593df0884f4f1
BASE_00001622	baseline	k141_15744	1323	8add6da79412a520a6756bdce94fee4ffb88d6dcf7485fd677ca6b9d5353e8ba
BASE_00001623	baseline	k141_8553	1231	e5ab0d4b22928a07202e3cd3620c62f31080d220aeab89083fcbb2192eb50473
BASE_00001624	baseline	k141_22880	2915	1503022675c0f37bc1d2f30e9a8385b1c2945daa9c1115fa9c41cc6af6d3d52b
BASE_00001625	baseline	k141_1370	2764	426b0076e77babb90089305b2989d90ca003d0c1479fa5b9e79c7eb524bde53d
BASE_00001626	baseline	k141_8554	1672	66d4980cf906c3d026944ead0ade9827a8565d1d4083bf30d59a82785c31a620
BASE_00001627	baseline	k141_1375	1394	89d63296fd5d08a698ae6ee64307abc49576699c81206f5fb025f479c5b27fcb
BASE_00001628	baseline	k141_22883	3049	f9f4e472a78339d90acbc1e1ab4e2b326ea79a766bb665caf94c0366ade82b4c
BASE_00001629	baseline	k141_15756	1132	332b1b4425c288063572fb7d5d33c9c8b0e898fda779fded6bdc6b6fa4d4e7c7
BASE_00001630	baseline	k141_8558	2145	d42f8aff81c875fb59750f6d685e72b51f11c10c5fbd7125c84045d05e1c4bd4
BASE_00001631	baseline	k141_1377	1801	38964f34d4e39f0ead1f997d7d6fb2df8e652df9394178defc28c0c792193fd6
BASE_00001632	baseline	k141_22885	1390	4fa4cc4cb897ab0643b5dfa6c553f6837a81db4ffdef2a870d13df3bd8d7caea
BASE_00001633	baseline	k141_22886	1454	284a98d8d4916f786a2b67cb244e4c18f34a14e2027b8ab641f3b71d54a92326
BASE_00001634	baseline	k141_22887	1004	61806ee756154d4f80ad2b37841bb976e80195c2b112f88651da01fe67276dbc
BASE_00001635	baseline	k141_1378	2664	a8e5c3a531c16532f1d7741ac7baa1fec5421d4a2b30e79517f0e1f2f22e7fea
BASE_00001636	baseline	k141_8559	4358	a908818dcacc32f454da24f31d11c71b8bbfc371954bf9bd074cae7495d64611
BASE_00001637	baseline	k141_15762	2205	87369d04cbeae1fd8631acd8d09a2819d747f360db28787c0c98cf2decd0301b
BASE_00001638	baseline	k141_8562	1091	314ac988b650970045082cacb24af34826d558dca5fca74ad1a3d9a0f3310b30
BASE_00001639	baseline	k141_22891	1705	9d4f36038d1ed8fc9ecd2f16ff648e84b92a40440b6c1853bc9b859ce8af6889
BASE_00001640	baseline	k141_1385	1084	e93a27a44376573375f3309c96dd6dd09a935230c5cb296c095c45e9ccf0ab0a
BASE_00001641	baseline	k141_1388	1095	303536772d2bde859cac9a28798cf2953c7afdf97fb16768b4090059dec4355f
BASE_00001642	baseline	k141_15768	3035	b2f72f52981ba6348474aa67ae8b28e90722dc0e48e9369fece5ae20f11d117c
BASE_00001643	baseline	k141_22896	2881	5528a08fec27f22aaadee84e70ec7e5cbbd82d825e3ff8ddb9ae97b0f112d147
BASE_00001644	baseline	k141_15769	1086	9142369cf5f47e962e0db623831deb7da9bf8f27cb049d528687666c9e13b9d1
BASE_00001645	baseline	k141_22897	1172	650cf0149bab8188d930f447206e482d9d2ac3905210cc07ceb6633ed126c7a3
BASE_00001646	baseline	k141_15770	1596	25a58a04f6c8a56a2dbc395c2cac4ba745cc021c7ba70ca19845d670523c4d28
BASE_00001647	baseline	k141_15771	1172	9fcd48f2f7a75e60e327cd9f1a52baae7af5e54a41de3d3f90d3da8437d3d620
BASE_00001648	baseline	k141_22898	2093	282c9cc050db4aa58f63e584e81ac470d269bbf35b2d320647f9855b7a7249f3
BASE_00001649	baseline	k141_1395	2585	353be6f3d475acf3256440efcd80518aca6f750f70cfda1f732faa0dadf228a0
BASE_00001650	baseline	k141_8573	5093	23ad5d4928b2df0cd3ff289ffabb2a693c9dc19a28dc59f68431a6c0fc23c769
BASE_00001651	baseline	k141_15772	2009	8f9adb459879ff10a626f9a97a210937194ff5b7c979504bf0a23c477a410df3
BASE_00001652	baseline	k141_1396	1349	394fd17b2365ecdf4459dc839220dbaa836a1b7cfa6beb801171dfc398a2b82e
BASE_00001653	baseline	k141_22904	1096	d003ea3f052f38439ba92806b4a9227207a98069ec7f4bee6832914a3d710609
BASE_00001654	baseline	k141_1397	1070	55a000973d76fefdfd8d97e85c56f76aa1c6688309069a8e80c887672bb12c9d
BASE_00001655	baseline	k141_8578	1289	5531b2f64e4d33c63f846089c65573984916d669e2834a348e42835c2590bcd8
BASE_00001656	baseline	k141_22907	1526	9dcd7592367e1ba6cba780fb107d3843aed1bc50dd9759bc90f3bf4d16b5b3a1
BASE_00001657	baseline	k141_15776	2604	beceaba44e1e74c186b2acdbd750dc4c14c215b29bc94d84f013993d8844c62f
BASE_00001658	baseline	k141_1399	2409	c4662f141c2e711ed0b25113c8358eac6fc520743c0bb39bb09edc54ac58a796
BASE_00001659	baseline	k141_8582	1013	a8baa144886f43d3c03af4cfabd7600416c29e7a31047c5ebf866fd6021c605f
BASE_00001660	baseline	k141_15777	1569	e767514c491254c26511e532e7f030b0b3a53830378628c9ada7ce319827d14b
BASE_00001661	baseline	k141_22911	2548	4ce52073ef4ab110639a83e2b951c754a629eb512d0697351476d359eeef37ac
BASE_00001662	baseline	k141_15778	3383	f88b0e6ebac05ebc68298beb97e8f521c39b7c71be96d38e543f85b939ffd2d4
BASE_00001663	baseline	k141_1408	1079	ab7e330c3c090584342ee7856aa8dd7597d0bfb7fe0bf14cf9c1230fb97b992f
BASE_00001664	baseline	k141_8587	2097	ce28cd01956710e5afeeb0d42c1056a62b2df73aa315b02ac8b584a8528e69f6
BASE_00001665	baseline	k141_1410	1119	44cf9a4532e38ee70e1403a2cbd96ca92fd276848786311add1c4f1742dedbe1
BASE_00001666	baseline	k141_22923	1738	c23660b6147a46a9f53cfa1447d10f06517d992acc31b722b3a9084c5227d8d9
BASE_00001667	baseline	k141_22925	1066	58aefe5399d55d902c3dc0c5596ef3f9cc6738ebbcbf9e00ea5072a4e3126729
BASE_00001668	baseline	k141_15790	1015	ceeec0c1270e3804b282b871d0ee3646e2034b76c37f03197f844db625193b57
BASE_00001669	baseline	k141_1413	2613	c6d5eb9e66f55745c4f1f21c350c0ddc23fe6d4c968ea3652ec60e4d947c8112
BASE_00001670	baseline	k141_15791	1062	36438e49a4f2076eb3d8025f6db74731709de3ca726c4e059c0a3991cd2640a6
BASE_00001671	baseline	k141_22927	1102	eac08730b24fc92bdc574374464f790afeb12a5cae47065e162b01247f63e835
BASE_00001672	baseline	k141_8594	3174	d00c36c0af4a117af5b1a0c81d704b0b2739b6e42e5fa0d3925be393468de5fb
BASE_00001673	baseline	k141_1414	2553	7913662b96eb248e053c070eaaa1b7f84fd757dcf2b515e9e7e28b9a9de7e019
BASE_00001674	baseline	k141_22929	1665	5d3847635426d8522cf3d74aa0cb6a4795ce1a75f24a14e665812c37d08d813b
BASE_00001675	baseline	k141_15798	1126	6402155e4b8fc77c6c5a5346ae939f9cd6169434f4c9fb8f2d05be816273f59c
BASE_00001676	baseline	k141_1417	1914	3afc5bbb9a6dd6ed3c775605ef98baa793a382cf15b17c05370e4253b3214fac
BASE_00001677	baseline	k141_8595	3357	498831ac70d655e2ec258babe13c9ff8e7344fd27c75a44bedd033171bb48ab0
BASE_00001678	baseline	k141_15800	1074	2271c0de2a39574a282e18796954142fad73dfdfcd0bb3a8cb552ba546997eed
BASE_00001679	baseline	k141_22930	2615	0aaaadda99f753c29c9d34449478de45dcfb69ab462b93c7eb27a38df8970769
BASE_00001680	baseline	k141_1418	2115	65c84d7840b56b831a3cee896cbefe58a572b85087ac4dd0a390d31e9a5c6c06
BASE_00001681	baseline	k141_22935	1266	f0c3231ecb6f57743219251072267116f45efc3db1af6ba09046c5d91c7d503d
BASE_00001682	baseline	k141_15803	2681	a8fa46b5db41fd896b5ca9e2cfc9c6152022a922613084eff29c1b141efd2381
BASE_00001683	baseline	k141_22936	1323	a49494fde6315257a59bfc1b8490258e92cf1a83672cc40385d3b7951e7f5570
BASE_00001684	baseline	k141_15805	1121	544240ef3ede8af376c61a700536aaea7b3e1fabac401b32e7ec7d1b0b5c7fe4
BASE_00001685	baseline	k141_1420	4534	a116bafef6e003b8e8355e3f27dfaff49800378786d2abe8d2bba310e415c5b9
BASE_00001686	baseline	k141_8598	7425	7301c3fcd7dde0c33bac43dacba03d51ca2c1c5c359eb45b2f9b9c9e9f9858a6
BASE_00001687	baseline	k141_15807	2152	5ef32f7303a9a138061c6210169115d44164ecc1999ec2c6ffa5a7cc616498ac
BASE_00001688	baseline	k141_1423	1003	b919364502b8d709147594fbd3e447c6423782b03f33d1e4f238da556eb65228
BASE_00001689	baseline	k141_8599	1993	7e3ec3d642440733372729a69587525caa36bdea2f70e93e9b9bf1923542a8e7
BASE_00001690	baseline	k141_22942	2683	718d8e8b14d4a23abed71a91eb9c1160218db5e31f8c19e6cd74ec0cfc7f601b
BASE_00001691	baseline	k141_15808	3799	b90c0ff218b280c50583630a75668194928f7bc09fdabb8970e9f1bd9d7b8270
BASE_00001692	baseline	k141_1429	1132	c778290ee7f5fe92e0812e6bec2459bd9e91d910f4027d81f30dbebf3f0f1f0a
BASE_00001693	baseline	k141_22947	1360	fc5776db31ff22cf3d0f23ed6b92b87d9d8d475130e9552e3da604d4090d4da1
BASE_00001694	baseline	k141_8602	2460	e0b4eb23211410918abffa4fb16659307012e8bddc99e37c6b93ac7cd9dd5754
BASE_00001695	baseline	k141_1430	1075	ac67bedae3a9335a946c43e23cdb317b36eed6a00637c881877c133c312b6419
BASE_00001696	baseline	k141_1431	1390	57f1173b9237197927891a7a70c1c11ab870e1175a070ef653643f78ac713263
BASE_00001697	baseline	k141_8605	1133	fdb6ef853e12375a4408ba2c02816237dc634f42d6f889b7a17d636763cf973d
BASE_00001698	baseline	k141_15811	2650	8153fb2ee3c172b6ecca9847e06425470f814fe0cbb15f5f0a015dc098e028ac
BASE_00001699	baseline	k141_22953	1172	dfd912918b1540a24569fef920763e0c15dad0a7f97a7f96a5e6c46b258b4e6d
BASE_00001700	baseline	k141_1433	1646	e107d5515f64120c32f21b7e8365d88ecbff73c197db4291b24515825be71cd7
BASE_00001701	baseline	k141_1435	1350	5a4f94d0986991b5978d62abb35cc523ac232c2ba6124b919654e3ecb08b9189
BASE_00001702	baseline	k141_8611	1712	de2db003e9ea61a5dabc66702f3681be3862fe2517a66de99bae8cef0f32aa06
BASE_00001703	baseline	k141_15815	3226	0c7d8ddc51a101d1793ad3b06259cd577bcc646d612b4f34ebaf24e85454f4ec
BASE_00001704	baseline	k141_15816	1962	e6b60a582555fa5482247ee2777f76390c4e7566e562523927eb1a5cbe920eb2
BASE_00001705	baseline	k141_1437	4105	088297031715c76d31fa813c89e2eb9a9cdea14cb8aec1aee1d0fe711f642244
BASE_00001706	baseline	k141_8612	3800	40880d12cd249df0450c27290124f4fa153a8d2925ba3b4c88dca7078dd5b948
BASE_00001707	baseline	k141_1438	2954	1594d51f7db5c3a171ab2127a0d747a7ee3ca7945efd7f8545c8d6241f713ed2
BASE_00001708	baseline	k141_8613	3387	9292dba17b77a09a9a6f9e31d2ef781f2840c47b40d0c9b971dd5a71e47d0d0e
BASE_00001709	baseline	k141_15817	3950	c3059efed1497882c7dec05b015f0eb4d60758ec957cfa498638152b6046a650
BASE_00001710	baseline	k141_22973	1462	00f1e8917d41213a8934360068f75825f3f3ed93af1eb4cfc290f0260637e4e4
BASE_00001711	baseline	k141_1441	1117	82b5de29a5a39656bb5e8a091d4ef4019578a261d3df3d4bdc85450c6a62e310
BASE_00001712	baseline	k141_15818	1852	9bd3d691037cf14bcbcf712dbd8f9a4b24a76d85e76745ba21fc879b878bb0ec
BASE_00001713	baseline	k141_8617	1121	1588b5cf3ae068ad92d072f442fd8cad6faca333eff45e24ee90e3cd9ab5b908
BASE_00001714	baseline	k141_22974	2565	bd902edb67f92c9eea54780b6ab1be76ed06b5fc9c545a50c94e654faddf3af2
BASE_00001715	baseline	k141_15820	2228	2f066bb000398cc29d95eee607926a5822c8d93667a47a9682b2839654e31373
BASE_00001716	baseline	k141_1448	1734	e48f2527dcffaad2a0edda6a43967f7fab4ce4fc499874747fc22f58c3ee668a
BASE_00001717	baseline	k141_22975	2287	3f1afc7a8c40df90cb980704143a36624dd123c98f38696ad74ce727cc0d0b39
BASE_00001718	baseline	k141_8621	2287	e44db3f570040c2b111d4a5a9ff41d2d659d3722ecb917f271f12503ca0aec1b
BASE_00001719	baseline	k141_15821	2945	f8c46919e2d78642d436e0a77ac4aec54f22f118cd7734e112c0454866fae77c
BASE_00001720	baseline	k141_22979	1030	db62e61cb3b37bf9f39808b8b2cf2c96684f47cfc991c4623da13c4ecd607c12
BASE_00001721	baseline	k141_8622	1304	03cf9683cab408bfe26d0d355533c17a2bc4c8a2b227f2f64633e8cd238878dc
BASE_00001722	baseline	k141_1450	5638	bfecac8ce402999233da757d0f1b14c8c4d8bb3559112549971297c8927188a9
BASE_00001723	baseline	k141_8623	4828	50f507b0baf18c277881ead8a12efdf1c3ed42331e0b202e917c2b3de3fc527b
BASE_00001724	baseline	k141_22981	5575	1914bdad05110f005fbe0f755bce663dd442f8658cfb82e39c086cc219865a6a
BASE_00001725	baseline	k141_1453	1048	d185f530c14d70b226200af67f629d1fd0a10ad45cd4e62c268c23d67f76c855
BASE_00001726	baseline	k141_1454	1366	398d3856ed6aadcecbeea1453d20df7ac6c431d49c23c9adfdc118517389b2b8
BASE_00001727	baseline	k141_8628	1318	c835b139a2766e173f43db1bb95c1220b609ab60d13f32469cc3af2189565ac9
BASE_00001728	baseline	k141_1455	2616	9e4927dba4c88b8bede8b0b88005369e4bc32f477ab2b0ad7214073f1359a5f4
BASE_00001729	baseline	k141_8631	1012	14100ee96324c7e757a31845225f67bbd68904f9a5855a745b55f2dbcc3c47da
BASE_00001730	baseline	k141_22982	5613	851b09185cd7a447e1e984efd2fcc7aac5a7849ad94e715acf8f0a01e81371c4
BASE_00001731	baseline	k141_15826	9762	1b98c931ddf978ecbc809709da4bde5085c008bf51753245e22471b1b7ef1631
BASE_00001732	baseline	k141_22983	1070	9cae4878236d658eadb93c73175e595df5b7695a15bb9f35b745f09ced22495f
BASE_00001733	baseline	k141_8636	1725	504ebc257b2386ab22b7a6695aab1ffb4bc487182720ea42fb995b4ad5736337
BASE_00001734	baseline	k141_22985	1323	4b58ae9a44aac0d361a462336f8c8447da1152233c532c10f60b8faa6f6e8169
BASE_00001735	baseline	k141_1463	1267	a59e5144b2136b9ea87c56c4454f2f17de93b7fa085064ba2d54eb8789efeea0
BASE_00001736	baseline	k141_15831	1386	d868c42d9b39a368f793e6a10c8536b79a7279e9290a16bc0732dbf321f238a8
BASE_00001737	baseline	k141_8638	1469	d6c66659bd80c980a99e1037a207d917543124872aaf397fd5ba0e80faf7da98
BASE_00001738	baseline	k141_15836	1303	a0dfdc67bd0af35a6631fc665cb733121c6432df796db1695a50ea6d2a63bb79
BASE_00001739	baseline	k141_8641	2047	df97d75896d4614e544092654838edd5fbf7cf6aab6e2607e0a14157a1654a2b
BASE_00001740	baseline	k141_8642	1010	1408a052d20df3f5a67560c0554cab62243ebeab0fd7c7710cd83022eb637aae
BASE_00001741	baseline	k141_22986	6485	76ad611493a821c8860e30a4494046ea6b56ad455c944e0686a159dbe54441b4
BASE_00001742	baseline	k141_8645	1467	d2799ce6c1409912fb88553731aade475f088b6a085a31874b539e54f4dc1732
BASE_00001743	baseline	k141_15841	1601	fcac05cb3daad6cd137edd6e5a7238709cb35b9677fbb9b16231a5716067fff6
BASE_00001744	baseline	k141_22987	2012	29998fdb6245272c19b37ca7afd2495ce931690d002a5e5d906a592f5726e4d2
BASE_00001745	baseline	k141_1472	5029	13369afd87d7344e8787b5136f3279e32ba26c6bf9c79ebc21edfa5ebcf63386
BASE_00001746	baseline	k141_15842	1023	56547e2481eec89604d5d148073e78acabb733e7a4a7562d7ef973e51e8f69ad
BASE_00001747	baseline	k141_8651	1450	19f33d30abcdac5ee5ab8c557919b3aa8437ebe0ff937fe083a0936fd73f2eaf
BASE_00001748	baseline	k141_15844	1288	b97750904b90353f436430f18231cca6c9c37a112b24bf8cf502acd9ea543c1c
BASE_00001749	baseline	k141_22991	1320	d946c6cef56e7fe175c1b82716ff321e4dc967d4a1dad821a517d633e82aea15
BASE_00001750	baseline	k141_15845	1073	7c57fa4bf91a415209ce6eb30e5cffda32727b60b41d238dd5b4b6ec5476a89e
BASE_00001751	baseline	k141_15846	1403	2671f158fe896c04a08e386ce6e44782fed03d09435cd0ee9f06c35142238a43
BASE_00001752	baseline	k141_8653	2184	1d98271ff083d2369a07c6264ff16eb904012c5b2d7ae264e375be1e8051211b
BASE_00001753	baseline	k141_1481	1115	3b48562c1a84e160762a5bdd5148d6d0371fd3f6c3116346697e89fff98d9f48
BASE_00001754	baseline	k141_22994	2137	ca4bcf55abb4c5c701888eede18fb45d5a20078118be5f633c436f8c005f64d9
BASE_00001755	baseline	k141_1484	1057	b5d424b8848cfcfdb9c48fe96402dc61a0661e979c339c0064de78fbed8b4c0a
BASE_00001756	baseline	k141_22996	1336	311253619754bf31669d193036a154b6b9f9a724862e74fb464826dbe73bad55
BASE_00001757	baseline	k141_22997	1413	09188be4a0439e0bfc29e291dc1b6351ea0b721783fc30c2db88e9a0a4f5f56d
BASE_00001758	baseline	k141_1487	2026	8143d43efc0a734bb4be9e8c0ba6cb02e250f1503a3f5349a259f69f59d28e24
BASE_00001759	baseline	k141_15848	6416	321b72c49ed67614f67d3a0a8e0299774726ebf83db7e10557edeb3dbccbb9c7
BASE_00001760	baseline	k141_1489	1203	10c60ba97bcbcba830e1b8c5e425c5678680628bf142b8aaf98d711234859abc
BASE_00001761	baseline	k141_23001	2561	6f2ee1da8c150c04172e74b8bd024a94ea741b4dce52ac883a7a9a691cc4df3a
BASE_00001762	baseline	k141_1491	1335	a9dbd035f5ee0f5f4918902dfbce2c952af06ea547c3c1a6c23a3e634ddf5520
BASE_00001763	baseline	k141_23002	1325	cb8f3b7ceed28a0e5a314e6ea8e806ba673931bd67af5a6768545c8db02562a9
BASE_00001764	baseline	k141_15849	3398	6546845800c9856ace252036e1b634623f4a1567b0c43d2b929d7b4bb9649d31
BASE_00001765	baseline	k141_1492	1976	c0eda96ddec16201ffe97c830e940067395200f4365ba6f8ac2eb45a9f43d6c9
BASE_00001766	baseline	k141_15850	2280	235d41cac9acdc21830460cbaef5b26caf1c1aac9138e801dea2cb30dea48191
BASE_00001767	baseline	k141_23006	1468	560336170b4ee53d6114ee7cd4059d7d8fe0abc86ac94fa0943e09a6c95f1136
BASE_00001768	baseline	k141_15855	1102	f9c332f4af0af63166ed8bc50d0ea4b1930c9ebc547c43d72f6b76129f83d0d9
BASE_00001769	baseline	k141_1495	3482	3261d60d5276fb435f4242cb2757f6390b6c9292dac0e1022e6cf02d8abd4106
BASE_00001770	baseline	k141_15858	1347	266d0b90f130baa3a0e9a0123235500043bcf0bc43558b9c914c5df8c7bbc0be
BASE_00001771	baseline	k141_1497	1142	5ed2253c37fab376d713b75f8e465978fe2168dab6f092bc86509082fdb6f0a9
BASE_00001772	baseline	k141_15859	1230	d1f21f5db06c48e82dd5ced34315a8165169f31c8a520e4ebf7efd37fee1237e
BASE_00001773	baseline	k141_1501	1173	e5b5d5ef7ca745677a2503b610630e4e57d37e8f3619c91847dae80b667df802
BASE_00001774	baseline	k141_23013	3989	aab4ffacba30fe26da4352a345a5c9c78c296d618ba854cf4b658bb99e02d66b
BASE_00001775	baseline	k141_1502	1173	76390ee28c394db8a20e47b83160b74fe57539b5601ca60b519691b6ae1536dc
BASE_00001776	baseline	k141_15868	1133	938cd5dc1f57ce19f1c5b297d06c4b044f45904d27ab391ca2aedc481f45021e
BASE_00001777	baseline	k141_23015	2654	2e761b7152bce1aefec21eba2c1fd67eb7bbe4fe92175953aefac85a00305cd8
BASE_00001778	baseline	k141_1505	1571	d6c599bffb9b6abcf57b45ed4104f92a7fa216c4ef76f8ab4c86813133f9d070
BASE_00001779	baseline	k141_1510	1035	15c76be75d8776ab6984d376dfda9ae3bceebc7a41d6af38dc5d5b0c0b3c45c3
BASE_00001780	baseline	k141_1511	1152	6c4e0eac6e0a063c31fedb5f46396ef1b16bc76dc829455775b7d758660aaaa7
BASE_00001781	baseline	k141_23019	3992	11dedbee85f986b224bd26dd1a321f05bf367e1cae6fd21d3cbd91de6865f873
BASE_00001782	baseline	k141_23020	1019	c7ba75555c828d728e563a95a431f2433f1f5a98b921d221dd23068f1c97b85b
BASE_00001783	baseline	k141_15869	8333	c9cfb049ab2fef21846e765662a316b178da79129aba6873b2f166f6665f457e
BASE_00001784	baseline	k141_23022	1383	ed6796cf3cd678466af70ab63cb3093e6ef7b871b62e3c55ec143862d07080ba
BASE_00001785	baseline	k141_1514	2458	97623d7ba9768ad88502c9179c0d1bb5a0d1aaef742301e3161ea65f07869487
BASE_00001786	baseline	k141_1516	1680	a6e7b1ae237e2e732719ce47e81eaa3803ab9c3116e08632f8bfd55870dc55b2
BASE_00001787	baseline	k141_1517	1036	5404caf6730ef2ace296722520adbe95df64d18c1aa1ff19482138569ca4ef79
BASE_00001788	baseline	k141_8657	32664	8b4436598c8a38b5d6dbf675ffb5576e03a192bd5cb955b44416f84daac174f1
BASE_00001789	baseline	k141_8658	1519	ec6973ae3757e3a47f8933ddf4b05eba7521dafe3d74e65c7d79695b49dc1c92
BASE_00001790	baseline	k141_23025	5586	588bbac67e68647158164aa4a83eee83c1a54eca6e32b55e2457fd426a774b3a
BASE_00001791	baseline	k141_1521	1479	61768539b5ef76fa71199799bf1affa39a179934a9ec66e66bc387b12fb2a5fc
BASE_00001792	baseline	k141_8661	1301	9b02db3618da9112a16bd6e0d75a9ffa76db7aa4429c88e627d67a69cf87ec00
BASE_00001793	baseline	k141_23027	2477	466336c320dfc1ed4532a9c4dce9dea66ab6c3ee787f56d09d63b02a76c6f219
BASE_00001794	baseline	k141_1524	1632	6ea0e77881e9959faa037913e2ad13914db66006469630aefb0245ca59b79e7f
BASE_00001795	baseline	k141_15888	1015	db9b24b37f71bcf3e6ec66509ab5b8d4549dd53ece988a4bf65256540b988071
BASE_00001796	baseline	k141_15889	1663	aa4cf08ca48375947c846fe9dfdf39962f633b04b44bfd429f43562c9b995bbd
BASE_00001797	baseline	k141_8668	1415	a286569182431f215f5eccb4a7ee1ebfe8dd6d0f19d2f9baa0dd55fc77f8437a
BASE_00001798	baseline	k141_15890	1110	a837b18f33697494606e8e568111e9765b35d420916568560d60f0083f5e5010
BASE_00001799	baseline	k141_23029	3370	43221686778f48bf3c47ac9d2bd92f15b0ea8a7a47fef2d4791ae976bf69dba0
BASE_00001800	baseline	k141_8669	1303	deacd2923caf8a1a5fd2d2ae0f3a7bff29da2c506725f4fa6ad38f4283d56d25
BASE_00001801	baseline	k141_1526	4050	041d9a953fee47e9a0e82f486d4c68288142b96e90dd063eed558c89a905947e
BASE_00001802	baseline	k141_15891	1934	1ccb3968b79125ba2442142a55de1efa4eae16cf589bf14c8105ec606876bf8b
BASE_00001803	baseline	k141_1527	1135	e1a9fea291144158ee7e034b1db493b0cba987e5d665581341edbae8ace8d02e
BASE_00001804	baseline	k141_15893	1156	af279d9b65d71f76adee1ff9ba26e3a10c618ec4020436bec50df3c95303e764
BASE_00001805	baseline	k141_8672	2991	fce0f797e09e726bf950e148a4f6ef9ecaa309ead9be8d35bc5e3a436eb6a8d6
BASE_00001806	baseline	k141_23037	1241	e9d498f9ccedf75d73ddc8a306e5694cf5fde9abaa886f5e4eface9bf8e8a5d5
BASE_00001807	baseline	k141_15896	1401	6c4ec6059cb2e8c19522677a4e767b1222dafcc9838ddba037a88c6e3484e478
BASE_00001808	baseline	k141_23039	1835	bd1b41e86bc85a3d1f3cbbf78a237763064b8102e70587263efec7838a2d8d49
BASE_00001809	baseline	k141_15899	1005	b7b7dbeb507a6156d9d6de39450ab2ca23c08f115075806dfc1740ce22831c61
BASE_00001810	baseline	k141_8679	1022	8e197c3615695a806292e2dd37250bb5d6e11e20ba77147e5c22c4a3ab5c65fd
BASE_00001811	baseline	k141_23040	2980	29f99186c45bc9247d57ad9c334c4070c5e26fc00a99aafa3fa9ba01eb244c60
BASE_00001812	baseline	k141_1538	2859	c94d4338055ad6a5d90da1f2bcc5447be74c483fe8370861f4cbd205355c6a9c
BASE_00001813	baseline	k141_23041	1148	01805ffe9cf23807f6fd0d0face4962d83f081e1d7cbf802b588ad82f47dedd1
BASE_00001814	baseline	k141_15902	2862	ba0ea7eb83184cc10d01124e6804a7a06ad7df3f758d9925ab8e6d430fc0813c
BASE_00001815	baseline	k141_8685	1221	6dcd940bff594ceb733cff641bbdbb54d17d54e3c3d4a23df85b8b7e25dae944
BASE_00001816	baseline	k141_1540	1444	0cadc31abd63e01e1df5c58a83584ed24d8194933c3e7d71e4adc75bb57e729d
BASE_00001817	baseline	k141_15903	2755	4bf799ed6e1eb412e66122c95184f3593bac88909ede0a23e8a88dfc97620e59
BASE_00001818	baseline	k141_23047	1117	b6e35e3be4197616bbcca08464807b1b6439e9309988bf0531aeb0f1610805ad
BASE_00001819	baseline	k141_8689	2230	4ddfe751d32ca490f512a6996d8a30394389fe8cb99652489a1f53c9bbf0595c
BASE_00001820	baseline	k141_1545	1048	0a150fe6a4ec6d1a8177de728d0d529472c3d021394635695785952c7b3fd68a
BASE_00001821	baseline	k141_8690	1107	e7e5e206eeddee7bb98796c22de8191a31c41326862d15a6cd35248ac951aa8f
BASE_00001822	baseline	k141_15904	2800	2e608f7591b53bf4b11a67d4ddeb115584f2e0f17b428c402f0933c119661c39
BASE_00001823	baseline	k141_23053	1223	90fc9ea62953268d57669a3fc2eb0a61fe5b251ff5b8cf2beb7b2aeca4226531
BASE_00001824	baseline	k141_1547	2980	169f10446021aa9a51c1505732659fc8871a4543638a4c8ed60641f7c0272145
BASE_00001825	baseline	k141_8696	1218	03469993ca61f652b62422a780b1fd5bef1f8a2524ef423bf04da496d2a1f035
BASE_00001826	baseline	k141_23054	1624	02df8b0a0e1a6977a83d5e40d75dd0d8b4c320b295572cfe30cffe488f6ea2bd
BASE_00001827	baseline	k141_15911	1553	7e500f9429f1c85e112999777f235e8b99f3e721d02517e817b9416a3c357fdc
BASE_00001828	baseline	k141_23056	1047	42e9f0d2b820cb00a7f64b72a4892d04b1f7d276f4999b768aaa577e940d0166
BASE_00001829	baseline	k141_8698	1643	b11606020ef7562e6ef4529e753ed302707677c0cd5d4e3e887c7c9450185f39
BASE_00001830	baseline	k141_15913	1323	5c07f38d3a2400f86016fd359fa6efb4b6e7c026fdbea1cf41bbfab6d42ea5f2
BASE_00001831	baseline	k141_8700	1520	b06a88b01b92065fc14a4e903f390d5f931559995328b859a5ebbe8bf921d7f8
BASE_00001832	baseline	k141_15914	1883	eb92ca673b3b1d381b10a536f072ebf3da6ce4a8893284397628f5e40d4cab4e
BASE_00001833	baseline	k141_1553	2823	ad6a1b3680c9acce61d7845aa3d63fdf44f1a2a4cdec7bce34c6bb50503c9c10
BASE_00001834	baseline	k141_23058	2876	bf5583d1f46404ab3a55024475ce819a89ca1408bd84356b169e081b2d6bf4b0
BASE_00001835	baseline	k141_1554	3403	9e5089dab57c736498de7d5ad527cd525a35a4034747a42029c3be82a927b490
BASE_00001836	baseline	k141_8704	2775	1a07d209f792a1eee77850d943837533bdd57d519ca4e811422a0dfc91ce45aa
BASE_00001837	baseline	k141_15920	1844	218e8e4a501833391438d5dd889a3404d20f0f82a9e71a19dd5caf56a8663529
BASE_00001838	baseline	k141_1555	1364	91239b412dab5cbd1e8f5caa2115e1d41b86eee92285d64cc25761c468307b68
BASE_00001839	baseline	k141_23065	2035	f1502a514809b8b3636ba820adbabfca9ffc7bc27d769d6f4332064d94ffd5a7
BASE_00001840	baseline	k141_1557	1507	9ce664ff96962f4bc5adb82136453bcb056a3dc693d9cca4bfbc68f79cc8f4b2
BASE_00001841	baseline	k141_15923	1782	60dce90130be95bf4abf476cdf47212790bed5d823879fa86895c79cfc4d56b8
BASE_00001842	baseline	k141_8709	1483	7b1e9668a1c9313524c590c8c9a73c2c6b45402297b5fe206667df7ed7406573
BASE_00001843	baseline	k141_1558	1429	ec6f3c01f836baf65f9410d2607f76b2db70b3832b259b2e6e19695919fdaf0d
BASE_00001844	baseline	k141_23071	1690	d98979f7513e31530a0881f3c8f63d085a43cfb7d81712dc3359d00716a6277c
BASE_00001845	baseline	k141_15924	2015	23950dd3245f6e59c7215b242646201a683fe4bb9e4f7609792b8f6d7e755e8c
BASE_00001846	baseline	k141_8712	1185	086d6e3d8bd813c17901f422e2a53664070e168dc7570224fe30e37e751a6549
BASE_00001847	baseline	k141_15925	1653	2895e7ec87cddcef0b778915f92246eb6f61a29e92fabd48b515b6da364ef9a4
BASE_00001848	baseline	k141_15926	1174	e09a83e0c2250e885a24e133f5e72ff404058627e7015d39a628a00862f36269
BASE_00001849	baseline	k141_23075	1733	f0c59982e460a86dba3aa74a26eee82868efa8996fbc580975ec65f414a45ca4
BASE_00001850	baseline	k141_1563	2559	762bfd1388306b5981240f71ae6d4b5c62d705b13ac52bfb8407d169481108cc
BASE_00001851	baseline	k141_8719	1724	3ed7a2065f39e9d588f7f2096317bfada41e4317b0f2d541469dd354789fda5a
BASE_00001852	baseline	k141_23076	1752	9a795b73ddcc36059ab1a12cf5c9fc732a96250c4e4241e687568ff80d75212b
BASE_00001853	baseline	k141_1566	1947	1fe01b23624e5b71f2ee94169df90da8be6d4c5210dc58210e30331861513a3c
BASE_00001854	baseline	k141_23077	1278	db9cba2987f6e531b1c455737f62e881320d8aa928160c823edadf4dc1457503
BASE_00001855	baseline	k141_15934	1540	d94cae4bf3ef3666ff953d0797a56c0ea5faea74d4230cff747d17c70b92bbbe
BASE_00001856	baseline	k141_15935	1078	fa10718bb456c22050bc1876a98be993cc4d978a652e2f519c4130e06cacf751
BASE_00001857	baseline	k141_8722	2385	c497a58b0fb376f8fe94b91d85c66d156de96086a674a3a177a2665a1e689af6
BASE_00001858	baseline	k141_1570	1950	d381c8ce2a03d277064826c2e7762ac44e12aab435adf273dd0d077686a8266e
BASE_00001859	baseline	k141_23081	1043	1f087da5b26acbe820dcc89c50e159496abd1c0b82c0a5c4a8924fe0aab4c6c6
BASE_00001860	baseline	k141_15936	1270	fd60b0d3c3458a6e045d6f8ccec7698963b71114dd7824f80cf939f5a7b3b6bf
BASE_00001861	baseline	k141_23083	1097	1147c88115d3006ea6e952b0a4e955518a60b3853cd3eb76a5c3b574352ea5a4
BASE_00001862	baseline	k141_8727	1278	1df46938799e73c8c3f203dfe0d5e9ea8f12aa4d6bd482ecd010046418753a79
BASE_00001863	baseline	k141_15940	2392	b17dc210c81fdf560861be799f31bbcf614700ed35583dc5220d7c2a5056fdc8
BASE_00001864	baseline	k141_8728	2360	a4c5de9a450ceef069f3f46e8c18562df87dc099127f0d02f921bde1c5b07133
BASE_00001865	baseline	k141_1571	5613	31920e8af04f0e6a5f57730273ccc156e82e415d39275b9456e937b21ac9beec
BASE_00001866	baseline	k141_15941	4047	16a91a0eaec8ccc445476dc2fc5f2733932b7ab970cfdae6708f4f231b50ef56
BASE_00001867	baseline	k141_15942	1038	e5c8112f1dd7f1f2fd07795006fabe7cf04d84749172457331bb8139d7c01df0
BASE_00001868	baseline	k141_8734	2653	e48814a3dfd2086ec9196c61c83730bc367a49833793f471591589a9ff44fa3e
BASE_00001869	baseline	k141_8738	1151	560fafbab027a097e250f339c475d1fc4ddff032f8552b292d8f6d7c6f7f06e6
BASE_00001870	baseline	k141_15944	2386	3d217475ccfff301cad7ef26d451146a1817cc547cc892367c4491723aae0a1f
BASE_00001871	baseline	k141_8740	1110	18949dc778c859dd173be723b578be6c51bccbfbdcfd5ea9b9dd027accb797d0
BASE_00001872	baseline	k141_1573	7861	9557ca05cbcfbcfe413c155747cd4c72cd499648d9cc1340f9cd51ceecc8d4d3
BASE_00001873	baseline	k141_8741	1051	d7cfff60e3181e14e52a686ebcc8c1e15e58c41d2275d55eebbf0b3d7b5240c5
BASE_00001874	baseline	k141_23085	11931	b1ea23b4a7349d080b6a099f675f26202ca24c8d32aae6147b62e684c4f22055
BASE_00001875	baseline	k141_15946	1860	75575c7d77b10fc30d0571f4eb89036ff250774911e912cd3903acf69bd33964
BASE_00001876	baseline	k141_23086	1295	3bf50c5c50f09db690dab717c11fb674f262d11aafb740b9a88e38cdcdf13b62
BASE_00001877	baseline	k141_1578	1462	b60f565b87810b9e0eaed9e98f92c9a146cb51a652408e8564bf8e9b2e00ce88
BASE_00001878	baseline	k141_15949	1921	1041fae7890153a28f7bc9377493cde964a2deedd289ae9ac69a185b8ca61197
BASE_00001879	baseline	k141_8747	1310	27ba90e5f1208d81708ff9239ae8a2e866410d80b7f5a2373be222d9a2d3f5d5
BASE_00001880	baseline	k141_23090	1225	38058ed16c3fcf0ceea17c1e1f2f21ad2d948b8d1015899412d667ae86690d66
BASE_00001881	baseline	k141_23092	1001	e3fcfa9dd19c5002f245d2cb1766077ada175c011edc5831cf89474e2083da8e
BASE_00001882	baseline	k141_1583	1149	999ef80934b4e1be0f17711d541e11d9d2a98f63517542deb0187d84ca82dccb
BASE_00001883	baseline	k141_15951	2940	891f2da3b5f760fdcf35413619a317a1327ad7a87f7b40f979a8f52468d336f4
BASE_00001884	baseline	k141_1584	1001	ee2ff3a795429c5abc23a7d6111641eb2bc46d96cd8b28fc3b0001932dad1326
BASE_00001885	baseline	k141_23093	1296	8a541e19a6da8c88a388e3eaea9cf4546bc75c2df30886f47612c2019a89bda6
BASE_00001886	baseline	k141_8755	1223	8e99c908b897ca7e7db0564d6754d4718391c627a15b98eef94ffb6fccc36b17
BASE_00001887	baseline	k141_15954	1263	f4a0f6caf06bffdc83f475883845859b6807deefd22ed1c26884042a7624cb50
BASE_00001888	baseline	k141_1587	1019	cc4b9f20b7d3177d3823c82934217bec19a925d6e40a50f50d927c2f32152296
BASE_00001889	baseline	k141_23100	1412	ff8a594ea2dffd7a9db23a69725da4fb56fbad52b684139c760975fb40e55a6e
BASE_00001890	baseline	k141_8759	2679	d1051e33d75608629c530effddd43ffe9a6217d5d4e1fedb102d54655cffa7d2
BASE_00001891	baseline	k141_23102	1138	595243ac22508929122663ab714026ddc5f0c38724f454a9db52abc9bb1fdbb7
BASE_00001892	baseline	k141_1594	1968	5946fa94ce14b6315e50a9404a393b7522ec6e3cd2fff890953cba196fae3f93
BASE_00001893	baseline	k141_15958	4621	d02fc86e6c8133ea18c8d1efb3abe0040f264ae3311e5d679d985bee4b07c9a6
BASE_00001894	baseline	k141_8761	3335	7dfd9ae6fa8a83b10ed1bf450963e68a40236d00efbd71eb8700093434e3204e
BASE_00001895	baseline	k141_15962	1941	98dbc593f870557f2070ccfe3d084a348dfedea2c52e1a5a0b3a2b500b0d92ea
BASE_00001896	baseline	k141_23103	5912	39a1d549a3bb7c4d278e216e9d1465e027055ca3abf1db61c2d2dacccc106ff9
BASE_00001897	baseline	k141_23104	1399	7eed010b0effd6e6e7834d9b079935b6685c3348710c467349139387e97cc7b9
BASE_00001898	baseline	k141_8770	1005	08ad586c9a10098d1f1e31348e1673fb638df4bfe5ae6cb86a59450720e44122
BASE_00001899	baseline	k141_15964	3172	e2497231c2f496ec2150b6603b507a284b02b4963cebd747dde5e34b6db9a9b4
BASE_00001900	baseline	k141_1607	3285	dddae15d8bafdc9665d55c7a17b661a389a457ccdfd1dfd81d4e13919dff4229
BASE_00001901	baseline	k141_8771	2186	ce324e710531a0d21e8a1954d3e8ea7e6443e6a5cec4c2fa5eb5bba484dbdbd5
BASE_00001902	baseline	k141_23106	2133	221fddcb38dfb289f24364e01d2854f7140dc510238335b8e30278f049fbe59d
BASE_00001903	baseline	k141_1609	1289	1ad723243ff9f27803e890bdd3a8b33ccb8efeced3c262f0a06e774cf7c14d4e
BASE_00001904	baseline	k141_15967	1852	3e71ab3b6eeb3a307384c1a6c141170ba936ee591a05357f0a5bdd09a49792f0
BASE_00001905	baseline	k141_1610	1298	011ffa5dbdcf8a6040d148ca636986c557bea6c151abe7f92671a657a6bcefeb
BASE_00001906	baseline	k141_8773	3158	68f88f18cbc785a48d0571907efbb40e918373ee3cf99fe215ba9925417efe1c
BASE_00001907	baseline	k141_15969	1180	1e6355d5520b4de61cd0bc08e1ee457ef839abaf75c8c26b8147fc648f4ed045
BASE_00001908	baseline	k141_1611	1226	ef469c92d5ec23f0074de8b13b355ea7ceeb85342aacb5ef216460997c2178a7
BASE_00001909	baseline	k141_23112	3044	0034a2bb25449d19e160f8322701d44ccfed3416c82a7d43d9a0de1cd85cca60
BASE_00001910	baseline	k141_8777	1712	b67fb98f64e1d109e897de86036c3d80b2255b45383c3c160b5f43aede4ed802
BASE_00001911	baseline	k141_1617	1523	5df0dfe71bfbcbb5475c6c3a265f4cf9c6e5d393b58e7a5accefd0fe94d03ece
BASE_00001912	baseline	k141_8778	1453	75f14eade45a87d83eca8c87db498361120b7a2bd64c60cd82ee6fcc809ff930
BASE_00001913	baseline	k141_8779	1736	fbd093d891ca9b462962890b5ee82630fa9103a5ba670fc18557fad796a075ef
BASE_00001914	baseline	k141_1619	1186	074c7f9879620c18ba8939bd00eb94bd164c3625d63d1a08831c0513d856dc8c
BASE_00001915	baseline	k141_23121	1121	3a2f254e704e528b62dc2de00ebe2c920e29dfaa2be5f9b570d81fc54c9fd054
BASE_00001916	baseline	k141_15986	1274	d1e92ed314c2b84c9fd8c0bf118e1805d8d228e25a8acc495a973fbe4b51f371
BASE_00001917	baseline	k141_8782	1649	00e6026ba9c0fb036d8ac62f4fdcc854bf61be0ffb32ef1fc3fee4cee07c3cd1
BASE_00001918	baseline	k141_23122	1093	08ff48e69406e8f69bf7182da01c8fb30806b89b0781cccda739446b406edeb8
BASE_00001919	baseline	k141_23123	1619	b2369430fbce442f228b6b9d9fa1360cde95a1e9432908604119db2d79b55253
BASE_00001920	baseline	k141_1622	4110	2c7c95deb0fd0fff89cdf2b7d6b71943ed95d113e0e33fc8435510c1038319dc
BASE_00001921	baseline	k141_15993	1394	d352cdaaf65c208b314d9a1581f0dcce9b7a8037e2515a7faabdea3aec853b21
BASE_00001922	baseline	k141_8784	4261	a9ff2f33b7347cfdf57dbb8966f870c2a62f14e46b63b8aa02e8f0c73c57b0d4
BASE_00001923	baseline	k141_23129	1086	41d6d69930f9ffd604ee9a2f3381a01ca4610223f1ae4a67bd438dda71c6e3c0
BASE_00001924	baseline	k141_1629	1086	9deb8d0d4b2e3b3394edabc3c66b6b9e1b92356858daea06d4ffb5ebc5cc03bf
BASE_00001925	baseline	k141_15997	1030	9a26e24221761e35afb8dae2c5009838a3cfb3bb3ce83bb115232413db6d2c35
BASE_00001926	baseline	k141_23132	1053	edacea35bb1b1317a94b834321546fdc202cf519fdaa1fd3ee02c826bdb5e8d5
BASE_00001927	baseline	k141_1631	1031	36287d143f5101c4b20bc136e80cd5898354d135f581d24dc41967665d6ae269
BASE_00001928	baseline	k141_15998	2418	481e63c6bce7228f300e515d856f02cd18f10074db5a3c92346bff3b140bcfc6
BASE_00001929	baseline	k141_8787	2819	646324fa8c926c91671dfb11d2f6213328e8f75c6b7086fd20fd757d79ba6f4e
BASE_00001930	baseline	k141_15999	2530	5684d290a713e45938306ecbf82bf9aafb6a2a055c52592f0607f723f88e2350
BASE_00001931	baseline	k141_1637	1342	4e38e5e1dc1d59cdc75c8186343e3270c156abc29187a2ac86ca9dd249a0bb7f
BASE_00001932	baseline	k141_16000	1120	63e3988fc867e9b1cbb95793c6eb9d6efd86debeb9912a25b443c9d5524adeb7
BASE_00001933	baseline	k141_8794	3175	29aba807f4919101b3f898d83456042a3f29123f72860b9178332371bc5bacab
BASE_00001934	baseline	k141_16005	1007	14a5138feb1c3403a023079a7fc4263070e945d709654b7a09ecae9fd63aabcd
BASE_00001935	baseline	k141_1638	4947	e82ef83561678aaa8b40d0c62ca9c397af869bb9e8605e3922389d8fe93199f2
BASE_00001936	baseline	k141_16007	1652	1bac6de293a5c04cc3deabc888e34a24fe12a46884c0a1b3352b7188db98a081
BASE_00001937	baseline	k141_1641	2039	cb4980106462652846c22526dfb760458357dab3c064ac188c753157a4cc35bc
BASE_00001938	baseline	k141_16009	2243	a8f12a72f5538ed5289a37b780770a1f3331be310e7e4bdb7118a384228ee2d9
BASE_00001939	baseline	k141_8805	1391	be6abe121d50cd49da9acd1de3481207411f250520b1ad951a84196541a24da1
BASE_00001940	baseline	k141_1642	1209	cca5bb6825fd2baef87d7ac0cceb8d97b316e6ed6dcf90c8a83684b500a0bd6a
BASE_00001941	baseline	k141_1643	1024	da09e800b47705d14c99332c35532d9bcd9eea9615010dba469d75a0a78f517d
BASE_00001942	baseline	k141_8806	1305	7cc3ad3a0522df8e65e8b7fd74b1111aabb0660fa6c30504d22f13703cc94afc
BASE_00001943	baseline	k141_1644	1587	e609c4a61ce693daea9721f77fb774c6ef2dfef61c065ac5f2269dbae48971ed
BASE_00001944	baseline	k141_8810	1819	d1e2c9ef72df24ac58168e8275b79297af5d5b678ff77a0b5cf38fcda4e6da9a
BASE_00001945	baseline	k141_16016	4431	a0add27c9fa4d83f0c994f9616315d18354f8e67fd69e48600ed95a74dc08fb3
BASE_00001946	baseline	k141_8815	1289	2cbfbd063c6f4384935796b8110a562e02101612f34938d889315565b49fd0ad
BASE_00001947	baseline	k141_8817	1766	a1cc771fc1eede52f99522d2ed8859ff2d69c43d35a733802e7aef5dbc0fd164
BASE_00001948	baseline	k141_1646	6987	71135a0c9b67af56d748966ca2cc0a62db8fd103a04637a5d38507c080c9d0b7
BASE_00001949	baseline	k141_16022	1001	546aa3e2103268db90e7098a37c578c4184254dfdd391ceed534cc324a2aee2d
BASE_00001950	baseline	k141_1647	1817	8db79bbd6df68854549da9e26bcd3a1f846fc5e046ef3010bb62079a4a3f21e7
BASE_00001951	baseline	k141_8819	2349	57f33067242f11bf0c7605b7adcdad7baa745c129835bcaa5664c58c9bc50f77
BASE_00001952	baseline	k141_16027	1765	ecbc1fc092c2f65b9849beae7b7e23839c3204c9baa9c3b6d92cdd563f54b04e
BASE_00001953	baseline	k141_1649	2176	de0f01b34ee027b3a3345c3a03161dc2d6e2e8782e3caaa09d2fa201383cc4b9
BASE_00001954	baseline	k141_8820	2270	872e7b56278a507cd576664120384628e0f3cc03eefbfdd0159fe40bbf31d428
BASE_00001955	baseline	k141_16029	1078	47f62699d96e37142b8aeaafbc89d26ab6e6ade87254fc9670d4d6f20c91769c
BASE_00001956	baseline	k141_8821	1189	df758930694a6791d4d3d62dfb9d3e1293889fc48c0ed2e79a07576a8f38faff
BASE_00001957	baseline	k141_1652	1175	9318f4c8b7d8fb4dcd7b87286f71664159b1cbe31e56d8224a9893dfd4ca6a04
BASE_00001958	baseline	k141_8824	1194	aa29c3441d32c6171ec4ea40e78f9a847bc721ad2b17618ef88bda33e78fa17a
BASE_00001959	baseline	k141_16030	3273	c6e111f8cb19982709f9785ca426e0ccae4ed86b60e894262afd84e911c84c72
BASE_00001960	baseline	k141_16032	1824	53e2441accd486550d622e2c33cfb475619dcf43dbc67180d3ade99839737e56
BASE_00001961	baseline	k141_8827	2204	9812a39b530571aa181c92d9fbb0a12733fa8244cb9bd28605211e5239375e90
BASE_00001962	baseline	k141_8829	1178	e3a69c4c113ff7fba7b923b2fd935cc6185b974a2547327bac5df3ef88fc6b95
BASE_00001963	baseline	k141_1658	3164	30b6cc068110f6d273922ada5fbd2597e369bab82b3ffa4ae749aa9d5b5f31fc
BASE_00001964	baseline	k141_1659	1283	2425d34396bce21d4af1fe3bc0204c1163c05794d708afbf7d3f523acffaf943
BASE_00001965	baseline	k141_16038	1121	bf8948e811f6b04b6623e53fb002f2d050a2adfed56511563d03051876d8c9bf
BASE_00001966	baseline	k141_8833	1695	b26324d2c9ddfeb3634406f56a21607a6c8d7288ec2a3b727112ec7e217a6336
BASE_00001967	baseline	k141_8834	1101	b2e4cfea6b86100333e99cfd008670c6e8302a29e4d668c9110ace259e8680a0
BASE_00001968	baseline	k141_1663	2115	2c04ed08f1ef848da5c7699ca7f364f73bd13dcf3b556973ef53b311b306e39d
BASE_00001969	baseline	k141_16041	2638	a04feb95061ba7ebc6b3629d8f4e716697606b3e3cfad0c2b0708ecd29c81451
BASE_00001970	baseline	k141_8838	1585	2150a0f8755b67cc2307b30fa2d145445ef548a1793eaa157f92de8ad5548dd1
BASE_00001971	baseline	k141_1666	1506	e81c91f4d93ec22a12ff204a8804762fad4a3f21f615306e46ee6c211d3e385f
BASE_00001972	baseline	k141_16043	1957	a7ddf0bf03ed71e0079ea6136aa5f530ce4e291aecdb2f9ccce46c9c05bf94fe
BASE_00001973	baseline	k141_8840	1703	129fc0e9ed6e1fa1bfc7a2962913040f08f730c70c74aad75ffd1b74f7f096b1
BASE_00001974	baseline	k141_16045	2175	4a094bedd24f22239f4a3b7c31b01f19cafd0c796f2aea9537eba1221df629a6
BASE_00001975	baseline	k141_1669	2234	b23d465b92529ee8a2e690abef8b8bd3f97a49bbfa06e22517e381b83b1e0cef
BASE_00001976	baseline	k141_1671	1274	3b3043fc9d7a78d96052de990514f77bc8804ab2f9739a2998814d478a0e2348
BASE_00001977	baseline	k141_8844	4132	3a5efba6dd6d013ec7907822217cad8b750081162ab408ab463f1c7649c488a4
BASE_00001978	baseline	k141_1674	2280	2564e6eb4670c917226471ae675d48c3f030540a7143d77eb8e88b4f5012f90b
BASE_00001979	baseline	k141_16048	4787	455116626915b04ba932b00cac4e8af848015bb06ed3d36ad8fde1baae377a1b
BASE_00001980	baseline	k141_1675	1354	3896d46df46263932c8efbf3f4b4e067178ca73e332272bb5aee1522f0469cbd
BASE_00001981	baseline	k141_16049	2365	4e8015dac6af46e1678a24564ea5134ffff5ef146a2ee1911fcb34e72f4be3ab
BASE_00001982	baseline	k141_8850	1185	20099ec09819b0cc2b4aa34c0ae1ba26cd83d08d1142a923764045ab67ae6908
BASE_00001983	baseline	k141_8851	1141	64004ab1fab7fd8712b43ec43270698c7e55d480158bc4578e431ba765d50245
BASE_00001984	baseline	k141_16051	1039	ec4567ca9173c5e45396f867faac93a49592ffa575d442a08aab74c4e1e87b44
BASE_00001985	baseline	k141_8852	1374	8b3a0b8459ee26c98a0e0be6c61a426952f5743d48246e3c297c6905c312567a
BASE_00001986	baseline	k141_1686	1355	f568aeb78041b638d881149345e31a0d501ff705990846ad3203e19ca9c5a5a4
BASE_00001987	baseline	k141_1690	1151	c440f05bb22da2ab65de66b54718c05e309d47ce1091b2cd92cc4be7994270a1
BASE_00001988	baseline	k141_8854	4988	65ddec579d3d6aafb00406f83da956169fa9bec8b126a7bfa2730bab89390f8c
BASE_00001989	baseline	k141_16053	7195	b0153896593b2977d568d05ab81c21ba63a66946a4b62d5955e68c3a46ad865a
BASE_00001990	baseline	k141_8856	1217	4ea6acf31cc6d61fc66189626a0297dcc73ef9d1a656ee9e96dbcbb401981b1b
BASE_00001991	baseline	k141_1692	1161	76817b60adb341327ef72a905474bde74ed27b32c522a5e556e8ac4ade89a0c0
BASE_00001992	baseline	k141_8857	2250	e3e480e64b89926861b0761be02cc5ff289dd0f71a0898cfdcbeeab04eb88d92
BASE_00001993	baseline	k141_16058	1469	556dfe538e9294bf38192e562477d894969bbda329432dcdb34efa7059ad743c
BASE_00001994	baseline	k141_8858	1388	bf99cf0f2eaaf3478a83f0790b3780f76cbe540280496a9f5787587feb2718c1
BASE_00001995	baseline	k141_16059	1168	dcbac75b84b5d6db052c26673fde84374c7fa36ce9d47740ac56cc70c7c04914
BASE_00001996	baseline	k141_8859	1442	ca879a82ce5a58ce9c033dc64297038c716cfb5ac931d465fdf592b9ff208fe8
BASE_00001997	baseline	k141_16061	1084	93358550115eb9eca8501694b3d220858582b64c75b2e61ff52019f5db43753b
BASE_00001998	baseline	k141_16062	1253	be746a07825d2e594a2765bcda3a74982d3d006044e0f456ddb6889a6c8fbd19
BASE_00001999	baseline	k141_23133	70170	a4f3d654bbb719e3fc04a95dc48a96be7a535deece36bfd5c311f65e529e6c9c
BASE_00002000	baseline	k141_8861	4507	9d033ea6385c9a894e6ec2d45b50b9793e0ff5e8f6a7e5f3986e468a2218352e
BASE_00002001	baseline	k141_16064	1910	36322e925f3c989466b6483918c98f9df90aad2f53fe1fb88fcb346eb9deae3b
BASE_00002002	baseline	k141_1698	7455	40713bf533e192b36758ccf22c801fd6137c160f7e886755a900160ea883af6b
BASE_00002003	baseline	k141_8862	1241	2f2a125e2b6c86d767652eabfac7f0a8313ccf717fc6c4330fca2b91f9ce1246
BASE_00002004	baseline	k141_23135	1731	846a270f50fad44b49973a009e4846958b9ad5193ab72885af642e1571e74b48
BASE_00002005	baseline	k141_16065	1912	8d967039388c5719cc34f77413fce6b181f51d12294efee6ea5992aba7346c96
BASE_00002006	baseline	k141_8863	1584	7792ac014cbb6b2c5037c0482d36a0516424e4a0a2b2203b21b5ecca7fdc87bd
BASE_00002007	baseline	k141_1700	1853	d6b2386cc3ea69738bd5d76eff38260f43bcd2f0de12de1e07f2a05b93c55094
BASE_00002008	baseline	k141_23138	1780	5355e151d9761b5f82d67aa5a08032bc8d2bf23652ed718544015b16be18c7ca
BASE_00002009	baseline	k141_8865	1892	81486e72d05e7c78c398f6e499a24ae15d5b77fb151bbf2acc3d379a49e90eae
BASE_00002010	baseline	k141_16068	4520	4b4c167df2e9b1521201763ad6492875412101b1efd58da021b2b2265bdfec48
BASE_00002011	baseline	k141_8868	1818	eb86f56f21be5cd9c4c6a06811d7b3951f5f50b9b761b175753c5e2e91c321b2
BASE_00002012	baseline	k141_1708	1203	72e1d7c3834bf7894dfcd97e41e98ccec10ec89e0f90ed34efcee55ab2f6d648
BASE_00002013	baseline	k141_23148	1009	5404247f323bcf1d562d7aaf39a747ef42f8e48b5c934b24c62c89522be6927e
BASE_00002014	baseline	k141_1711	1944	7a5358b112ce6d22ec11cdff5a8a9d4cd002a628d91734771e613003d6a3856f
BASE_00002015	baseline	k141_16071	2161	e46668d4354b719fe981856a06b1390077ce9d346b91f4f2e0623a5d18dc1205
BASE_00002016	baseline	k141_8874	1049	8c5a34d7c20b31accd53c540ea589582a547b38f5ce9114f4ff078b5731968d4
BASE_00002017	baseline	k141_23151	1015	7af64585034d2b85112ae9e387551e8a4c165b5172d2c1742916282ae23119b7
BASE_00002018	baseline	k141_1713	2587	b60f16f1a49c35801fad5dd7b1153afc342f8fe58355cc32864d867013fee558
BASE_00002019	baseline	k141_16073	2894	47799e95a9dd7c4bed65304fb908f6e45b8abe0e61cc7e209d60d9008d7623e0
BASE_00002020	baseline	k141_16076	1124	e52e425d21e973c1de8810971f1a6306b771bfadd1ec6351d2ec2393d4c4560d
BASE_00002021	baseline	k141_8880	3669	89db4af91cc2b70412cb988dbbbf3faf38bc3d880d71f021c014e3c4739485a9
BASE_00002022	baseline	k141_1717	1718	d0e1aa4047e017c1fbbd133751636d11be7b7a013becf54619da760083340266
BASE_00002023	baseline	k141_16077	2225	60da5dc04a11f71cf158b19377e119689be90caaa451ecad0969bf9ee86630b1
BASE_00002024	baseline	k141_23152	6007	f95a8698b0be0bad35d9f070a6ce895cc1c8fad070658541106387ecdcf40d1e
BASE_00002025	baseline	k141_8883	1415	4d1e863f96672d6fa765b45675489c747e7aeeaf1349a4d286fdc8118074f5b3
BASE_00002026	baseline	k141_23156	1130	d7bd1916705ab861225c358eb0e17455b31cf190ab14c19a3ac29ad497d887d2
BASE_00002027	baseline	k141_16080	2019	b73607b2a032bc2ba2e6ea651a4300bd59a7e776820f2730550eca2319a8da45
BASE_00002028	baseline	k141_1724	1103	ccd02371d57b00f0c2096d88184a442a847fea59956f8cc783598c9520555a41
BASE_00002029	baseline	k141_8888	1193	336873889f8f42f5fc8b6d703a33128ce3ef8e2d813f23d85019b6d971014519
BASE_00002030	baseline	k141_23157	1495	3de9902949fa70b4cb0df6d2ae5fd4a1bfb918cd2d53ca0001b50d33839934be
BASE_00002031	baseline	k141_16082	1242	6a8d2cf3e992542b0a7357078a71bf78a55d731060717783ce50ceb9aab9e289
BASE_00002032	baseline	k141_8889	2427	de095abaab13b62b864eba5520fda63b4e63eb70bd15a929bc679bfcdeddb909
BASE_00002033	baseline	k141_8890	1089	5aeb1bf24f46be8dcdade0a0b8d4b8a0beed77a7a9b8eed57f83e86e9ab760a0
BASE_00002034	baseline	k141_16087	1082	85297465ed02c5102b910367fcbfe88a456e3b6f2ccf157a984dd218a6b99ea1
BASE_00002035	baseline	k141_16089	1353	c1289b6b439083c0452ac1a8b498621cc3aed55e6944b3c315be29b7a8c1d67e
BASE_00002036	baseline	k141_8895	1108	74e02ae1fd3fdb4be1edb579f01d78b1faeb5d2528b87f832e7456baa1e2c950
BASE_00002037	baseline	k141_16090	1558	1db1121ae0e8e2dd109ac67a0703e350abf81a7b5ee6d4536de7fc7bf9fe5664
BASE_00002038	baseline	k141_23159	6679	db515996201e2fb469a9214062af0ed3a62469e365f120d0a8cdc6da5ba131fa
BASE_00002039	baseline	k141_1727	6676	63f31a510820ae9d1763b513be168224b9670c84a0acf041938be72cc79f5091
BASE_00002040	baseline	k141_8897	1452	bfb5547b15664115d6e3d1f5e9895955574c9f63bfbe70d8667f696f569556f0
BASE_00002041	baseline	k141_16091	2454	2eee0400be7810f8af897f86fe7a8bc126d2505c5483b58e6345f5e2906f88e8
BASE_00002042	baseline	k141_1728	1743	ea8c23bded5905eec285dcfdf1260c9c571446f5530ade2525979e6d4392aeac
BASE_00002043	baseline	k141_23160	2379	5f07690ecdd993446cc5bcd8ee39623e30025ae7d88202ec6d035e1adf99b582
BASE_00002044	baseline	k141_1730	1228	ca3414e22f51b8b18ab1391662cc6d6b6e294f315edc8b73322f3716fd7aa4dd
BASE_00002045	baseline	k141_23162	1139	cf593e10d60f21175d7d024530641429639ceabcac4ea28026a630584fc88a29
BASE_00002046	baseline	k141_1731	1229	48bcd89faee718ded832bb67a84ff99a143dfd4e8ac441e01a2976c6af2ae87b
BASE_00002047	baseline	k141_16096	2122	3694017851862edacd19f842c5ae5334c1f48daeb2b04099e174bbd29f707575
BASE_00002048	baseline	k141_8904	3409	e19a431341e2a3ee1bcfeb8664cf602e9c14bea0d621bfbf73ee320a7d0c168f
BASE_00002049	baseline	k141_16098	1199	df288d70fa7174a79bbdb09ec9cf658809aaa5bb69cce24195dd5b7ba5c9b5de
BASE_00002050	baseline	k141_23165	2308	0c7a29390a20036d28dedc2c62d76475269caa64b1dfc97a7871b4f95f2ad1dc
BASE_00002051	baseline	k141_1736	1363	fd400446fc31c9d8e0e4575960928f7e8908a447dcf6d6cad8e0b21d6df13e32
BASE_00002052	baseline	k141_23169	2282	f530461d8319170cae8b678c9ca71e5118a1268afec318f67de9d4dc287736fa
BASE_00002053	baseline	k141_8906	3527	3d6389606cedfc3e492c5e8bc680e9e3d144b4acb2ea494a430fef460f08f4d2
BASE_00002054	baseline	k141_8911	1000	1f7a0980000e55e4373ab02357b1f558a43d50e95cbbc269601fdecdb757486f
BASE_00002055	baseline	k141_16108	1976	63f02728fbf417a00ce6934abe3310567ee4647e6a12b3f2f83110e1ce59a184
BASE_00002056	baseline	k141_23171	3171	e27594a8c2b8213a95033880f3e5fcc2d2ebdc1e967c31a4a84cd773841f4c5a
BASE_00002057	baseline	k141_8913	1113	eb7c1e7df2c5ccc60c3ed55257583dd5d0cf2169b8af5770ebc8d70e815c9c1d
BASE_00002058	baseline	k141_8914	1183	9391c9ad1cfdc6e3dc47160239e5c39dbdf0b7713392f76d25c8ecead5264aef
BASE_00002059	baseline	k141_8915	1740	6097b44c2b915f262a582d78107e42cc42b3700fe11a4102386d7842e0de7578
BASE_00002060	baseline	k141_23175	1545	a57ccda802a9fcc166c1513f7bb8121b4800795f00d5adb485d2d90fbeadd455
BASE_00002061	baseline	k141_16114	1355	a7a438c3c417589256518dee576925707025497b0757ca3be6efd241f2855a58
BASE_00002062	baseline	k141_8916	1203	30f224ba51d6e408fc3df773689691da1937069748ef3ef2c1e788a7f5342797
BASE_00002063	baseline	k141_8917	1075	390b1c70ef6b54921dd1734f6b4f908dca4f731c69ebe2424a93857adaad8714
BASE_00002064	baseline	k141_23178	1029	f24191e10dbb73d7a57e14447a9a8698328a6ab199cb559a83676dc53638a5fc
BASE_00002065	baseline	k141_8918	1010	27a4333922fc9b7c3cb5a9082cc1c82cf22bf684be9f9145414c34515e80d55d
BASE_00002066	baseline	k141_1739	10591	ce6da83cfb54179ac397962ff7fa4d32570696d4fa0221eb36c0d577d92e6abc
BASE_00002067	baseline	k141_16117	2644	45dfd51c74c30ae7734c206c853ea72038d5e24e9118d8a2226213d295a1e90f
BASE_00002068	baseline	k141_16118	1184	9c7a2d588a0dba6548d3fef265a566e0269bb81c034579386c7eec2579f0e6c6
BASE_00002069	baseline	k141_23183	1116	3b89cb19ed4f31e7cb9fc977f16382e6848e42aaad66351440db043a9e5fa9a7
BASE_00002070	baseline	k141_1740	2661	61fa0d2b72aa22f1466b090ad982ae8a205289ea98037e53a4f3cf2c3ad29b00
BASE_00002071	baseline	k141_16119	1294	c5813be41d9c7aaf61743324d80c0af405c02f7a550953f5c8ff550e1fbb59df
BASE_00002072	baseline	k141_8926	2183	1e3c7710907b3c1835ae0c69b3072eb44a4ae837e4ed62ed08ffc65e5da673eb
BASE_00002073	baseline	k141_16122	1797	7e77d28ad92122519c6e1d7d2c4efdf208778fecb392f29a55ba08975db20cbb
BASE_00002074	baseline	k141_23184	3644	75bf764f4bf90ddaccdb49f9a2478dfe248d6412fe093bea9e3c4b0bc048a6e7
BASE_00002075	baseline	k141_8931	1235	bada6a3c5710435e5d387899085a0d3e0a20c69543249430f7e082f0ac361f76
BASE_00002076	baseline	k141_1750	1089	4350a1f6238da9513c29a06df2c8a07403809ef9374b15aee47b751353008a91
BASE_00002077	baseline	k141_23188	1582	b9ec94225ffb71ce2123a165afa7901a48a94a3b7be11299d5e3c35cff0e1560
BASE_00002078	baseline	k141_16129	1529	00f0127c3131761ce239cfbaaf58676bc2cff0f9ea4df8759f45f4cbb2a2e59e
BASE_00002079	baseline	k141_23189	1029	4f2e1fc7845173a612c643545c3631a69cd54b4bdf94a9baa9109b9d81dc457d
BASE_00002080	baseline	k141_8932	2577	9566d69ecc1f8009b2ca8fc8591aa043c292e96f77ae4456da751a54c5e41a21
BASE_00002081	baseline	k141_23191	1006	61c40fc7b3c19c477d5d708b9ad7707946314f37deb1c69f60fbe4644b450ee6
BASE_00002082	baseline	k141_1754	1170	1061e48ac15ed67be8ed026f79a3a8960bdd9a39c7c455e71d1f65403284aef0
BASE_00002083	baseline	k141_8933	1227	4781af7223d649ea58d6cc3c9b5e8b07c090162a7ba3d42838a0cec1706561bf
BASE_00002084	baseline	k141_16130	2411	64b0845733176b03c3360be9f747990e16d17129b3935a762226d91fe6d147e1
BASE_00002085	baseline	k141_1756	1045	1432eb4b2538bbd256c97e16d87424e239173342a72b2149bca0e8adb4f0a852
BASE_00002086	baseline	k141_23192	1452	3796076d30b277ced0617815a41b7fe5b5b6ec15e26dcb6eb6447957a8730caf
BASE_00002087	baseline	k141_16131	1004	58ed9774e84468769a6d137a7ff0edc50604e3bcb5ee5036f277c500ce282700
BASE_00002088	baseline	k141_23194	1161	2023a014f5a02a154ccca44679b4856f4882b0536cd352887914e8dbca838d37
BASE_00002089	baseline	k141_8936	1795	0910c7eca81c22b1905efafa9dab34070d42e4f0347c28f9e202ed79a7f1cbe7
BASE_00002090	baseline	k141_23198	1269	695873954b51f21a9856c110d5a14d779b66725e18b6bd3e18b80ab8913bcf83
BASE_00002091	baseline	k141_16138	1916	e254fe843984812ba7877b030c8a786f550fe3f19408cca3c63035575a9034f9
BASE_00002092	baseline	k141_8937	2781	fece9bf0f7f20eb41ece46385d5fa8be74efe0b816431754322c28cd3450e408
BASE_00002093	baseline	k141_23199	1144	23050ee39a854e6bf354cb358f70c19cc95b84b36e779a96198894348bdfce90
BASE_00002094	baseline	k141_1757	5139	dd057ee8bac66ed9f85112cdd416713dd37f247775105ef6e88e1baf3c89612f
BASE_00002095	baseline	k141_16140	1226	36c0096eac4154c2e65958032c39991e2752a980719d8da9bd926990902a0f53
BASE_00002096	baseline	k141_8938	2616	88f8b6b15cb54d146015aa48cbadcea2f0b6da72d3107cad3ae5aa68f7170ea0
BASE_00002097	baseline	k141_23202	1317	0d80e5e5c590ae753a36da18a7785a1e8bc4ea89c74c804588b7802b5986ba09
BASE_00002098	baseline	k141_1761	2157	e42a23f910179c577d9e70564d4749968045080ac71b3e2971115f45884ebd66
BASE_00002099	baseline	k141_23204	1503	12cde07142fa353c52dc0f76b4e856a0967d6448664446e9293baf4a2ab43057
BASE_00002100	baseline	k141_16144	1686	011fe22262cd55a9d02ee262d5fba76551f1d1d83879b7baed10201e20da74fb
BASE_00002101	baseline	k141_1763	1287	e390dc3703e8ba65f8f8f11397fb37aa2314793a6714b34ed5462b2aa9eddb3a
BASE_00002102	baseline	k141_8944	1158	03fbe5795650b5c9b07df396035b8ce4e99b83395f8af400f1b7e67de7d3129d
BASE_00002103	baseline	k141_23207	1161	f716ef7ca4a62bb4c95ddea993c922db14fc3f35c0b1ff8b1689d0c95e1fcba4
BASE_00002104	baseline	k141_16148	2234	0bae830f79ce02c4a6ef66b802a1bbf355489ae16842fca0e529b1339d3e6029
BASE_00002105	baseline	k141_1768	1108	40d6858859ff95178d5cb6b3bbba252728cbb33dc06464fce3e810bf199fe62c
BASE_00002106	baseline	k141_16150	1162	a3a5ca171ba36900517f21e5ba2b19e895a270f2df865624b602ec71c55548b6
BASE_00002107	baseline	k141_23213	1543	e8c65481eded3886ed138944a5f415ef58fcb5b76b07ed8cfd6558e76b8731f9
BASE_00002108	baseline	k141_8949	1845	9884c6408ea10f2f8452273334294b00eec74eb931bb98f9296a5ba4b2452a38
BASE_00002109	baseline	k141_23214	1016	062b449dbca642b6c0862dbd8637c1676dca983aa7aac0ed6ed16dfc9f43ebef
BASE_00002110	baseline	k141_1773	1787	6b9f6c11ebbc5f94b7795bb0ccc8cee18b2276040a762f05347daacb0cd71b0e
BASE_00002111	baseline	k141_16154	1092	3e7a1f381a638940eedd9fb947838d859ac237c8acde78bace8422a67826ddd7
BASE_00002112	baseline	k141_16156	1070	f5bc22282a5e1f4a6e79703dc47bdbb09078109fe000171dc42bf435c6ecd66a
BASE_00002113	baseline	k141_8951	4006	323731bbfe4e0d2c80e2ba6df677aa8708c12ac312b93df94c1492a3ccf5e567
BASE_00002114	baseline	k141_1775	1872	76e492f0f26b759ef5bb83083d1bc85d85e80ba657511d24f9d8ab6a6e288899
BASE_00002115	baseline	k141_16159	1036	3e9f7266cac004e399367280049692b116500f9fbbcaf267b8271cf4bf047160
BASE_00002116	baseline	k141_8953	1652	f7625de1b0147181ac3ced0f07f8a0e1ee4fe8f7c64ed401900ca6b5d2f7fc83
BASE_00002117	baseline	k141_16165	2255	6953aca441c41d88112db94efa3c6c0ed1f9d305fb6ee9a388ddeadee09b8e1d
BASE_00002118	baseline	k141_16166	1527	4b38a8e4bbe557cdc409262ae5d4cc7ad0574430ac35a69a4452cadbb6506c97
BASE_00002119	baseline	k141_23224	5674	f3192a5f8aa0872e944ad87bd8c244757b46858a24c8074cbd3a15eb048a0e64
BASE_00002120	baseline	k141_8958	3240	ed073c9cb736868ed126d15b5c1b06f1e0232332cbe098351d1bfd7c6e3db754
BASE_00002121	baseline	k141_1779	6796	3ca323158f4fda8a7b42fa23eb520856bb3a11c763af0a18e4b362a8764cf5dc
BASE_00002122	baseline	k141_8963	1415	51991cb53a1f5552f397a69f02cff2f508515efe233499b48b68717ab41f9f9a
BASE_00002123	baseline	k141_16171	2244	862272caffc62e88879e6d427fc0437a1ebed4301f1df1da4850dadddfad5270
BASE_00002124	baseline	k141_1783	1765	0ee5508633dcd655c160481993653da643e743956ed0469aca8fe119cb9ae946
BASE_00002125	baseline	k141_8966	1554	e22a37066fdc41e22c6df4448cd6ef99e470b12a71b1276ce14b1f9a294016c4
BASE_00002126	baseline	k141_1784	2224	82e984aca8f4f44e1e1b3bd4f5d85eb1bdf6aa8e596be5df75a9dca3ee9f5aa6
BASE_00002127	baseline	k141_23234	2874	c1b6413cb5010d5f5960e3226180d179644ab553b40a0fd93da1ce0842f03048
BASE_00002128	baseline	k141_1785	1329	331820f4b4663cf98ac13517a8c9f61017886cce2a3b7dfde1133a4edfa548be
BASE_00002129	baseline	k141_8967	2613	e46bc5d655ef5cfdf6b547d242cdba3f29a6725ab5d0570f3258ffd99b04d6f0
BASE_00002130	baseline	k141_23237	1291	fb597364d5ff4451e607b92dce6e8447412d68a090a646bb8ef85bbd0a792e40
BASE_00002131	baseline	k141_16179	2308	196cb7cffba950729a4081bc02f9828f7dfbafc030954e530d444737c9d9432f
BASE_00002132	baseline	k141_8969	1304	1d67a95fc618468d0e4dd008ad8fe14ab6458b8a56f377529f5a133586122050
BASE_00002133	baseline	k141_16180	1031	1765400dea4c8d8ff084dec8bd60110ed68a7db7ff9c75f7b347a462208564a2
BASE_00002134	baseline	k141_1788	1648	51dd424619d9a03cf2864c720a57172fe95c0b549962dbb2837286251ab9fd66
BASE_00002135	baseline	k141_23240	1038	a9e821fa19ce81754812169dd10ce858757a6dcc1e538fd455631e0af1c1c6d7
BASE_00002136	baseline	k141_23241	1098	2d3919b44954c8415f9f2c12ff37331af987eada6f0217289b514fdf48d0a198
BASE_00002137	baseline	k141_1792	1040	02e844eede5aab8486d8741d2753dcf3dc49dc6004e5b0c5b3ba5bde5225f46b
BASE_00002138	baseline	k141_8975	1108	e330a2802c731c5b550e16041f3950a6190d2b0a1e363e1915f58c7ed64c3f0f
BASE_00002139	baseline	k141_16186	1113	3da331695695ee395961662ebf9a04111eee1d6aa51093d70d94e53be60f8d27
BASE_00002140	baseline	k141_23243	1423	92e36690ffa6b0a2d27297ad7af820832a8c821836183430bf0df743ffcb6ae6
BASE_00002141	baseline	k141_1793	1681	3989b9d5091e86e86faa9f36baf23d780cb532aeef7f674c7b7835caade8c5bc
BASE_00002142	baseline	k141_8976	1707	1699e08f81e274b509db11d3c605b148c0956c655a0699f3b4a8c37819dbfc0d
BASE_00002143	baseline	k141_23245	1735	09ad7caa5b06da6b2554e77cddf7a9ffb000e6e67180a8bb82a851e7b24ac1e2
BASE_00002144	baseline	k141_16187	2812	58dcd56b8beadd78cb1cbef84b7556fd85137de05243fa75d106848304853da6
BASE_00002145	baseline	k141_23246	1330	f49cab95a4b91527e72114ae50e247113a1b12ff4cfd490996ef69a571e99a49
BASE_00002146	baseline	k141_16188	1606	f567c14121d8dfe0042de65f6c49be57acbe6745240581cf0488e9e2fc1d0bb5
BASE_00002147	baseline	k141_16189	1135	2ad27e49dd9865af2455a3c7027cafa549c04651351698278bab8e544d646cbf
BASE_00002148	baseline	k141_8983	1472	2fa71831f3add25c884be473ae1de20a331c1110425e724b417f1edf538e197f
BASE_00002149	baseline	k141_23251	1124	c6b16d3985378eb8467925fe301d8c63be2f60ff73c449d29bedfdb977319572
BASE_00002150	baseline	k141_1800	2785	3c101fd07a5cbad3c2317a6aa180bb65910a9120723df80bd2c757cb0578adc1
BASE_00002151	baseline	k141_8985	1090	cd7f36733c100598917a79d0897966a4292c033b2f2c58dcc8611efa4a686557
BASE_00002152	baseline	k141_8987	1712	b84a5ac903adb3843412e0b4427445f36648ec2af1d6570a380c016b4d97966d
BASE_00002153	baseline	k141_23256	1794	a702ae186e143cf44d927566ade7b5e49759322fa5e4c8d664ece123403118d3
BASE_00002154	baseline	k141_16190	4449	058014f94bb60805fc57e54896e98d2ac075be5e360571e68828d5435b8120d8
BASE_00002155	baseline	k141_8989	1368	070a43bd8111904c0506380998c5efdee4ba4042be82e0a692ca3b678256e726
BASE_00002156	baseline	k141_23257	1451	abd276096cd4e4b701b3ae527ed0fd3daf40db2a2888e5abe9b26dc57374f04b
BASE_00002157	baseline	k141_8992	1889	55fba1cc944eeb3ed9fc8e77544ec3ea8eb4f8dc810bea8016c4669aab7d76de
BASE_00002158	baseline	k141_16193	3292	74f1c1a17acf1542762784778d350dc2ddd6aff18ec28de34ae801cb616e9dc8
BASE_00002159	baseline	k141_1815	1828	14075642ab197a47bc9f6f7e6898362c7e432e16fc4e0e3229c1f2931560dfa4
BASE_00002160	baseline	k141_16195	1281	aef792794553ad5f16beb227b8abd1dea2a87f0dd7cb20c997fdd115d2565619
BASE_00002161	baseline	k141_23267	1955	ffffdcc0e6e46dd5db9eebdcae6a81256bd454b899b22b88c324fff1d3df64ce
BASE_00002162	baseline	k141_16198	1307	659c988142701dfaf7fa0262f8adaf3a76fd22f6fe37472e70a68a28a5dec950
BASE_00002163	baseline	k141_23271	1936	a6e610565c09d5209d5d9058cbe8c6238d360b7428329e87ff91243621a6be18
BASE_00002164	baseline	k141_9007	1492	c745480825f114300158972d32bcb06a1a7e5cb932f9c83abfb4c0397d065b3a
BASE_00002165	baseline	k141_1817	7071	5fb9681f1f5f6c6b32cd28cf3db84fa1f36e61976f7f1c84404c0694d462ce3d
BASE_00002166	baseline	k141_23274	2152	6705b73e9833e6f6e7a5a6c45c03bac48bdb15713ab6e3bad1644fc2b7d9e1e5
BASE_00002167	baseline	k141_9010	1332	a8092e4e632fbe3ab9eab5d9324fc7c5669d87fd50b6929b6670106b27ef2b5c
BASE_00002168	baseline	k141_16207	1792	85156aafd3ad443a71a9ad15cd51294cc563f568fa11629e1c5dba8319352809
BASE_00002169	baseline	k141_1820	1010	151cf5f3b9aff93fc2e4427f37ac2e97138f2a3a43e75a60579ff67ccfae67ca
BASE_00002170	baseline	k141_16209	1238	5f6c0523806e8a048ff94af649fa27c04b35843b626b05fa44e6356de64af77f
BASE_00002171	baseline	k141_1821	1032	6fdf71aacaada8b1e4662ee3623ec7d62c48c7a8b8ae900610861d4b4d721d7f
BASE_00002172	baseline	k141_9012	3195	bd8f04e278eae33bbf61e5354cd37dd96a2ea7b24a8a3c5d71d099bd2a5c0800
BASE_00002173	baseline	k141_16210	2417	2e10900416a2f8a7e210a0d8cf16d048bbbd081d0951b6310421de6897ef1265
BASE_00002174	baseline	k141_1828	1110	a8f9a4153bb92c7ec7ed5353d106a2e1e43564f2b19a36d0c8dcf0f43ff2ee55
BASE_00002175	baseline	k141_16213	1056	5ae420a667bd3cc30b3f9ab7de53dc717f1606fb87c1d6fd262f5e80231626f7
BASE_00002176	baseline	k141_23275	9026	a68497982e664818b5589214417ab5f03243875f9b9d078ecf341fae26d28fae
BASE_00002177	baseline	k141_1833	1832	f1c2766107d77e37055addebf137c3ec14330d799b730f5a41d45a26ff40eeca
BASE_00002178	baseline	k141_9016	4389	a33f6e86f15d056e543174a3474e5205567ecaea71b368726eef986b2ccc9494
BASE_00002179	baseline	k141_16214	4355	3e1a47f976656e2a9cfb2c8540c82239f4f6a2f68152a9a32571bad50cb9a91a
BASE_00002180	baseline	k141_1834	1587	41c6053ffe4666a7cba905610474f24ba5fa55674e3a26159d8641558b52d1bb
BASE_00002181	baseline	k141_1835	1566	b02c594a638a75984ef19a4e31d97367c658b18ca184e43089e14762fac8aef9
BASE_00002182	baseline	k141_9019	1874	a247e839d412163146c61cab5e340524e8127829118c63b02df44e020e6618ad
BASE_00002183	baseline	k141_9021	1299	6a8a3a56ae81f86f5c2ad5eab3b75c445c76173a3fdfd855f22a100efb60e678
BASE_00002184	baseline	k141_16216	3542	3bd16c1cdaf72a28904f061d2654f5694548a090c4e9cd70257fa7c264fb6139
BASE_00002185	baseline	k141_23286	1784	1180a371a0db7e2f0d117c4acc98eeacdc042fab739600938d47b5377af3bddf
BASE_00002186	baseline	k141_16218	1033	f570ac0a59744203206fb60e4364d9e166638ef8a51f4a37ec065fc9ccb533f7
BASE_00002187	baseline	k141_1839	2972	8369af53d9fed8573a9eb118377035645971af90712c56f0e953239eef1ea936
BASE_00002188	baseline	k141_1840	1016	de5938942c3e9c66445686753254b86a579254c4777030ea13532aa8ccdc49e8
BASE_00002189	baseline	k141_16221	1111	80cbbb517a985f90753be033ad466c6b6467d6b8ee4644deb1fd98565e07fe75
BASE_00002190	baseline	k141_23289	2042	4cf8a0f095d7b8c80bb5350c64ec0f1e9c2c0b50ee70a1ed017b44b624f11e9e
BASE_00002191	baseline	k141_9027	1465	390793b4ea6096f59d0fa9dca1ab180c76925f46d568645c153d498b7a124fc1
BASE_00002192	baseline	k141_1844	1040	5461ce048f3e8683196932ef35d5f444ffc0c8dca4d7cbbba16ea8e4f95ae468
BASE_00002193	baseline	k141_23292	2132	3df5eb578c358980f3cd8651174e36058bb1d38d3c1c5ffc1be265e206694336
BASE_00002194	baseline	k141_9028	2771	1914ec80003b873214a5ccdd12cdd884751e948e7ad91c72c1937c12c48f4113
BASE_00002195	baseline	k141_1847	2534	dd452a84479a87b461443baf38e2bb92cf7ee5b6c0fcd2f16000e5500f3363d3
BASE_00002196	baseline	k141_23297	2102	bbf0bb124d897417ff9947e1e3665c117a9264a25ea1e356c4ecb8514481e5b5
BASE_00002197	baseline	k141_1850	1121	0432208a8cbe7f817eb4085d9bf6f1a50c63c43fdadd57f2b66d98e9ec80dba2
BASE_00002198	baseline	k141_9036	1157	f69b4b8cb4f074ea675ffa514d8803abd17b93706f2b0c2db3fa715f2d1b2f3c
BASE_00002199	baseline	k141_1851	1114	d8b54138ffdaab9b8490775884564fe8d0a95f6ff934961a5893655e6454472e
BASE_00002200	baseline	k141_16222	9908	0cbfdb14dfb05d9c3d6de5abc3d464224c384426ae48f6d8a282a647eb8d39c4
BASE_00002201	baseline	k141_9042	1005	8ca32b580b77bc6988d44000180c623451a8a89f808eb2369ccfd046c7106580
BASE_00002202	baseline	k141_16224	1219	5cf0409381872455dc70512db9b60f5c3ca2926b9f808c830eb90e7682d3cf69
BASE_00002203	baseline	k141_23298	5338	7ab76c89c8c4cc845f4e748be559538a78fa440c2e5205cd941fd712c812b076
BASE_00002204	baseline	k141_23299	1898	0de2148a6086c9c37bc4b61d8fe952ce3a2c5f10d872be5c8503e02e2ab7d9e1
BASE_00002205	baseline	k141_9044	1974	8824b13d4be317abf0bf545d68a16ff748fec9f4ac53210448b26118fa2979e6
BASE_00002206	baseline	k141_16228	1182	083a6a261dd4a0e8b16fc1be694c57425ada73f500b3cd1be4c8c1817ec25387
BASE_00002207	baseline	k141_9046	1058	5661a6b5509dccb6ab69d14b448e7650045e597fdbf549d8883cc49ed884eb41
BASE_00002208	baseline	k141_16229	1707	52ce3c69e38dd36ea84d0807250b35b9cbf88ffb942ce48a76013a02735f32e1
BASE_00002209	baseline	k141_9048	1304	e4a78f1b2efa057354d60ec1a048bc8e6e7d67207e638e3d7ea1d8b265e8e227
BASE_00002210	baseline	k141_1862	3253	8ba4dae3abb4366e42ea629f2e172c7ed69fe0151c44fd6fab960b3737629b74
BASE_00002211	baseline	k141_1863	2293	ddf1da1a330fd147da605769907e1aa14b8070ac88fe31079985274af36c5584
BASE_00002212	baseline	k141_16230	4267	618080d2e903f82554e569cc3df491261c29ccf1676d5d26d4ac60c79e889fa6
BASE_00002213	baseline	k141_1864	1268	e705a008d5d00f791153ed3645fb75734b199e1e21bb0d572e4a4054db2ccd10
BASE_00002214	baseline	k141_9058	4638	dde800b787b9c36fc14f9f89384f1cebb7049bd9bf6c51a249397fac6b14da19
BASE_00002215	baseline	k141_16239	1312	ca521c4299a5558144d0fb970f66a0021bf7b88dd5e17bfda5100c8415d7361a
BASE_00002216	baseline	k141_1870	3096	9c10ccd672caa98a375936c25903143f89f7d603ae01844b29fcecbc125af9c7
BASE_00002217	baseline	k141_9060	3699	d7e54a448a2f67e8e366974d49e030e9cd6013786456c92a113f6f858997498b
BASE_00002218	baseline	k141_16243	2544	58bec8caf775b40beb6a050995e3a93a9a56e12a95c0d7f5e9767a04b2f458c1
BASE_00002219	baseline	k141_1876	2054	e1b838ef7a8866a3a78c51e6075138a4f6ce2b56f4d2ac5ae5f7cf84941fd4dd
BASE_00002220	baseline	k141_16244	1259	635ac00e2628f4addf28cc87a189f2352e52716549399bb383521fbb80a2fc05
BASE_00002221	baseline	k141_9063	1199	7624c9c02470dd6a3bdf6539d053c72f53bf03ab9bbb247a1ac83f1774700fc1
BASE_00002222	baseline	k141_16245	1180	b9665b3990b3fa19cea50675e6dbc89e2cf5aeeb45b8ae6f8264a40ee397756c
BASE_00002223	baseline	k141_1878	4851	90789d7ed1a5676c72028ded59ff74372f5b4b003ea670153772848359c4c3a8
BASE_00002224	baseline	k141_9070	2740	877bf4f174c7a17b728119c81b0fc29140682dd09c3611aec9dafe22cf47b5b7
BASE_00002225	baseline	k141_16253	1300	680510f8787ba0d2fd406d8eda2845aa09f1f8f8ee70222049cd93b4a3ecd537
BASE_00002226	baseline	k141_9071	2300	3a47fed753677fc87d96ec47129e410cb9c94a60d999d23bc657d6d53cb5c121
BASE_00002227	baseline	k141_16257	1039	90e3fe250289f059f3848b81143a8a76ec14753b5e840d83b511739f4ceb4fae
BASE_00002228	baseline	k141_16258	1065	1e2e5c47a72cd258271717054c2776612c5f28154144504e3db7ff59d0d2041c
BASE_00002229	baseline	k141_1882	3665	169749cd697eefac83307ac648eefe6b2b841ea399d74b030dff7262d67a7de4
BASE_00002230	baseline	k141_1883	1138	ccc2e6a4e26b456447a3fa4022829296f161f628a5f082af1dc9f0f224dab1cd
BASE_00002231	baseline	k141_16259	3832	58379ffe9dfbe5831dbe43f912e7e7de41af1235045cfe0c61676069f1829025
BASE_00002232	baseline	k141_1885	1750	5f478dfc797ce95af6366bce5784ab6564cee6473731a2f71695673dc6b4f32a
BASE_00002233	baseline	k141_16260	1905	811396e7780f5422a90d6d8522c6044c55a50790e41e40749453a34c8531f53e
BASE_00002234	baseline	k141_9073	7138	5cc89029f85ade6aaa378e6ca115ddb6f93a48b4c4e202af35ca5c52bfbd7415
BASE_00002235	baseline	k141_1892	1095	d4e121c87517bf5ac7ddb1851ae494e7311fd3bda3baafc55fe93d2b7931cf16
BASE_00002236	baseline	k141_16264	2119	55d580cd55d0d84aa59318b341483b7dbc187614c66de33df0cc10b980172614
BASE_00002237	baseline	k141_16266	1089	820d2235e32a85e92639b6697ee079fc7f44ce0a5b9da2f5c9336eaacd94158b
BASE_00002238	baseline	k141_1897	1055	c6cddc5c306780adb4e2271ce0e3be2c1eb91f340b9dcfcf4aab4984a32550fe
BASE_00002239	baseline	k141_1898	1226	1679cbff4768539c659284fc95a80a06854782d2fb8aaa61ed187247f294a90b
BASE_00002240	baseline	k141_9082	2485	dfd62271118baaf63c0f73a12fffa6f1cd70f297ce6f004d96d92f9d001b0377
BASE_00002241	baseline	k141_9083	1153	ef34d4be358f7e6c3fee65b02839b46e7dfdd443a6a2b6b9a06a8b21ed6f62f7
BASE_00002242	baseline	k141_16268	6885	673fcf36fb5efff20e8852cbdfbca8283dc7098df8ebb43ef3881abede2eb76f
BASE_00002243	baseline	k141_9087	2769	303ce9b112cac280e3ada6edf56d2e86a258837e6156508f9684313625a65574
BASE_00002244	baseline	k141_16269	1308	d5d4a7f3c0a4883cf9d1dfc1f88607690e23df9fe32797d3b18d2f13bcbfa619
BASE_00002245	baseline	k141_9089	2460	46c663460d76e55a3352c7008abdb3feb1a1ea0997f219915c1d3b9b6ee6805b
BASE_00002246	baseline	k141_16271	1565	f53864be78c7f08d873b436308a205b0a5feb9530ff2d617a019f499cd832ec5
BASE_00002247	baseline	k141_16275	1390	83551a65daec276729a708bf9689b207c48e82da232129da1fd219bad793aad8
BASE_00002248	baseline	k141_9092	2998	0ce8ee1e563432b26f0b17516545595e6a321fc4d4966163f8333dbb68f6b0de
BASE_00002249	baseline	k141_1900	12567	6ae06ee3dd0f42fc790295b577a16cb9724690a8723f5a78b774d0bf8106f7b6
BASE_00002250	baseline	k141_16276	1518	6287d1a733c19bbf41c6ed0d4e80cab2aa65741bccad7e9c2162b2a621283757
BASE_00002251	baseline	k141_16279	1081	1c9c82058130deb2ad90223ce0de88d0c68e61e2e61248aba292341b6c57b571
BASE_00002252	baseline	k141_9097	2176	1374679618d2290897789e15e7b409fbc1580caeee55ee7cfacda4fe8298e5af
BASE_00002253	baseline	k141_1902	3037	d8aab377a495a4953bcc4b21a35114f572e3afb2652e11855d511816410efa37
BASE_00002254	baseline	k141_1903	1059	2ef8d7c4584a7a3a2b07f3085916277131e0bf26fe439114a6385b8029ad6078
BASE_00002255	baseline	k141_16280	3246	4141cc394172cb2821ee967f5b1cc6b94d1eb86c2d10f50e7c2db0651e64f0f3
BASE_00002256	baseline	k141_1904	1615	ea1b17152355a9fcae9a3447ed3ea8102760aa17d15a5160ceaefd37e794396e
BASE_00002257	baseline	k141_16285	1125	74452f8a3abc0853080910433e96eacaf0203fe861cce7d80559fd49ee951c4a
BASE_00002258	baseline	k141_1908	1242	ca5e960672f7d96db1031092ce0ffb5cb5315a2308b5b0e93af8337787de8af2
BASE_00002259	baseline	k141_9103	3382	d166dd8e74272042c7c87b289447a6a974ccd25d88e84a629672a45247581af8
BASE_00002260	baseline	k141_16287	1981	2213968aa99c3fd5972dbdfdbba1d76082f251a329504763126f7e647ef9d555
BASE_00002261	baseline	k141_9108	1249	cdb8dd1652470bafad241131a365f5d908bfdc1cd379c86a761a8bccf68eb58f
BASE_00002262	baseline	k141_1911	4705	09b4d39260cadc27a6f54a031c19bdbbe2ce81c7e68bbb0a80ab1fce6b79df93
BASE_00002263	baseline	k141_16289	2776	d93ce36b11ebafc5d801b1f2e20b859bc0eb1eb41e72279af86636cf2340e2ad
BASE_00002264	baseline	k141_9110	2904	0451721879e2b4d38624158df6d16e05f57459d5bec13f24366064e094b07b31
BASE_00002265	baseline	k141_16294	1388	0e0c1763643b2b24b37c7d31e9849474096008a30c3f8f65b17714a98f372b00
BASE_00002266	baseline	k141_1919	1341	458421ee88fb5754d4f6bfe63139ecadd5305d12858fd3f89cd611402eac5e49
BASE_00002267	baseline	k141_1920	1928	b98c54ab1aaf057523f272f823d8c45d1967717bc86fafb147259645f39b5a45
BASE_00002268	baseline	k141_16298	1477	f5e2b9c3f23da361a54b1fcc28e30665b89a0f26dc441a72260daedc044bcc8c
BASE_00002269	baseline	k141_1926	1489	38179590cda2ada6ea85cd898a146d590f878e892de446038dc73f5dacab0945
BASE_00002270	baseline	k141_16303	1349	80b4f859b40d142b8a25bf96a6c37a71bcfd1e54db53ecafc4e52982fc9aa469
BASE_00002271	baseline	k141_9116	5524	c2bbcac9c38631f3f3104aef0497b3f6ad977b51a21226fb28a92c72ba96e8fe
BASE_00002272	baseline	k141_9117	1043	91567df82abef8ed14faa092237f42e9b1b86c15e1ded03da66b5b1c5069416c
BASE_00002273	baseline	k141_16304	1164	c836747eb3d511cb1b5ee5721f7bf54931bad6ef2e94df77995921580b956d9e
BASE_00002274	baseline	k141_16306	1611	b30a083bb48912f719217d0e3ac3a6efa66c79593f72091e70253cd1c3eb7f6a
BASE_00002275	baseline	k141_1927	3629	635f078494253173e93e543b33e48066e7675d8996dc3e42ac8d362bd8f10761
BASE_00002276	baseline	k141_9121	1542	a9965b6d827f01bb8010c2b7b546ab6c824abbfd4e27ef369ff71b6b9c75c891
BASE_00002277	baseline	k141_1930	1150	9c2d9dd166e3ea81516819e45f79c0db14ddaa7e9a42cf6be9e5372d9d81325e
BASE_00002278	baseline	k141_16310	1647	4cf84e19dfe2fc090245787d35165f1207e5150bbc7b06fa033b86859e234398
BASE_00002279	baseline	k141_1932	1418	0096a28685855ad9b17dcf1245f2b6bd6a4d8a9ba8ad7ab48c378258d48bc633
BASE_00002280	baseline	k141_16311	2457	0b1bbb67abaf62e1f514cb3dfd8693a456227b34beb3f278e392f221bd85e6e9
BASE_00002281	baseline	k141_9129	2106	4247c566bbf6cfd01220b29a268de579cba00bfaa6f44623c8f9ae72d99f6b31
BASE_00002282	baseline	k141_23302	86185	8f15536de5a849e80b4c57fa12b42b02956e120a43292134411373a39e9d2bb3
BASE_00002283	baseline	k141_16314	1621	0135ad01ff8a8f802a59e6a3f37a4ac30a68716a1acf416c92c9a8e58632f125
BASE_00002284	baseline	k141_1936	2107	0993b61b51286e6eab47bd011dcda9cbdab24ee5897e299bb46835f9c9696a1e
BASE_00002285	baseline	k141_1937	1318	b240adce23fb7ba3b4381acd26228d21127c1c4b784990d19a878f0783f50344
BASE_00002286	baseline	k141_16316	1725	936aa5bb8d98eb851ea71201c71c47c10f11f971ce167c0bce33a75a721262e8
BASE_00002287	baseline	k141_9137	1290	5f2b7616643cac861f44dbe3d087ef2e5505456a46fd9d40a54b4568ac072084
BASE_00002288	baseline	k141_23305	3513	36fa2d418e5ee799ffc4e80841e5cea45cb6a5b17cdf9ae689c77fc02e46c09a
BASE_00002289	baseline	k141_9138	2542	50aa39289118a18fe2afe083fb02e24405c918b8114b9e2c7aac47e6c82d5552
BASE_00002290	baseline	k141_1941	1296	b38776a2bc34652e818ae3c7d521828a3bf2a126b71fc9f1a203e9ceb0367d50
BASE_00002291	baseline	k141_16323	1038	156276770ba457f8c9db1a700b6dbf3c44f4b95f9f599abcdb46279e972732d2
BASE_00002292	baseline	k141_9140	1136	e99ac54cba1e7d1bca597281d8ed2d3502e384a72106bf5274ecdfe8370a3724
BASE_00002293	baseline	k141_1942	1321	1f32c889e2ff319dbe148cc1739bb1b5608f9e57533ca73f837411ad002f9ac1
BASE_00002294	baseline	k141_23307	2620	875aceae06bf57ba4607036ba5658552af63bb28120d55507b6755fd424dc2ae
BASE_00002295	baseline	k141_16326	1141	3f0bc6832782607786889975552522b584da73649ad1ed86288a07db8877dd0a
BASE_00002296	baseline	k141_9142	1298	ef385e3e81681e7bc2c0b91a5a6b413bbdb22ec9dadd6b0df06d6a2425452975
BASE_00002297	baseline	k141_16327	1110	1483173a862bd690e8257c0ff8a91aa792240309287e2c448f912865e2dce448
BASE_00002298	baseline	k141_1945	2505	e006066e5190c827353e09160e143bf3fd3adc096f6c9995f96e9eedf390f1f4
BASE_00002299	baseline	k141_1946	1348	58bf370c33236b3c71907b85dc9803ada944a1e4c2e297e897534314d220f54c
BASE_00002300	baseline	k141_9148	1759	9784692bfc7af2a6ffdb2028a482ea96b8f82adb8e5e990d935199795d18d4aa
BASE_00002301	baseline	k141_16331	1543	f5f85000373ce8f4118307bae5be15340289626fb3f557539a2e794fdf39932a
BASE_00002302	baseline	k141_1948	1259	c410c6f4e0b55dc052061808c53c92afbc9a9b4e0d6c93cc8abe6632b6de09c0
BASE_00002303	baseline	k141_16332	1268	cb239f61a9b0e46843668f1d650b8463bd660312cc25cbc68635a937d6bc8806
BASE_00002304	baseline	k141_23309	6725	e712c79d0f4fac8e72a263b2c6503cb6832dde9973fa7a1bd43dd09d44c04840
BASE_00002305	baseline	k141_1949	1481	30ae83f7bedbde0b12e48712f0902748d21705c4ad795f1132485ec305053342
BASE_00002306	baseline	k141_16334	1749	6e38aa4cd9d55f31f75d8159dc300aaef0f0bd87770f4dd4e2a40c444e00e271
BASE_00002307	baseline	k141_16336	1406	265ac74797b0d045377aabaace152e1f75cf1ecd5afeec7b1b04b69ec38489d4
BASE_00002308	baseline	k141_9149	5498	41247da3a6dceec42fad8e09ff3c5d8d7575041b9ba12e86caa5ed30cf2b929a
BASE_00002309	baseline	k141_1955	2053	503d7ceed5948ced4871aa98e2e6dfffc0413a0b47927bc8706ecc7f7ce8cbbb
BASE_00002310	baseline	k141_9151	1305	ba2d0933856ceb34503d515068527e27b0cbfabc7673292789be0c4529e6d336
BASE_00002311	baseline	k141_1956	1189	e0795014a617a560a086eae0376d7b4db9afb26bf62f95858b9fc69ed5238d39
BASE_00002312	baseline	k141_16340	1133	24111110193830a961735b22d146cfc886729b5ba4eb855dd85c813a8e72b393
BASE_00002313	baseline	k141_9153	1261	d09388fb816821714a3d07d2cf1f1da1bfb8a6f9e71a9886c0d3c3a6eed3c98a
BASE_00002314	baseline	k141_1958	1191	dc5b447876fcba5416eb1ccdfaf175d699c4aeb1d8c57b020e3f2ba41d98fcdb
BASE_00002315	baseline	k141_9154	1070	322302a15da89cc7270489958a16bb8bd3ccb8fb635ffb4aa8e8461823eacc4f
BASE_00002316	baseline	k141_23323	1777	c4a9c379063242dd979dad371b59b3d273c0ce17e7790cea43f94d5bf42a5e5b
BASE_00002317	baseline	k141_23325	1496	341ca60b0a9dad219d545c5f234a150f8f94e398f9570436a34f63870e6219e0
BASE_00002318	baseline	k141_9160	1351	9ccc3166e82149c352bf729bcc57cda51ab673897f79c4ef3e076373ff2be9d7
BASE_00002319	baseline	k141_16341	5915	a3366012730e1454efcac704979dba4fa32dd679c2e493c0640e72fb49028ac5
BASE_00002320	baseline	k141_1966	1630	5c90c4b8cacf4449eed2a01371695efa947f2946a164d8c7f0cace8d04da63d7
BASE_00002321	baseline	k141_9162	1123	4cc11021827d217d53709ac1a6ec394a3a2c9831f38af73ab58eed5384149ef3
BASE_00002322	baseline	k141_23328	3218	daaf031256930e6d6f911a53f4685c18244f5f80b4de6462b8e93245bb208d0b
BASE_00002323	baseline	k141_1969	2277	4ac835040812c18cc39fbbf47fbb4b839a1092e1f7236866fbb55e3703ec1b13
BASE_00002324	baseline	k141_23330	1705	759c32020578ab2f5f06691c610dde19cf9643b61707b98d6aa224a2d8c0164f
BASE_00002325	baseline	k141_16344	4584	541b54fb850fe2944b27f876986870c9b2def86befa0a634195fb48b3f9a3cb9
BASE_00002326	baseline	k141_23331	2935	a3c4726613e5e4ede345696565ab98c16cf3cc03b774b81c819d73279c94e2a2
BASE_00002327	baseline	k141_1972	4558	ccd3a8325eccbcc9dc2485f2b7e3881e4daaba8bee278f6571eb72528d721980
BASE_00002328	baseline	k141_9163	9718	3d94adcdaa938a9cb1487c7a6d77e291945e5573a58f6615dc99568eadfc0bef
BASE_00002329	baseline	k141_16349	2882	f4b5c0adbbbccb26309dd04dd48786c7b2bda5397f72a3f33f47494c265116ba
BASE_00002330	baseline	k141_23334	2631	77f3afacdd35ceae471b5bbd69ced0681fcc1931c07c51ee9d1fc0dae3fe946d
BASE_00002331	baseline	k141_16350	2040	3592b4959015c116873c85321a07cf5f600c7e2c9e6964f0fb17941aa06aba25
BASE_00002332	baseline	k141_9166	1207	3eb8de44532f08d33e83b08c34ab697f1ccdf07622e41101242bc9ceb14c87f1
BASE_00002333	baseline	k141_1979	1541	964eb1c41487be7fe43ca1da88bcded1a873ccdb109a17c39cac91331985d233
BASE_00002334	baseline	k141_1980	1240	5c2b22ee565867f566e660348f2e018d5f09d6fa25afdf7f2c7eac6e86a1c43c
BASE_00002335	baseline	k141_1984	1127	ddd2bf1f52882d6f3000233e3a9faf0b0d4bd59eda8aef0956a43628d7f4bef4
BASE_00002336	baseline	k141_9171	1699	9f5d98564b456428f20fa265c042d565f29291b9058670dcfa8fbaf43b70a425
BASE_00002337	baseline	k141_16358	1130	5f0d725f754b4fe57e67a133e8c4158a37d77ec5c2e6ea921065cc971ba9d615
BASE_00002338	baseline	k141_23345	2632	826bc4fb3230eade8f971c96418fffa105579f69ac16a4a60e13d8268c8915d7
BASE_00002339	baseline	k141_9178	2487	3de33019561796d881c70d27c863c757076cdb2caf8f651c521fbb3bd509b020
BASE_00002340	baseline	k141_16365	1027	fa0e75e752ee266752cc98ce153ce41ea7832f101f5ce57b7e3257770f13bb48
BASE_00002341	baseline	k141_9179	1141	c8ab8d35e595f82abde8fa04263be7d26ff8b99f5c72ce185cec2d66205b4bb9
BASE_00002342	baseline	k141_9180	1307	76302fb97e43ac6eb31d77765fa039e9b02a2595099f11ce81bbd9cec97f85b3
BASE_00002343	baseline	k141_23348	5116	c6d22bc73e8aae4fc78bca80f9e7f0ad38404c9c5c18ecb4b84e9a81a1a357a3
BASE_00002344	baseline	k141_9181	1529	8e0a949c2dc8992f6f5d8020055905d793ab770b81c7dcfcc1e9d5544650336c
BASE_00002345	baseline	k141_1987	8379	24af4a2febe41ad0b501b78f4bfab9f135774ddbd78419bf7034ffdf80c102f3
BASE_00002346	baseline	k141_9184	1109	2bd4724558d26ebb4dac26a49a64fa6b72e3893c67bb8580f22181ead464a4c4
BASE_00002347	baseline	k141_1988	2476	b7f04a9fa2d57c02e08cd62d3f5c354a7c65e88f99a320cd8d5f660790f7e210
BASE_00002348	baseline	k141_16366	6670	bd43f18a051967f8f394b395566b392d44d29aeaa708d27c4c8aeba13f2eafc9
BASE_00002349	baseline	k141_9187	1139	4735d6e20e7198831cfc2c6fa927251b29d70dd44d99634cd3f8aae186b2e2ac
BASE_00002350	baseline	k141_1992	1389	3983d2afb413411747b82373d57ad6c8866cee1fafa0ee79cd397d821c9c3437
BASE_00002351	baseline	k141_9188	2257	21fd3782ff36a4e0546c19f030108c0a5c7bd2c65412d92fe466ce6ee4caeab9
BASE_00002352	baseline	k141_9189	1480	b5a22de07ecbb0025f7694e96e5ceb008100b0ae25d79c44ac9f414872b70a16
BASE_00002353	baseline	k141_23352	6691	0dd1e9bf38db74143d2f3cc329ea1c257446064fe15af65350c359e95ee57a1a
BASE_00002354	baseline	k141_9191	1200	4233492e6d32a269cec5b755b44c324d4698ad4b39fff1d7a42da175d6d1e7c4
BASE_00002355	baseline	k141_16369	5258	e608f93d189baf5aebe2313577874cefa10b3a797fa9f095ab7fa66d5b5ab569
BASE_00002356	baseline	k141_1994	4634	07ac9f3f4c0f0434c42bf6cb943a105324fd7776cf53bda5a162eb8e6f488a58
BASE_00002357	baseline	k141_9192	2123	34c9ecf6a16925a474dbbf3d755b7a60bdfd32a8f4c854a49c59cc629d0724ae
BASE_00002358	baseline	k141_9195	1253	042603003faba71c12cd94b6fb72541a2bfc49ca5310f4b36a58fa9988c295f1
BASE_00002359	baseline	k141_1995	2629	cbbf4916169e23b66adea92e97787da6e6ddbc80623f8dd0b2bf39608c3bcea9
BASE_00002360	baseline	k141_23359	1756	928a997c3becca95c2cfaf229ab754b0594337400f2d6bd231b37e93672a369f
BASE_00002361	baseline	k141_1996	1440	4f7f82fee482792ad48386bc9e300176f451b468409e0023563180368c34b7ca
BASE_00002362	baseline	k141_23362	1318	708d4ba087caa3fddf99d011068fab6d605243a6b3a0b3eb4d7e8f86d1b68753
BASE_00002363	baseline	k141_2000	1520	5807a46de31cc00df94bdcb1f26292c9f4f20e4736fbb7287731438feeacd356
BASE_00002364	baseline	k141_23364	2324	69329ad8cf092fa59144db99977c04a77d09fc2ba8f27deb2a333d6d496d5b26
BASE_00002365	baseline	k141_16373	8480	3cb8e6ff4a044047a6ca3d26782010a2de5c23e1332947321013e51cde9b8cc8
BASE_00002366	baseline	k141_9197	7242	35a488f9d2be5325317df833140f01abfbecaa9607c77bb7dc93ef4330523de0
BASE_00002367	baseline	k141_2006	1562	7c365a42e85fe688cf75dc10e35f24e965013ab3910a66aeb3fc105c6fee4efd
BASE_00002368	baseline	k141_16377	1041	751672e9db694e477c9f3dfbe283074aed0240a92ea2da4e9458e4ee8260a1da
BASE_00002369	baseline	k141_9202	1676	e7ca90ae6f62df949fc40cfaa1af7d4202883b2cba5c0e3dce0dc68319b7cc61
BASE_00002370	baseline	k141_16380	1452	423b0d56e562bce40ecc858e145758b203c9e076790365d8af7551642ecef2d5
BASE_00002371	baseline	k141_16383	1003	0a9886b8209bbc5574a6698aa0575ffed9e0c4338ea4c22ae542d612a3351c27
BASE_00002372	baseline	k141_23365	7643	d23db9010b2316ff219f3fd905c3650bdb038d79913eb7e2645263381b38426c
BASE_00002373	baseline	k141_9204	3378	7883900cc4b7ce7ca410a391a74e75137188069fc5ab5bdd859cc0cf245272a8
BASE_00002374	baseline	k141_23366	3172	ed2bed78a1e7b05b8987354c107d05e0342b0e1075afe517dc25fefd577d5199
BASE_00002375	baseline	k141_2014	5265	b21651ee4c5489fa5560f5f000d942b3f45a8a2f34ccaa212189e1af2b5ae0f2
BASE_00002376	baseline	k141_16389	1809	5277736f860555b256b9d65df713f6152340a838a4439b4307f1e73b99584220
BASE_00002377	baseline	k141_9208	1533	feb26da6fe95b448b008e28c323d46b7d131786dcd94afd2106ccd98eca34558
BASE_00002378	baseline	k141_16390	1193	9afb42b571de24b1a668899035a061f20d741e4b2d8cabd0248b6e1b10ea4847
BASE_00002379	baseline	k141_23368	1975	48dd061b03c9832e59fa95e7b36f7999ced08da4c32efd8f1cdb7f52f6e7bd1b
BASE_00002380	baseline	k141_2020	1221	751761bcd3a5395b5dc00067f0021d8c870c5345f34f91d838bacb9917dc030b
BASE_00002381	baseline	k141_16391	2200	d66b9842cd77db0132b637dfab558db0530ad8154994d5d77b996aa57274a1ee
BASE_00002382	baseline	k141_16392	1113	7070e1f7de125da50c8af31d2d25eadc796c816df572aee6bf1ec50930e026e9
BASE_00002383	baseline	k141_23373	1560	d8230e7c0268931ec6e2f49886658f0f63263c0de7f8a6f829aef675f38990e1
BASE_00002384	baseline	k141_2023	1206	2bdc0efbdebff6c02d00717e92a8e943920cbb0b42d22c63017ee903e61af417
BASE_00002385	baseline	k141_16393	1544	572864271c856ae427cf98f93b779e5aff56391e209883f6a195ac6530b1517c
BASE_00002386	baseline	k141_23374	1565	07ab760a57807dd7a55e85d9136be1f0bfcc371cb7bb1a1dce4bced4519c576b
BASE_00002387	baseline	k141_23375	1537	a8436566e5e00a0bc28561867122ce18a13d40b2488a041de8c17654f6dae064
BASE_00002388	baseline	k141_9218	1606	87c5ca99b7b72d6a46b5b510c8b9b2b491ce74a4af5280f12a05949a5610abe7
BASE_00002389	baseline	k141_16395	1775	89360ad3a5f7a49ddf99276e8d653e2d0a7e69d0f03ffb9427475a40032b0d91
BASE_00002390	baseline	k141_9219	1318	8e803ca28d5bd202628f1fbd701ce71cca261a5a0b7fcc402e6a827ad109028a
BASE_00002391	baseline	k141_16396	1247	ba130267e34c64e98ae6aa74400eacf41c19c03c47f5fa54130e78de38cc351c
BASE_00002392	baseline	k141_23377	1698	a78dc22a898cfa4af8e0599f5e012a2e811e9b9078c34aafd3338da34ba21e54
BASE_00002393	baseline	k141_2026	5103	d1e7552e5d6e536785e22c1ed2a028fdc5d59ecbd15c5b88b8f4fd8d31eadbcf
BASE_00002394	baseline	k141_16400	1064	2413f9d7b516261e7cb9508f11b685c45f46ba200f2322052ffa84973aa6dba9
BASE_00002395	baseline	k141_2030	1529	e56913d3db0ce306ceb1ab5b1eca221843ba3e7d4be0c8db9e08d42a1c482879
BASE_00002396	baseline	k141_23387	1003	8ff6699870a7419e2512c88ca258a5db1193b7fee6f0de78912b2b838cda3d2c
BASE_00002397	baseline	k141_16402	2884	20ae2807ada27c9ac6b51954adc9d33dbb3e166ccdb276b3a9eb4da87571b2ad
BASE_00002398	baseline	k141_9230	1320	5a032ec2b893f935e5906f98804cb4996b7c423268d3c7652e0c801b6c01add7
BASE_00002399	baseline	k141_2031	1842	e56799e3141e632254600510e0fc2a7194eaefc62f553fdd9d7138cbd3443827
BASE_00002400	baseline	k141_9231	1649	7275a3163f97a87684a3b74726047454ccba8408f91f4b5fbce231e3ed6b309c
BASE_00002401	baseline	k141_16408	1643	27fe9a6000ffdef67fe3a84319d45ed09fb78c753bbb333f3db9084378ae8010
BASE_00002402	baseline	k141_9234	2016	c142b5300de7abe1694a13804c14736c9512c74f0e74a5d459277cb96882000d
BASE_00002403	baseline	k141_23388	5409	baaf895cb66e469d51020fc5e3674c59350bfcb83233cd7c12bf9380cefd24b5
BASE_00002404	baseline	k141_2032	5232	419717f2fdf598953f4950d5e4c333ce446d56d51013482df831c980902002d4
BASE_00002405	baseline	k141_16410	1199	e271ce7ef2d6a396a6d1dffd96e24044db378cde3d19ded71ea497b8beb9ff02
BASE_00002406	baseline	k141_16411	1151	bbffc41fa3bd650bfb8bab7526ea16f63f3844f90096467310f1d3f7d16599a5
BASE_00002407	baseline	k141_2033	1706	013c95083a766f8e178d7cdfa44839bbec8eceef01e4ae9bd9312e146ae06c7b
BASE_00002408	baseline	k141_9240	1406	3a111ea858e1d90740b34cd6d237780d20d1677a158f2d88f2a46e418880d6d1
BASE_00002409	baseline	k141_2034	1107	484548624447cd917d3983c77c539b94eadf8c6ff89c826941ebc151eece07e3
BASE_00002410	baseline	k141_9241	1153	aea5cf26ae46af187bed39ecfc4946678b085b9d3e7e7d15b914f4045f349112
BASE_00002411	baseline	k141_2035	2194	df5d11cb5e6422130421972ae055c43a54bd1eac255e15221387c6bdd1684fbd
BASE_00002412	baseline	k141_23395	3034	edcc9e69cf2ce9bb65ce030d6e6757b81f8dfdcb852d0102b4765d2d1e136e81
BASE_00002413	baseline	k141_2036	1260	1bebe426f029306d133aa58183e72f88ddbffe6574d1bbc8e74b77fd07a0b6d7
BASE_00002414	baseline	k141_16413	4696	6c2a1da392211b5ec825fb7d05a8ba55b618edf88de91ed7e65d054ccdf80efc
BASE_00002415	baseline	k141_23396	1142	89735b22c129e02b5343fb6f754dbabe6d8ddc16ac150d078011c2c94fa54d07
BASE_00002416	baseline	k141_2037	1102	a88d5352d105d6f919a06ce7994891e25adc98b68cd1164ec32bb8fb3d5348c1
BASE_00002417	baseline	k141_9243	4533	b3906c154c3f938b74f3a34f85ffb271945cfa75c13a88710b53858775fbcf46
BASE_00002418	baseline	k141_9244	1462	a7797e8e552e4051f9351db157ee7462685f8c65295d17f78d915221c35d7221
BASE_00002419	baseline	k141_2041	1477	fcf9f44925d66de35c52da5f9ec250224bfd58b659e3046dafe35cd81eb8a22c
BASE_00002420	baseline	k141_23402	2421	43fc816334bd288c7320a2539cb597c40eea2e5f1ec334a589a861f5f424e77c
BASE_00002421	baseline	k141_16418	3862	c74f9d2faa5c60fda8eb4d49a023bf4f80d8e53fff246a6e1a0449103717c4c4
BASE_00002422	baseline	k141_23403	1153	b30c620a5118479eee8cd0b39a6d86dc5557c040960d36f1a02b84e257460de6
BASE_00002423	baseline	k141_23404	1179	5962134170946d443cbb6fd4e79412890f7710a1d1ae0f49642c2fae3c7eedf4
BASE_00002424	baseline	k141_9253	1058	39226e6bc8c3eb28039baeb2fec1d59290dad6f420ee380ee0b40341d39fc64f
BASE_00002425	baseline	k141_16421	1571	036a2c22ace2f69bf54577f57c658d8c84ecd089557ee0f5c89676f4774c6e46
BASE_00002426	baseline	k141_2047	2568	415a24e8fea7e68c3a9ac5c8ce5fccf94d671be7c91cf85e5990d70bb2d3846e
BASE_00002427	baseline	k141_16422	1052	1323f08d1c9f7e5fb4f9cbee3ddc6e39018d96c55570ed95c851b14c0427391d
BASE_00002428	baseline	k141_16423	1923	f3417ef0a9873bfe63266f8827d34f96003f1413caad9b7717a896811aac3b92
BASE_00002429	baseline	k141_23411	1014	7260ce1cd61b3b6f14d0bac114de7883ee381d4f05383d94f75bfb08fb88640c
BASE_00002430	baseline	k141_16424	1059	9d2e6d7a41f24bf00fab04832c7511fdfa370ce5925c521bd1fd13008179b627
BASE_00002431	baseline	k141_2050	2782	2fa8bfbc5a85d986ee2434e2eca3f964316d74337e55d2e4e0c5c0a101dca0bf
BASE_00002432	baseline	k141_9256	3887	fd41d5e2bc9f002de5285e87e9bd46a543f8981db13afbfb87b3041c9a2297f8
BASE_00002433	baseline	k141_2051	2046	2a202846f7fa12975b6db5ce77a546e91262bde155c0fc11187277de77b1a810
BASE_00002434	baseline	k141_9262	1152	ecdead7f9bcc5379ae619a90216e98abd5a0d11f573c492d279c8f4b4665cd10
BASE_00002435	baseline	k141_16426	2236	4c552f5893602af2342b4fe3111909e2e54d9603cef27e5973cdae4e9a3428eb
BASE_00002436	baseline	k141_9264	2173	fd12520840e8ccf9a6a6b756507d42eaade8bb2f0affd4dd39bb06166b991bcc
BASE_00002437	baseline	k141_2052	5848	aca43a4517378930c68e7de87f124c249e2e88cf2bd5c4d01a56c86ed8e8bb54
BASE_00002438	baseline	k141_23412	9180	44e92f71c15ab497be5db574f17325461910eaf15c400d97aa5cc4417cc876b2
BASE_00002439	baseline	k141_23414	1368	7e1a6de8cd33c2d670c62a0b5be18ab13a8983ab3452be61702a86227eea9810
BASE_00002440	baseline	k141_2056	1946	b6f54c9faa98f38e6490feebc07acab61c059d5f40b2e820409b3dae74328196
BASE_00002441	baseline	k141_16442	1495	1e8774f25790192b9ba8c083aaa45a3f3a5666c2028b4de91a307746681a2228
BASE_00002442	baseline	k141_9267	6906	8eaa37078693034d321d516ad340336b7c1e9710cc1e3ba23efa9aed25e208db
BASE_00002443	baseline	k141_23419	2647	3a50450c531da71df14561778277cbde7cda9e3e226e74333d4a532be830c85b
BASE_00002444	baseline	k141_16443	2093	422e391cfd5d62787c3f508936aaf60b99c7ece0883deeb57302e7e27d7c998c
BASE_00002445	baseline	k141_9269	1183	05e99f5244df02d3ae38eda1ed3517462e654228224b68f82862804ba39709fd
BASE_00002446	baseline	k141_16445	1463	13eef8485da5df06eeb644cfdfdca7ef91b6c610dd1f639361ee18e422363bd9
BASE_00002447	baseline	k141_2070	1407	694e2102bea26661bb624bfcf518b662ed0473d60d2e3dbd8ba9636fbedf97f9
BASE_00002448	baseline	k141_9271	2690	7223f01c3155b33853e1417068433c2e761b91a19c889a1abebeebaaa0e6cec9
BASE_00002449	baseline	k141_16448	1287	ef4e4107e468852aedc07abbb62b25f279b587763a8236827e9024cc314928c3
BASE_00002450	baseline	k141_16449	1423	7a10881fc7d82b6b02e392cbebfe86412bc9067ee47054e8353bcdcb47ae83d7
BASE_00002451	baseline	k141_16450	1044	f1258f3801ff5199b58bfc889bb0ef711ffb2129b4bdb4102573ae04e36b4c9e
BASE_00002452	baseline	k141_2075	1557	e5f0f762cc19fce5a59dfdd9810e827f1a4c2501007443265daa99e58380f84c
BASE_00002453	baseline	k141_23421	6398	269f01e29f316c18a7d94883117161589e26dd9a8bc98eaad89cd0459a1da243
BASE_00002454	baseline	k141_9275	1750	cb668452542f184ffe96e6d2917544e36522b45192fedaa58741c0ddb43fe8fc
BASE_00002455	baseline	k141_23422	1523	00ba6b9e72c2786a702d7b1cfeab639d59bcc8b2e465f105d985cb6346e8784c
BASE_00002456	baseline	k141_9277	1396	da5f2b42ed0fd21644f92e781df3c61a1a0eb83fb8d359c984ff9fde986bb34d
BASE_00002457	baseline	k141_16454	2115	436887d62d40c121fc2f2f014fe5dfef1b9a184e98251e56c566d8eb290b0d2b
BASE_00002458	baseline	k141_2082	1721	7bf29cfca8324dfe60703c58cc9abecff01f49628802f11909cd190d1f936995
BASE_00002459	baseline	k141_23423	3857	308c95c82bb927c78e39f88ca1862b853ccc2a1c0e95564330bf2bec2b892bec
BASE_00002460	baseline	k141_2083	1144	b4a7d5c0c9ee26f4c5a9b74099ad6a0926280455ce3bf4a384d034907515a402
BASE_00002461	baseline	k141_16456	2158	cfbc73c713fd6c0529d0a9ad17b360d81e066401457a8d02d906ef922154f655
BASE_00002462	baseline	k141_2084	1313	deedd78ea87f99db479c02e7d17c08202c18537391640acd976a35f52f78e8cf
BASE_00002463	baseline	k141_2085	1013	aa7f24f8b49e8b3258712b5cb2e6fe4b9474ae16a2d562b4638fe0b4dbc4d8ce
BASE_00002464	baseline	k141_9285	2507	2064507bf51222a3ea15a1463edc9949cc76d1ef78841503617b2415b2b510d9
BASE_00002465	baseline	k141_16459	1587	25bfab484c5b28f0c4bea19df186f47e62190ff4a28db84154abe1b9becf5876
BASE_00002466	baseline	k141_9288	1236	858f799c4afee952a42ef9c3453556726f64fe0aaa2e59aabf9bcbc5b8c686bb
BASE_00002467	baseline	k141_2086	2602	181c367bb9475017a786ce0d987d5cf250f5044f208ebade39f59b572819c6fc
BASE_00002468	baseline	k141_16462	2297	a7d985caf0718f0f8ff64f3b59da1fb68974b9ad26c65f917adfb65744d9909f
BASE_00002469	baseline	k141_23433	2816	a6a357d11cd1670e94506a16e664da3b35f5d684c210e467d6a90d506ef7a807
BASE_00002470	baseline	k141_9291	3992	0c4842a3394ba255a05c4f4e5b1a17f525bff6c24031d11833d41731aefe3f46
BASE_00002471	baseline	k141_16465	1826	243933f0cc931f757ef047fae1a343187a95b4663d74a04baa17fdc234cc4943
BASE_00002472	baseline	k141_16469	1390	4d6303017c1aba2ff8bbe28aa9b986b255189858d6afcb006793ef60045b58fd
BASE_00002473	baseline	k141_9298	1874	cb3cbca466e6aa93d4f58c2b17c43ed294d43d0e8a6f845cd0da4558935580a7
BASE_00002474	baseline	k141_23444	2789	34bb717907a3cfd0f16281fe0acd059099c0ce6d9568bc55469cbff11702aa65
BASE_00002475	baseline	k141_9299	3434	6501e83becfd98909ad82d57e3c9c43d4655e12cfa2f59a0efabdc53d5c14d96
BASE_00002476	baseline	k141_2087	13362	825aa59c58e461794b8bd95ec9747f3eb0b88fb1c7311e0a3b7de4f6563f6959
BASE_00002477	baseline	k141_9300	1350	3781b37b7a23bee4f054e59348e0989d8a24216bc0d70b7b0648846c21c2b248
BASE_00002478	baseline	k141_23451	1102	e8f5ffc7057ae2cfa8932883e18549b1d5cdfc15a09c3775c1c33e3076371657
BASE_00002479	baseline	k141_16479	2073	a8b1fe3a7c3cfa5472adfbe2c5f4299b1426ee611f6d6b818a2e38360bec8ae4
BASE_00002480	baseline	k141_2088	1070	597d6787bd5ad1c00382169bdd228423bff5333a3f06d65156d1259b974490cc
BASE_00002481	baseline	k141_16480	1652	6e6037f7639a39fa739668413bc2e265c52cccd42f66207e0f44bf7f073b8769
BASE_00002482	baseline	k141_23454	2011	604b4896fa7104b99ee189b5b48f9a4058914ca1265d975d8ad004938c399b20
BASE_00002483	baseline	k141_2090	3337	86bbfd9cf8fa196027b9df09e80e50e88ec23d57910247a64d217e9a1269f01b
BASE_00002484	baseline	k141_16483	1326	69b4b495c21754a13c94f058d7667a50d232c8a4395751fb0d30f07965d53fe8
BASE_00002485	baseline	k141_16484	1150	80f4c49a61172bd56c5f5a0248027a0dc00d8e3b8be848330110dceeaf1561ca
BASE_00002486	baseline	k141_9303	4289	cafe514cb6d587e281a2de339b932389f1ea6783e8a8ca715feacb05a44ff8cc
BASE_00002487	baseline	k141_23456	2658	0a815cb4e5add264580c6c767d037baed87bfa79e8a9ac1db8eb4823f4fe5526
BASE_00002488	baseline	k141_9305	1176	99a098db83b322efd01f8f214f5fc9932454c7cad377a89e64a8e2e98c41bdff
BASE_00002489	baseline	k141_23457	1807	dc3ce31c666450ff81a577c7a020ab4de41fbfbc1382e9656d0fe18bfc4ec250
BASE_00002490	baseline	k141_9306	1181	4a0b361ca4bbfdfcf1029797e2bc4f487b6874786f0feaa5931fc6890cbb4e89
BASE_00002491	baseline	k141_16485	3040	c26b1a943f9c9d3b3e772a57da7c3dc1c7135cbd1618faff9933ce24cf53be7a
BASE_00002492	baseline	k141_16486	1671	380f88986cc737fae241da323c035dcbc01d3a891d53fe3338cbb5bcec86167b
BASE_00002493	baseline	k141_9307	2392	9a231a66850ffe538afd8ac92aa49e85f22dc7d4fd95b95f63e10a9458df0920
BASE_00002494	baseline	k141_23459	2596	849ba46568a7e58ba6fcaecbb43ac61f1e5343091cf03ac657e08c7d7cf913ec
BASE_00002495	baseline	k141_23463	1279	02b1a7dd794aca076b433b68ff98949b096b4639ada51be4b01b0ca621a4a8e4
BASE_00002496	baseline	k141_2106	1914	055efb7af99db54aedad921a3f7692421600fed675f8ff23203413e4de5807bd
BASE_00002497	baseline	k141_9315	1820	6e642b201b944190b685b90e0af9950b84703450b6e7e43ecbe16bbe5ccb8354
BASE_00002498	baseline	k141_23467	2671	4cd2c902445929d044de810924e703be6065bddc65cc2a4211c34da0f4a30f89
BASE_00002499	baseline	k141_2116	1813	082ec9cf357ee69dc3652a9d7165020c393208dc25faf85c0373b92a2c8f935f
BASE_00002500	baseline	k141_16487	10871	4682fa3f848dee438ec9c8d4cd3c13ab9b07186eea031b10ee902afe0e7b7c12
BASE_00002501	baseline	k141_2118	1079	975da9736e9877be234b2c11c2f7074c39c473e19534a4a9e8707b9846603908
BASE_00002502	baseline	k141_23468	3925	4bd381ced08bb47cc0b4ae43f010c19a93f34aa33c8784f3ce305a97291a1b75
BASE_00002503	baseline	k141_9322	2705	735b1d1364abc916eb8bbad7945628f1c3e15abdeac28d318ce924d93f98f02d
BASE_00002504	baseline	k141_2120	1961	b8cf475956b2f360bc4e28fec5d22b6b8ef0cc3b2cc088871647aa26593ab528
BASE_00002505	baseline	k141_23471	1132	cb5ec6824b8afd355402c68753f2dee3f42c100103bfc087456d5f9f1164afdd
BASE_00002506	baseline	k141_9324	4675	56162ca340f9b942f7ecd612923a9fc5c33b721d5e8f84596716878cc56b7bb2
BASE_00002507	baseline	k141_23474	1690	7e1e58f6bb3e2b4c0237cead4887afdcff446d39b367ae86810aa9e912bcde14
BASE_00002508	baseline	k141_23475	1026	cbc1e1b3930098ff16d8ca249f5f578cf3033a4c15b2393a66bc8244e3c3648f
BASE_00002509	baseline	k141_23476	1843	337d2475df4ba3df1abad6afdaa46a3008e66e054e7817f4723c724dd23b41d2
BASE_00002510	baseline	k141_9329	1067	0ea85b863736b67b115e69736c0b892c011d41bba63205116f9d7f4308710a9b
BASE_00002511	baseline	k141_2129	2355	49fe94548b4eb208c3944f8535af51e9f800109bf63d93615919baad8494d56d
BASE_00002512	baseline	k141_23477	1437	baf6c5d746de8f52000926c3d0d55133d46757db9725a6d4d878f74313d109bc
BASE_00002513	baseline	k141_2130	2596	77c90cada9d467a39e87908c77d6da6c6a68ca986142510b19f0a7e7d8c8670f
BASE_00002514	baseline	k141_9334	1889	1bae85c60393922250f8f8f919ab27e89f1cfc63414753c5345181397ad36977
BASE_00002515	baseline	k141_23485	2480	2ad9264cb4f926b0ceb9e1b57d7e110600880cebb5a83818bfffdf0e1d3022a9
BASE_00002516	baseline	k141_9339	2485	66410d2ce564ebaef588427ed2f544cb1a3a4f5cf37c90c54a2c2d5abababc2d
BASE_00002517	baseline	k141_2133	5883	92c000f091856a3120c7249fa139864b70b3ec198aad6039e6cdf64a203f44af
BASE_00002518	baseline	k141_9342	1678	9d493ceeb11af62ea909d315c34213228cb28878138fc2537a6da9fa98150399
BASE_00002519	baseline	k141_23487	4263	ab7061eedf989a166a3bc53b0151b2f78c303c564be1b66a5fd2bbb8b37f69c0
BASE_00002520	baseline	k141_23490	1058	fafe40b8cb5bbe3b65fe6a85e6003da25cedd7a608cd13b0c0301e87e4c2226d
BASE_00002521	baseline	k141_9349	1172	7c889c2a65ae92d7db11b95da2f807872f971061c599bca737a7b7cec7d5cfbb
BASE_00002522	baseline	k141_2135	4843	3dad92ee7d76b679625ad610e0095aaa320efce31ebd31f2dfadda0cf72ac91b
BASE_00002523	baseline	k141_9351	2406	da5d7c2e5f692b5e1606dcf2da65766ac843b468ac5a7acd7e9af5694630f490
BASE_00002524	baseline	k141_23494	1270	c8325fbf420065bb6bd5d5ea1e047e5f75abb8bc1d7694bf0c6d9215aad0bd25
BASE_00002525	baseline	k141_23496	1042	e0c1c6630cf72e71733dc8c5be863ba31e6f1bbbc662f7a821ff7fe68c8cf889
BASE_00002526	baseline	k141_9352	2579	41c93b8c2686cc38fc15c851c277dad67c6d3f3e24d05f65d952e19c146ee277
BASE_00002527	baseline	k141_23498	1070	30280adfe446b3d9c4d9706380f37c3dbdf7cc11ba49130040581ec598a93b4f
BASE_00002528	baseline	k141_9353	1756	e85c6a02a9ded1bbe2ca9a780eb0e0a8889f6abedac2a07f739bc50393a4f7fb
BASE_00002529	baseline	k141_23499	1385	75c16d1bbd9d64cec72c94f627ef344c0d94df28a6c245b6d7897d29abc25d42
BASE_00002530	baseline	k141_2140	5994	bbaf754da3a6d5974c4e2c0b369745c50496d8e42adbf409493eac098968882e
BASE_00002531	baseline	k141_9354	1768	d33b9131de4fa43431af0f92cad812c95e6f60a7f1edb995d4bbf13607604e0a
BASE_00002532	baseline	k141_2141	1621	0cc463258367de7ad992e66938c1e0f7d0470cef29c29e7d23cf5a2fe019abb1
BASE_00002533	baseline	k141_23500	4143	3205efd3532d9ac2c9be6581e4b316935e1d57c96f4fcddac1932e97e5bd79ac
BASE_00002534	baseline	k141_23501	1854	195cd313a08a91f69e07b0986004296bf925d4a7c95c795498b0aaaaf246ba1c
BASE_00002535	baseline	k141_9355	5549	d8f851e22f6561980eb31bd1f6c42d57280d8674052b74a279e31d5958bd84b5
BASE_00002536	baseline	k141_2144	4053	ad983aaaa51663f31f55620b2af7d5716c4557bb9e57cf0dd456d86e4e6d30b4
BASE_00002537	baseline	k141_23505	1786	29559a3e7d1517b78e4af3a8a406f7b48c922ebdcf7b595763b225222a5123de
BASE_00002538	baseline	k141_2148	1394	513cde479f865f5d9ac41613151f6e08c84ffd3af25f0bb2059fdaeaa3238305
BASE_00002539	baseline	k141_23507	2089	8a7e50a2a74cc6c574efb993308a32e00fa2c2d52b9babf2666c3eb200e034c1
BASE_00002540	baseline	k141_2150	1809	fe8b308e18790c19b8be299d7fcc522a9958a7e7111fa0b8c1bfef8e22644b1b
BASE_00002541	baseline	k141_9357	6106	12612f004d5897fb45792c11951cbf639b667aeeaea52d1270ef97a0315adbdb
BASE_00002542	baseline	k141_2151	2546	3675ef339c41eeb315f9841ead8f0c31273a8bb0d63cb69456e1c372c47a2fbc
BASE_00002543	baseline	k141_23511	2052	ee9c05e55c8daf3b74df9e4bc010b9d79bb899064123f13a2157a2ef2a0e2c60
BASE_00002544	baseline	k141_16490	45463	85d53f36423c3c13608481b9735538665380b1d9e102e2effe8506c81c786891
BASE_00002545	baseline	k141_2152	2017	a9eb64150400d2d15111ccea34f2e5e59c03036753a79b70b00377719923c61c
BASE_00002546	baseline	k141_23515	1051	dc2882c239c8212537bb5e1bb322979342604fefbe9c5728c7d3f640c4416844
BASE_00002547	baseline	k141_9364	1352	a19e94ffbfc9cb815bfb442155c5d8da4ba7df0a36473e8ec3a0da78eb4af73f
BASE_00002548	baseline	k141_2156	1215	9135990ad43d084d9672109b96d658ea6ea3aaea83586ac56846398c951bae44
BASE_00002549	baseline	k141_23517	1634	bd1d9bde85b9ca0bc0d7abc24a1afd33d0f36406917210e96a53afd62235b103
BASE_00002550	baseline	k141_9366	1020	4bf60b48732efb6cb8c348392b92c19b680d5104a128469735d1dcbd8bdd1974
BASE_00002551	baseline	k141_23519	2867	91c36005c1e8452260098af68871450d980c644b4410d7fd920a794c36d98763
BASE_00002552	baseline	k141_2158	3156	86a22ebec9f504b1b6bad0915395819192d9f69c6e218c29c1384a963c6da051
BASE_00002553	baseline	k141_2159	1492	902d12667d8f0f9b449b8fa120cd25efc2e30381131e0e5654d2f46788badb68
BASE_00002554	baseline	k141_16491	8276	c915a27e8d0a6988f9d67a274d8c8c1542f64d4baea3d277bdbcd7522c4f422a
BASE_00002555	baseline	k141_16494	1570	196d4889571520ee3ce419925b8ea44beaab065ec4e4d9823e3244107cddb31e
BASE_00002556	baseline	k141_9377	4164	a68ee688a937e4a0471483343ded48976d6180a5c16797361267c1c4f4c1c351
BASE_00002557	baseline	k141_16495	1283	8f802cbd8e649104e74bfdf164934fa29a7268613cdefb7903b4f21539a10430
BASE_00002558	baseline	k141_2166	3286	3fa544aa424f404ea6c1cacf9d52bcecba26ec9de68e58714809ab23598c22c3
BASE_00002559	baseline	k141_16499	1461	1abc459fb57e714d10e526c924426ab1c651a582b7dfa7d1d3db7462006051a7
BASE_00002560	baseline	k141_9379	2626	d8b1ea4f97c2a7dd9f15dbc02ac78070b38522a4364b672a9b88a064f5e28587
BASE_00002561	baseline	k141_23537	1013	ec73b9a8a21140afec0670f540289b9375a832d8255b47fcc923d3c6c6877502
BASE_00002562	baseline	k141_16500	2697	fa41a40dfb816f989f001b5ce4a1464ee89060a0ed99d457bdf93a0746416bc0
BASE_00002563	baseline	k141_23538	1904	083f1c5a9ebafc202bb019cc6d58a75b2c5bf56c10a9a347bfbba9faa24421a2
BASE_00002564	baseline	k141_9384	1102	36760f9b8ca2d49e8c0c64970a651a187662d4857c0262f7771743121ca62e23
BASE_00002565	baseline	k141_2171	2847	3c5315171ce535b7a4ca4cc4f465cdbfba5fb11b050e95a6caef2e9d0656bd64
BASE_00002566	baseline	k141_23540	1636	13842f64925bf88afe0a8f5f7c382e7e3f2f98d9bdd900b2197d69f520ad6b4d
BASE_00002567	baseline	k141_16503	1516	9ff1ca1cc0bbfcae941c74a44a8e4394747123f62aaa4b2701d0c9e51db14ca0
BASE_00002568	baseline	k141_2172	1103	e8d797071f0c79fde1e016e3a64b42f32d14645654b4bc5452b68ba589ddf47a
BASE_00002569	baseline	k141_9386	1180	9e20a0b596db20e502b5cf14df20b72f13100d851140045ad4d36a8d45a8f9ba
BASE_00002570	baseline	k141_2173	2321	242d866971045250e51bfa45ef0ad4ab19bf8c68a1e3fb56db51147f357c60b7
BASE_00002571	baseline	k141_16506	1604	6a36b1df6b53a8dffb3a49d4f39f39733e9e7f7a3e536903c2d50796afe62743
BASE_00002572	baseline	k141_23545	2513	5ebe955ac6bac345c11ac689521cf900ddb9650006d09fdbbce6885638b0c3dd
BASE_00002573	baseline	k141_16511	1171	e7c16128d55b7ccfa3318928b4deb4e746d6c337dac92e07b5ecd455f3653967
BASE_00002574	baseline	k141_9388	4250	fe670ab237929a2b12e561e2da9f88b9b3e85d24c3c74eb1ec220a0ec22688a8
BASE_00002575	baseline	k141_2177	1003	0bd399b4bf719ba1b700b54976ee684682ab4a695b2efefe8ceb15e33199e473
BASE_00002576	baseline	k141_23547	1509	e48dd4635e4a3c7cfe6c0a7fe45e9b51c6187e7b21a87db644f7c5795d65ee5f
BASE_00002577	baseline	k141_2179	1334	5bcb75118fe7e48e0996a73594d5a53bef7cd6f498cc57ebf2ac98495a6018b2
BASE_00002578	baseline	k141_16519	1084	f622c1a4f545d061e115d0571d90144ca496a249091d111076197f977140bba1
BASE_00002579	baseline	k141_23549	2994	2035cd830a2b342359345142675af097926a377cbc94a1f4ba11897f0bee9e53
BASE_00002580	baseline	k141_2183	2890	5590b897d50c61e5f737ce2a0717e6b17dc993a601b5a29fe13151247d4b0f32
BASE_00002581	baseline	k141_23551	1098	4bfa958eeb61e58b80d3536b67f5e990280d3f88fd2de63023e94f7b45f77639
BASE_00002582	baseline	k141_9398	1989	3561fec539bcea3b61ad961d03918912a5da977fad9c43a2439832f52c8dc13e
BASE_00002583	baseline	k141_2184	1308	c1103eaf8e85f355ee5e15e274a268688eb329c9da502bbf90f6e50b67f420e4
BASE_00002584	baseline	k141_16521	3259	36b8ccb4dbf20e86bd008bca961a1e7fab3d1168bad1f212347ea9ff05675938
BASE_00002585	baseline	k141_9399	1618	dd2b08bfbc2629bc798e376be0e2452b07c178859434f18901ba8b1df3cd79c2
BASE_00002586	baseline	k141_2186	1468	4bdf60ef780278e8c212462cabe240c13e21373815be31535c95f536140fe8d7
BASE_00002587	baseline	k141_16523	1218	34fb122ae7832e7a04b05584cf5b66f5884c1985852fd578b27c8f5515b480d8
BASE_00002588	baseline	k141_23557	1100	5f4d30cdf2465a4a41f25cd66a1318b522554c9bd5aaa9e8aed9691ce1874914
BASE_00002589	baseline	k141_9402	2964	2350c71aac5cdac8411f1582399f1e49bea86d1a772c3a0b9b2c746232413ac6
BASE_00002590	baseline	k141_16525	3306	a8c6591c703150e3595d447af0b237ec9c665cb033446417f061f86e0d199aa2
BASE_00002591	baseline	k141_2187	5098	e2661aafc55bd350996f3e9468cae7d3c82e2c71f01fb20a9f900da2c8b4ca1d
BASE_00002592	baseline	k141_23564	1339	fe1346431c78cc650b7ff5a1748590b6b8492762c125a83749057a05851cd59a
BASE_00002593	baseline	k141_9406	2742	d4aa71d82aa63721c41c51ee83ca1761fedae82d07f3a0efbe90fc2d42b7c993
BASE_00002594	baseline	k141_16528	2916	1f5df3e763cea854262a2874d3d04902b114c3aead658422552670ee622ce26e
BASE_00002595	baseline	k141_2190	1353	207e584c88ecb205270bc2a0833dbbb7b37b9647a806324797d56c185ae9960a
BASE_00002596	baseline	k141_16529	1316	e979bd295851998f5f9829bf33366b507f66230d4ce8e5b4dd1754eb0a798cd1
BASE_00002597	baseline	k141_2191	1474	de98f8dd80db751afdcd57aea1e75f83328d5b86c37aee7ee199e196321e17f5
BASE_00002598	baseline	k141_16530	1012	e37b05903d60e84d59c77babdc7232fae33a6e7a630c7d2418f9bca3dc1ca47c
BASE_00002599	baseline	k141_9409	1387	669f0f6d6b48cf1080d35c8014dd6d8ee2f74363e6ae171ff8699b4183adb2e5
BASE_00002600	baseline	k141_23566	3755	aa6daadd829b995a87267d17491057aa215cc4a376f973fbca7549395844fa66
BASE_00002601	baseline	k141_2192	1676	a2d11260630a49282003ccee80c6aca73392e29b328a0d98b9178bc60546754d
BASE_00002602	baseline	k141_16531	1400	ee044ed9805dc4c9df00a7e9989e59de503a9e697a974d21d79609b2e63e2f31
BASE_00002603	baseline	k141_2193	1389	1be7611760ddc55f2f2cfbd614e1d3a150f6c7e4459f194b262e837b956db678
BASE_00002604	baseline	k141_23571	1448	33aa1766df6134d115ec0cd29166fd766b2b882bea8b61ea594439053ebde674
BASE_00002605	baseline	k141_2196	1064	9fbd90982fb12b02ea0eb7767b35f2e794df96d4bd84c8dd684069f1a8ae0aea
BASE_00002606	baseline	k141_16536	1263	6133181c57a4763247662030bc6ee6e871ea74771efe1ab1170129b5c2c20b98
BASE_00002607	baseline	k141_9415	2979	15199d0a497b40f9260a7ae7dee13281de8d75895ca3f043b712156be4e49515
BASE_00002608	baseline	k141_23572	1541	bb86d923e7ef74c028950ef9a8dfaf5ce4ed5ddfaa31316efd720c572e2f7aff
BASE_00002609	baseline	k141_2197	1468	9ee9ed6bda4277a40d3845d0d0acdff48085c04a39e26734ca02d642ecb5285e
BASE_00002610	baseline	k141_16538	1636	9e9113cffc8eea6f7426710be27d8e451f944e841cfe4a3841467d257bac92bd
BASE_00002611	baseline	k141_9417	1207	025c807f203b18a4ef486c735d5ed2a662d864216f6f36188fbbc5348e7b8262
BASE_00002612	baseline	k141_16540	1049	5db0b1068757c607fae77a47dd14979d04a33d922ccafbd05ea21b3a0349dfb4
BASE_00002613	baseline	k141_16541	1509	fb2c2d22eed0ebd2c0176095103c35b5d321b392a3c36a3d8540f53801d074ac
BASE_00002614	baseline	k141_9421	1659	97261fa5252907ac71c0f5d246dd7e80dd4582f4dd04c37cbc15ffd2f42cb6fe
BASE_00002615	baseline	k141_16542	1062	c895776fc471eb9dfb57000efa171f96131ee3e7aca08db36ad93bab9a273d13
BASE_00002616	baseline	k141_9422	1067	7de0174c2eda0bb2f4f37b89d542a7794f69b2350f524aa8b178a6b721b8b9c7
BASE_00002617	baseline	k141_2198	5250	2de1876209e67886ceb0ef15e59f01d4a68e77b6929e6f0a19aff3ece20b5a00
BASE_00002618	baseline	k141_9423	1160	5bdc073731f9a182c19a1f40a651f18f0acac365e2f43d93efe2640131590719
BASE_00002619	baseline	k141_23573	6495	05cf9fdbb0da4adbae562970c2d555ea1c7595318acbb06f98d84e88287c2262
BASE_00002620	baseline	k141_2199	1225	46b012c998c7f5a6f118faaec8731579b7cef4288445072e9b7f57c5b0f24037
BASE_00002621	baseline	k141_9424	1202	d192c81ac11b964c1d24b17195441a4b6ff1e35ec45990190b5b3918cc418caa
BASE_00002622	baseline	k141_9426	1176	8698165adf72f02dfb41d80a9d69c28fd24026cb6edae5e572dea9793ad4eb98
BASE_00002623	baseline	k141_2202	1375	5abbef94b1b8a1c7dee9190aaaa5812e5c062e7ff4d4c8a554f289846807064b
BASE_00002624	baseline	k141_23577	1227	bbce66fa659f8aba8edab35e5d2eaf26da8c858e23775570817172976865d811
BASE_00002625	baseline	k141_16550	2226	816a2f6c91d25748bee3402f300dd5ac9a6f699f4ade3deef387ad3b8b604645
BASE_00002626	baseline	k141_9427	1512	f9de5d44b07c1f2d3fa8a81ccd45b4c6af0a2f3665c63e17fd36961972196270
BASE_00002627	baseline	k141_2203	2504	e988c3d477d4690884e19700de8577be3f491b65c4da6ecfcb15cf9f86c8986c
BASE_00002628	baseline	k141_16553	1712	039450fb3f3307e7814eb5037cd823f4f4ff15e1c5f1f8e95311a4be1cc5b8ad
BASE_00002629	baseline	k141_2204	1250	06daa3410713206e339e0f56dd8f367f8040e66251f2ad0c34d9270af2fe827a
BASE_00002630	baseline	k141_23579	3365	11ac940623e2ec3c1226fd9b33f26dd03642c5c3f5d3953d02b54661b08d5526
BASE_00002631	baseline	k141_9431	4438	070a1498ea3a6a4cc7f51f663f9df9caeecdd3b1199bb07e9c211561bc358b83
BASE_00002632	baseline	k141_16557	2796	467f2c7de58bc91c6a7679a19cb7b3e5286c47fb6c8101b2d2064b709288c528
BASE_00002633	baseline	k141_23581	1839	373208d11b7c9c8de01636ab2827661e5309522592c9231280ad956ed847e12b
BASE_00002634	baseline	k141_16558	1027	a0aed15570b6eb866e01918274a07ccfa816bd9e925fe760e1b663b403a0c25b
BASE_00002635	baseline	k141_23582	1567	3e97b6e67ee432f9faf62eaf1358b98dd96b13eff71be7faabc9de4ca7ba4f81
BASE_00002636	baseline	k141_9433	1272	398a532af5134cd2624fed87ecdc36199d8f806d4dc5657a727577ba1c86d509
BASE_00002637	baseline	k141_16559	2887	27a801ac80c6bbd561cd424ddf1f12a58dae7700c5cc006357ceb356e5f3daa0
BASE_00002638	baseline	k141_9435	1749	0b7373265769c12a09eb6f524b60c008db846f5a2b58d6e84535830dd3b9caba
BASE_00002639	baseline	k141_23586	1456	3c9c70610e7ee9d9875b931167054551f9c82338d34a758ec666ddb01f245ef3
BASE_00002640	baseline	k141_2210	5887	c63821b6b5cbfbbdd4f102457c944a6d60de573364fffcb977944cc2b75fc3d6
BASE_00002641	baseline	k141_16562	1023	9fa8f49f45fbb8692e91793f7adb281213b4986bc5ef506743b03c263ade9efd
BASE_00002642	baseline	k141_9437	1217	53f67376d3382653923dc6386c33997bc5abb9788241283c9c4e23a541ade45a
BASE_00002643	baseline	k141_23587	1318	c0cedbdf865d93d5e0f6e57ba1c78363ee844862c5d60ef6efbacc3f549950d9
BASE_00002644	baseline	k141_23588	1121	5b64c976bd06b241bb2fb9298739322d36a147bdb3c7b586f2650a4dd5961e28
BASE_00002645	baseline	k141_9439	1321	cbea9b78906959856ca97bc94640ec52e4a67b334e692f5efed868a8f49999a1
BASE_00002646	baseline	k141_16567	1081	964b471139ae868a3c40a1d03fc667f357a7e177994f9ba8fad52db84f2b0d01
BASE_00002647	baseline	k141_23589	1915	a866b1420438334c2ff384fa201294c1d169e2386f1206766a214f24aa4eefed
BASE_00002648	baseline	k141_16570	1036	5e3c0576659a12f03c864919d81b0ee2276ea73bde7e95b5c2ec8d7db15d2fc7
BASE_00002649	baseline	k141_9445	1470	64927464974d680b80643c3e129672e2864122776ad07cfa109780e34db76019
BASE_00002650	baseline	k141_2211	8223	fd32398c00faae2f57279cc140dde73b21a0ce88a273500369c734c5b20449ec
BASE_00002651	baseline	k141_16576	1165	78dc5f1063215dce405b6880a6f7211d19a52ec8d90f1812274776c42c0ad570
BASE_00002652	baseline	k141_9453	1180	ab09ee41969dedf6a999c0de72c89d91d96003bc0f27acd62e32de9f419592ef
BASE_00002653	baseline	k141_16580	1634	01d0da9dc105d71abedc984b1c53a4699923998c28b193b8c76caa627d9610df
BASE_00002654	baseline	k141_2212	3388	8caf5406345b1cc38ce2481c8b46163179597f03041368b065cf7365a3c65502
BASE_00002655	baseline	k141_23590	9044	04a11b9ae80fda310b75e56375492647cf2cd5e07735097c6cc97b59681e665c
BASE_00002656	baseline	k141_9455	1265	cb1770fe4d6e69ee46a66fa4f706d3c317516ad89a8de23c203f3a4a674b05f7
BASE_00002657	baseline	k141_2214	1157	9552639b8151a638030c0fcc99098237b09911d7ac211d0292f613f53cbbdf72
BASE_00002658	baseline	k141_16585	1059	687f320de09ed5f98792a796a1fb259966a3dcbe25494d6d05cce8cd3187217e
BASE_00002659	baseline	k141_23592	2248	14557d06ac8d8cd7ed6167f794477340882da1bd4196d3056f2c6090a4295b5a
BASE_00002660	baseline	k141_9459	1153	e2f599db2150c3b6b153126f0b36a90e0cdea9cd07f16bce9d6ff8ad7c1503c6
BASE_00002661	baseline	k141_16588	1023	afbcb09626906e989f4a7d8f9150c9a773101576c455eb7ea9086c79c9255368
BASE_00002662	baseline	k141_9460	1661	2946adf08142183ea452e4cc976f6daf3ebfa74bb884dcb855c1b6ef5b4624de
BASE_00002663	baseline	k141_2217	3339	59670ae67f8208b30c1e01ea891bc825eaa5a109144695248eefcdcd187cc98f
BASE_00002664	baseline	k141_23593	2857	41051184d51e437847d629f8739e911bcce6cd299108b0daf178b6229a3f8217
BASE_00002665	baseline	k141_16591	1653	5bb7da26bc499d5e7d3b1e58166c794664228c2a272ebf2d1ba2240476624e63
BASE_00002666	baseline	k141_23594	1273	6e35a844380bdda338e00508e58b144feba3d2fd5535936be32471e374817858
BASE_00002667	baseline	k141_16593	1143	de0a4a98ef52f21e5224088ae039157790e09e553a12438d346689cb4ba8a7e0
BASE_00002668	baseline	k141_16594	1580	96a13231000e15149c6b7587a3388c3a0e5cff12d46a783477b504b583abd411
BASE_00002669	baseline	k141_9470	1043	10a87d7be6406c69af0a79d865c31b211484d29afa77aa7dcc520635b8f29fb5
BASE_00002670	baseline	k141_23595	5072	376123d3ef219bdfd593e6efd0ee9d684fa6ba3255cdb583cc450e720306744b
BASE_00002671	baseline	k141_2219	6680	97e08d2636fd4edb4546db716723b42061727a9f6ef8547324b5ef10f433e3cb
BASE_00002672	baseline	k141_23598	1471	82986dab0dce95383578bf2e8d0f48d929f4d67ef345d993c590a7b63dc57f56
BASE_00002673	baseline	k141_9472	5857	961c46cd6870dfd5bdf3f9f764d9a53c275b8be296eeba192e5ec860e4441661
BASE_00002674	baseline	k141_2226	1430	2bbd2b645a4826e3acfa6f64f6997ff14f47ac5a4dd6f14aa4cd8bb219b05063
BASE_00002675	baseline	k141_9473	1620	2276958b3d4e2a35550d692ad905019f4711997ac422748ee94a672ce5f88654
BASE_00002676	baseline	k141_23606	1854	ac7d96b10c22f5c17a161f8aa60d9302ba0b6d53800dbe83be8f283a813658a1
BASE_00002677	baseline	k141_2230	2519	5b8efebb0c42498647062a925267ce443794033fd70d9305111e89263ef07649
BASE_00002678	baseline	k141_9477	2124	8fde8c1c250ae697586eec94f1d5842c1e2867fdb27614ac777a7368bd822691
BASE_00002679	baseline	k141_23610	1392	31a37dbc509e85b76e7b9c75b5e5d3cca21962eae7e5cccc3f2c21de419e03d8
BASE_00002680	baseline	k141_2233	2468	c520f26ad2d20ad4a2120067b0fe84dfe815783ea8e5457444019f41e03ec129
BASE_00002681	baseline	k141_9484	1302	b60377c4986106fe5b114c4c6c2a55b2ea8aad6c9f1a69ab4744f623c8862257
BASE_00002682	baseline	k141_23612	1698	9612ffe8cc1df97279c1c03628076ec8e692b34e1c7fdfb3cd7ca3a0eacf97fb
BASE_00002683	baseline	k141_16611	6784	95d6acb29bd72e44f9f578a6caa20b0788f21026ccfd56fd76614ef1fe301cd7
BASE_00002684	baseline	k141_16612	1214	2bdef2a82f90cbec2b16e4b8155f295dca2d89be948f735feec588ad26a48994
BASE_00002685	baseline	k141_2235	1812	eba14af1682fbab2293120816a89a84955faa1e7a1294ecfcb99421f832afedb
BASE_00002686	baseline	k141_2236	1958	056806d32084b4603cfec867893cd8e424de1479215fd87d4a1b73fa2b696f74
BASE_00002687	baseline	k141_23618	1780	951f9e61d242fcacfa6babcdafac67fe736adced6758cda65fc20d1e1f74a088
BASE_00002688	baseline	k141_9485	6149	47b883994d4d4ebaac8e26c533ce690ec4f628790fa54ce3fd6032c53de78b14
BASE_00002689	baseline	k141_2237	5907	b74dd7c74a440626e0c956afc1aca0f18198ec395bd2f0c3b75c3b0486cdb083
BASE_00002690	baseline	k141_9491	1132	a08f89e267a92979c5d44a954835d2b0af589ae27cc414e512bf6c11d294f17a
BASE_00002691	baseline	k141_23621	4633	c58d437b4eb704ea1e8d2eff15ff4864f4c775417e7fa224e7bde6b7df0d3ef6
BASE_00002692	baseline	k141_16618	8798	4c9b56a8ceab47ad1eb4516d36cb520ec425d6ec0e8fb68343c08fb932819763
BASE_00002693	baseline	k141_2240	2089	7509d38cdc7808108139fc6911f6953abce6145cb65273b87e6bc14121ae0fe9
BASE_00002694	baseline	k141_23623	1150	14e2ff12dd1974db5057b543dd04683a4d072d38be55b1faec3a3447b0a12ca5
BASE_00002695	baseline	k141_9496	1609	0bc7472c04579f381a4be2f530b9c2cfb504ceca2f936609f0ace23acedae7df
BASE_00002696	baseline	k141_16619	1177	6a023c0e22e4ffc9e3c1ad083aadd397343063cce8c80ff876de7033183217ba
BASE_00002697	baseline	k141_23624	1186	099b0e11ef22c34ffac782efb35a4f34f1eef73585a1ba336c6e220522b3e0eb
BASE_00002698	baseline	k141_23625	1301	059d2acdcd3932ca4b3adc985fd3077f5c765373d4bb7f58568e660d50b764dc
BASE_00002699	baseline	k141_23626	1092	4754021d3ed8fa8bf3d0c88f8946262022db3c89b940bed39c29cbcd86e6cb00
BASE_00002700	baseline	k141_16625	1444	805ec435dc415637541a142e48c302edbcf3b5be711195ecac52220d612f07d4
BASE_00002701	baseline	k141_9502	2373	7ac77db2657fc8d867a12dd5635aeee0e82acb9c4817a576740b941aaa38a153
BASE_00002702	baseline	k141_23628	2079	4c098cc98d650b59c7e1451e188d37c8fd6a427f2476032f03c783365b5c9e50
BASE_00002703	baseline	k141_16626	2325	6c50f5e456ac240373adf2c00adf2aa405fdad2df4719372610202433c3ffada
BASE_00002704	baseline	k141_2242	6640	6a8cd206012e05cf614ddfb977a67938a81f765a666439cd9005b2d8184e2c61
BASE_00002705	baseline	k141_9503	1903	02f93ecf685b1b023a5dff48cac9f79f2a7e7f091a1f86dc7539f41fbe927cd6
BASE_00002706	baseline	k141_16630	1613	638509d73f056ba96b0eb9593bf21fcdda3cb345ac85834c976479598c8f1f47
BASE_00002707	baseline	k141_2244	2118	04a58a89cb16d2ab236595a744420129d0ea161e1421fc299295a74611989eac
BASE_00002708	baseline	k141_23630	4538	508edbcd3847b42402847aeec57dae1bff4ad8a7419cfdbe3a8bd2afa6a2da05
BASE_00002709	baseline	k141_9508	1621	e3a360a54af98530cb02668e83b12418a8a52a51eb1de97947ea62e4a0a064f2
BASE_00002710	baseline	k141_16631	2634	904a91498aa7530b640a1a46b62dde005fc2c9bcc1892a622b2ae0296a1fce0f
BASE_00002711	baseline	k141_23632	1409	a1a40092de990713c5764b3e0033e48576697cd18006ab3143d6f6232a824178
BASE_00002712	baseline	k141_16633	2640	dc8e4bf560a7f1f30be7f1df52acc3b4e80d910b9eb31dc05e7643ffb2d8a106
BASE_00002713	baseline	k141_2246	5525	53b1b9cd93bfd42d7f5dfaa0fb779cc60e0ae24903af599112cab44cc2336f8d
BASE_00002714	baseline	k141_23637	1124	d503c66ad6dff2d90e28a218e8b79f37a8ef2f51733d2c3542f981e2a1ef6311
BASE_00002715	baseline	k141_9509	7439	c1aaf6875906ae6221032b8552947316d4d26fee9bc36953f74ea1a70d615485
BASE_00002716	baseline	k141_16642	1167	d95682ec64bbcc2f3c23745cb8d7e009b50a592b389ade0076a7cd588bbc0a81
BASE_00002717	baseline	k141_9510	1046	a3ed6108e8f3e7ab007f5606326bc209bcbf05032a31e295ca40368e134c0517
BASE_00002718	baseline	k141_23645	1197	2890e95337638e398faa12e24171d8b02cfa41591ec29d5feb5c5b07fa837344
BASE_00002719	baseline	k141_2250	3428	045ea57461251f39dba058655f3eb1f9ea841188b429fa8b2ff23449aef7fd84
BASE_00002720	baseline	k141_9511	3022	ba694152c3b74ebc56169440c56bc08572628ed108e3362bcae119cdf43f9a07
BASE_00002721	baseline	k141_16648	1109	65f53afb16c41c6cf18252ccac22dea469e3ec9ea67587fbbc2b6f97a4e2645a
BASE_00002722	baseline	k141_2253	1648	dbaa10dd4abb49ffc2a90e84c6de48c3a30760c67218bdddcfbe3bc6d015e61a
BASE_00002723	baseline	k141_9514	1333	ae6a608d7120ebe3a6018d2917ede14168757923b9407b98b5068b549c1a85b3
BASE_00002724	baseline	k141_16651	1316	51ccc8d8aba5c5948c1ab3aeff6d1666eb1ef7a72248cadea406af6ee73b3f5e
BASE_00002725	baseline	k141_23647	5393	c0fa888dace2430765f5b26187b2017e744fc8aff065f7bc2837f04cadd677d6
BASE_00002726	baseline	k141_9515	1582	9cf65ee0a5ccf3059240796f1f1ac1e730530ac3843f03fbcabb8d20ae33cd6f
BASE_00002727	baseline	k141_2257	1427	66582b9de6ad7cf3d7208003f1ed5536ce0d116f1b70dcb808607c2b7f0d19aa
BASE_00002728	baseline	k141_9516	1889	5e98a5a28cbd8e305b5955e2b901406c9a44dd1a00261f6cb297e7cf1dac4759
BASE_00002729	baseline	k141_16653	1975	9fb15b017097110c66c68cfd1966d81ac4b60f07ec3c72b85e49186151385879
BASE_00002730	baseline	k141_9518	1226	b6ec573411a5417d52fd438aae23bcabbda29411ed782cfe546825bedbf047fe
BASE_00002731	baseline	k141_16655	1530	0ef77a34c2e924bd6f2fc92dfc99c9231d3d98ebabff518c01ee9b3a2416212b
BASE_00002732	baseline	k141_2259	4072	956a62d9c19dae717a030525a8508829ac368297a0bd9e13b422fabebd2484e7
BASE_00002733	baseline	k141_2263	1206	332fc08292bbe2b6a51aeb3407eef033682199c49fa47300b9c620abf9b64b61
BASE_00002734	baseline	k141_9524	1525	1272109ed14441eb961cf09c227b33cebb501fc20790e388eebf8be9240f48ce
BASE_00002735	baseline	k141_16661	1446	70f759c7aeee16bf32c6c3b9cfbe2ede497c79e2c408df81e06cef783a611206
BASE_00002736	baseline	k141_23649	7272	603deb0003c1c8f2613e85cdad2bc5396891ae1b044fd96b3c22adead7a6d5f3
BASE_00002737	baseline	k141_2265	1013	9945108fb8529d70ee86568ef3b77085aec15ca249fc09d6b2f4742891439e14
BASE_00002738	baseline	k141_9525	2035	3b2a1f57b2c3341f879525bcdbe59cf3c5dd7e0bce0dcba7b0bb1534ea86e4d7
BASE_00002739	baseline	k141_16665	1189	6c3b9678caee64e31c407aae0c2e9925fda569de1e26b88aa5090a4416541837
BASE_00002740	baseline	k141_2268	1119	149da63e5d7c24870b8712aec4e05d1c056b09bc14ee83ad6c3636df5779e7bc
BASE_00002741	baseline	k141_23651	2329	bce42b560d6206ff3b2700f29e433f78804be988b151cfec2c7f568e3f7bccd5
BASE_00002742	baseline	k141_2269	1549	2dc133cd83b37506d305d958a35e984a8e6ee6aa3b81637577a4fde86a188b06
BASE_00002743	baseline	k141_23655	1023	ce7243bb4f017004405eb781fd6ea9c59f47c3d1d39181fea58e3e070c8cc24c
BASE_00002744	baseline	k141_23656	1250	32f4a6ecc09ad38ce5d94e08d038b5d1104591f85ce3978388ad51623066627c
BASE_00002745	baseline	k141_16668	3391	30bb2170763910b376a8179cafda035c3acd06ab0975a389d7cbb9ce6162a2de
BASE_00002746	baseline	k141_2272	1419	453e27e0e96dc5408f43da69663d973434bb140c4b4d6707c1ccd59769bb04a8
BASE_00002747	baseline	k141_9530	3505	8242cb63933a0c922e7d9dcdc8fecd0c115f1d27bc9c7f830430c484d8633525
BASE_00002748	baseline	k141_16669	1823	9a2c834ecd7347e05e01c4969b04a2092d70601a7b6a52d40e9c71458601d161
BASE_00002749	baseline	k141_23661	1403	113a2478f09c3823917868b4a25f70a536e56d536184f4ac47fa39125bdd63ff
BASE_00002750	baseline	k141_9534	1387	47fbc47f6aff670a2506bef5c04b16e8f1c2fe403a1b4579ea5a264d9c90ff15
BASE_00002751	baseline	k141_16673	1025	d2d0b56d4d443f1ea5d4c053d5241eeb2b9fee0d20f12353ebc4b178bb60df93
BASE_00002752	baseline	k141_2280	1187	a5cf51045986bd4ec606c45230899cec3d62d6750c0a703a679e5ee6a3a7224f
BASE_00002753	baseline	k141_9537	1247	f2629641c93473f19d65186d97253a8473d19688348b78db4e70c8e6766d642a
BASE_00002754	baseline	k141_23664	2302	ca3a600833031347ec51a64aa87aace56392eb29ff4dcf597c0c63e93738e7fa
BASE_00002755	baseline	k141_23666	1051	a8bac9d026a4a14e8342460fa091902d7ee05001a13431f50b8b6dc8ad5df87f
BASE_00002756	baseline	k141_16674	4509	ff918575e9ffb168b7305f8ba2af89f0cdc4af00ab8859d7323b06622289ae00
BASE_00002757	baseline	k141_2281	5351	dc1e8173dfeca2679a974964c6281dca4af5ae8a81b503ef15c0178a5646be9c
BASE_00002758	baseline	k141_16675	2397	c2dbfc03b77aea087af684503b927b4b67610644432d176070f29709034d06f0
BASE_00002759	baseline	k141_23670	2124	ea3fe1553ecae5827ed8605776e1ea74b9fa478677ceb839389b95655157fe7e
BASE_00002760	baseline	k141_9538	5891	ae1c8c424275c211132d72accaee76f9f30aaeb97040abc30de188db08b2ef01
BASE_00002761	baseline	k141_9539	1401	e3825b1a2e493395d53f4b0fd75733d5a6ecad184591f2f5775f99c9a91de4b9
BASE_00002762	baseline	k141_16680	1137	967c282ae48e77fa8ff1a6305e4efd9fb9722b12d56aa1e5814e8ae32adc34d9
BASE_00002763	baseline	k141_23674	1113	7acc1995222542fecf532d0971fc585b5cd5cc7a7da5192e0e5f1587e4b383bc
BASE_00002764	baseline	k141_2285	2090	845b3e09b1cefc09d0c567fb4c98e06abc9e80476cfdd8fcfcad04894d02277a
BASE_00002765	baseline	k141_9543	1114	991a2741ff9e9ae2a8741b124829163563481a4e74a5d6fb7b1e2d4e4d3d234c
BASE_00002766	baseline	k141_23677	1024	67996bd951fd4d520058749459749f3ea98bc28dfc43765b599f839838bb0e89
BASE_00002767	baseline	k141_16681	3022	5811f511bfbe14d98fc318330909568ae0fe2ac531d51c60d515ce46ab39770e
BASE_00002768	baseline	k141_9544	1157	0eaf7c5a12343fe19f006ad1ea710b6bb10265c2b0830048540d44096a6a6c97
BASE_00002769	baseline	k141_23678	1291	3faaf6654ac2a31e4a97da19b5fb6909cfbd776173fc12049e4ae8e7e354f668
BASE_00002770	baseline	k141_2288	2641	0be1418c38c4ac1323f61773fada67b1934941868ecde4d9e53b0e73423f93c2
BASE_00002771	baseline	k141_9545	1612	54f569e738409fe14fd36f1a409968f8c186e2845db508d2e328a69871f20269
BASE_00002772	baseline	k141_16684	1699	71f9c2623defffd47cdbc0ece75eca731d4a15fa5f0c585f9c60a1d65e3cf972
BASE_00002773	baseline	k141_16686	1030	47b84be030c89d9055ca8d0f49a7e53bf7bf352d78bbafb9fa1da818472aef26
BASE_00002774	baseline	k141_9549	1309	527a0d2d6d366e5ceca5b40766293ec274ddb52c17901bcacb9fa69a98b8e6e0
BASE_00002775	baseline	k141_2290	2986	074288c2a9c1ee608e2ddc181055f278c00f9f0de07175bd6facac07c9f67595
BASE_00002776	baseline	k141_9550	1018	61344171be5cc188e05af5aabe66bc008aa58bfb0b2899edfe8d2f83cd14542f
BASE_00002777	baseline	k141_16689	1071	ab1705c3423d34c30191b03823cc6f9eb5a6290991c3a9468ca426a159e88fa8
BASE_00002778	baseline	k141_9551	1083	04bcda494624f406278f3050e6dab4a636e82759821ca34596212c9e9c5184d6
BASE_00002779	baseline	k141_23680	5435	e1d48ae27c8dff9f12e96178f5679b9a20abee465bc9d0c4b5d625feb071f1a7
BASE_00002780	baseline	k141_23682	1115	45b627af99ba9c149804c7d78d32e334609827b9ddc8a3ef52a73752b2f5ac4c
BASE_00002781	baseline	k141_16694	1418	3f050b82a076b55b51e4a37edb39fce41a5a3ab42a8afaea7318615883ee5d7c
BASE_00002782	baseline	k141_2291	5304	1b172f05577108fe5efb06912d29db0b2c481428949ef3592677fa89b65a2a9a
BASE_00002783	baseline	k141_16695	1079	63042857194314358ca827e79f4f038d50f2de3298c4b8b68377333cabbd50dd
BASE_00002784	baseline	k141_9555	3387	9bc656901aedd240f6395cd6c4b4d20ac06e2bf0f21cc569b37a7ea5697258d5
BASE_00002785	baseline	k141_2292	1731	f77b79eb09a6c9f6600042c5fefe3c8fa62ad8ab2d82629fb59c91269cdd36ad
BASE_00002786	baseline	k141_9557	1258	95beb7497d4aae4774093c5e1a2bf230b21066a3f9f105d985990337787f2ef1
BASE_00002787	baseline	k141_2294	1891	991b47ac099652e88f8eb83c4b717603e1131729924cc4356e7c3614ce21db6a
BASE_00002788	baseline	k141_9559	1177	013644921fb8d849aef85b91735553a514502da85bdaf78bca6d4ff117bee1a0
BASE_00002789	baseline	k141_16705	1088	49f21d7a4dd37ec7ecf508d83137f78b6b72cb9a6dc09b90a110f8229d7f2f64
BASE_00002790	baseline	k141_16708	1093	22e60b7fe4cfb0d08fdd358c6e6d238fc541c89f19a0799bf3650c2a4956c432
BASE_00002791	baseline	k141_2295	3886	82118b08edc49fd672e665b485e2bdf56d258fbb77b6e04752ac749fdfb2b9b9
BASE_00002792	baseline	k141_9565	2302	a936d22e738a734107cafdc1781db9780081a0a8209ba25f66d065c0299412ea
BASE_00002793	baseline	k141_2298	1041	730773eae23eb3a3f0e4d7444845d99d527bbd62f07ba40d20361a0d2c73cce1
BASE_00002794	baseline	k141_9566	1286	53f0cfea5399873469759817ce10c2c790531880c37fc5d5a91422b04677fc38
BASE_00002795	baseline	k141_2299	2342	106b71575fca8c23b74e4704e7f3a1273123e88990c117c83266cfb04de3647c
BASE_00002796	baseline	k141_16716	1562	c75bf9ea1d68169a4ed289c5f701fb8f71c5952ac055789ffaac4ac8814276ae
BASE_00002797	baseline	k141_23686	12448	8406a22f3d2bc800e80db787cafd48de13066021350b6ab37e32e44810810b6b
BASE_00002798	baseline	k141_2301	1215	f0e51d4ce9ec3cfd3f0935505e573a317450cd7cbb6dd532311f14a38cc3f3af
BASE_00002799	baseline	k141_23687	1769	a527ba24af67784a69f6896b195aaa0deabcc6bd004404d49de83ec1ad29e664
BASE_00002800	baseline	k141_9573	2174	da92be4d9ffa842a4ddf2c7276ec7edb31e85ade3e4c6151567463430991455c
BASE_00002801	baseline	k141_9574	1031	ac8a1a5bc6a608a463760d9153c21568f51815b5b610f2e5fe0ead50bc9970f2
BASE_00002802	baseline	k141_2302	2989	e150a60483fc368c2a69c4070706f0f91361edcd703bdc80b85a8b5aaefe1ec8
BASE_00002803	baseline	k141_16718	3687	1c68121bfe445748c5fb98327f49809f822c4ab2f7d6a4eb2014d9645ca42be8
BASE_00002804	baseline	k141_9576	1196	e97a6e1dbc4e97e847a0207728c251da25a6710fdc769f32a27dbacd326224ab
BASE_00002805	baseline	k141_16720	1815	dc53fc6fb417aa2cafb37ce07df8af688d464c79c1f2d04991dce74be7448316
BASE_00002806	baseline	k141_23694	1143	b058f204f423e1e5075838c8dbf159078b2a0bc4e613a76c8697404bd18cda7c
BASE_00002807	baseline	k141_2303	2978	7a7aa53a89fca40b1a9c20a36058b8bd25235d61e4fca3898514fbcec36d8988
BASE_00002808	baseline	k141_16721	1454	8ede74080164902325419c3d247432161a3c6f639a21370e637a75e279458ba4
BASE_00002809	baseline	k141_23695	2597	b112baa7a61dfb098089aca2fe79399e1922550448ec404e6aa690d68025b2b8
BASE_00002810	baseline	k141_16723	1111	f4652da238129d97b96110f513606cce3af9192dcb0aa2f58d56fc383c5ea4b9
BASE_00002811	baseline	k141_16724	1394	71c31df061057b3bd15b280e366965b332f700e258c0d5fedd5a0c98577ebfa7
BASE_00002812	baseline	k141_2308	2331	bc6a581627294fbd86c8127880bc8ce651bdbde349f439b9fba356fc08f9c2ea
BASE_00002813	baseline	k141_23696	2005	b04b819e1035f95ab10a9b75bac3a0c390b830f7e7fc9bd5ecd6087e27956c24
BASE_00002814	baseline	k141_16725	1941	706d550a6415d59f9807626ca0f346b1496df58e8a81bf0d88d0a9a8c2a6df31
BASE_00002815	baseline	k141_2310	1550	f23ec7b8904b45c928923ff747651f8c99ba48a80769a93cf2a04dd6654b9ef3
BASE_00002816	baseline	k141_23700	1164	18dfc588c20fbfee697778d0de850089d11408ab8fd1f8fab7e1cf91332509fb
BASE_00002817	baseline	k141_16726	1398	fbd620c8f80cf2bbaf8f262e734e07cba2a49ed321b330b5536ab2d125582b52
BASE_00002818	baseline	k141_9577	9681	819fd9bfe7ff394882c3966f15f2f6187a1ff1969ad30c4c0b1ec19951937a42
BASE_00002819	baseline	k141_2315	1610	c823b5d121b9426f435c7007efdfdedea6a4861331957c613c929d1bff0e73b1
BASE_00002820	baseline	k141_9578	1143	f5e95408327b1c6c970138d6852db4e6fee651b84a58596b561f12860caaf9c7
BASE_00002821	baseline	k141_23704	1566	6181419a97609fef55e61bbbc02384b25912eb0a6f0bdd7f51441da7cff4309e
BASE_00002822	baseline	k141_2316	1336	9269977f6e827e0628a9e9e209eedb17d50186b50ba7e5d4a2d27bcf3a673259
BASE_00002823	baseline	k141_9579	2140	06ca0dd39da908fe803bd95fc2617ee88a55c1d2c909efeb2af02d3e98403716
BASE_00002824	baseline	k141_16731	2650	cc1f211fa0841f06bc3cf72492b121b1c3fcb14b527801ca112d1ef01bc6bd1e
BASE_00002825	baseline	k141_23707	1001	6fe9f47359d88c4782a1172a6139e8dd2a1de7d6863931e4f55a001822ee4b52
BASE_00002826	baseline	k141_2318	1302	7cdf110ea1cb5cd4c4972c00894af6448942e8e878e6d193422403c9f35e7593
BASE_00002827	baseline	k141_9584	1071	37d35578471fbaad033e1ee2351227e92c259deca98e8c804516fed51e358453
BASE_00002828	baseline	k141_16732	2440	06da470aad16620ceebae1468b4a4d53bad44ce57e1a6d5942cb6b02f596e729
BASE_00002829	baseline	k141_23710	1524	29bf9dde2fc565f9b30b4229f126a292c93f6b0c777de687179e5b47c4be73a7
BASE_00002830	baseline	k141_2321	1110	5dcf5fbc8652bb94e6fa1e73f59bc0d183aa50cb6d2845668bc059d40940b8d5
BASE_00002831	baseline	k141_2323	2311	ded2053cd196bcc1c262c21f3835add5f4365ffd38f8aac447fdb00466073c2e
BASE_00002832	baseline	k141_9589	3156	6aa64ea2730e2abb0fa2560e66484b789d3bf521c71d975f24f67dc64e66c8ce
BASE_00002833	baseline	k141_9590	1147	e035dae39453e9bddda7b0fde9929c18129da34db2cf397d05914ae80b30ee52
BASE_00002834	baseline	k141_23718	1501	357489ddf74bb94606e264754a9ef86efd5d9c33a260fc61e139cab1d8358b44
BASE_00002835	baseline	k141_2327	1104	48f031c1c4ca7cd958cf19448340a83fe51c0d9bb8ccdc95cd8af5b23cf81347
BASE_00002836	baseline	k141_9591	1306	0c03783f21538fe8699caeecb0c0cf94c8497686aa56d396612b54b39f5a019e
BASE_00002837	baseline	k141_23719	1243	3032efddb50ee4527ae5e8d4b6acad7b78154816e5e9d59894aa23bd4a27b698
BASE_00002838	baseline	k141_16744	1559	6af4744ba91def1ff8df4ceba7571dfeed09ddcdd2a9cc4d454ee11fce3946a4
BASE_00002839	baseline	k141_9593	1100	9710a6c04a09a7816373c6a89bcfe5ec58e4b96920fe506363bb2532e786a4ea
BASE_00002840	baseline	k141_23720	2013	dace058ef54971aae730b424f1972c12cc0a6243b72742f2a6e88188aa675b1c
BASE_00002841	baseline	k141_16745	2311	2fcf1eee3e6d076017905a61aa4b09c55693dd8f46fa155e5d9f7f68301eb92b
BASE_00002842	baseline	k141_9596	1053	71114f32c7bd5b1f6e509ba3f9e7a12a470b00eb668575c495c673683c391f7f
BASE_00002843	baseline	k141_23723	1111	aaf3e276553190517ee6de5ea29aa43fc895fd097c9e18d65f77c31c41e600e8
BASE_00002844	baseline	k141_16748	1052	a667a598630ad41baf5081d42ad6f643c18e816085d5639ddbb5a5e98cf38594
BASE_00002845	baseline	k141_23724	1389	50e3ef3d4021e720499b5a9b5ed456f09f0015e2117bbaccf01fbd3cb26a7cde
BASE_00002846	baseline	k141_9597	2207	ac6cae02989f18ab9eef57b49c36a941411f726fa04e5f7eac4a084c86ac8685
BASE_00002847	baseline	k141_2332	4184	b1b846761ff2d84459369b3adce1ddb093ab288e92de9be1473babacebea2e5e
BASE_00002848	baseline	k141_16749	2146	f12c1b2203ad39e8917bfc8efd11fa087614af55f057798ae6fb412a90187f98
BASE_00002849	baseline	k141_9599	1944	857b040687222fe8914889a15c8c9a114ece648276e7bddf2b49973914a5a525
BASE_00002850	baseline	k141_23726	2433	80683b3b60aa9ab3966de6b36c449b60fdbdf845b662dc94457909229f8f2711
BASE_00002851	baseline	k141_2336	1570	f183c81e0c7f27e63ff428187c018e0017efc03e2ada1b124b44428ac432adb5
BASE_00002852	baseline	k141_9600	1437	20a73740f2cfd434b76a01d4fd3948448215a41b436715b411073231071c3129
BASE_00002853	baseline	k141_16751	1876	205bcb0680e3c0f9f5ffbecf896c4cf5a5612cef61907c168ede806b566c24ca
BASE_00002854	baseline	k141_9602	1411	c809186ebd8c7aea7c099c0332eb7c547e37e0262a077d0c6d76b61b0c92272f
BASE_00002855	baseline	k141_16753	2148	e80a9554d1077434d885e8abd2be1559355d8b178eecd1cc0da352e3422bf618
BASE_00002856	baseline	k141_9603	1515	841e3b60ee44ad718bfd9067cde90f8311d168a399809289034331512b23e6a0
BASE_00002857	baseline	k141_23728	4790	16eb1298423841e5f39d2a7f1288865860464b005523f57823cd6db1e380d333
BASE_00002858	baseline	k141_2344	1341	c74ad7b5412dfc73501cfc9bd2c990e1b085fe94ff9d6a97b21082f1b655fcec
BASE_00002859	baseline	k141_16754	1740	c40691a5efd85dfecaf0caa21338076cac605d0a74edd12f0411c497416fc96c
BASE_00002860	baseline	k141_2347	1356	4cd0d1eae5832d4724345b714e855c0a75c4f4fd07834760b5e10675332b021f
BASE_00002861	baseline	k141_16755	2255	99b98770a0c0b7627503d5bd487090b7db88c5620fb9044973d8f43beca1a1ab
BASE_00002862	baseline	k141_9609	1534	ea0c9e2435319b3097b207cad6956f3b4c17263604690e7187e58330c9bd2e34
BASE_00002863	baseline	k141_23730	3417	b1e6c2d985cff686c5bfe8b69d1811d6931a8142cf4be01b54a50bc0de85488d
BASE_00002864	baseline	k141_16756	1694	a57cf39f419b0428aad0bdfa2089588b69a6604e2822a564ebd0d880525b1f8e
BASE_00002865	baseline	k141_9610	1225	8723b63321f56ac9ceb6ef8d4b4f11cdc9b784dfa145dffad3929b698f193724
BASE_00002866	baseline	k141_2348	2259	b6b6439f74f13b020915d3f39cff52af4d51a67b7e3908c9d7f8fcc49e0f2208
BASE_00002867	baseline	k141_16757	1492	032834990c13ba7c6406bcba828f5b1bc63ffd00b76713d4ef6b63fed38189d2
BASE_00002868	baseline	k141_2349	1559	b8194fb4e3b09205fe38ba18fa7b5858b09ce2d675f26cc8f8514344c3e3f1fe
BASE_00002869	baseline	k141_16761	1238	1f5b310e9aae883adf95e3200c8553b27e94b90deb22afcc4b93c8d1db354bf6
BASE_00002870	baseline	k141_23734	2177	297942a1b0e8f3bcf03ccb1a28a077fb35ee7b66175f0164078beccc0249e273
BASE_00002871	baseline	k141_23738	1532	16c3b012858b5a673eba9a8a6c7b8a9108d490451042116618bda765ed81df20
BASE_00002872	baseline	k141_16767	1276	bfd64780f1c947bd80631c4f0cdf86f6d3cf5bccf06c99850c8a2641e6024127
BASE_00002873	baseline	k141_9624	1238	1b0b087c2f8c88abb821bc827db43ed2d6cb0ec5fc471f0981e82e0901563add
BASE_00002874	baseline	k141_23739	1334	8c8628044c8d906a4b1ca76a5d19971d6c923480c78d242836942a456e0f034a
BASE_00002875	baseline	k141_16768	1568	ee5a631f6384847b3ba0240f4bd902d0026c8a13c3e4f2c900e06d92f01da46b
BASE_00002876	baseline	k141_23741	1313	9785c91ac30a9542cec60b25eaab93ae684fc0e7c6e050021103f5e8194c240f
BASE_00002877	baseline	k141_9628	1110	d4436edba44cb591ff077ffef63b8eae7dc00ffd78192341921efe663543cd5e
BASE_00002878	baseline	k141_16770	1559	34af947ca815cb964590a4547908cd888876c7fcb95ec165bf453836996073fa
BASE_00002879	baseline	k141_2350	9332	9a87ee2095175fadc218160bc47c37829cfe93b9d299a4fa6fc6d1e7be40795c
BASE_00002880	baseline	k141_2351	1505	d79bf6a913befa8994ae0b35aaa4bb5dc98201cd62d0f08ccfa8bc944d8300bb
BASE_00002881	baseline	k141_16773	2193	df7de92f95103c47e178f2bb8826a0f359aef8fbb63147d4b14824d6b8bdc480
BASE_00002882	baseline	k141_23744	4009	d85984eb4f5f230dbce913be80896b5b711e4ff141c87cec5c851f976e670fd3
BASE_00002883	baseline	k141_2354	1823	c3f17a2b2c3f62e3dad8dfc151e8455ed9ca3e2547d321904e4521ce9b326327
BASE_00002884	baseline	k141_16776	1815	39d7ad960a29fcd2b748239a2f17ae91907bd2d2b45f1653ed2ca13983a1ffaf
BASE_00002885	baseline	k141_9634	4251	339b31ab582b7e3124c500dcf1b80c5eb017f8c3aa8cb5824305a630dfe133cc
BASE_00002886	baseline	k141_2357	1482	9648da2a66f61fdefea0c0d10e8d99627d55ceedb65ca47333ee68870a66eb47
BASE_00002887	baseline	k141_23751	1341	3b582a84a15e7c6edd7bac1610f62f9d39e50f1f312b3900feb21ffde9a59def
BASE_00002888	baseline	k141_16781	2070	9e3b8504b9ad941ced6e44f114ce6a7821e8e59c3d0ffd1fde65907191ef48d5
BASE_00002889	baseline	k141_2359	1222	6792f1e31263566c3d4ed73e3d55355a5b6857d094f4d8c0d6e0067e62d0ee53
BASE_00002890	baseline	k141_9637	5605	c74b719104952099e87f591200922c6df3826978b0fb786e930262f86f647f56
BASE_00002891	baseline	k141_23753	3236	5238c2e97cea3661715ad952c9f824361567fcb7fe9da85d458f4b417dd41498
BASE_00002892	baseline	k141_2362	1931	7f2ee5a7d0d4da8b63351dff88b4fb8f9ef2dae000825d7c4125a4146afd903a
BASE_00002893	baseline	k141_2364	1069	3b287282945bb59faeb0c961b5ffabee712e93fc9d9ae8c475aee586b49fc708
BASE_00002894	baseline	k141_23756	1070	83ac7533b48fc96f92ecc5a76e49a603d10b143b7855dc120f2e984543bdd4f1
BASE_00002895	baseline	k141_16787	2519	ceb69ec9c47fd8711374ea4175bc107a0a8e5e3d9f0ae19fe2bed5f64c778b86
BASE_00002896	baseline	k141_9638	3027	ee9b61930ef1737d517e23f12b37f68c79ae4baa6c0922d05a04377e629f6c63
BASE_00002897	baseline	k141_9639	1232	bdf836d7bb50d3da2503d1cce9aa6542ffdd892ac3f89e3493b4f74497eff6ee
BASE_00002898	baseline	k141_2367	1099	082d50751ffbf35a59b3a702e80658e89d49f5e203df745eec4d274601cca660
BASE_00002899	baseline	k141_16788	2179	a17265890cd41d6de031bad80ceeaa10ce90458c2ebadf02fa8f0380292ac37c
BASE_00002900	baseline	k141_23763	1002	437e6aaf37305f53afe51b2fa65333ae748f42b1ee60ddf0cafa9971bdbf8587
BASE_00002901	baseline	k141_2370	1076	06d039ada2fef660e56becb807300491886b56e3521fc4f88d0e24a85d6764f4
BASE_00002902	baseline	k141_9642	2187	ac57280e10ef2e16ba818152ce23b9d9fcec641cde5a22f28c1a4b219614864c
BASE_00002903	baseline	k141_16792	1656	ff3b6c3ddbcc37e928b1287fffb3446cd0d76d6548f2e2091e29cf82c189dfc1
BASE_00002904	baseline	k141_23766	1379	4ffab87378f250279424737060d093b71cfbb20b57aa9d1e48e07c4da4a06377
BASE_00002905	baseline	k141_2373	1388	8e0e95b18f68d95049093ec335606f9c887d222049e938f8ea45095ec04d3c63
BASE_00002906	baseline	k141_9646	1723	3a13db3fc8ad2011489d4eb6fb67d09d00b3693ccdf06067b77aad3d13a4af48
BASE_00002907	baseline	k141_16797	1173	c1051782e2b36a8b016190be146f908f1309cfdc705900e9e83c3d4848f0de0b
BASE_00002908	baseline	k141_2374	3620	4f974ab93c78d0bdd1fac4c4ac9f57e73f08aca36a5527ce0a386360b2d18c3b
BASE_00002909	baseline	k141_23774	1991	9b7dafaf93c6a2836147ad7c38cc6219bf6c15cc2efb4769e18409803b224fd2
BASE_00002910	baseline	k141_16802	1341	03c84052afa189fa3b4973385e0390054be710f49df2573fb82546fa23edfe0e
BASE_00002911	baseline	k141_9650	2103	99796c48cf112c5951087e3f5ada8d8d438c26ea70ce709d66bc9b1299cb1284
BASE_00002912	baseline	k141_23776	1535	11c6aa6d734654489f77d279c5a185417b6eb45cce888934ce137a5ea087f380
BASE_00002913	baseline	k141_16803	1558	8f600910b4f4b978bfad80ce5844b29b90f14bddbb99123baa516f1c5af69034
BASE_00002914	baseline	k141_9652	1235	7f4ab8141c95925b78ef4b2a9d2173e8deafc5e5a6bb3321b076335a84e8ac61
BASE_00002915	baseline	k141_2379	1747	a06681d8498d8b265fa470b3b8f079b410611f2cebf30eb9c432716b2d500fef
BASE_00002916	baseline	k141_16804	1073	2f9033ec272b9cebb9e1defc4871ffc164d8627128b5ccc3956f1cced42385a9
BASE_00002917	baseline	k141_2381	1034	b75617024f7d48e39f773a24b5345516be50d494dddffb59be31e659b68e857a
BASE_00002918	baseline	k141_23778	1792	537f57d1e93ed9dea4a47cf32b5566e53e1d91c662a0e2d99f0c5d44002aae98
BASE_00002919	baseline	k141_2382	1167	6b52864adc9d142018d85174d1c206435388f9b5f32df273a829a1fb726c05b3
BASE_00002920	baseline	k141_9653	4020	399d3abf7b7b97fd3fc1844303497027161c66a211d001e45e8654e7d29eade2
BASE_00002921	baseline	k141_2383	1805	cddc01cf1c7eb050e6b47f7ad817b96973276be0a32e2353120a73ddb484e05f
BASE_00002922	baseline	k141_9655	1025	742d6b9aa532639fd96a53610fe3b6d2c65eb24c970bb5c1c483d90935acd24f
BASE_00002923	baseline	k141_23782	3343	ab6fcc5607f5647be5a64f297de3efb1b276711b2c35f1a93c616bf89231f6c1
BASE_00002924	baseline	k141_9657	1099	76df31af730657c931241c31350e6f8a8934ba7421bff9a0f638360905dde4d0
BASE_00002925	baseline	k141_16810	5492	193471861281ef7ac3c2bf43554a26eb4f707b09a5a350f8fa85ca9c7e85daaf
BASE_00002926	baseline	k141_2388	1542	a1c7a845c7c1eba0fa5e016bbe35a340910bf14d22e8aa4ca48008bfc7a32458
BASE_00002927	baseline	k141_9658	1647	99b9cb77a327333776ebabf3664bae6572828a8ad6327b6d3195e4c433882f35
BASE_00002928	baseline	k141_23786	1960	ed90d72b74daff0fa7a088fa9dd2dad1d943574df47980201fbe4d7c08481fb5
BASE_00002929	baseline	k141_2391	1206	26133f612ff6ec62cf551d5591d3648bccf5a43f8ff596097512f7e3984c7599
BASE_00002930	baseline	k141_16818	1150	30bf4c852706cdd90320f55dcfce94912b1dcc41adb438796dad6f0eba0dd713
BASE_00002931	baseline	k141_2392	2568	ba6156320aebc36c40cf3a2c0c0a7431ae56673c7c6366c1516d5f8d8b37c441
BASE_00002932	baseline	k141_23792	1037	09abdddf9b3c2f7f3fe3613ea22f80ef0b3685591c53f4570f235e9b4995e3ec
BASE_00002933	baseline	k141_23793	2243	8c30a9b3ae715d1e9cb457d42f549aff0555a4d2bbf15cc9653a9e4d132af2fa
BASE_00002934	baseline	k141_16819	3077	9dd8b1decb3d135620f290bb0ce10e6bb6194d7cbf4c1e82a2fef9bfd214a356
BASE_00002935	baseline	k141_16820	2026	4e3475dd1fc602319a9e593325a560d1fcd40958afb10673cc2fd8889f093320
BASE_00002936	baseline	k141_2403	1699	084e95a4a52d6eb3123d74bf6fdcc02889c44afdf8c11a2cc838b8b3e6b99147
BASE_00002937	baseline	k141_9663	9765	edc33f59b3326f7afad2ba1bed7a7264e2c6ef46613c77858051ed65ebfafd4d
BASE_00002938	baseline	k141_23803	1019	4ed080c0d13d137007e58378fbcbfc960b64e8c31f8dd5282267471f25768503
BASE_00002939	baseline	k141_2405	1746	757dc56617efbca184155447702691e59668aabccdad6420a2fc70c3ea3ba65e
BASE_00002940	baseline	k141_23804	1353	1c5d5801c1d08820dea948faa4e11c1c7ad64d9fdf576a020fe4aa172647f0fc
BASE_00002941	baseline	k141_9667	2276	52ce877367c77231838ea09dc102961f1e7f4fd79daeb7d63177c8aa29984c73
BASE_00002942	baseline	k141_23807	1314	55d9e86e1404014b4e1a2c52677a40f6e885a3d974ff21727ee3035d3439d622
BASE_00002943	baseline	k141_2409	1180	3cdf3633fe322d35e5363db6df7f49804d4fe0b1231a9466fcb71e283becf9ca
BASE_00002944	baseline	k141_2410	1120	bbdf8256ef586729e3eaff398db34ab83d2c40ece9414ee6825db5a29f2eca6d
BASE_00002945	baseline	k141_9668	1442	745c8dcbcd67d5dd02f157100fc2894c59687f54455d5a09a33014ac3b10025a
BASE_00002946	baseline	k141_16826	6162	29518e7593e4e4081795486d061f1509e38ad3fcbc86d1d19e7a1ae3337b3403
BASE_00002947	baseline	k141_2412	1337	e9fd12fb122c2a44e8068d5ad13c37e5a0642fa5aae159add36f5349b4cb73f4
BASE_00002948	baseline	k141_23810	2129	af5072eaea13654f5728621305c643391414039e98974bde5ee87b4e8788faeb
BASE_00002949	baseline	k141_9670	2109	1aeef78337e3bc9309625687a00d7ec33177c71fa6333b374a85484f238613f2
BASE_00002950	baseline	k141_9671	3711	9c34981560339162df93711c4390bb224a2d9e407c581d774b9934ca26e79055
BASE_00002951	baseline	k141_2416	3217	0c800ab0a2e094a70a0ff35842a5bc3482a7f1ec909be9473ff397a2e2b48e02
BASE_00002952	baseline	k141_16828	5091	cc5247b4a213b6853c56000a04021a852a13bc34a24f15a7444e65fd9f4bdb37
BASE_00002953	baseline	k141_23818	1460	88bbc3062dce597ec80c437114ef621c62e56c6b722bb19bfdd90d2b1a29ef68
BASE_00002954	baseline	k141_9672	1231	3eaddca97e468ff5af1b36db494fe55de8f66492bb68c1004a530b09914c6283
BASE_00002955	baseline	k141_16829	1341	a6486c3d46d9bee40105ef20fe5d697dbd9498229db2e92e409cd7a55a11770b
BASE_00002956	baseline	k141_9673	1014	80d7db97054164fb31b7ed5216a95204570610f6f7c4425b23860859ff08f4e4
BASE_00002957	baseline	k141_23822	1075	ba67cada2a29c7def3d6619b7eb244c6960754b4a9e19dba4d80a190079d0179
BASE_00002958	baseline	k141_9674	1402	333d8dd601bcef50e396f6e88fb013e912a402d567406d05084423fe49820ce5
BASE_00002959	baseline	k141_2422	1392	315d247d4775d3eda39aacfb4e8eecf59838b689261ae805d019c2042a9b81f6
BASE_00002960	baseline	k141_9675	2545	5e8d466a7c7452429ca2d81adc0b8ed9ca3f4159c7bf7e102dd0c00633c0ac82
BASE_00002961	baseline	k141_9676	1620	bd6739633c6817e936e6ee96c3fc07b84ec50c58f98afdd18ee641d4a46ea45f
BASE_00002962	baseline	k141_23830	1716	facb312e160c201fb3cc6b797ea8f22a2a2639b9af33170658b7516e79df0868
BASE_00002963	baseline	k141_16838	3610	5731f2c891662590e4cb13f0c6a2fe54fe574f7c88c7c6130c69b8e832a67daf
BASE_00002964	baseline	k141_2430	1539	f3bb6bf95b4c984fb90073cd76815f9dd02b6514e069272a3e07886dde51ef16
BASE_00002965	baseline	k141_9679	1144	8b4613b3332e138360586ed79a6d892816788a55fb27d00cedbd1215904cd531
BASE_00002966	baseline	k141_2431	1453	0fc87b4894b1fafbea307af776738fc49385e55eb387ee52193befe7e0414ced
BASE_00002967	baseline	k141_9680	1380	893a40c0d0f8c290d2fe0b5547d4d05cf9f507ed6657e9185b3a5aebb8cab3de
BASE_00002968	baseline	k141_16842	2327	8031a805c9df3a23829a3377ed995272339ee177b830d49da80350c686b39157
BASE_00002969	baseline	k141_23832	3765	042d05e2e5a30cd3fcbedba5cdb3e59e8259af20abcb651dc8930b67f14949db
BASE_00002970	baseline	k141_2434	1578	371f6bd45adda92a238c1d746a10f2fbe2144374ed9a7f8505041498ac0b4f72
BASE_00002971	baseline	k141_16843	1570	1ede6a0009fc6be607290bb50e3c0d719dd900be514e9799f015df2d69f1d1c0
BASE_00002972	baseline	k141_2436	1602	d3ca6e075b90a971b41f65be427dcd266655f9a5d25388170d79b3dec8471410
BASE_00002973	baseline	k141_23835	1731	a70a596baabcb1d0259b3a9e159caa7c8be75c892476fefe87697522a1a04110
BASE_00002974	baseline	k141_16845	1099	cc708649ebacaa725ec2da46d0eca8a71dcfde828e060f9b2f0a38cdfd544db1
BASE_00002975	baseline	k141_2437	1172	ef2401d7d7c725c82910b615a9f578f9af211af5baaf9c4039db5d6ef0840d3c
BASE_00002976	baseline	k141_16847	1569	9329b7b73df0437bc986ea8c7aef39e49cb5c7833b97f619774b16654696b1b7
BASE_00002977	baseline	k141_23839	1545	bd3a28fbbd6866ec7e417a08b5912879186b4d71a5566d0db4e886a87303ec78
BASE_00002978	baseline	k141_16848	1045	30576c5704d1081306b2c479c0da1ee73e5e1b58d121fbd04d24d1b4f0721e49
BASE_00002979	baseline	k141_2439	2259	6e60c0d688cc1322d1f145753bbbc49a97ceadb1970676e3fd6bf87b0ae549dc
BASE_00002980	baseline	k141_23840	1712	c44133dd989ed4691215e0ae7d7eb99c33c0a8109ecbb3a46dc2444aebb14451
BASE_00002981	baseline	k141_16851	1689	00caef774a9ea26568f79b152bc13e5d510eb9b139d3afdc681efc980f3c238d
BASE_00002982	baseline	k141_2440	2568	e12f8fa6cfffd2261320641f26a536e862ea2f7924180031c9c3217d2fbb2557
BASE_00002983	baseline	k141_16853	1427	9097d7f434925ec6f8bbe1ae1d61b4d5d6256570199fb2c8d5262fc793874f4f
BASE_00002984	baseline	k141_9691	7894	8b4dd2024dc24749b4df450f084cb3e98e69de80471befc66c9278cefc440344
BASE_00002985	baseline	k141_23849	1480	5cfafd94567acf107eee93fb0f03632b547308343f5b0258a85d4685a82ff9a4
BASE_00002986	baseline	k141_2441	4496	e2a0c4a6f487f28a0ea511a598dd845670d3068d76360efcddf50c5c97d8d8c3
BASE_00002987	baseline	k141_9692	1569	3b18f96950c06717a1b26428ac58bbf8b8d308ed01695b85b66a36b07d424bf2
BASE_00002988	baseline	k141_23856	1147	25d27ee0c5b71131aecc26ba26837bfa3030d37dc8a11d100d96bf2e1bec1191
BASE_00002989	baseline	k141_2447	1269	d3f53a97b684a6d82c26b257321bbe8711767b1e878567d3548ad37b63c8042b
BASE_00002990	baseline	k141_2448	3147	b79dc0fa00f4889f0820a4b638d4bc5332dfb1a95d50b3668676d758051357c4
BASE_00002991	baseline	k141_2449	1363	a957982f3772ede7a1a79275a9639b431be1094165ac9a58e7479edb2ee5142b
BASE_00002992	baseline	k141_23864	1914	c69c095c7b6e2bd4625481a67ac5ba09ba0eb2089108e2efc557267c7c6b2c7b
BASE_00002993	baseline	k141_9702	4725	c68f6aa0cd1199a922cd177b7a38d127f05260b834cf8bdd84265f93257f0d28
BASE_00002994	baseline	k141_9703	1634	316a0de5fd100d9ed0ee55ebbf43d55acd828d0c249c7f46371d9775034527fc
BASE_00002995	baseline	k141_23866	1547	66d638420719705eaaf7c68af59b1b8fbfe47ab03c7e8291316c80273e452f51
BASE_00002996	baseline	k141_9705	1539	6c92b8031a36ab4c11e3de13fde1caebf94763fbead1f18c78a24123b35bbb3c
BASE_00002997	baseline	k141_2450	4313	baeaba9633b5623639800c2d0123e903c6b61868bb4df944b884d7e0a46d9d11
BASE_00002998	baseline	k141_9707	1412	b4ace071973cb3ea5be498709d53d6af9c9e3150ccab377bbe8fc458b1fe43ed
BASE_00002999	baseline	k141_23869	2342	1939be61358b631b58f31c673205d2d4799400591fa416262ad7bcc905def767
BASE_00003000	baseline	k141_2457	1277	838ec2978c215f7b93448e6e6f960922f9ec8d3051dde65c7bfa17ba6eeaf957
BASE_00003001	baseline	k141_9710	1675	7509b742e0bde4b829f74179f9e267c752388b26f2892fc340bf0b1b8f765f26
BASE_00003002	baseline	k141_23871	1801	12a601dd3fbb1b16a46edd2fee4c1d720067c9f6adea3f23a67fc8bed32c5953
BASE_00003003	baseline	k141_23872	1288	2a464e829b2500027ac940b6de0d3f0f40c3dfa3f7bb5be85d94c63627ca2a15
BASE_00003004	baseline	k141_9713	1074	8ee1a783fdc5372a433bbe6d0ccee45ec11742963db374ef543732efb75ef2c6
BASE_00003005	baseline	k141_23875	1097	5cf9d9469c3c3c7692aedacd0957bdfe573a4134e755e8345f9005d08962378b
BASE_00003006	baseline	k141_23876	1022	50807f1b657603c7d884c8dec49149bd73b26d0cef1531780b1398a419235232
BASE_00003007	baseline	k141_9716	1459	7dbd6688a6c2101b14cc5256ec7803b8e15b7002e4d8cc4a4e247a84cac048e9
BASE_00003008	baseline	k141_2458	5759	1a77109c1c4ac7b3cbc1ca5da22e6c2fef91b66918aad289eaeb60c87e43052d
BASE_00003009	baseline	k141_23878	1174	670dfd1bb2da59adeb76766c5e71b54842a693f6b2dfc643e62d544fa3f53cb7
BASE_00003010	baseline	k141_23882	1641	8bbb997b1b1b0b187ce1468de7b069a12a6284d87d27ee8cd4622c18c7c5af59
BASE_00003011	baseline	k141_23885	1561	80f808285cb8eabba10dc4b5f0ca59c57c4abe2b32d53931c75f41d229cef552
BASE_00003012	baseline	k141_9719	5386	046a89bab721ae8ace6f11e3c2d2e0fa3bc54e2414179d8857c456408c24c2f2
BASE_00003013	baseline	k141_23888	2373	b7e86628d3f5471cc94fb835dabd247345fefab549651de40883c0998e7ab890
BASE_00003014	baseline	k141_23889	1182	925b1c6faeaa07804ec8f9e28d7e50739f5e743df36fa60279489a8fc4143782
BASE_00003015	baseline	k141_2459	9989	99fb9310f3b4cfa62af5d99304893953cc4b99fb1138921d045c16d2518c04ff
BASE_00003016	baseline	k141_2461	1719	48033113ee692733f8ea09cde99362e849d67a161aa9f1969ffae71848585844
BASE_00003017	baseline	k141_23893	1825	226995d3f4c6bf65703c19585e792f838614b8e6f9176e8e7b82f7ebd6efd50a
BASE_00003018	baseline	k141_2462	3860	4d0157e4ccafd38fa9095c0d44251b34207dec1a08594c699c4b440a66632e7b
BASE_00003019	baseline	k141_23900	1207	ce4fac58d02ff2a15ba62f50d5c4bdc09b268aae2511eca093bcb4da6dd768a3
BASE_00003020	baseline	k141_23902	1785	4debaf9f9c8cf13eeee7dd1913c20634310f3eda04e9e58eeab2a791b0eec1dc
BASE_00003021	baseline	k141_2468	1806	1934415bd550ed054d7c1dcd284cf12143fb11539b6c87378b5107aa9834c4e6
BASE_00003022	baseline	k141_23910	2565	d8a1b45aecda3c55583fcab50296f0aae2cb5a0de712a831a187080e5637d97d
BASE_00003023	baseline	k141_2469	7051	ad9cde29a9be5788747e287fa933cb165bfaa1ea72741d5ce1876c19870d1b3b
BASE_00003024	baseline	k141_23917	3293	9dce7b7f45f20e13b46b65a4a65741708eb04b9dcb61663817cfc6ebf68a9a42
BASE_00003025	baseline	k141_23919	1432	af6dcb5541c83ebbb0544eb0e7356fdc8305aeb08d5b0937d5abd75cfbe41963
BASE_00003026	baseline	k141_2479	1894	9410dd27e3a5696f5ff09802e82821fb725b62a147db5fcd412948674bc9c581
BASE_00003027	baseline	k141_23922	1042	41e1afa9ef3074f1bbf49e9f525158345b0efa5d4f7017d6402cf0315fa91c2f
BASE_00003028	baseline	k141_2482	1343	441d94f08ff67009092c0b445efd745e4dbc21ccc66940955d8886edc8821918
BASE_00003029	baseline	k141_23923	1806	4026a9301e5627bcb2c97bc18395eda643c0442e858a6791e43b0e1f7025e1d4
BASE_00003030	baseline	k141_9721	32679	0431d6ddb18f2532d85a55fc6bf02a04d15f01f6c5658229cc8b4f48e6eda112
BASE_00003031	baseline	k141_23927	1729	b4e4a74ead733056a0507044625448db162798ddd8f2fc38e362585b88bf39ee
BASE_00003032	baseline	k141_9723	1342	716e5e66b4903e58c14809b79bec014a5b9ee198baf836820a4affa268f595e3
BASE_00003033	baseline	k141_2491	1824	d87ffda5bd1254be1c0b410d93c14212df404b17c65fab29dd54afc2bfaaff83
BASE_00003034	baseline	k141_9724	2327	fe4263bd6b763de4a65cd8511326030079f1b0a180917fa9df635a46b487daa0
BASE_00003035	baseline	k141_23931	1904	16e2f2115beccab883192b5ec705628a45e2d6be199a62e3279a027eb463b119
BASE_00003036	baseline	k141_2494	1625	e502bd4e862e205007855eb95f1af1c6cf4f843417ab3afda8f57ab16be4f167
BASE_00003037	baseline	k141_23933	2058	d7a3f47b4a4d8266577afc01a107b71b67d834eadd754312a7cd01ae07c04449
BASE_00003038	baseline	k141_9730	1174	1929016b77ccdb0a5f0fc645c37e49f373a270441c9e9d5dd957c7a9963aa824
BASE_00003039	baseline	k141_23936	1007	1b807703dfceffb1ad9d801aa74f9099c4abd8168f3370c2f766f5b8bac2c7ad
BASE_00003040	baseline	k141_9731	1042	202267003e0af8efa63654192a052fa159f5cc8c78ce10231897fc14fa5e3418
BASE_00003041	baseline	k141_9734	1366	4c3dd4e5c1aae3833ed469e804134482fcce14c8a49cecdf2868d5096ee88ed0
BASE_00003042	baseline	k141_23939	1541	3da3219143fabb065469a397ecf48c6ad3b43a2db7862723545db796446b4814
BASE_00003043	baseline	k141_23940	1969	7d1512653a0d1282f885242931e6532bb4f9eafd11c9742ef74adfda29922515
BASE_00003044	baseline	k141_9737	1178	9d5ae4810eaa5d2fac349e05c9569574be6120c948c49ac94d9d3752e261f2df
BASE_00003045	baseline	k141_23941	2033	15851851c5cf6c0e57827c04d56156713c832348bdcddcc452a515d9d3d7c661
BASE_00003046	baseline	k141_9739	2722	c960971cba6dd826a17ccea22cf14cfe787a5834c85fb7beb50d8ac57fc51032
BASE_00003047	baseline	k141_23942	1445	887b825ba5796ef49f959d91c131722588ba0619a1a408d97c72b7f9f3dcdbda
BASE_00003048	baseline	k141_9742	1131	f119f95d8a9b47706a415afce188229c9e1577c2f3ff04c67460c9f9032a7504
BASE_00003049	baseline	k141_23945	1487	77262c0aeb996a2587b80a65666b34d78cbc4c1a19ec1786cabdf3ed383a0998
BASE_00003050	baseline	k141_23946	1108	7a462d987cf084bb81297465d186cedd4c8f73466f5fdbf82f0caee44a76715a
BASE_00003051	baseline	k141_9743	1292	5504656e8391d976fb196f631a7ba225111468fe23e1056795c38333463aaec9
BASE_00003052	baseline	k141_2495	12997	12f434829e8b6d0f156b13dddf3adb55f28eac3c467c996fa9c2c85476e47b0f
BASE_00003053	baseline	k141_9746	1978	dc7338e6a50d17094429a67848e9d537d2db3b588200aa98545ba37d6fb1f03a
BASE_00003054	baseline	k141_2496	2657	f0ada637e58ec4a5c845f44e5a09beba2ef0a8f0384123235d5713031a295f20
BASE_00003055	baseline	k141_2497	1952	f816a3a275b5a8d47c5f80ab57dd6bd53d513211d99210128ab502a434e7d4f5
BASE_00003056	baseline	k141_9749	1868	8dc64be8276dd2bcfa0e2930894d237bcf328aa962baccc8b1a661dc38cfacfc
BASE_00003057	baseline	k141_23952	3860	d423e3b86628fd8a91da4efcee1ef86bbb503a6d86404e2c2a83bab1c3aa516d
BASE_00003058	baseline	k141_2501	1949	371f9444e787b0d6dc03de9ac0634f6a7a73bad68fa877c350fc0173d2dd6765
BASE_00003059	baseline	k141_2503	1049	5998247dcac747fd5d65e199ee736d62a56b7f2f8e4f53197156a155de601edd
BASE_00003060	baseline	k141_9755	1163	09638cf72581b74959cc9c4d93c1d77287f762040d7640daad60ccc80f7480ba
BASE_00003061	baseline	k141_23958	1367	e0a37e35256767cd88a20602f180148652ed1031939a804795fab27e13cf9f6f
BASE_00003062	baseline	k141_9758	2156	b884ad23493a1652885f1d046dedf41b38571ebf50766925152adaea807a5966
BASE_00003063	baseline	k141_2510	1362	33beb22ba56d00c3dfc02ca1b3cb87188ef02a481ac14bbdac7914da07ae5688
BASE_00003064	baseline	k141_23965	1061	758f96b965137b46befca6709f4d566af9ed2bb60b9f4e3f0cdc9993f11bb2d0
BASE_00003065	baseline	k141_9759	2119	8c675736b2891a22ab1f51814e350b7e46e114f79a205af62724d2e54cb1c28b
BASE_00003066	baseline	k141_2511	1376	37dd11c7eb4b3480da29b5b28bcc13c846489478c249b5650dd4c09cd2cea9ac
BASE_00003067	baseline	k141_23966	2325	c4600b34b437f07920aa11a5c74975f8e11966471c59fed3b373ac746e89ebbd
BASE_00003068	baseline	k141_2514	1684	e964246a66bb141e3c40da1ec6825a252511c6a08aa54362173cf7b377bd4037
BASE_00003069	baseline	k141_9762	1658	e140dac5bc6db3c8fdde235eeb8e848a64d8dcb3dd4cbef5e2372a6bc34d758d
BASE_00003070	baseline	k141_2515	1394	483012b8da19e20cd7d333a0b00b1ac4e3ddfb347816baad3cbf8b7090b33810
BASE_00003071	baseline	k141_9763	1636	ebe0edd819af665f32f799dc0b31e5e7f01ddebace7135e7d7eda0a2f21952d7
BASE_00003072	baseline	k141_23970	1641	94daebac7471a24737a0f6f5989da23815b3130c60a44e823887fd5ee0b8721e
BASE_00003073	baseline	k141_9764	1019	1eb485ae77423af8cf95b619bfe53897af5948fc9c86312f257d0ff61cca0852
BASE_00003074	baseline	k141_2517	1758	1e1ad5c2828ab5cfbd95fdbbe437de18c3d063b0920ad4c2b129ca863765c6d3
BASE_00003075	baseline	k141_2518	1404	b86ea45f65e8e84c06ba483a5125c59de646cbe424854386cf27d3b08ac282f3
BASE_00003076	baseline	k141_2519	1691	cd12f6446ae6f4a32b0202f28bc9ba484d76bc432f8c056cfcff95172f440c42
BASE_00003077	baseline	k141_23977	1554	fca525b076ce4c3ad2c11124fc5ec4e9444578f411d0741062c53dac7b53e3b5
BASE_00003078	baseline	k141_9770	2184	f3e9129d55fe1a8c6531dc940d1f12bdac9c39dfb5d58979d5c940f7b206f43b
BASE_00003079	baseline	k141_9771	1896	e0abaf1c02ad0acb600727829ca0e1090e5e963491fd76cb1368b9bba51b175a
BASE_00003080	baseline	k141_2521	2443	27e03f806fc577bdf4f5c34963c95720f13e23875c67831d5280b7a29f002b53
BASE_00003081	baseline	k141_23981	3429	4644ee434d57f12af9c868710b48f2ed79bbebaff41536813d83332048ab8495
BASE_00003082	baseline	k141_9776	1278	a141e6cf82d2741312c601356454e616d1ef5fafdae486148ce1e3ae915109c6
BASE_00003083	baseline	k141_2522	4965	52741a051340bcdf9e7aab133bf7286ff458bc81b9425648a6f0df2d5d51ddc3
BASE_00003084	baseline	k141_9781	1001	4c2f478312702a14f7f09dcc4a629b223e08334f2737ac97553d9c8157d31502
BASE_00003085	baseline	k141_2524	1357	9f272852a0b1a6eae9a0e60d1884224a15e9ceed5965ae164f54399ae378fb07
BASE_00003086	baseline	k141_23984	3299	6cf88271cab0cbe5d81719308acda18d409510486a2f241512d14037a035c050
BASE_00003087	baseline	k141_9784	1363	188def942d068a945f06b2cc037df6f9360be052039410de0472616051b04688
BASE_00003088	baseline	k141_23990	1095	48f80f11b84260e3486fe4c55ee09b5f82ee89aa0b390fa2127a52e274ecf22d
BASE_00003089	baseline	k141_9786	1449	f7ac982926f79267e1b618789154537baf031942cabfca6e6bc96f9c6f2eb5fe
BASE_00003090	baseline	k141_2525	4577	e171a606a05d8b0c88fd3cbd30f2334bc2e7b5263cb072b4ab25eca7d8b98a05
BASE_00003091	baseline	k141_9787	1058	3cdb64db0f1f55817d5b4bd4c94f5451132146f9b57bddf777a7f1bfb5eb59ef
BASE_00003092	baseline	k141_9788	1618	a30102def129698e81c81f84098bdb603c598766f2d1a27a7d2e41547a85a272
BASE_00003093	baseline	k141_9789	1280	6db91398b37a233e6a0c7eaa04428254bb56cc8ca6272d91363a88bd8e8c8e07
BASE_00003094	baseline	k141_23992	4581	7748759979c0be8ce3f4193db734fee375743e2018e023544d8ae2014cc41ac7
BASE_00003095	baseline	k141_2530	2538	79a88cf311ae224725ca3bc08a640b72b3a1104767d2620cb077cbdbbcdd5d4b
BASE_00003096	baseline	k141_23993	1141	6bbed5373cc4a2eb647b4b0875e46d81ec7e0f965461a0e7d07b9ca13fba66d1
BASE_00003097	baseline	k141_23997	1227	8a53d43587c2c4d12366ae18ef16145a4ff80977769bb3ae1744f10e760ce5c5
BASE_00003098	baseline	k141_2531	2506	d7acdd4a5c8fc50bb006733efaa2440271938bd530b14e57bfbb845618186284
BASE_00003099	baseline	k141_9793	5199	2a512428e2750d5322f138e8b4a4c40a01ed744a2a00768a8b049d2476f50b3c
BASE_00003100	baseline	k141_23998	3009	a495486b92e1a795e70288bdb9f002dd4bb1c49115b8eafffe48144613e78566
BASE_00003101	baseline	k141_2536	1599	a568ca3fa30e30b9f259aa4836c9f9817c17e525eb644d39ca461e85afee1717
BASE_00003102	baseline	k141_24000	1927	c2a4495e34dd84d2ebb88554554f513df827c12ab40c0959ffd5c3a6c647db88
BASE_00003103	baseline	k141_9799	1448	eb1c930a71729c96fd4d4d287d3aff4834dd535f6e6d3c3b44e2cd7d995986dc
BASE_00003104	baseline	k141_24001	2324	f48adcf9c14fb986c2a3f94e9a72ba88d6c17770660cf342fb958920290168eb
BASE_00003105	baseline	k141_9800	1794	f0d21e7d85faf3ceb2e1034e2a34fca40acda8c295325d2b0eaa9ecd7e4e1898
BASE_00003106	baseline	k141_16855	134754	ed569eac53da4c560f995f0dedf19e58f5ac05c3519623fa65c212050d8186e2
BASE_00003107	baseline	k141_9802	1111	fbf60f408ae29afda6279dcad7b904832d22d63542d098ef80a5bf2cffa5cf78
BASE_00003108	baseline	k141_16858	1129	ebf487e4f0594b1834b4d9fef4b97a8bb5f2a3ed5e1f54953f9863113aec8797
BASE_00003109	baseline	k141_2545	2133	bb9b3eacf6e43094a775b8e28ee53b34c22b1f73d5832c43d2c858748dede96b
BASE_00003110	baseline	k141_24007	1760	bd1843059e68c538049e23eaf0be4f50e799e7cbcec14d4ae283b68c55d69c75
BASE_00003111	baseline	k141_16859	1759	9466283d79c7ecbb10bc5f24680c17705bee9351fe4a9e2997c7faa29c30674a
BASE_00003112	baseline	k141_16860	1255	2893c85f2fb0cd6d0de912f0c7c22bea726fb849ee381bcf964c801b890df851
BASE_00003113	baseline	k141_24010	1665	8f254cdd8f7f35d383775fcde1023cbca85526bff49902e6ab5cdbced3b0d0b1
BASE_00003114	baseline	k141_2551	1439	de2f33577e5095bab3eea487096330f74c5f9ca986b5c94b0526a67b6938e00c
BASE_00003115	baseline	k141_9805	4249	c7e7d3dd6e126a43bde51aa9f492b42e62a0332c16c82a4ff298be6291d355c6
BASE_00003116	baseline	k141_2552	1020	0ed974e89ba05bd2ee1de713f612b4dd060735ff98af5f37a1c0d49ef5f4d915
BASE_00003117	baseline	k141_24012	1110	470a7402f6302088f93b51d11813e61c70f6d81f5e965573c11877d2ca6b14a7
BASE_00003118	baseline	k141_9807	1076	000fe835b22b6a52336982eaccec139248e600545e651c08c12d3f610f79dce3
BASE_00003119	baseline	k141_2555	1311	1eb73032e539f99aba1b8260ad9967adbb3d949aab9c841fe2bfa34c793b2830
BASE_00003120	baseline	k141_16861	4266	1a7d8dcbca3e6e917ec468066d8331d59a17b6ab6f023daa43639b2142a6901e
BASE_00003121	baseline	k141_24015	1430	439afb570f08fe8e1fbadb980e535a6ab513ed6d21e46bcc6bf3a1a120e566fc
BASE_00003122	baseline	k141_2556	1741	146e14d1f19a6b7814acbc9066e7da97cb63e01c5b1d53435283996036487561
BASE_00003123	baseline	k141_9810	2377	b907e327899fd40911c13a3624d3c2185af09a08d8cdb201850221a1662a9914
BASE_00003124	baseline	k141_24018	1330	892f0b5ff0ccd89540061328563ed92b0e8d7e5d11ba3e62f8251c8d7832d36b
BASE_00003125	baseline	k141_2560	1079	ebe6503f8d21401939a3d643ac8cc63f8c5336810eb40cdcb608038c14bb1c89
BASE_00003126	baseline	k141_16864	2951	1729d97873b73996ee1d0516d8242c6d2bd7e750d0c57dc00d743d48c68ce3da
BASE_00003127	baseline	k141_2561	1107	969f366bfa28bbf3f454b9114f281e2a732d5d60bc9bfa7e76ed278df491cf3e
BASE_00003128	baseline	k141_24021	1178	d83978b5d5088d49baed5ab98c4694c8127f68aea7504309c569277731de5239
BASE_00003129	baseline	k141_16865	1764	bfd1f910a40114dc27fb40864543c78f2878ac4e4f80080d148d3682956c231f
BASE_00003130	baseline	k141_2562	1123	6d6447ff5a3c2c7efaaf3197e398a224183fb8ee90e4604a9dd48354a931e06c
BASE_00003131	baseline	k141_24022	1706	24d49a053a06e653ed77e3cf4815e2700253690a3eab0484d41da316b844ba24
BASE_00003132	baseline	k141_9818	1328	81bef77dee8a58b789ecb272a9ffe812ba883ba0ba8a201de5b2ca5cf889f231
BASE_00003133	baseline	k141_16866	1582	4c1f5419126364f2e01191a0ae5e188f5f86c26986feeddffb4670edd54ac549
BASE_00003134	baseline	k141_2563	2216	b7d75109f3ab07552a1c9f698c732140491bfe4003c5a2efb86acf8d784f8615
BASE_00003135	baseline	k141_9821	1199	2e68997e8443f55a17ae373d6a51987851992427a4f5fa2138d8209a4dd1276e
BASE_00003136	baseline	k141_24025	1127	ea56298933e46f83764d83f6fdc1e8552951858572fe8e684353afb9482ca690
BASE_00003137	baseline	k141_16870	1230	6a83782006c2a9bf608af9f1851bb6989fbe991403566f20fb43431b3ef6ab86
BASE_00003138	baseline	k141_9823	1172	abe09a46e6a5c055913cb0b11ca2f682985806160f1983fe55ec364ef63e9ddd
BASE_00003139	baseline	k141_16874	1256	b211a9000d2108ea75e5e9af25e3d077073d5de053aec93dfe093c97fdc57eb6
BASE_00003140	baseline	k141_2568	2925	0310ce0a55877b87c30641341a4d2a067f8617533e7a09c8f4306fb3046df650
BASE_00003141	baseline	k141_2569	1053	36161e6b556e7ac66946e2387c796170d96c55597e7045fb86590e4b75670e9e
BASE_00003142	baseline	k141_9829	1290	d86dad33a6fea7973c4b5800610e5482fb31bbaed437b844980f94e28dbd7440
BASE_00003143	baseline	k141_2572	2571	c9f01ec7456de3a25f979aa3955999708f4c0b6b59b2a5b3cbe52a1f027baf2c
BASE_00003144	baseline	k141_16882	2903	f53c8741a98821162502a1a6785ebe8b84b45b1cf92411c74c3dc0dbf2474452
BASE_00003145	baseline	k141_9831	4278	cf55d2966c5e2d553c165b3c1a643722d8c774a8c8cb339b0192a174579ebaf4
BASE_00003146	baseline	k141_9832	1126	a24cafc9daec4dd60d01f469406a8ac52ff4bba30a7fc2e45c15ad29ced55ee6
BASE_00003147	baseline	k141_24026	10771	17dc4061f0bbb156e4209ec140b05133aa62cd506a10e17ab179da9dbcc1671a
BASE_00003148	baseline	k141_16884	1435	f9e023fa4ddceb06afccd6ad8a6fe63c28c43fc56bbc9ae8187fb86d660405f4
BASE_00003149	baseline	k141_24027	1036	b8cea9b415957068e5072455636aca3f853461724a904dc25525bd4536196c8d
BASE_00003150	baseline	k141_9834	1045	9446778c0f8c190feb486f7a03ca15217f8306e1d3dd34e0f363f289d72c8686
BASE_00003151	baseline	k141_2574	4357	89493173af674579207372ef8b581efd0baf9767e0b05dde7e3023cabc59b0d4
BASE_00003152	baseline	k141_16886	1326	dae13af3d8da7f6b98ded5fdcac20ea7174318e0bda32502f9420ca5f40ae506
BASE_00003153	baseline	k141_9836	1881	55bce09854010c6bed1bf4d74b8ab68230e32888fb0334c2746620043e448d39
BASE_00003154	baseline	k141_24030	1573	f0a7a3acc9a9aaed49b02fbecb5d6ddc065ee90c27e6e1e55525871baa6385bd
BASE_00003155	baseline	k141_9837	1019	53b4adb38b823b8d842162fb6dd3df68006ab9e39314e7b289d0c529ffb09fc4
BASE_00003156	baseline	k141_2576	2171	b6fe405f96814d087a006b2771ff7e07cb1261280133da6d5b85ee9959e6f1d9
BASE_00003157	baseline	k141_24032	1195	c44259270384f78838ba084799c025a17617ee571c2c4edeaabe740e6e266b76
BASE_00003158	baseline	k141_9840	1163	0c7b8a4f3fa7f70ffcfe445481bbea6f7c31943b16c24d7622c96f93a26b1cc4
BASE_00003159	baseline	k141_24039	1002	f120ddc57db8f91dfd67619ed98ea4354d4afb46266f1365e42da254b0f13450
BASE_00003160	baseline	k141_16889	6873	2d1501cb824c8488d2d3d2b36eff9fd0224a3d97a1433e420f3b8be1feaa7631
BASE_00003161	baseline	k141_2579	5669	50959fdf55a899f600f2dcccd7216e538475ed4fff5edaac7743197aff0a95fc
BASE_00003162	baseline	k141_16893	2098	851a252e649f81ac7b9497d51f0f6a6eaa0121384844333876b396a4fbf0fbee
BASE_00003163	baseline	k141_24042	3773	5f8e74e6ed7a9969879780862331d727b2e7af6d70571290db9ba1ec4ae6506b
BASE_00003164	baseline	k141_2580	1834	8376d9688839946008955208cc5f8c2f7a92da5694bf26a58e710de3e634f48b
BASE_00003165	baseline	k141_24044	1360	76579d6a41cddf8570edd9b19fc857afbd2162883e85156d4bc891e75db39a52
BASE_00003166	baseline	k141_2582	2431	06b0b2f1269a72d0401d13150d5444920dab033fc224e29e98d772a1aa8d50c1
BASE_00003167	baseline	k141_2584	1111	846a85dbc618ec26efcffbafb8b674eaa5a95f4ce098ff44af7d61807bedb90e
BASE_00003168	baseline	k141_9852	6046	f643a7741513f7052a4123e010ccf42f954eb60e80cbee456ff7bd0b50ec6ac9
BASE_00003169	baseline	k141_16899	2127	d0257a48e7fe6e51a26b682784e1d09b9a85582213d35631feba78ae80cf5cca
BASE_00003170	baseline	k141_9854	1009	b89f8b8e000d44aae052ba0db0c81febcd4e58b9e50838b66cf8112dff17057f
BASE_00003171	baseline	k141_24053	1306	cf6e057b7265c37a5a6dcffd9e31f032bf6a56bc862dbc3549db3046a13e576c
BASE_00003172	baseline	k141_9856	2031	91145239fb7de2edd866e378383e869b2133aa800252208ee874e1fe5e3a88ae
BASE_00003173	baseline	k141_2588	2971	419f7008cfc00dfd1ed68e11cb4cdf3de9e434a16f87719c37b70fe2cf43796e
BASE_00003174	baseline	k141_24054	2947	31f2d14a45678451486d9ce1b57c39ab3805b68301aeea6b016e808456882be9
BASE_00003175	baseline	k141_16907	1132	8d505c377e6652542157d8480c0618c4341da8a3b1fc21352633f6e02a7eccbd
BASE_00003176	baseline	k141_2589	2336	bcc963b3c831fd892165b5d1516d8afe94b6cbbb3552faacef61725f7973fad2
BASE_00003177	baseline	k141_2591	2200	5f5cc99696e989bf9d1b26230b9e7590dac431aa4b1b974e2435caee0d007322
BASE_00003178	baseline	k141_24057	3317	1429f7e9e45b5fb166171bea6e7776c1d15f08556b80481a0f9035d10303ad1d
BASE_00003179	baseline	k141_9858	5300	86805d15b4a3092402f4b4f401327c966a64928074afa58ab7a20ccbb74ff28d
BASE_00003180	baseline	k141_24058	1018	e61d3e024e3211796b010a21030477a209520948700e3c09bae0365c2f6f4580
BASE_00003181	baseline	k141_2592	1417	8c24b5b97dfb77e645c370363b13d4155ff257b9093231f6f2044289fb5813aa
BASE_00003182	baseline	k141_16915	1972	8dc5a449a07e874e5aedabb3cf2e764abcffef9fb49cdf96a8f513238d1d0c9c
BASE_00003183	baseline	k141_9859	1227	366f9ac637a11f355f677c670c64f51f107fa109733c403bf3a0a323b6d77fd3
BASE_00003184	baseline	k141_24063	1625	0a2c16733d1a63b41a6b5ebb87caccfedb1aed46bec5c8594ffb21dad83174dc
BASE_00003185	baseline	k141_16916	3697	03ac542308fd426d38f6416a0d4d3c22d415bdf6ae1418fa097942cec6977ad1
BASE_00003186	baseline	k141_2595	4373	fc897e55f0d0aadb2197778232da8fd83d9399ebae248952b9fde4d6a997fc7e
BASE_00003187	baseline	k141_16921	1283	b028bf59266eda3c0303fa3c716fa457209ecd3bc98a1f780744edf81eb73931
BASE_00003188	baseline	k141_24069	1690	9a3e0fc1c5d39010d820ccd2bc558406976ec911cfdd36d4b707b77dfc8708c3
BASE_00003189	baseline	k141_2598	2062	0623c2254cb6ba4ab9ff750a9a98d6b80ce3417c46ab6191adb1539690a1b78e
BASE_00003190	baseline	k141_9870	1808	77b46be6c2c277ad0b47ae88c6c34184e3f8cabad06eac1613255e7b562ff213
BASE_00003191	baseline	k141_2599	1169	b0f4b1d25171a3720f10ed13ac976cbad7dc766d21207a2b34edf4b08cc318f5
BASE_00003192	baseline	k141_9871	1219	07e3fb7667aa30f0c8b6ce50c68163678777edc89afe79505a3c2624747ccbb4
BASE_00003193	baseline	k141_16924	1648	47f968e300472d16f0161be8a278dac72117a926dd7ec8b1a4b2df21942fafb9
BASE_00003194	baseline	k141_24070	1997	8277c3044b7cddbc428eaf52d43df2ec59eb0089a482cc8718351f202482dc86
BASE_00003195	baseline	k141_24072	1058	eb94d02c745eb2e2dcf6870ea059a3ea293b4b9254409ed7915dc4d543034b40
BASE_00003196	baseline	k141_16926	1031	cef5160ac8963e8c21bdfd07ce0025a085181711aa9cab7e290da280fc867c89
BASE_00003197	baseline	k141_16928	1073	1a97e9d8a78cb8906308161b9164a6961549e1cee12de31c2d402f941d999302
BASE_00003198	baseline	k141_24075	1244	c54067c826176edf92bede0418091a771060aa5c832e8d3ceade5cee05136e17
BASE_00003199	baseline	k141_2602	4749	62b9fbb7680b13b47dc0c4a4c3712ca12287919c3f846e45a8c50d7a212c891a
BASE_00003200	baseline	k141_16933	2077	5d7b815bfa208094175c1d608facbbfb98b6a21698963d3804bc5e8ac70b4772
BASE_00003201	baseline	k141_16934	1184	dc783adf526de26dafd8e524e1b6d16a9adc8c7c0ef1cac6aa238768ba1e49c7
BASE_00003202	baseline	k141_24080	2197	de07d6fff6047917da8da716381dc0e8e0c915c67e0fa75828f8bfb75426ac48
BASE_00003203	baseline	k141_2603	3033	7023552824f3fe1a90a13e6fd13068fd22de293a2c0ceb90673c8aceb7535122
BASE_00003204	baseline	k141_24081	1181	a67ade1435e0d2102f33a2caeabc674cce6701d12817b6d4dd6cc72f3aeacb20
BASE_00003205	baseline	k141_16935	1904	777b4a27e9da20ff5b3c8dce2f3c91e773fae3e388778a6f2de3ccec6f3a20a9
BASE_00003206	baseline	k141_2604	1326	b3d8d0054699bccf9ab486096fda40340fdffe7da11ee4a2435129e851b61cd5
BASE_00003207	baseline	k141_24082	1312	090cec46fc9c19161f9c88fbd316c8685ec2e885b1f58e8636339ee518cefbc0
BASE_00003208	baseline	k141_16938	1574	d4b8e348efaa995fd2fa00b02db0770425355bcc1850c3023171e42c8adfd199
BASE_00003209	baseline	k141_2609	1661	590d09d1c0075f4efafc7ab00178434b8aa7cca6b4f729d5be2e7db65bece91f
BASE_00003210	baseline	k141_16942	2934	ffe6529d399ced189275694d334059156cee421e442c7117a77da4760b3304f9
BASE_00003211	baseline	k141_9875	15296	e58ceb01172780c6831504bdb55906d2888923095ee378448d7cdb40f6e3cd4f
BASE_00003212	baseline	k141_9877	2308	e39d584414e57c533319b173ecabdaf216bf86112529eedc171d903cf66ef6e1
BASE_00003213	baseline	k141_16946	2269	c0c3bfaf417b3f2755aca6fc00749d7611ff78fdf3241419e1ff217b8a6a62a2
BASE_00003214	baseline	k141_24085	10284	d23ea90bd926ea5718954d264a85b6a442690a3063e29814951c6e6f70e59006
BASE_00003215	baseline	k141_9879	1613	045a0f7ae2abf2afc92558d01a219067f794e97a30d1f6bfc6cd612ff5dd3bf8
BASE_00003216	baseline	k141_16950	1434	305fd7f6b7f7deec5fa61fe56bf4fef958194579403326d41777d9eaa1f6f4ac
BASE_00003217	baseline	k141_9881	1425	54fd833667c8452714b2e0624378aff0345526cc923ef1ce184970d3d110901d
BASE_00003218	baseline	k141_16951	1175	66b5e9783b76aa4f56296da439debcda389309796716e485d4adaf84bdae5967
BASE_00003219	baseline	k141_24092	1598	cc433217460b5af65f824f824ca8bacd38da6e7be556a74fd34f6b8568c7df54
BASE_00003220	baseline	k141_9883	2141	daedf2d2875b03f0884e00bfe4eda9525276071074c6a03e7475bf80b3584ff4
BASE_00003221	baseline	k141_16954	1984	08fbcef8d987ce5e9449ee32755228ef04c01fb0ba25e09f99109e5b65fbbb7f
BASE_00003222	baseline	k141_24093	2486	4cf315af2d164d0d1e7888140b880ac94be9f54098fb7e42fdd7e6b0343ba582
BASE_00003223	baseline	k141_16959	1014	f2cf90f3c6878eca6e916d8b09e4d0e57098aa39bd51f46197d4dc7bab8de651
BASE_00003224	baseline	k141_24094	1976	01db497e21b94d30ee7e9787c4e920b9c8b15929c291c378d08e8ff67bd044e1
BASE_00003225	baseline	k141_16960	1091	54a16303aef3331368aa99e74edc54923a1f48526b754b26c8597de789ce2faa
BASE_00003226	baseline	k141_9894	1233	7e7e84fe31d1dee69e4b8414ca32f88280b8c6f221f05ed72591158d54302d03
BASE_00003227	baseline	k141_16961	1168	56477b4e6ba4f382a4bdaabddf30351b5df15f0394824e2569ab668c48a8edb2
BASE_00003228	baseline	k141_24095	2003	2f69d889fa26f5c309fbb890811f5d8e20a12a6fd67acafe77d6a20f2f48d53a
BASE_00003229	baseline	k141_9898	1641	f0e01de062019f3dcd34535c474024561ed1dac769563ae768f4abe7a7b75575
BASE_00003230	baseline	k141_16964	2376	a659331b2c6fbbfbbb8ad77c55e5d68c5c0ca93a1fee606325e48f9f26d0a004
BASE_00003231	baseline	k141_9899	2038	ef2184a9a4a98ced64ea09bd6aa86e2b26432b4afa7754887518037420928f6a
BASE_00003232	baseline	k141_16966	1138	98ab25422a0fb68129f96ccdce76f1f3272af404b225a3d1016b6a5a121e18a4
BASE_00003233	baseline	k141_24103	2353	c347f147ceba30be225e7222d985bfa9e04ae9fbfaeb30c5480c589d7151ae3a
BASE_00003234	baseline	k141_9903	1820	04f5ed6f473d8d7e79229913fa07f5ceac0a3ce5d114bb92a51bd55e1ebf9c60
BASE_00003235	baseline	k141_9908	1225	fee8dbb62d4e6bfb0f4eef0d747147eb70db2657f324932b3e02a8941392cf20
BASE_00003236	baseline	k141_16970	6194	2232fc462c241bdd24f627278b2731988fd30a4279df70954ce82dc34a22fcb5
BASE_00003237	baseline	k141_24116	1248	d2a3000f54b08bc07fb3fc111d0438e421fd9d979ecdf70c397abddce5db9def
BASE_00003238	baseline	k141_9914	1172	6b038043a67a2c384ffa3d7e160efb9419b0db6fbabc8d1aa769a86cc548e0b0
BASE_00003239	baseline	k141_16972	1794	51f3b49b62329c03b661bb839d3b56128ba7bb60de5943b7170cf6c014100382
BASE_00003240	baseline	k141_9915	1009	3e1ef49c05eda6dba6fbb4e063e53c289bab5e1b4e2fdcc4b006c6d255116537
BASE_00003241	baseline	k141_16974	1092	e5ee6654d70470cea708432c48ee88477355825918b3b7d1d57d7db122900840
BASE_00003242	baseline	k141_24120	3836	ed81cf237a2b7a6d03c567b56ca60503982b311125f84b03f8fe8a963a394562
BASE_00003243	baseline	k141_9917	2818	49def8c8ab79bda4c3c8c14c9b0046854e6548e282db234e309bf75373e67efe
BASE_00003244	baseline	k141_24124	1002	523cfc2e2335ef2eeefddea6ee07c23d956782f14febf2d79e0d3671cd0050be
BASE_00003245	baseline	k141_16980	1796	6f248dda4d36b1db0b4d41b1d0080953a8ba84e14c28a7a566b6af2d4470f454
BASE_00003246	baseline	k141_24129	1867	3892d033789bf785c7434edef30fd6457560bb0b3b1406af34fe8a8989564a5e
BASE_00003247	baseline	k141_9923	2533	26ff14c2db6499d0c7bae9e5798fdc48557a85407973e9c6168f592fb16ce964
BASE_00003248	baseline	k141_24130	1364	7b0040a06bef21c12571b8dcd583467e42fc8fea6989d6c53d3980bc11d1598e
BASE_00003249	baseline	k141_24132	1303	1d2d1d622dd9c76dc10f94324e953ac03acbb7ae9e41ef922fbd1ee9ef73cb87
BASE_00003250	baseline	k141_9924	2725	deee16fd567faafaaeee210735c34091eac8bd6a7fdb2dc21ad7980e62586e23
BASE_00003251	baseline	k141_9926	1073	074cdc1925aa26422fd75c6870aa0799400cd62b17609bff229cc25996308f6e
BASE_00003252	baseline	k141_24134	1978	41a73659198f3dc05b1836f3ac9b275225a2ca0715ed1b3ecfd862bed5d416d5
BASE_00003253	baseline	k141_16992	3133	681072c72f1b3213d7797c2b97304c4fddc37398113471d0ca8e2db86912403b
BASE_00003254	baseline	k141_9932	1514	d571b57e5350bd49cf8d167899b0634131fcf909c9e7979027da39e3ca075e15
BASE_00003255	baseline	k141_24144	1003	f803292271eeb49d121ac9b1e4854d770aac424a36344d35bf1f64a6e1874bfb
BASE_00003256	baseline	k141_9936	1097	678c692dfee31d62f946d5cde69da86b4712bfd46c9709979e5c56b58b4694c2
BASE_00003257	baseline	k141_17001	1975	7319d6b74e582d6436f9ad0f0cb65f15f396d78b3e967729abec2a03e82bded7
BASE_00003258	baseline	k141_9941	1335	4d897d4febfa5898380edda06b12e78b65f5dc21c9f231ddc8d0d6dc2175bc07
BASE_00003259	baseline	k141_17005	1973	d5310f07444722b38bf09cbb57e188d4331d74b435ad5b6579c76056027c0730
BASE_00003260	baseline	k141_24157	1485	4015700be7fc1cbb75635b923c6046cdc4c39afa067507c0cbac6b2fc2bfe4e0
BASE_00003261	baseline	k141_17011	1565	f0cc81cad5577b5ef8a97dc74b95f6e048c5afddc4a6fc7594819a99c015a2f2
BASE_00003262	baseline	k141_24158	1405	b1f16ce933a742d6a966d131cec45d87b5a331782f434108d0b3cab0f7620029
BASE_00003263	baseline	k141_9949	3529	3fd5cf47bda0cbe8f6b8e11377cc95b43de9810a3e5e2540cface717bf4bbba3
BASE_00003264	baseline	k141_24162	1315	8f3c3e0253449c2015675e8fd61609c5dbe17c3c64eadb518a0327ccf1d35a88
BASE_00003265	baseline	k141_9953	1613	05c5ebff8ec9254e58e9c19ab646da7d6084afaa49b232595dc7fd6aa81bd145
BASE_00003266	baseline	k141_24163	2591	400072373d38b533e294c950d6bb46cba6f459eb3ebd791a8a044b580c45fa24
BASE_00003267	baseline	k141_24165	1245	29e26f07dd97ec1cef1a63f086ba253c7db09abff7d047571935fca1c9411118
BASE_00003268	baseline	k141_24166	1052	a14be0c2fdf8020ef6d453c95d5af02640511a8fe74cd79fb7e7a3f08464c744
BASE_00003269	baseline	k141_17022	5254	d442f884a2790c8e8ad722c14e0e7d2adc9c8c7249763d3960a62ea5bc8a3a51
BASE_00003270	baseline	k141_17024	1157	95a287c6addef13dc4f95c0c81536d6c29305335f0ce11438a2f8e95f2c8f163
BASE_00003271	baseline	k141_24168	1681	24fae0fb4698bcf12ed6966c359c17855ab463b6510b8f39a786c5f28c0462bd
BASE_00003272	baseline	k141_24170	2029	1ea45eb8540edaa8b25318a47f119580da0e91f2cdd4e68a244e477fbbde51a2
BASE_00003273	baseline	k141_17029	1761	33bf9bbb3a8eb1f7b1197f168a8bc303c3870df6b57cda7cfadb2e6243f850e6
BASE_00003274	baseline	k141_24172	1926	d1b47e747c082bea3c09db48aa05ed33cb0d5981342d2c9b802ca94df7cf33f3
BASE_00003275	baseline	k141_9956	10298	a632b45d15233c93be9605c7a0e10559d25af27884ff3fe5585820ae52ae0938
BASE_00003276	baseline	k141_24173	1710	d32e2019edec77cbde88922986b505464a9d6d6b48ed98133cbcf2031652dfb6
BASE_00003277	baseline	k141_17034	1966	4ab089082a991799f5ee566904f558c5e91bfd6ac7ae43d22b8f5ee6fea426e1
BASE_00003278	baseline	k141_24175	1021	d42a8145bc2941f67b0668f2978e9707c7cc3185643bdee1a81c54381fb45be4
BASE_00003279	baseline	k141_24176	1649	e85daaef64cd7a636e8799d216e3d3360f95c1a86a986f4746b3cd311e32e5a8
BASE_00003280	baseline	k141_9963	1697	621ef01c31d6028edc3017afe0e0420751c2522e9979bc746c0e15218875c611
BASE_00003281	baseline	k141_17035	2747	b2d25e8966abd975da84d8d5a9aded4ea9c2ff2bf56a471115767953fc84c093
BASE_00003282	baseline	k141_9964	1008	6d6dae6b8ce2bc93b4327e8ce92258effd9a9fc5fddf2610752762dd61a509c4
BASE_00003283	baseline	k141_17036	1014	f0a6607a023fe3c23931c3b05b3742b24577d1bee594f740b20f957344b5a769
BASE_00003284	baseline	k141_9967	1038	73cf659b747f9373c80a9b759b0ead40621ab5b837b73b10939925d2a18cfb98
BASE_00003285	baseline	k141_24177	4879	85262e277f66c96d39143f2f358d19950348bce81076da1881c5c91be73dbb03
BASE_00003286	baseline	k141_17037	4218	eba6beb4732ec6cb1dc7f057ee1b7685bc75051ceaffc83873f172d220ec321e
BASE_00003287	baseline	k141_24178	1391	0931861b3fe966421f53044a6f4ca6050c087abc32d2a008bdf642c1465df85b
BASE_00003288	baseline	k141_17039	1431	78123a083598c64cb1d1c737f633993e5102ef735e8060f5c51eab9c99183336
BASE_00003289	baseline	k141_24179	3079	2be05703df4f848080d26a82d57ab239841bcbe083edbd1a03f0dc1e7f699ae1
BASE_00003290	baseline	k141_17041	1334	c7220e4c1b9ab366b1a4f2f8ad34ab4c7f1985b885d51d4be2bb25d59f781b60
BASE_00003291	baseline	k141_9970	6316	3754c48e8c9d674fb5bf20fe3fdf480f85a74172cdb8bf8af45731ab7111e231
BASE_00003292	baseline	k141_24184	1317	bc6a16fa35b3926fa4a84bc6635e26edfb4ae2999d11cb40d2911f424e8e5537
BASE_00003293	baseline	k141_17046	3719	c07f0c76809380169ed8dec59f60e591ee4ea2ed81d45e14b6fc9c1e25151313
BASE_00003294	baseline	k141_17050	1088	7f57351b9a0ce998dbee7304c645a8b327f91e0930421e0f104e62277ce783a3
BASE_00003295	baseline	k141_9980	2631	5b6d7d67b7f274231dd5a4788ae70f7ac26b597e067385fa61c1961f9d3d8191
BASE_00003296	baseline	k141_24189	4885	fddea265b674659fcdbbdd4004801f8842066cd2641868066f4125dfeedf558e
BASE_00003297	baseline	k141_17054	1074	9d758c6d23d1fa8bc36b2bea3768a717630327d6e0eceab905bf30240637902b
BASE_00003298	baseline	k141_17057	1280	297d4dd24c377e8694c70610c2834f423f11911762375b676cca97e2a118030d
BASE_00003299	baseline	k141_9988	1757	0e1de84bba28ac927a005ec239219f2872a4366aacf4aaeb52ece897be497abd
BASE_00003300	baseline	k141_24195	3677	a9ae8055d8e4def5d81af0647d6605004e407b572232fbb2ba6d37e41c562821
BASE_00003301	baseline	k141_9989	1528	9781a05771acc3b3327d3486392238739f2c7f10423a3bae1bed37fdce8194db
BASE_00003302	baseline	k141_24196	1037	e0f8f75dc580888f321deb432fc0c5eeb0718286c778c5f5741183fe522796db
BASE_00003303	baseline	k141_9991	1296	66548ee6ef673886f8d5dad361fa7d0e3576bcf392a5c9837f842ea64404a4d3
BASE_00003304	baseline	k141_24198	1070	a426e9922368329c311aa561e0fa7a57f625d4bd821a708d6022965e662a8a90
BASE_00003305	baseline	k141_17061	2904	03a7c64f6b2ea1ccac79984886fe40d7c73f8e7c17a71ea169e1edac436ede86
BASE_00003306	baseline	k141_9994	1115	349bcce2d9f403465c0770d82f6513361434b0f7433afcfd3742ce9d8151fa48
BASE_00003307	baseline	k141_17062	1024	1fa4fce3cc020a9c44bbc8b5be88a8b7272baa5ba79fc52cc6b2bfc64c9f34e7
BASE_00003308	baseline	k141_24199	3152	b1c1b141f8ac4b2cdfa4cd0a448555d0df1b8579fcfd9a81a9ec86a83ef15321
BASE_00003309	baseline	k141_17064	1143	eb2a950775504f606ce6dce353d42764a937eeb5203a6358297250f65e8b1a32
BASE_00003310	baseline	k141_24200	1291	85eba7200f8e30ba1cb2d3505bdd97da22095a297ece21a9f56e85e3e1a951d7
BASE_00003311	baseline	k141_9999	1037	c1ad4e035fd1cb456dbfd6243e4c614c55a73f8b977aabb215901a028b5e63e6
BASE_00003312	baseline	k141_17066	1270	aaf3d7de5e85e2bcfc78c734fde52e983f77ca5a0eaba291a555e14c8418feaa
BASE_00003313	baseline	k141_10000	1494	f3afac6e2f4a71da335ef0eefe2a0c1ea3e9daebc5c873634913ac98eaec5c42
BASE_00003314	baseline	k141_17071	1001	3dad81d9b73f58ff2e5d437c462362cb0ad931a13ffa649de20b433fa62ec844
BASE_00003315	baseline	k141_24203	3816	2508edad64ae7a46df1c7f81a8671ef33a2482ea83539cb3d5bb6821b7829fb3
BASE_00003316	baseline	k141_10006	1025	98551c92061b451eff814f6dd459aac27b38d4ae1971cf07ccdab093f80435b1
BASE_00003317	baseline	k141_10007	1258	2c614dd600e47d756c17d389fc877a1d703c3eb62767dc528447aa7397e24eb4
BASE_00003318	baseline	k141_17074	2131	b304b24aef15d2272c2e3ea66b40060bcd0e2a4b17727451fad582bdaa555150
BASE_00003319	baseline	k141_10008	1193	762d25b0e1f5641deb9b297292858647763e8c11dac862a436b787aa3ad1068a
BASE_00003320	baseline	k141_24207	2339	91e129850061175f1e9a5b2465334da77689979bd6100a0bbd037051a70bd5fe
BASE_00003321	baseline	k141_17075	1375	a3a5c4556afcafa6f5b1f57689a7808ff0e002d29afe3b86ea505502164b7268
BASE_00003322	baseline	k141_24216	1096	5dde20142e991c0fdd10d850dcbab5e8efd4c72e1754287fe791e53ec143a0e9
BASE_00003323	baseline	k141_17085	2114	12afde66e6e479b57b7a60b34d62cd04491f9e8195ae0bb0809bc6fb645c7ecf
BASE_00003324	baseline	k141_24219	1769	19a11cb0242b33e1afe43532f152e9316925764583cc3fee291f38008521d649
BASE_00003325	baseline	k141_10018	3190	95ff901d1b92a1275120f4e1b0e293402e4b59122ef8f987a8d70fb6fdc9d812
BASE_00003326	baseline	k141_10020	2518	52afc4e69d8698c6cf5e642888a75f507d23cede94d5905db2d6af4033a3baec
BASE_00003327	baseline	k141_10022	1059	c383ef9c766661f8de57f5264feab39ae43f02cc67e0de671b661369f07e71eb
BASE_00003328	baseline	k141_17088	4037	6029cc1170726ef584fd0dfec55b7a83bab81267dac60dd077aef0f9bb7fbb14
BASE_00003329	baseline	k141_24223	5071	6cc5e624a50371f89976ed2ea15a93c6d0b64370cc153f6e8828abdea0d43414
BASE_00003330	baseline	k141_2614	131680	42d239ca94fd468dbc03c00732e9dbc729bd71897e2b3cd1938d17799b022c3e
BASE_00003331	baseline	k141_10025	2169	437abf8ba492e40a13c69816690dfad1efb9be007e768ca38d89b9b62f019089
BASE_00003332	baseline	k141_17094	1131	0f7ddf90d40fc5dbd0f5da6ea2210b7db861669d78674b1de52c8110d6c59eff
BASE_00003333	baseline	k141_10026	1593	d52350dc5ceedc3bd412654173d0523a34802611d39db363009d473b497b82c2
BASE_00003334	baseline	k141_24228	1014	0417dd48fd01bce3d898db78851fb656f969f3223ef64608fa7489a117472d5b
BASE_00003335	baseline	k141_17095	1552	f95c7bccbf0ef86e98935ce4c4937dd1e760b92eaebbe4730c2c89740ec2b6c9
BASE_00003336	baseline	k141_10028	1181	52671e668c8d2a3d27075109fc9c76e85c598f53385148fc4ec7811f2402d776
BASE_00003337	baseline	k141_10029	1553	783d4d88d59f14b274d24155f07ed39d42fba19c05b59b8428f5b6ce8b66fd2b
BASE_00003338	baseline	k141_17097	1668	c9646acb0b5c59f9d3614e357bbf8e5a6492bb20336c1fc6e42347c6153b3912
BASE_00003339	baseline	k141_10030	1157	8f0e2a6cbd66306b25ab973c29d8386fb00cca0d29a5675ab2649b18e3f8f090
BASE_00003340	baseline	k141_24233	3134	e19023bcbab42040d8ea9c98ffdab28590184e5feaa149ca54f620a78de9b0bb
BASE_00003341	baseline	k141_2627	1154	182c5d6ca497e54b15b33e1456a74bd35eb3f7404806c429e078792392d1ef37
BASE_00003342	baseline	k141_17100	2503	3bff2388fedc8fde1fe1c98562d89ef6a091e2c36202ce5bfc3ced9b34155ac9
BASE_00003343	baseline	k141_10033	1778	5e54dbe269bb2ceb72a8c8d10f98e32c6bd3777fa4d1d89f57055cd88b53761d
BASE_00003344	baseline	k141_24236	1347	9721b66e8da98932f6497f5ef207168058dd0ca0735a983b778f4c29a25e26e4
BASE_00003345	baseline	k141_24239	1157	0598d1befd39a0e4619b56eb32818eea1476ad6400c90db62d7cb20a2aace671
BASE_00003346	baseline	k141_2635	1198	59257425d61898c6d2fcdc460dc0dfd54bd400808f8f506bfe6a30fb100bc029
BASE_00003347	baseline	k141_17102	3194	8a83a170e06a360536c6f76176d82562deae6fba3b39e428a3820b141dd24e13
BASE_00003348	baseline	k141_24240	1024	62b87c4d27f0de1f65385769fc7666433ce0c76db0482105b3d778cb8624ba26
BASE_00003349	baseline	k141_2637	1354	604677f8a5003bec312e41c5581c2af81e1738af75f28652149e275c0d95dca7
BASE_00003350	baseline	k141_10035	5540	ca9a61633b41e13bd439a85093b422f261a322921110a8308a88fc3dc7659a30
BASE_00003351	baseline	k141_24245	1277	aac42f08c4eac74f9d5183b4145429735cd18dce671c4d927761c4718ddd014d
BASE_00003352	baseline	k141_10036	1917	2fca136a679b493a657c8ae6d7924b8b7a06387987565a976cb2642b73189b0c
BASE_00003353	baseline	k141_17110	1187	5e51b41e687215fdc869209b1dcb822763bf7bb938b93d8c310178fa24960e16
BASE_00003354	baseline	k141_10037	1350	16ad618457011b1378b503457be2b1987f9749b4c33f15d734627a8686868de1
BASE_00003355	baseline	k141_24246	2418	e5819819d5a8c119753c9d43c341972b0e61a534c4e936a1b31da3fa6cc10e20
BASE_00003356	baseline	k141_24248	1267	0e09c8699b3fac59ec35fb8b3d091b44568bfc11309b73fa6ac824e40f1d10fc
BASE_00003357	baseline	k141_17112	4154	b6eea6728232d70cec474fcc927ad778d6733f83a09c9de99cde5a185efc8116
BASE_00003358	baseline	k141_10042	2682	7e992f6180c60e185c0fd6e330bbb158c61943c0f5c3eacf62ea6c22c1978eb4
BASE_00003359	baseline	k141_2647	4997	0a253ca95731129230a2b3b94f051383eabbe6852633fb652d031090f3ca4444
BASE_00003360	baseline	k141_24256	1501	80fadca324b0a3da5912a4d6aeb48c40f2d7a35e0011ffc3030436c525bab33b
BASE_00003361	baseline	k141_10045	1323	96deb8a3a3788ccb6e1c4408a1c58dbb1bbfa263b341d1c2e6716091df46b623
BASE_00003362	baseline	k141_24258	1580	d42aa51556dffcf4b4a2cde896da62234afafb479fecdcbdd7ea39f54eb24668
BASE_00003363	baseline	k141_17121	1996	345d430c8eec09601929efdc3e342e8c421d2693af11da6a63b45815b12c5dd3
BASE_00003364	baseline	k141_24260	1668	707defb5c14d4096a687432efe470d4e38b1b680f4fdd9d774b1fed4073a3607
BASE_00003365	baseline	k141_17123	1411	8c62106577df5402320b9380df201feb31a29057ff90efc8aceb02e4b36ce400
BASE_00003366	baseline	k141_2651	4675	33653842fc9a8a0259894ced163ae2a4fb523e6d4aa4759c47f4ad5ced28b2ec
BASE_00003367	baseline	k141_10050	3481	85beab33af9183c53c3c01b572c63457228bb5a25c9642d017a63a7b14dc581c
BASE_00003368	baseline	k141_2652	1703	0a874b453d408b7e8be7c93e8156a230c0191d15b689a6794078c621d374a0e1
BASE_00003369	baseline	k141_17124	1893	ceba04b8c5c0782f00c3233f79058bbf1e7483a9d50adfbfe949e0c059af99fa
BASE_00003370	baseline	k141_24261	2145	edbc5d0205bac048acac220512b442863f1a2e10e253d14380f266472d47638e
BASE_00003371	baseline	k141_2654	1010	bc34c2b94ab9bd3c9e8ebd648e206343f262d3fe67dc155a062cf70de1f15282
BASE_00003372	baseline	k141_17126	1064	550618c036c6a1cdf6ba00d4e5cca0fe4eb054a4f37089ae78aba02c230c63c7
BASE_00003373	baseline	k141_10051	2492	1c32814bdca9ea529ac0d1778ced82bec19af5727dce021fbd88828e26e57319
BASE_00003374	baseline	k141_24265	1768	b77c31d6629528b4dbd6f0da3543545b56eb33e7b16f5dc31beaf7fbb5da9315
BASE_00003375	baseline	k141_2655	2872	5b53a8aa04e5f5405d843727b1d8f6739f5eb6f5d4d878c2139accb4bfdad37e
BASE_00003376	baseline	k141_24268	1045	8f29bdc0f02b74079ebe1274c8367b39cbc0a1026b810316fa8af06b93033506
BASE_00003377	baseline	k141_17130	2157	4ec4947417f92ec5c66b80554df86aefa412c0b62b6a399d5a8e35f2c15aa7f0
BASE_00003378	baseline	k141_10057	1036	0745da741f076151f3f4e33420bfce2acce95ddf68938e40117a0024ceddf64f
BASE_00003379	baseline	k141_2658	1851	f3481e7b8ef73690dbcf17d8d4bbb950d2037b7833459839b74e905f73b0eaf2
BASE_00003380	baseline	k141_17131	2049	8623643e01652c6080159a4ea70bdbf1ac36ed91b532750e52188ef46c9acc6b
BASE_00003381	baseline	k141_2659	1225	fe0be612556a9719502e4aed344e5765c263f115553ce85fcca719d12c057a16
BASE_00003382	baseline	k141_24274	1661	7154a262073bd3a5f8f01ef1712fdb5ef91ae646816f4e5333b86234f7c1cc3a
BASE_00003383	baseline	k141_2662	1237	069566aea8e69f766b2adac6c90553c8872af627827630a3acae4bedf92f386a
BASE_00003384	baseline	k141_24276	1151	68e009c195e2470793d59c0330c06e10ce2cfd4ca92983db01679bc17800ec2c
BASE_00003385	baseline	k141_17138	1696	06f3f28b0928650698e58d7c59ef7dabdf8a24fb756af1e76f858c2b866dfa05
BASE_00003386	baseline	k141_24278	1753	1dac8870f96b3154b56b6f96b1b3279cbdc0a4606dc911796506303c2a57edf7
BASE_00003387	baseline	k141_2664	2616	2f97cacda8e5731a7b4a856f6ebfd9e75b5e3f4b4eeebbc3f59e29c72ddb3e66
BASE_00003388	baseline	k141_2665	1011	fe32789404023dc6ca7caab4e2f775e99dc88a965815635faa2756a5fb078cbb
BASE_00003389	baseline	k141_10061	6900	85a79ff5892513ad3c7cedbeb8740a2e5f991dd6283fe87b77719e4d0ffce451
BASE_00003390	baseline	k141_2671	1394	93f612b20800f325072b3d7c7f4f999cb092a2e28799e1c22ee9cd66da3a8b34
BASE_00003391	baseline	k141_10066	2400	3529f855ea52cfe0ddfb0c26f8716bf250c0cfbb0c6c7760f8fb87740f9a35e4
BASE_00003392	baseline	k141_2672	1090	a606deef9ddeb6fdf77c510651a201eb94f448a6009d81ad52821e7de39ff6f8
BASE_00003393	baseline	k141_24290	1275	ac26de1c9d45b604f8a1a1b20d272e6ca06102f0379a0bbae39a0a3a51bd6654
BASE_00003394	baseline	k141_10070	1210	3ea7510d746364e287ded0b79eee8c1f820d2ba7b3d1325788bc7fe703eb28ea
BASE_00003395	baseline	k141_2675	1196	ade6a45a8713c1db445f5d33f50dd78e2f71216554196e13dffee48d9a16fa53
BASE_00003396	baseline	k141_10071	1734	d682a5098a9c3f4b66da7a8227405dde1295ff40a96aee6def3e3d916e66f7cf
BASE_00003397	baseline	k141_2677	1626	26d6ee196a276b288bb02bb24e92dd323e1f0c70d4b90169fb1233ad749c45bd
BASE_00003398	baseline	k141_24292	3158	4ad06812afc01bd18333f7e1b3af57c3b3ceedfc215c79f7fa58993d90baf9da
BASE_00003399	baseline	k141_10072	1389	187392f417c37ecca9a5d58a9c90387788f0ce74087ad1ed366b410c0e695933
BASE_00003400	baseline	k141_24294	2932	dbcfd7f7024c365e530d6459967c6714776bb23b6d914dd7eaa33bf27f83b555
BASE_00003401	baseline	k141_2679	3409	466e98b99e275217a5c43871b3ba38117ba09eb6ebb0c35c1697992033f6fa22
BASE_00003402	baseline	k141_2680	1974	f17ced1e072f1dd340487c01514b7f75332efaaec02bb8235f9ce33815f7b52e
BASE_00003403	baseline	k141_10083	1424	a95ef6229c87d6cfc3c70fa5e4dfe96b43da6c53b60670d19da684ad4b549be8
BASE_00003404	baseline	k141_17139	17790	7d6a343634d43ce8f7dca0b261487bdb2fab29cf1e174124dd2d5b9ec2af9153
BASE_00003405	baseline	k141_2683	1428	a41bb6f04509df3e503279df478da3fa207b395b7ff199326c823dae21d24d24
BASE_00003406	baseline	k141_10084	1062	bcf518b04ac2653507884d56c3968cb984fc26db8c2049b7db3ad59f9480409c
BASE_00003407	baseline	k141_24300	2359	d0d77bc230e61e6ce6fc1f1df985688d7d21fd793b4565b81e02941cf59efd45
BASE_00003408	baseline	k141_10085	1210	e471aaff24ef985dc7d065e884d65b38825e94c386e41b28054a1f3341ad3262
BASE_00003409	baseline	k141_2688	1040	5d393747b115592162ea7b16c49355d6fae43de0de4b284e340692d48de5ede6
BASE_00003410	baseline	k141_24303	1037	dc450bbf69e5c44edc5177227becd3034451846f93069ad3087bef818f8fa137
BASE_00003411	baseline	k141_17142	2950	bbee88184be3bacd12caa20ddf90281d94e33c59fef1f5789753a483a1be9401
BASE_00003412	baseline	k141_2689	1969	9c7a98f7d74f637e7684120ecde2d0368707bd85efdf6ee4d0be216b40222382
BASE_00003413	baseline	k141_10090	1346	f669efc2429e96e6bbca994aea224984154125c5459b5fa18c54b5c19ac52faf
BASE_00003414	baseline	k141_24307	1314	b08666fb1c5c166c9f4733d36b90164d601fe5dbf84cf5ae510a0ca72c18feb3
BASE_00003415	baseline	k141_17145	1797	40be727435801a0f83812654dd1740e8a8d954a5e422fe804fe688569773cb26
BASE_00003416	baseline	k141_10092	1068	419e20e3f10a6e0be9f64bcbee4e82a1465b669ddbfce7b00e4b38e890d58ae6
BASE_00003417	baseline	k141_17146	1054	3103deaf5befc44aa3d86ac69da048307d2c873fb3ac38413a1906f9a3e7209d
BASE_00003418	baseline	k141_24308	1444	2cd0d5cf0d1cb2f50c2a0c86f9e62be08e7f18787f454e352b99ee0c64ccbf3a
BASE_00003419	baseline	k141_2692	2014	d4a861687f4258caae6ea591ab58124b97d023a43bd6782b90fe34929dae63c4
BASE_00003420	baseline	k141_10095	1104	8be2a62f0016247f3a880b17f7714d6cdb3a04d80ba4fede10d4b2e630a51cfd
BASE_00003421	baseline	k141_24311	1066	4294adf21df53003136c96bac845ecf5a02936abb17825f182f55d646a51207d
BASE_00003422	baseline	k141_24313	1097	62a7d8a04365fa232aed0e74ff3536d7092a6e5a90bf959cc1fe591805377983
BASE_00003423	baseline	k141_17154	1059	7a7dca67f9465611e9b5c6dc206385d70ba075883be2ceac4af06e7beb66cd35
BASE_00003424	baseline	k141_10098	1097	630bf58505bfe81d6474eac4f95b5357d88bf1612bcb152cead960938509aee7
BASE_00003425	baseline	k141_2698	1023	24c46f3e6ded3d0d81335236098fcd3f8a3c9627f33fc254b76478020120548b
BASE_00003426	baseline	k141_17155	1435	d4e25bd8b745fc663266e89e4ee51f76a633eed64995fefcabfb0b34a361dd6c
BASE_00003427	baseline	k141_24318	1282	f368d03ab6283eddceaca7405dadc3127df81f144885093f6080d110a39c5f82
BASE_00003428	baseline	k141_10102	1264	7cd2f56428f9e93df1075657f6a2479b10435f608ae2a17d074a0e7ffbb5b0a6
BASE_00003429	baseline	k141_2700	2483	012d12d515049f8c166bc768bd76bd96de34aae2024d4155874fee67ff3e3c7b
BASE_00003430	baseline	k141_17156	2848	dccb536c125330ac78cd8b2ed8e445edf66cb6a8be8bac2df16b3d4484942763
BASE_00003431	baseline	k141_10106	2026	f92a9f95a8e9a66d253ac68cf7ee93d84d1f51089ad10d57b8c4cc14011a61d2
BASE_00003432	baseline	k141_2704	2787	be6263a0c20bd9305398b6360c9487e85f2dd7aa21f00e266894b78e20cc02c3
BASE_00003433	baseline	k141_2705	1051	cb829ecd9ccb0f5dad9c8c8c6fe540a7a53129d046312f9fbdf07e75d1ae6a3c
BASE_00003434	baseline	k141_2707	1278	e1db059758add10377e3bd81730fba98db92802604f33f020313417d1b8863f0
BASE_00003435	baseline	k141_17159	6439	7c30df89f407a2d4da47315fcd09c9c771eb798709fda1973eb5c3fd88b0310e
BASE_00003436	baseline	k141_10114	1855	1726a3f1068d3955d0db700281c0b85af57d4a71b55b6db1eebbef1508441528
BASE_00003437	baseline	k141_24320	9837	d42cab4d2e88c1cb806b9171b60e1a30d3b075b50dcb34fb4ea1cc5a35b918d5
BASE_00003438	baseline	k141_2710	1505	ea25e6f3d3c57e89c62b58a5bf358bdc994a3a9c1ea19e172a0d3fefce4155ec
BASE_00003439	baseline	k141_10115	2386	b20094d9cb00247ff3d45640f88e9c2dc7ca215108c2d599719945449d686618
BASE_00003440	baseline	k141_2711	2243	dbaceea87fac09c980757f34f148f08da84bbba4238da6a722635e5532d8da06
BASE_00003441	baseline	k141_10117	1161	e4653ee232287bc5c6d8604785ea2a566fdff42f608c380f2248a68c3dcad216
BASE_00003442	baseline	k141_24325	1984	5c53e6bd44e9d60911dea6411ab62b1cceaba041266b9adf28eef7ab7cd84c4e
BASE_00003443	baseline	k141_10118	1597	e5277d0d1c2293d063f70ee8d4e5dce9384861a2e9a40c2762787375fe3e598e
BASE_00003444	baseline	k141_17161	6376	408be63404996fa75585f77265f0990458e20cc070f1250dab73ede0c2bd2daf
BASE_00003445	baseline	k141_2717	2408	ad18bde0eeae51ac22eaa58bed887d26fda61f7f3af7bd593abc10675dd844c8
BASE_00003446	baseline	k141_24326	3455	720ef61f9f8fece8f6ad9f133f179d1beb84ea0e3cd4227aae1528244e321829
BASE_00003447	baseline	k141_2721	1395	f0ba1d8d07dae59ba58a148739a212afbb707e3d3d16bd1ca97b695526ad4cfa
BASE_00003448	baseline	k141_10124	3046	7f72498c5b46c237c9408dc421c23bd3311bd0db04b0923ca2eee8b7e7886c42
BASE_00003449	baseline	k141_24327	2633	563b76de69693e1bccd015fdf943aaf91802cdfe8fa99e64a3121418d12b6018
BASE_00003450	baseline	k141_24328	2250	18b99e3b1d59be286ea9f92b241a92f3571d5ae4b2483e0276934502ff75f271
BASE_00003451	baseline	k141_2725	1242	7909e6ccdfe253d73110f087ce9948121a9222e204e30febdaa72e4ac6ee9143
BASE_00003452	baseline	k141_24330	1352	0b1ab3028c3f0c54af0988697ae2385c1700dd947a709625377645d9fbc21f70
BASE_00003453	baseline	k141_10126	5337	7606b7f1cf050adcaf6bd62145a93097cab39e1086e3ff30998da0791f851544
BASE_00003454	baseline	k141_2732	1325	cbbcff53093c9437b00635bd56834eecba8960508bbb9d42c42cd4a2d75e42d0
BASE_00003455	baseline	k141_17163	10306	ee9819ce722c002fcc70529595d48b868c65a68ebb7734aa13c0b82ad199af14
BASE_00003456	baseline	k141_2733	1885	c94cb64adfc6a67d71316c6c8e46c6acff45cf9c3b500038ae659fd5e219e813
BASE_00003457	baseline	k141_17164	1768	7baa352a7a6f05365a28359da1f22b2b35882ccbed9268de79c4c4dbfea5cb17
BASE_00003458	baseline	k141_17166	1292	41fdf384190836dc786aa522ba1163f49e6983458194164215040efeadfea8af
BASE_00003459	baseline	k141_24340	1488	c3b360e7f34f81d20587a13b293f6cf1ac79d0bde351a4994d35d0c54a16f077
BASE_00003460	baseline	k141_10136	1284	a3bebbec43fda252cbf268273d6e451eed7483ba7676ec8e28e811cee9832ecb
BASE_00003461	baseline	k141_2740	1073	06cea862314b31388b1158e241108a3b51a654a1b85eb6ff392d7162252ae6fa
BASE_00003462	baseline	k141_24343	1036	3f75c941caa09d7efe1d23a6fcf726c4c13860ab115e5e67a89703ea31c2275a
BASE_00003463	baseline	k141_17168	4213	26d8429e1b5e7d5ce112c62b465292dc3105016e4fb5bae93465244eecd7f862
BASE_00003464	baseline	k141_10141	1124	0f791bab1c739d3ab64f4576872d4ce9611c0ceadee34823e5ea07f102be5e37
BASE_00003465	baseline	k141_24346	1343	ef57621ab0d56608bc985695865015b25d8a54b710d24f9fd75bed40ecbcb541
BASE_00003466	baseline	k141_17171	1084	902f4b19af69f8b10097822ea95f69d51c999d9566b4faab29f503d00b0ea4ac
BASE_00003467	baseline	k141_17172	1088	81ad1a54881e9e298d420e4c751fc00e54497f3f658b3c71d7fb782cc0049598
BASE_00003468	baseline	k141_10150	1154	77a3e262b6974945d9ce9093f25495b6cf69943a24e4ae935a2ecfaac2b0a351
BASE_00003469	baseline	k141_24353	1463	aa14df32eb7bd5879bb6eeaec4d5b50b2d6acb4686a456fcb53edd4d520d7420
BASE_00003470	baseline	k141_2741	9765	bacd3e9433775858f71657adc0bdb0bcbb45a5c4c5c3c048dedbe65fa2af4ade
BASE_00003471	baseline	k141_10155	1668	e8aaaa02d2be8550c77e5322ded1a96c7d2fac45b36bbdd90293dda097f29437
BASE_00003472	baseline	k141_24359	1582	4ca88ed9461ff013c0f55f05aa884d8e2d7121cdae1d7606ff567a370e2a17d0
BASE_00003473	baseline	k141_10156	1441	93777458e29bd468485164449546d4d26b376fc30a4a6a4f444d8b3befdf1a83
BASE_00003474	baseline	k141_24360	2192	9b96b54db18b2342afda4c35b8b3e5951c837a4aea1adef51ab1f562e451d175
BASE_00003475	baseline	k141_10157	2224	5638d2af919ba4e2a142cb82ac748a34d6ec1ab1d3be4e474b39188487b783eb
BASE_00003476	baseline	k141_24361	1183	868b9a05100c1f08d2d3810c54da4532b32d2f708b994422812f63c3edb58b23
BASE_00003477	baseline	k141_10158	1444	a058a31bac981ea0b9a9ccfe80b508d661a207e7c73559c8bb9770a2fac44fd5
BASE_00003478	baseline	k141_2742	6810	2ee8fb80e32115f52cea9ab3273cb567f7264b988d0266dd3a819b021f953f4c
BASE_00003479	baseline	k141_24363	3631	95c2091825a429876012f1807708d058daba17f93c534f92f8bbddf147c1c020
BASE_00003480	baseline	k141_2743	3198	12aaa06d0adf960f17eccec84126979304c25963a0403d1f6ae89080511c2ad6
BASE_00003481	baseline	k141_10166	2778	1122fbc5776a4cf6af6541eb4318fcaaa06224a8ff6243d5088acba570f59f32
BASE_00003482	baseline	k141_24366	1689	44f3b51c5ff8387c194f4a2d619538995ff9e443d89c62b50e270356887be6f0
BASE_00003483	baseline	k141_24368	1177	801765a852985288fc73b10a675326aade4a6692081c7b35ca4dd1ea04a79abe
BASE_00003484	baseline	k141_2746	3747	ceade9ee24ad61a24ed7acc36a2eacacbfb6c893000c74b461d6735998971f33
BASE_00003485	baseline	k141_24371	1070	4a6b19a1a7af8dbc056de670b3c07dfe94ddb30550ee13113dc834992050ae05
BASE_00003486	baseline	k141_10171	2036	1498ce0ef956eba04a0c3f3240a0c5bc8c31df30857add29f10097fa4c498366
BASE_00003487	baseline	k141_2750	1377	e227a77bded6cacdf6c3158ee6b7fb778ddec7c04e5a5ad172a28c89884519a1
BASE_00003488	baseline	k141_10172	1808	d6f92379e43487e65ca54ea397dbcae89a4a685b5ae2c188edba829957bcd618
BASE_00003489	baseline	k141_2751	1852	3c6dcf6496d589402d7831b74c1c0b57c10c65fed89404e393d5d7ae61d4b6d4
BASE_00003490	baseline	k141_24372	4376	f4d0b6b52a05c66d5b181cafadce9b64bf1c465af21d7c8931b0edb2298daa90
BASE_00003491	baseline	k141_10176	1503	c5462618d0c7ffae6ef1a81facecfe0bee139f2a7e08b820fece7505eea2ea7e
BASE_00003492	baseline	k141_2753	1846	845fc5d21eacb79618e2f7c2fe0e817e1ff51bb5c08ac924a1ea09bb41d3036c
BASE_00003493	baseline	k141_10179	1175	362dfb48bbb00f4cdda199f05505090a758ef47944ded70455f92ed99f7c2389
BASE_00003494	baseline	k141_24376	1005	bbb032d06a66d846f4afaad3f45b67aba9f1a96b3075d366877d80e6d00f9d6f
BASE_00003495	baseline	k141_2754	2386	93748be8c00f596b856da9f6788754eb4e5a74ef51d5bb324e47fa9d8edadecc
BASE_00003496	baseline	k141_24377	2235	86b634434e60355ae4af573f19ecaa6ea864d99096072669b2c610dce86f6537
BASE_00003497	baseline	k141_2755	1673	1568401c9d21e41c0634a9e5a8cbd641b936cb8b5e9324d714a4e16081d887a1
BASE_00003498	baseline	k141_10182	1621	1113276967e5a27c0d25353f6ca95cd66df7bf808ace9aa68f32cf1b1e3f0c62
BASE_00003499	baseline	k141_2756	2596	3a6dd74428fa0dded344a342f36f91053764b49376799f85ccc5d399af3d1b8c
BASE_00003500	baseline	k141_10185	1870	df04ca0a9e9616197b324300fef8e75869ed162556ceb2cdbba12f99201639f5
BASE_00003501	baseline	k141_24383	1644	5b3448d8a5258f0da5c89902025532f7aa7f1d1a4ca00b1f946bd6d27d35e93e
BASE_00003502	baseline	k141_2758	1113	cdb6f38fe775b2191e4fc82afe9f70e81885e7a3b384f73e2e1a1929b8d1f2a8
BASE_00003503	baseline	k141_10186	1794	2b4d8b9937279aba4bd0cc24b4ac60abcd404f6a3561def8bbc9ce0667bf8dff
BASE_00003504	baseline	k141_2760	1287	efb3035289ea3d3ef76ab671bf80c6d64e1d2e559360fcc80ad51c8d9fc70846
BASE_00003505	baseline	k141_24387	1309	7040f5e0875a85ddab0199501ff17f19983498c6a0ce0500817fcc62b39620a4
BASE_00003506	baseline	k141_24388	1619	75bd3d7de8ba070621030c37e88b9dd84a03931c00aa472ae6dd6f0ac41a3a2b
BASE_00003507	baseline	k141_2761	2444	fce70dbe9481c4536fd85f3bed0fd2af95b5f303737d0b2d57710e4e46560775
BASE_00003508	baseline	k141_24391	1062	beda01bc440d11e03429ddc6fac46211b9e3c980c9cbb8918946a59475957727
BASE_00003509	baseline	k141_2763	1142	9f32af23bb8d5fa81e7e1fca21844262d4c0d921517e216811bf1200e57a65d6
BASE_00003510	baseline	k141_24392	1091	ca0941a9b0f08279698c9e42d412cf22b02b46f38e184fb35221b24a3adb62ea
BASE_00003511	baseline	k141_2769	3015	8c0aa648638343bd743d2619b5f74ca1f65962b34023c630fd3ceab6a7f3065c
BASE_00003512	baseline	k141_10197	6045	4052005052500346958317b2d2dbfcf5c92e1d1454855de4e611d347353c9a4e
BASE_00003513	baseline	k141_2770	1876	d6a7974be965edd8072cb77dcd30279ae478c658d09244e29fe520cc501ea78d
BASE_00003514	baseline	k141_10199	2838	bfda4373f409db003cc30fce620d7603318353db79691d871f91dfd4ae5d0de8
BASE_00003515	baseline	k141_2774	1780	5da8bb522cd0b527c44f788f3fa9addfb3e3dd9e007c14d3081e6437cc34609a
BASE_00003516	baseline	k141_10200	1185	51fdd9f48ae09a2de4ff5efa4b55d31cce5dbfddfd9caea5f456e5f030922e7a
BASE_00003517	baseline	k141_24394	10117	aff3d73a8f23b414d5d386d85ae8b259577e7aee45664de321c2c5bba71a0dc4
BASE_00003518	baseline	k141_2777	1389	51783e733a6da01d10b3c388a6298f8bb2347d764e42bdbbf4f4205353500e44
BASE_00003519	baseline	k141_10206	1079	595c90779999b3d597e634daef1470dc71ebc1214f1fd5860b284a33a9f968d9
BASE_00003520	baseline	k141_2779	1344	a39d1813880df702ed7a5f31b004992230bc5118dd13c6ad3672e99a218c2c3c
BASE_00003521	baseline	k141_24395	3366	291b2e3d9f27be2554e0502b30833519ab55918440b8d415e4a0b39f9f872fb1
BASE_00003522	baseline	k141_24396	1551	5cadb3d3a75510fccb55f861afd47f3266192052d44f306430a0415cebf00303
BASE_00003523	baseline	k141_2783	1587	c9822122716c630d57e615ef3a9073598dbe944d5a059f078c7f55ca961c1ff3
BASE_00003524	baseline	k141_10211	1690	49c82a383c1e03557111d80b3ecc4d7fc8814cfc0240976a052d653dce4070bf
BASE_00003525	baseline	k141_2784	1116	833cf389b6f4128940255a8b69f0735cc8728b95856bfcecda59e32e1c8c5736
BASE_00003526	baseline	k141_2786	2242	5462266723dbab69bd79a1da4a2d777466c8a2cb73f25dfc2f76f6929ecbfefd
BASE_00003527	baseline	k141_24406	2320	2d52846abe3c7932ea682a45f19cdd22a4d142695f574577d2ed84029651da5f
BASE_00003528	baseline	k141_24408	1027	507f6b33a5cfd039e7a8f175ff31c9b8070b52bc53f959d6ed5225c1cba7d30e
BASE_00003529	baseline	k141_2792	1743	cb9721c6d1143dbc0981c9e7c4e2bd001844df3ff28931080e5ffb98c396c8b5
BASE_00003530	baseline	k141_10212	7130	18e201cf99aef00e6d0878b1591ffcfb3e88a66883116518c4846f86ee325a33
BASE_00003531	baseline	k141_10213	1475	369afbeafb3991756b439a059ef92a312484918a95abbdb3d9c023d3f5e19898
BASE_00003532	baseline	k141_10215	1396	54bb12d9a0451b9f111067953a783d1e904fccdfa8cca89f685ebe3081d31819
BASE_00003533	baseline	k141_2794	3129	548aebd3a533687396c7f2f703f05078e17cbb9b9a7031271ab4c9f78381c333
BASE_00003534	baseline	k141_2795	1568	af63442bfdcbd1a0a0eb10432ba15ba01395ed69e1308b50b218847d93d16a72
BASE_00003535	baseline	k141_24419	1613	bd00b8712d39c54eb573e1f24f1247de216e5215ec6c70dae0fc7ec4836ef7a8
BASE_00003536	baseline	k141_10221	1367	35684afe00fb07ac00847a3932d358337298379208d55c45116665eaa74146f2
BASE_00003537	baseline	k141_2798	2111	ef4b46d9ea8a1abd234463e4d97ef5c7cce34a49d5a9c59b1b236967c18ed68b
BASE_00003538	baseline	k141_24423	1241	713bacc84162fcfb7cb842b1b09c8d396cc57aca9831ac57bc75e49547ed240c
BASE_00003539	baseline	k141_24424	1317	278e53dc4a6432b60a3b973cd9ec9c0f77739df5a427929b80b2bf74095bea74
BASE_00003540	baseline	k141_24425	1493	36353debc3a416350e000626d1586ab1b32ff0dd96397dcbee49815c1126d2a1
BASE_00003541	baseline	k141_24426	1056	8f399801f22c3cbda466f53b130822064c868be08d30b1427006abed8c42a577
BASE_00003542	baseline	k141_2805	1426	3f521d241ab8a0b3bfffdb4d1db61aef05d5fc2f85895d616a4179ce7abae348
BASE_00003543	baseline	k141_10224	5462	19eafd113e4042cb62f5e458b255a0ad7e303051cf55a243ec761a3e846c4872
BASE_00003544	baseline	k141_2806	1441	776eece6c723315e2ab1018aec3a2b23f0d96a846aa26c192aeb7d5050f67de9
BASE_00003545	baseline	k141_24427	1760	390ca3078079094bc8310b875d04209583dc06a6ad495a8b85c39e9f14f94244
BASE_00003546	baseline	k141_10225	3240	4c5fe943f13a6841e06e6fb2608d28680a6b1aa2d47f309baa9e0b76dff47e41
BASE_00003547	baseline	k141_24432	2057	bc2fa3301aeb2a3d810ef2ceaa2d7a0d4f9b6af49074426502168cedbb83db4a
BASE_00003548	baseline	k141_2814	1106	15a5921051fc31b296a9bf808c446ac3c4c8f5c2e6449b948a9bc87b63c2d56b
BASE_00003549	baseline	k141_2815	1393	4befdbdaa9e6ce792243d33a98d469885c5078b47d35382d137945c81de94082
BASE_00003550	baseline	k141_10228	2202	fdf729e03ba061f785e2f745535e8c5f3575820942fd4a19c8113fb6f4baf6a8
BASE_00003551	baseline	k141_17178	82967	d078fe41ee722fbffaef1ab873848fb75edf898646057efc3076f64fb3325042
BASE_00003552	baseline	k141_2818	1927	c0cd672b189926e5a134b71cd3c3e139ad8582f319c9aea1c5a175b4c0bd4449
BASE_00003553	baseline	k141_10231	2105	b3afa0e6d3efb8e4f9018df3b7886fc14ed2d7158a8b54d70fd84f81dcc10d7c
BASE_00003554	baseline	k141_17182	1118	0713e633e6d6d8bbfe4d6639f89ff312a40c4f5d592f582e9bbadf6f9f01f1a3
BASE_00003555	baseline	k141_24441	2186	951198a9170a13fd0832825abe1661ba75c391e2a1bd0691cc26f1b65cdfee66
BASE_00003556	baseline	k141_2821	1010	8518d7dbff3a1ea41c76963bb6e83670fae827e119afcc96bdc1c3779f6c8635
BASE_00003557	baseline	k141_2824	1257	e77c0205a3d3b975b3d57058d9814e2608f1cbb590cd35339709d20758903dcc
BASE_00003558	baseline	k141_10235	2170	0fbe59e4528352d460006962ceeab176008dff646816e05817eeab3373d59df0
BASE_00003559	baseline	k141_2825	1172	e2e1b4a41497858d06e882a7c47fb0453e3bc883a7d72e0d7c3152819b3073e5
BASE_00003560	baseline	k141_17185	3296	766a6fb7b2e4647e2b2bca452e3306123a54815782b9f1dd1285de4a49be52e1
BASE_00003561	baseline	k141_17188	1096	c96bba8d6adca59bd4b8ab5890358c6c06a28f7ee85ec56bd00cbaa45bc2ed0c
BASE_00003562	baseline	k141_2828	2674	7ef8586afe03e72ed4db707cf491caaf50e4e944c93a514e3a8c2ed4064f908f
BASE_00003563	baseline	k141_10246	1872	81c27a0c8254e1308a2a339e4a236cce3dac1fbb58a5eb97c7a4e7fb91269926
BASE_00003564	baseline	k141_17190	4135	65cc0c7ae9990a71b8aa3b3ab7f74a30a44f80f6db6c4042018c68eac02d6415
BASE_00003565	baseline	k141_2831	2642	d15d3584a96d69c05d7e7595c9c6b5f198f0861ca4527532a72cc39ca8058f5b
BASE_00003566	baseline	k141_24447	9753	8fe16b916bb91798b5003b851797100fb58df060a13d9010e8521284e528fab4
BASE_00003567	baseline	k141_2833	1699	b7979ec9376839ab4eee6ff2bd9378680a1d77d801d3c9869f72bbeb9e9d2ace
BASE_00003568	baseline	k141_17192	1674	3b1382cc4af2c0b0b381683e717064a53a334227485e7b1b610b64ae0e11744f
BASE_00003569	baseline	k141_24448	1708	2ebde6ae16a95b36437801c70857159c62a033d7f34573622625839a97860982
BASE_00003570	baseline	k141_10251	3250	f4116dbeb5e420663bc6d89576ecc96961dbbc17e310d4b6540fee80e07f7e9d
BASE_00003571	baseline	k141_17194	2108	45dc74d7f15fa38be1c11e0aa3fe2440de6ac66ae1d926dfd8e57a81370bf80b
BASE_00003572	baseline	k141_2835	2467	5222d8a7748f9a7e7bc86563d9dea5007cc83a7dbb0436864bd3a83a2c416194
BASE_00003573	baseline	k141_24449	2130	e8eb937522fa1ed0dcce7a2d3f076a7b96d4283810b77451908559598b40a767
BASE_00003574	baseline	k141_10253	1053	a9111f7812469df841da9c8d85a25aeb913464128c09ce2c45b4f66e84da17d3
BASE_00003575	baseline	k141_2836	1061	6dd26cafb580bf46a82c964135671cf310059bf9e4cf310a0f716b0aa1ab9baa
BASE_00003576	baseline	k141_10254	1286	f03d2c47b75ef8aac4bef6971a4cd23c14c5d1c9590775fc208c7b538bc797ce
BASE_00003577	baseline	k141_24451	1138	046d949a8049ad402a09f60ae22c3dc2e18389116750a9fab5fab7b258967278
BASE_00003578	baseline	k141_17197	1056	9d672eaebed6fa70b5f20679c972961f4c81339266d4264b9d80464ec4b0d9d4
BASE_00003579	baseline	k141_24453	1073	00114e27810120a9b782e99812cc138b4d5e62bdab87b80dcf7f19b41f05f2b8
BASE_00003580	baseline	k141_2839	1040	15bc4d57628b9bd8a246376f3b682a5843840736b0cf25f68f1e51f419796a2f
BASE_00003581	baseline	k141_10255	2302	feffd2fd618f2e7ef358733cee1d4b5b4de2d639b7230c7d7f0fd86df0db90b2
BASE_00003582	baseline	k141_2840	1269	b18e0448bbd3b6979e618fc31a258aed978e56e593aaec23d0b3fd67711a866e
BASE_00003583	baseline	k141_2841	1713	292fc96c97aec2180fc3d1cf353bfe7212053ddc221362c94cefd96d35f01354
BASE_00003584	baseline	k141_24456	1525	7aba48a8bada057101fea31e66827fbbd1e7018774bd3fd29921810541b5bac7
BASE_00003585	baseline	k141_17205	1561	354a1b714180a66b422845786b26130ac94bdd56ad7e128deece2bff97a5109c
BASE_00003586	baseline	k141_2843	1481	46c999ed93f91861295b60f4b704c77637659ee844a2a1a667b819945ace3b02
BASE_00003587	baseline	k141_10261	2753	992f232e0629a1c726f55241a07e236ecb898439f9cd3da109306bb64494b6d4
BASE_00003588	baseline	k141_2845	1076	5b9630b3c81d82ee4066b50070450c59d24052ce0f9f1db805253a93910b1c91
BASE_00003589	baseline	k141_24460	2777	2688a9787d09a115c1c1c36436c2b9ca3a50ce3a12b28986b63b102fbff529ac
BASE_00003590	baseline	k141_24461	1398	711aff7bf5a91a0ff7f4f66fb10ce9dfe26ee2e11674057ce7ff47926b9788e8
BASE_00003591	baseline	k141_17208	3553	ca2776e1a673bbca53df2acd435e5abdceb9a786c8c707b15ca5bee5ff0eceb1
BASE_00003592	baseline	k141_10265	1857	5734df0f53670f2fa17b1b6aa676a9e6a27a11b5870fb3358499a81f52a67776
BASE_00003593	baseline	k141_24463	1971	7f91f1dcffe104efd00b7f1d0dd43a842567768b6fffd192ca6bec2cf32e545b
BASE_00003594	baseline	k141_2851	1971	70a2e56c57144c6e260226f50ce15bd87811a56b9cff8f1bd174ec0b0c3546db
BASE_00003595	baseline	k141_17209	1421	efc2154bae042888d0a161aee6f94f7e60c11d89d04459f16a6603ebfbe6b444
BASE_00003596	baseline	k141_2853	1016	35ac3f3e5502017206e019323a52be845f053a2f0a834d23e5935df9bcf06097
BASE_00003597	baseline	k141_17210	1441	8f90a33730ba7651845cfa9130732788c09f6402e79fa5acc8822a1cb878c793
BASE_00003598	baseline	k141_17211	1182	a4c770821e80bd1b3c19511be494ef18b01dfd054674c5a12254e09a09ff79ac
BASE_00003599	baseline	k141_17212	1029	b2ba1bde576df98fcd5d8eba01544c69b1f094e2025db089d222efc34033d7cb
BASE_00003600	baseline	k141_24465	3208	80896570a60817decc8744eb8cc533658019db8e073d4426386f2c8c0eafa5e3
BASE_00003601	baseline	k141_17213	1792	8ea54ef13126caeda79bfd043b5070814711adbd9c039065f1d806d03010ab26
BASE_00003602	baseline	k141_2855	4108	f97db37a0cabd5cf7530b0570c2efa46381cb47d1d049aa87e6c18a6a2386d8b
BASE_00003603	baseline	k141_17214	1117	e2def7587c7302e558d36cd8d7e9b6f84f716cc9a841e83c31c4c69f4035d194
BASE_00003604	baseline	k141_10267	8968	919ffc7b7ab563d13599be0599641900b139cf2e14134c2e72f74cc5bd425311
BASE_00003605	baseline	k141_2858	1547	4eb32bd2630e56a5fcc13a68a9d3d801ba09995a035da085c076550ee71a0726
BASE_00003606	baseline	k141_24471	3000	d82a678559bb020fc00b95f844a83bd86556f7e11443076b3bc53e96b540a58f
BASE_00003607	baseline	k141_10269	1671	100b800649ba3ea96aa113dc5902fd2306ff25de38b372a47292e0d836bbbbc4
BASE_00003608	baseline	k141_2863	1180	7c31e5749e3b15e925e4d726284fad77d28835ad277b1b38702695eca8ca905f
BASE_00003609	baseline	k141_17224	2223	de4ec1ea3984eadb6e6c2084e66edd69798d243569a9f274cf3864a421c50202
BASE_00003610	baseline	k141_10272	1606	aed23a75e3b8c32d0bde8dd6a253ac5314a3b12f8df272797ebd9e49a2f85f94
BASE_00003611	baseline	k141_17226	1089	61e51622a1c8fa5b92f8b72ab4dce74171b0295cfac1c375a56ead606a3e07fd
BASE_00003612	baseline	k141_10275	1126	e6440d575817b12c7e78ac64b42995c50f5ec068d76d68e1b13400ad16525acd
BASE_00003613	baseline	k141_24476	4905	84a89e92e071ab7fe70a2f13b6be973669bf1b53568b9b8214b8b78c17fe6277
BASE_00003614	baseline	k141_2864	5124	3cdd85965d20aa08f7f57def455b2ae0c21f0389a266535ae4ce0d9b33442439
BASE_00003615	baseline	k141_10276	2236	2a8926353cb37f7b115563ca0dcec6928ddd317aa3fb9872722940a5f671c72c
BASE_00003616	baseline	k141_24477	2649	3052952002c9f6d02c301ac39975af32835036ba548aa41f3c61d226eebcfb65
BASE_00003617	baseline	k141_17233	2034	a7c1cc3d6d14cffd6f0bdc5a4e3c3c7529a60d92c305e77db2e4cad94405eed5
BASE_00003618	baseline	k141_10280	1422	ec600c67e107a4c5612f7c9d8ce3a8536f4ae04c97791792ebb00924f1d5458d
BASE_00003619	baseline	k141_17234	1970	cd6b46dc28e833e6b538dcb7a851f3f71805b0313698b122b4cbe967923b38a6
BASE_00003620	baseline	k141_2870	2204	307023f2bf734995216be7d60a553f13fc09ff627c7958bf7e3dcbe06c055345
BASE_00003621	baseline	k141_10281	1526	88858158594c0e548947c05d2ef07641effa11fa519c91e23dcf9bea731271c3
BASE_00003622	baseline	k141_2873	1089	3651f50e05eb8776c74f1a87fbe2f1400805d998d78dbc29a576e12083ede01c
BASE_00003623	baseline	k141_10283	1717	3081a9dbc0ff76ae6e5fab0ee405dd8783b802fc0fafb3dbceb7afc477b35408
BASE_00003624	baseline	k141_17237	2826	0b46b1dcda316cb03037b2d51392a6f5d94c6b2b83204a53d424239e4684df7d
BASE_00003625	baseline	k141_24489	1293	67f9458e0c437d0d751f9596c1eca6e2558a29d56306d66be2f4cd862916bd0b
BASE_00003626	baseline	k141_17239	1229	baf1a31fea7e837e324ea4b57d61a05a492dff206aa7cdcaaaebe89f89ff74dc
BASE_00003627	baseline	k141_10287	1037	a69ae93c93442a85dde1c5b2d98823d124d905c93dcacc5b4e827a9224949a6b
BASE_00003628	baseline	k141_2880	1067	bfa86a54e0f85f389bfd82d9bc74e0ce9bed77dc78d910404507bd5eb1f1343c
BASE_00003629	baseline	k141_24493	1927	49504406c075e8fd779103b579d49444f84ceb3ae1002e6685f10c07ca580e99
BASE_00003630	baseline	k141_2882	1671	00415e37f408b20119e663566537aa298c1e9ee4b5f4f5c1840c0a81c772809b
BASE_00003631	baseline	k141_10290	2529	f11a231a1e4fc9485321081ed46e9a736b93af5546998caefb1613959f68c9ba
BASE_00003632	baseline	k141_2884	2048	89e2fe8d58ae0d1babe70035899b06d11db0833226f55d85a5c9fb182f252638
BASE_00003633	baseline	k141_17248	1703	090d6d7a72d8a3cc706af836a0d835c5f50fc12299719175ec4948480ee218f2
BASE_00003634	baseline	k141_10292	2172	6a16f795354f33e379e83119688fddc60f83fde0dce2e10822f1429593177283
BASE_00003635	baseline	k141_10295	1179	f5b5a77a536a642d29456e65010a5463f2adb3a755b61883263865a1f2d3f08b
BASE_00003636	baseline	k141_2889	3110	87847bed146b36d1f754cda84cfc517705d9a4a4e2e7773f5a88598e76ef368b
BASE_00003637	baseline	k141_17257	1610	102d64ae1a0b2f308a423a6bac5c9d67cd52ba6f616d10e983fe3eac716dbf0b
BASE_00003638	baseline	k141_10297	1575	6f693ff88f8698351193885a16ebd8a2c7878f1c6bc2a13fbcc4f45052400a44
BASE_00003639	baseline	k141_2890	1176	71160a86e54929512efcdb09cc303f92e2a3066ac2e9182a9ebd4508504f080c
BASE_00003640	baseline	k141_2892	1682	137176d7d2a957e772ca279e018dec38152ed5f2a4800f275f722d157c57ce93
BASE_00003641	baseline	k141_10299	2133	c863a7c678d22fce9b1d48c9f7860e2c80020711de97527ce6ba2e3b6370a8b4
BASE_00003642	baseline	k141_17258	3005	74d2b00eef51d9d09f51f226628ba92de9d6fd61b2efd6639b03e3177fb4693f
BASE_00003643	baseline	k141_10300	1000	bfc0669743387f8d93df241b4cefc7c462643c00a7ed0308c7435df7eaf38b42
BASE_00003644	baseline	k141_10306	1292	c7110057d40bcb836574b8d9129a4ffbea875495ed21b3d465e3e61eae2477e3
BASE_00003645	baseline	k141_17263	1547	1734f1c41984f13d989c999c264ab032aa3d846159ff2323a7339d6c823f6c15
BASE_00003646	baseline	k141_24498	14798	3b27d60f23b3dfdef540aa07e05071b2db2326e639f52a63981e936b55e361d9
BASE_00003647	baseline	k141_10309	1030	bd9829fbe8a68c6ec9206c845bb9cf54bbea0609b25d56f49f74523d094fd28d
BASE_00003648	baseline	k141_2894	5955	efc5caace385d50a590c84ae22e4d5b1df29e64142cad855e85ba0a4b090f5c6
BASE_00003649	baseline	k141_10310	1081	8f450a284ad14533dd3fe59000af1adc4b898d5229061ca8c3addf167314db78
BASE_00003650	baseline	k141_24500	1594	302b71a52aeb1e9318ea2a1cce910734442d4ede4972128d4b525a97dfd94d85
BASE_00003651	baseline	k141_17265	2579	729bad953a43a4705d561d0c316a9a4a79a76174dfa60ee86799d57621665204
BASE_00003652	baseline	k141_2896	1287	b7fb25f64856639c4c67ad799baaa2651bd4dd13de6e3fdd04692f28ca788712
BASE_00003653	baseline	k141_10311	2210	733bc7ac82054cd6579320d0cb0d61698f87fe95aa96700dd0be00bb2bafbf58
BASE_00003654	baseline	k141_24502	1995	02d4bf5bc904ba46c5bd2164b12d43a1ff58c188280f0d1b5ef29ac5fc11d3ac
BASE_00003655	baseline	k141_10313	1129	3b76b49c52675a9ff8f34b38963fd82824b95abf8a7dbf1009b47e133d53e651
BASE_00003656	baseline	k141_2903	1278	92ab7f4212c5e4dd5d1a1428f284e8c08114b9579e8aad198a846adb62cfaa6e
BASE_00003657	baseline	k141_17266	4995	43c2426e7b71eeb90d98b40b51d4abc7f23ae0b333b8021083501941133102bd
BASE_00003658	baseline	k141_10314	1453	6648c8c1586ad48d6550a72852cc5b3fdba0af4a21bb784a5eee84aebee0041f
BASE_00003659	baseline	k141_24504	4174	63d0cd76a3b1775576412c9a8f961ac63c1ddb3f4872a2dd9b907f98e37d7514
BASE_00003660	baseline	k141_2905	1420	e06a59a86f7b0efb43b1807ed2e49e6eb5f8797a4029bd771804067ff19f3a89
BASE_00003661	baseline	k141_10317	1241	41ba8565974bc34a8d6def06e9643bb1e5d5a3371cfddbe6268ddc3f9e1219f3
BASE_00003662	baseline	k141_17271	1791	f94c7a7a58eb946735ac325ad5c234b2588bd0dcfa6a06e03518934a9b55e47f
BASE_00003663	baseline	k141_10320	1641	8ef5071fd7371afa653c52856ccee76ffd90310155da6c983c66ab2d83377596
BASE_00003664	baseline	k141_2907	3538	cda153d35b8278da167edbaefb11cbd93604f4a2c653a66fba4f2a733bdc3584
BASE_00003665	baseline	k141_10321	1398	dac71f6918bf2315bd8a5cc30a4a67aba0ab81be76dc3d758165820fd60c52ab
BASE_00003666	baseline	k141_17273	2346	f895a56cb6c96dff4ba5738f86d157d3245f9e4b973b4c0b41fc3391e4e42d7b
BASE_00003667	baseline	k141_24509	3430	94c20ce614662a775111eda91639ac82ee573886cff853434efc6e3d7278fd04
BASE_00003668	baseline	k141_2908	2464	6ae7688832ddcc088db5b30186d850e0e6c20e931f18f0b1670cf6deb517638c
BASE_00003669	baseline	k141_10325	2727	6125b91485bdf7c89b7ff5e2a23041f3cb4e3b3f4114f77675ca3b4d78bf6c84
BASE_00003670	baseline	k141_24511	3272	1387ee6668b75d57702f45f00f3eeb23d588bc20136b3b9b33f99a12e3bbf572
BASE_00003671	baseline	k141_2915	1365	46edce31041995493abf1b6f072b2d38ef23d7ffbfe32b00fdcfc56c3947062d
BASE_00003672	baseline	k141_24514	1357	744d7c244c9945701f221fed318a1abc6b5ce16a1d5aef1b6f5c4294678ed4a6
BASE_00003673	baseline	k141_10329	2434	bb15f169940bf442f901124e6c9e9833333f5bc4b63c276d27436924f9f08e9e
BASE_00003674	baseline	k141_17282	3038	e237957318ae8038370a250e75cf28ba8d0f41325f5fbd848b8f043d664d7120
BASE_00003675	baseline	k141_24515	1014	75f2a0bce8e9241fee6247a4d97dcc257d18a847c1f16ad30f4b47afe58a060c
BASE_00003676	baseline	k141_10330	1034	2f7ba4189542a74f787f98dd4b8208c38c7f75752fe19512386c03ec1d6f6637
BASE_00003677	baseline	k141_17285	1009	7916616df39e95c44b17db16c408c020abdb8f9f51dfdc3d76da47382af7807c
BASE_00003678	baseline	k141_10331	1782	63b66b61d7b117308436717a0ea67120b2db6f50ff2f3df071863198929e5d96
BASE_00003679	baseline	k141_2923	1045	bf7da60e78d114e50040e11f9b316c924cd26fd5de2ad8aa985097db8a5fb676
BASE_00003680	baseline	k141_10336	1064	a68d7a04c04ba6f38c1204e39b89f874543d365f3cdf365804a5fa9983bf7122
BASE_00003681	baseline	k141_24520	4085	cdd081b53a8108e67336084ff64d88abf6056fa621ede21c4fac22496349666f
BASE_00003682	baseline	k141_2926	3175	21b347263f8993814fc9a0a55a7ed20c5bb28fd5140f087d1d35811db3602c94
BASE_00003683	baseline	k141_17291	3459	7ca97058ded291a6fdc25c7bb557b55086460462de6c742adcc3773435df2212
BASE_00003684	baseline	k141_24521	1541	b36fa92e9679d6700cd6f68a93885479f29cb2b077bf742a2cd394c8be347758
BASE_00003685	baseline	k141_2928	1492	e9edb998625c59da889de83f5bb04753f9cc53b6e5429005486ba4e832f30f3e
BASE_00003686	baseline	k141_17293	1407	f57d99d4780391b5d786bb159d9698c47fc9e2f41d4a33e1f6d7aa04688cb30b
BASE_00003687	baseline	k141_17294	1963	18a079905298d6ffbb58469f83b63302554476861989188217b470cb5512d267
BASE_00003688	baseline	k141_24527	1903	64c9fae989d02401253bfa7dfd2156e00f03ad0454515d51456d8ad349a32e48
BASE_00003689	baseline	k141_2934	1560	2843fd20903bd50a4d6f1c7b5e985bef2a81e79bbd17b9cfa683c47eee380b05
BASE_00003690	baseline	k141_17297	1209	759f4d48ea81428ec2e4b33c374bc628bcaa87c12e075a5abe916efc545604c1
BASE_00003691	baseline	k141_2935	1855	0924e8ef5550d667b20d2ff23722bb50ad37d36ac083594c6326c0f200a27b15
BASE_00003692	baseline	k141_10357	1972	b8a6d7a123bd81f1108bcf3640fd95ccd6477ab537c50d44bdaaf0412a9e1b9b
BASE_00003693	baseline	k141_24532	1697	6964027dedb4ed23269249b859cf051fbdfb762390cc277741990c636f1bb213
BASE_00003694	baseline	k141_2936	1662	c2019228aaeeb29efd696a1265f14739662a8ebc74abbdf31b31c3b1e09b65f5
BASE_00003695	baseline	k141_17301	2088	ff350190909c8c705f4059256ff47a7f526272d0164ca0a439762f4ed259a225
BASE_00003696	baseline	k141_2940	1546	5e81166635e68e17d0702a5a4f6592d7c6cee7276b7a086af05c614a42e69d50
BASE_00003697	baseline	k141_24538	1517	9c34dd92e2b051c0d8908489a0ba9fbff206cb65fe63e54807757cbcba5a010d
BASE_00003698	baseline	k141_17306	1248	074663ae33dcdff65dbad30f497b30495737d0421bc50620baa3c5c1fc68d911
BASE_00003699	baseline	k141_10369	1203	b43d6a840786c2ac10150b06eac654aef4499a21a816ae3a2bd866de6a149211
BASE_00003700	baseline	k141_2942	2044	c5cb0c2ff4d356713d14281f9fcead49e1d63ad3a8c4d130c04c966915ec7176
BASE_00003701	baseline	k141_24539	3181	741ab78b33f8c68a7404b9b76dfc186276f7d46aa8d7b07f801df58c36269cca
BASE_00003702	baseline	k141_17310	2433	e115eacc5c67ae0cb9dc8d7b5628be5481b6bcad6d73df3871cbc2c7647cda8e
BASE_00003703	baseline	k141_10375	1237	03f8157052ed94840d33c3f5ac16d841e46e6934157223ced4d6f6629f51a872
BASE_00003704	baseline	k141_24543	1253	e87eaefa3d6c8a99678e4d13379327754cf9bc2f6bc50e09458a5e68e85fdca8
BASE_00003705	baseline	k141_2944	3722	4335e9619bea420232db619de670d5fae3e36f5e9ad71b71ef12d8524e0c9f10
BASE_00003706	baseline	k141_17312	2212	87b0bf20fc75d7103e3e97723ab57a810964d3b2403c4e9c274126be5b13b4d8
BASE_00003707	baseline	k141_24544	1100	b5342712b5eb122f108ae529820bb436532530238d68721f33f84b761f1ed3cd
BASE_00003708	baseline	k141_10377	1504	bcc0fcd0aa63a31dbd1d51d3023495641ddab81238965da6f8242db75c12ae62
BASE_00003709	baseline	k141_10378	1235	303da95ef2b2a4c75b6dc8bee5b7a626eca3010d0fc2c487d73597bbdaf3949a
BASE_00003710	baseline	k141_17314	1287	ed7697368d52fe60720315f7dd7bc113e3f5d10f59670e36772a55020981908f
BASE_00003711	baseline	k141_2946	2425	3ac7dbd14cb631ed6defedf94a3460cf95d4334099d0bef47a1527ae41adf7bb
BASE_00003712	baseline	k141_24547	1266	44c005c2385b7d019eb943ee07722957bbb37a3ee3869cbfe629abe6a205af73
BASE_00003713	baseline	k141_24549	1355	f33926add6e474a5f2d9629abe0b0a7c77c644d3b0d20d327775f26d0372cdeb
BASE_00003714	baseline	k141_10380	2664	0d4b448863e5262c70a9978153878ec69aa207adbeba67b1899b330606bea9e6
BASE_00003715	baseline	k141_2948	2489	cc7cbe481d1297a3d0db42695cc58ec25a12399cfd6205af2fda409480c0f05c
BASE_00003716	baseline	k141_17321	1033	2efa7c30c6c4c1fb652b88c872b37965c904ca34976960a6be0176cb47456d2d
BASE_00003717	baseline	k141_10383	1265	db646d51e7e80a2ffc2456878bfdcb76c24e1801014ae86b915907808965d555
BASE_00003718	baseline	k141_24555	1116	9f0d6821414c298968bc2501d8353cccbb9d4704acb7d1fe419fc22ce3be8561
BASE_00003719	baseline	k141_2951	2022	cbb7c2928551ddc12ab50afa03e287a468c96015925db3696c2e255dab4b2a6d
BASE_00003720	baseline	k141_17324	2408	537ee8875abdfa0c7c6845de3fb3c4574e1481e820cab12fd66dcc9dea9f40a7
BASE_00003721	baseline	k141_17326	1237	6a5cfb5f51ff8fb376357b945dbc9b555f4d766e65834ec61160e746e69d4df3
BASE_00003722	baseline	k141_2953	3914	a6a853264db5e8e97369fd4ac481af27ca58d045e4b62150d98b37459e6ee7d9
BASE_00003723	baseline	k141_17329	1138	bef2031bc8944cd3482e2d380893f749aa13592b174f9c552f24ce0976ca3b0d
BASE_00003724	baseline	k141_24560	4651	d2441ca0661a525b2c74419d0cd81a1801c4ebb4c78ae97196e9f3a2ef7db710
BASE_00003725	baseline	k141_2954	2489	9507200cba86d039b5e563eff3ce2b677c4646ce60c7a81424116adbaa9ee64f
BASE_00003726	baseline	k141_17330	1250	76ac73852f4df3855a5f0e2ce75c5a0bb0552357212343ebb2845f4e2797ac29
BASE_00003727	baseline	k141_10389	5527	9681c2be7a13f68dc9e40ba7293128d1628f9a493028fd7de65bca69b64b14c5
BASE_00003728	baseline	k141_24561	1739	472d4ea93412100b2615b21bf92a8c3c021ae6d16ca1c452bbe7b57ecc703170
BASE_00003729	baseline	k141_17331	1539	ec7392914e3a65f5d94fd48855f328e63ade36f706e106f44da59f21dc18d114
BASE_00003730	baseline	k141_2955	3018	895021645f6b9fd460d9cbdfe7ad3caa2c6fbd82b9d9cef8409ec8fc73659077
BASE_00003731	baseline	k141_17333	1416	92bd3d33869067d71c9d7390e20bd8d006c49a7efe72611cad93de60a6a6a899
BASE_00003732	baseline	k141_2956	1017	e621e0b618f63c2adf48464f4c3b3b28c966ec59fddadba5a948b81135d99301
BASE_00003733	baseline	k141_10391	3011	a93e556bbb23f1a14e8cf6f0d7e9b1f25258e55e6ff49671840c56910ea26930
BASE_00003734	baseline	k141_17334	1431	363cc13e909e9e3bdae705cb71e83a6c18cd762e83b4e06834e0cf9019e87eef
BASE_00003735	baseline	k141_2957	1188	68c5f4cc5fcae5566556c1dd41f52c44e16f6f873c4bb37751eb2393f293e11d
BASE_00003736	baseline	k141_17335	1253	916824111d9064f37f31076481d3344261768742f641b9c229285b216bafad36
BASE_00003737	baseline	k141_17336	1305	dec2c12282f1051a0c92134ca1afcfc23ce30503d6065db4b7daa7c380e1347c
BASE_00003738	baseline	k141_2960	1785	0e1afb413c52673e616a318e3e04749f74b3da2a360e3b8f20086f8d9058d68e
BASE_00003739	baseline	k141_10396	1437	900cfabf500ac658e4bc113f68a1290e2e95448aa63ae17c05296ad1e646fe1d
BASE_00003740	baseline	k141_17340	1032	ef45260759ba6a8a42394b1ce7a2d8427e2f5fa06b667d90d2536b1b7f757289
BASE_00003741	baseline	k141_2962	1979	f60ac6ddc26e5a0ffd85727a8a2c79a0a3996d75d34aac1262e87d135050da56
BASE_00003742	baseline	k141_10398	1605	766dff426bd80efef3d7782a78b9ad1bb272f93db01e35097e0342210aa3b3a8
BASE_00003743	baseline	k141_2965	1195	5d8ec1d18262089a4da4d4040e6b30ae97aec8c94c9210b20e18a1430e31d3d8
BASE_00003744	baseline	k141_10400	1198	8c0a7ee76d52e21a6b8f0b5593d8b10ad6e7a5b70ca81cfa25ef523ac56e8a03
BASE_00003745	baseline	k141_2967	1592	148bc3c4e33a9559fa6d34e7bb1a166aa065cdfd9ff61d89fd7f018685c159a9
BASE_00003746	baseline	k141_10403	1321	88af841627096c17bcabd7cb5b62830e38eb0f0a55e969cb053187da6e52490f
BASE_00003747	baseline	k141_17344	3754	b7f0f8ff1520eff0f77f02307444d5df5871b55b8b3fe2e10348a59c61660bfb
BASE_00003748	baseline	k141_17345	2286	1e75ddfb47431d86ba0c8988cdd2d93bef52b2f14282428658ad0e172903aaa0
BASE_00003749	baseline	k141_2970	2619	dfef0465b6e21cd3d7d18cb58b6e0fad7b018b8991a1dfc7cf20422e389e44c7
BASE_00003750	baseline	k141_10408	1471	c44936b896701ddb61036eee5b443f31010665d1f8b8b65ef4164a0c60f3e8ed
BASE_00003751	baseline	k141_17348	1145	e10e4f1e84af4ce2c278a98408d480bfb07dc69eeb1f670187970375b2df18dc
BASE_00003752	baseline	k141_2973	1616	45a392090807d9168dee23a0ad934aded5047c02bbf85f23858acc081a425b0d
BASE_00003753	baseline	k141_10410	2559	374ec28604c2e05a6737af5a8435772ff647926b08d7bb38309dd7f422e39744
BASE_00003754	baseline	k141_17349	2227	b6b90186e5d6e386082c03fa04537102136ed2ae9d51e37f27f98e21268fb05b
BASE_00003755	baseline	k141_17351	1665	cebcc51e2564fc143194d760711a65e04e5df993fb9cd1997604f67535d58009
BASE_00003756	baseline	k141_10413	1116	c4d5cf4e1ea9646c8a2490aab1115b352345ed212c9c271129e1b5fc1e5deef8
BASE_00003757	baseline	k141_17352	1080	d39b80523a5e0e4e3684a279e559c9bc4448eb75dc85cd2d3e5e66ccd5b51f3b
BASE_00003758	baseline	k141_10414	1040	435bf648c69309f69438d2669f6c3326fd495cac6e2fd7b61319a9524e3326d5
BASE_00003759	baseline	k141_10415	1685	cacd99948c85d5e12af7a4a8e0dd35e8c8a5fa3571fc5761ccef7252d127408c
BASE_00003760	baseline	k141_17353	2214	152504d616557b5c61f9b7d1be129c75abcded9c580e51fc8fa03f28646a5530
BASE_00003761	baseline	k141_10416	1095	25408455fadffc2a877e54d570a995e53e85c905a3c0f0c3f859196dd6e6417c
BASE_00003762	baseline	k141_17357	1204	13c0574a4c0e78f233e46e3950359b64a420d1f959833c645a3889db560e8dd4
BASE_00003763	baseline	k141_2974	9756	6c009be5d88dadc7b846a0f35e246440e77fc84d2f52ae4cda97b30d6421de5c
BASE_00003764	baseline	k141_17359	1106	52b765c452d343f59881dc24b0dcd4c0096d1f739dde81c401a9579d0c31987a
BASE_00003765	baseline	k141_2975	1738	e3e870b9f190afbe089186f3433eaabf5342f8d0ca90e2baeb96f29bcaa2f2b5
BASE_00003766	baseline	k141_10422	2039	a62e93d177e98a0a5be8d9557262bd538ad549dd1030f383daacb6a89915fbef
BASE_00003767	baseline	k141_2976	1317	b11c1701234835f3efd2a22bea3f954d443a871dcd67ee83a3271296a0122c0a
BASE_00003768	baseline	k141_10423	1223	58fcc793a39a49055ea5860d0644c43be7fc214fadc3a0af78610b01edef650e
BASE_00003769	baseline	k141_17362	3544	d9f2cb86a8e4836962b133c40c2c4835aaf650a858e8b9ba43759cf112358c9e
BASE_00003770	baseline	k141_2978	1427	4f0fe707ed81dedc87c05cf2a56803dba88ee1f3ca0a782d2819eeee2f5c5736
BASE_00003771	baseline	k141_17367	1090	0d4ac3e4a8f8b442d053a1ec6a0dcca641173c4e41b713686a25a493eef5cbf6
BASE_00003772	baseline	k141_10430	1130	a75ef73d677ad639bdffee83ba6829e922a9debe0ad9a5d693762a1291d991aa
BASE_00003773	baseline	k141_17369	1163	e6bf642f9881e16f9eb4d36ec4b8e2d9c0675fc627e32a20cb5003bafded6d6c
BASE_00003774	baseline	k141_17371	1277	85966f8675c0e0b36118ef7b3675e0f3a2463d826c71b811f6c60c5361b42b27
BASE_00003775	baseline	k141_2986	3435	1637608f031013a8b9c64932ed8df54a0f608abaa395b47aebd1e8a9b8c6a4c7
BASE_00003776	baseline	k141_10433	2544	5915bdbba887064c69cd109472ea4b4a469f5c3ef169706baff01d65fef0335c
BASE_00003777	baseline	k141_17373	1114	72efefb6cdfcc6112b1d121ac092c70b4554496b6fcd9fabb4992703a99f2a26
BASE_00003778	baseline	k141_2987	1270	ca5584ae56bf35c518dfb2e0750b4d3aab07dc7131a5917382b0ea505a029fe5
BASE_00003779	baseline	k141_10434	1227	a163a4e5e1727925b7d72575e4b26d6615e78596b9f3d218a90a953e3e90b6ab
BASE_00003780	baseline	k141_2990	1099	163216309f2744071583aa12f42a94b69de53aa1d6543b9b38111d2c23fe11e0
BASE_00003781	baseline	k141_10436	1679	5f57e5b06024853e501a95e897e34a90b532426e243f12948b0ee08df5dc3eee
BASE_00003782	baseline	k141_17377	2550	4761cc7a8b4dfd621ffaa635fb032e957930afc1142cae5cbb5e52cac1ca6924
BASE_00003783	baseline	k141_2992	1129	b79d6e02c1f3d43d25cc70ea27356680e57194109839035aa1c3fa039a492cbd
BASE_00003784	baseline	k141_10437	1034	6e310fe998e08254a320e023d9c5e9f15c8ddd7ff0a9b420c0005fd37cbb3571
BASE_00003785	baseline	k141_10439	1653	5c317c80e0ec92b3a9d47e5dda733bcd94509f034198bae6bec561d22e9fcebe
BASE_00003786	baseline	k141_10440	1151	02723238ccec6fcf9ef9faeaa9ee22105cdd3284f3379276c9c1b3fa43d51415
BASE_00003787	baseline	k141_17383	1825	ddf363af149c80bd42a46031f4b1da05c70faacf7a4e4c1c7731159bfbc94d57
BASE_00003788	baseline	k141_2994	3506	2a4caa63ed30f658df10cef9bf7e1197c660bb92aa9682d9c54dab2a92124c6e
BASE_00003789	baseline	k141_2996	1308	3bcdb6a4cfa3e55778402f19bd10a69029f53016c0686afc0949c2fb4925e30d
BASE_00003790	baseline	k141_10442	1947	36c89253e30107160d41560d3725d1e0dc4e0d0a54e95ca1246e178715219463
BASE_00003791	baseline	k141_17386	1330	2c3f16134cf16cc852c34e37d7b6e7d7bba74c5bcc3c1817f6ff2902edb10670
BASE_00003792	baseline	k141_17393	1102	70075daa3556f4f381c291b38e32082e6b462d8e6ab3525233455335c9495653
BASE_00003793	baseline	k141_17395	1560	4468c63da7e2b8614238dfa8aedf09dac43659510e68df6ee13b554858fa89e6
BASE_00003794	baseline	k141_2998	5613	fe64ff4fd76902b6ab96296012d2a76eb615db3921c6693742360dd7633c5d4e
BASE_00003795	baseline	k141_10446	5091	0e6d135c87538154e68e6ee5366920632a3f42087aab1dbaa3c1853c5d4b23e3
BASE_00003796	baseline	k141_10447	1384	c94c598ab9c49d9cef5a8dcfaa423bc35764d7bd29631e9a9566cc1c3617eaac
BASE_00003797	baseline	k141_24562	57161	3f6c94809208d78ceac9da678fe9e77aadde2d726855bc2e834f41b16946a2da
BASE_00003798	baseline	k141_24566	2589	22a3155561e46a762abc0a9ebf1ed2d1596f0456e732d835d98be307ceddfac4
BASE_00003799	baseline	k141_10452	1987	3c269897850898fcf26cb40781e8a10f63f83995ba4e5d012885199ab2169695
BASE_00003800	baseline	k141_3009	1868	43a7c020a1c7d5a0b6f40039bdc0b8a2072f8fc3beb50dea199d4eb306d5c191
BASE_00003801	baseline	k141_24569	1076	4f5be40c8329404c8d628561000a62ead12ab76ef408201dafc82dde50ef0d99
BASE_00003802	baseline	k141_3010	1510	140ae71b1a43adaf800abfb2febfc4d79ae081aa364cfe55c207eac7486d5d83
BASE_00003803	baseline	k141_10460	1125	409f693090cf53033dcc6a21c3c2300212453eea29e16d2d953b04de777cd1c1
BASE_00003804	baseline	k141_17400	8584	4a9c73712e4a86bdb663fba9dee3f513f120543fbc84c24ae6d2a52a95e90f46
BASE_00003805	baseline	k141_24576	1657	f9f46cae30ad0fcfc8a13282dcf4fd64cc90a129266424e41e39d0931ed0c416
BASE_00003806	baseline	k141_10463	1282	7f3de03210ae092247970f428721701fd526dd7d265b6133fee0628d59feb14d
BASE_00003807	baseline	k141_17402	1199	a9fec1032d2e82b65f5215b3a5ccd56c34c8c89f45446b5884fd62dd27ff6d03
BASE_00003808	baseline	k141_3016	3543	ec2230a7c1374359e5cde4919565ee3513bfe758fb65473f50c18ff62694cb08
BASE_00003809	baseline	k141_17403	3939	da79fb573ccf69ac7d5155c0c12beb7517a702055c78c0089c622fc7a4e64b39
BASE_00003810	baseline	k141_10471	1206	bfc4c3b63d069924f598c22320747a4a67fe6b0be37b44fa2e7d179e1a48ac1f
BASE_00003811	baseline	k141_24578	4170	2b448ec7253c240e1fabaf1013a49f5d68898960b198b93784a7182fc083e70d
BASE_00003812	baseline	k141_3023	1541	2e9cd10d48627650b8284c799f9ac52bc68831c7ca93c69771b19a0671e1b494
BASE_00003813	baseline	k141_10475	1679	4ded17e2716cc288d51715e7eed7a29454a751a9b940d358953ce332b07bb1aa
BASE_00003814	baseline	k141_3025	1697	24cf42bf2cf2960a2d443920ee4a7e9fdb3bcc9ffab1c206a1e203b7aaacd93d
BASE_00003815	baseline	k141_17405	3967	78984f923ce6ef1fafb77b75c5e650674bf29339e2db567211b41e998e78f913
BASE_00003816	baseline	k141_17406	4035	e028c7ff01e0479c06cb1e2e102406aebe69af25ab4b47f42abdc14f5035651a
BASE_00003817	baseline	k141_17407	1756	e4adbd322e08f0ff34bbcaf2e9c16a6c7b23c118dd9a73ce3f2776fc645b11ca
BASE_00003818	baseline	k141_10479	5528	5d9f0c94c42379f470aa3745ec94912546396574e64bb26cabc673a55b36dca0
BASE_00003819	baseline	k141_10480	1051	66f737aef0960d97f7cf8e2da688855ba5eb50e8fb5956a304e7f5e49d2515a3
BASE_00003820	baseline	k141_17410	1097	4fdb97875aeaf543b05883ba3db9422657a068f0ee4eb314421c69a1a6b3fd0f
BASE_00003821	baseline	k141_17412	1389	de26962eb3e03c5d4310e4b5a6741e82a78eae898eecb1838c07a2b8f0be007f
BASE_00003822	baseline	k141_10481	3545	861a1c618620f9bae82b1c842d14fd7016930c12d5e930d1e3588fda19ef53a9
BASE_00003823	baseline	k141_17414	1141	d72a76116096b189b1b7afccfef2b1f4cd72551fb3df94ad9aa16118a7737642
BASE_00003824	baseline	k141_10482	1207	718131aa25362c95fcfd40e8b1d6f5efbf2d2cd30e2fb1fc5685a6a3ef3d5d85
BASE_00003825	baseline	k141_3035	7346	1699ebe73c10bffbc948796a65e3b2129fcd5382a4c26c5466f4e0ec19955609
BASE_00003826	baseline	k141_17416	1298	de0d06a4a0e467eb82864385b01c2e27656234e3a3fca0da2969b68f45dccdcc
BASE_00003827	baseline	k141_3037	1107	fd0aa523dbb5cbb31d51fe0c7dcb0628be029583733c216bb40b2ba49f8c7fa6
BASE_00003828	baseline	k141_10485	2258	dd7f20f29e3aec924bd201368af040b70303833c3c3bcc84c6b87a1d186306ef
BASE_00003829	baseline	k141_17420	2010	e0f0e1b39350561c9ff4e7a813241ddcc9428baa541acd6a0e2f538184a8ab9e
BASE_00003830	baseline	k141_10487	1583	1c0714eff0150fa59ea7dc21a7cb0d32d2b6d4f83b2ec53c6ed0f6dfc1d74f20
BASE_00003831	baseline	k141_10488	1026	b22d5e0319813d1cba79189f3032fc0ae19c23db47dc11fcc6e939c8e1c8ab42
BASE_00003832	baseline	k141_3044	1622	c2edca6db8613b981b22181c619bab00a4ce67f8569588e697d53dadcc5c2549
BASE_00003833	baseline	k141_10489	1204	54e14e93821dd0b1356eb3e19e0a259329e15b4ec461de603f7b16c3244742e4
BASE_00003834	baseline	k141_3046	1643	e6e532c18b0c2997c5e4bff9b95277467bc723de490da0998bc9b93f48f4b8a3
BASE_00003835	baseline	k141_10491	1644	d929bcf63ef26a338c87a530cb966030c71b6f6cc3d38024f732929ba29d56a0
BASE_00003836	baseline	k141_17430	2770	587b490ce778a4835ec06414deefa2e51a11bbf702380f366c907e161652e6dc
BASE_00003837	baseline	k141_10494	1039	13d5ef6806c41ea3d0378fcf82dd1dbed67212c1d7d859f16a966f7cfc9dc99d
BASE_00003838	baseline	k141_17432	1666	747183b98fc08b12a8f9456578930012a782cb12387eb633807ceed97011d0a9
BASE_00003839	baseline	k141_3049	3407	558d20e07b3c684098a267ca31fba1295b3d11069860067ec4f7dcb806f0d533
BASE_00003840	baseline	k141_10498	1052	c03771ec379ab91d6435a947288fcf9d64a73c566c0b16bafabc3f9cef8dec78
BASE_00003841	baseline	k141_3050	1052	9bf65908b67cef74e1b0445b831e2da31dfaa4963ba33fbe6094047a50b6630e
BASE_00003842	baseline	k141_3052	1022	dd71efd94a7fedd467949188d1253aac18120312f6931532b028a562e5a6e1d7
BASE_00003843	baseline	k141_10500	1462	01a32fa0bf25b713de445098b87efb8e60125bdc908b470bcda5f0046b95af55
BASE_00003844	baseline	k141_3053	2389	14187b358fc71b37db09fbefe5c08abe3a0651589b45b7e066a51c7b7dc60fb9
BASE_00003845	baseline	k141_17437	3821	ab21fc60f3c5261034404c2d828a69cc443e9b8f3e6011ae46999a4bbc51a3c1
BASE_00003846	baseline	k141_10508	1821	842c83637611f9a95947a97ebcd2491784ee61aa766cd95378519e6530683d96
BASE_00003847	baseline	k141_10511	1250	6d2c6d856bd48caef866dd9b2d7fc32286c5c4f82d4882ca7cd03fefb4b9809c
BASE_00003848	baseline	k141_10512	1168	7134b337367f5676412a98724fe7844bd2db4bd62371f14dfa38db536ede3907
BASE_00003849	baseline	k141_3059	5997	5ec2a7bd9c4a30e6959e6904c81c9f6e76cfbb612cacdd268e203437afbdaabf
BASE_00003850	baseline	k141_10513	3896	718da5fbaf4d55778a1bb0022668762102091f13d6d974d3b365d3683965e6f6
BASE_00003851	baseline	k141_3064	1097	603358bffb72e631495591b4baf788779b8ac7c23761cfbe676bd6233856fdcf
BASE_00003852	baseline	k141_3065	1561	77ede1fedbc4adcaa4f48a36a1934fc38819dc7ada3530ab033486e3bd663bcf
BASE_00003853	baseline	k141_17454	2975	7cd1760840e102a7348106f2686f9f5aa3f5cd21891717967af49bcc05cf5273
BASE_00003854	baseline	k141_10519	1379	da4151e5a4a43f0e369d317e8602ae6414f23c4486c7fbe774ed2827ab0d8b8f
BASE_00003855	baseline	k141_3068	1205	4462d7069d124ec73ba2fcd4177fd7c918f9c35559e96e10e034cce1608de223
BASE_00003856	baseline	k141_3069	1227	8757348e537fbd8ce4357ef719d9aec4a55459df5b65f1d64e7f6b93b6adc682
BASE_00003857	baseline	k141_17456	1755	4f7f916a148e04077afcd9d75e78a0f8d046536365f5a0d7b7e628ce7e8d41df
BASE_00003858	baseline	k141_10520	2662	839b8b2d2a9d66d09346ea07607c954e1b893ca91e81d805fe3a855f33ee200f
BASE_00003859	baseline	k141_3072	1896	df27af1fe4dcd354f4c1b0e2cee2c6d98f9d0378255b853a4ee4533431196949
BASE_00003860	baseline	k141_17458	1742	5f818515cd479dd11cc9d17e2ec8f408adc2609cf3cbc5809a07af742ed2a289
BASE_00003861	baseline	k141_10522	2668	dcfb7292870aba892c3b7c8379984fd6c84b1ff47b815be2bd28fbc775704f25
BASE_00003862	baseline	k141_3074	2618	81d979bad2ea80ad99fb30aa8cd132962129beadc7d3be27413f221728eea78a
BASE_00003863	baseline	k141_17462	1312	59a7cf34b3b0b12ba40a1326973c09ded92ed21ba351751818e92f161f77b0f2
BASE_00003864	baseline	k141_10529	2902	d286b4957b575c7e19db7d4fdedf1cd875ed5989f92d814d29853d7b848a8cd9
BASE_00003865	baseline	k141_3076	4594	d1489f459894a3a1c5b6a7af0b9757c6fc5090c8c6e8702344c6b6c08f9b500e
BASE_00003866	baseline	k141_17472	1092	5bf11173a768725b95edc3e5363bf3d00c25dc03433b23158ff9a193e9df656c
BASE_00003867	baseline	k141_3077	1178	675ab47280b9c5d73fdefecfa5de438fb8e2f3d7bb327d4113109b26dddffb7c
BASE_00003868	baseline	k141_17473	3471	3a562c2d8467ab9d2fbb6ca4b5a8cb792b3eeacfdcdb23bebe2601f986ba0173
BASE_00003869	baseline	k141_10537	2515	099002ae018029f1d05cc75d47f122d31967774ac4be7d594dc9c0f99973729e
BASE_00003870	baseline	k141_10542	1312	0385eee38ca6b842ffffbb2d654784d8bba6c3f798361955ee716f34b5b2e6a3
BASE_00003871	baseline	k141_10543	1023	84fe302f64d79f5359cbb58739831b704c096f7e2b8ff4ee2ce9f74d222e0b33
BASE_00003872	baseline	k141_17483	1017	ddd122dcd4826c8b41899ed7fb425a2998f3b53209ed78b0faf889aa74724f2c
BASE_00003873	baseline	k141_17484	1159	a86df2b45b5092de876ff55874a98bdd2aea56421a1e7a51555c389dbd007399
BASE_00003874	baseline	k141_3079	11122	a75f08e9d92e739e312472310cf660cb34a76d0c6ad9bdfb7d7808a7ed971bad
BASE_00003875	baseline	k141_10553	1081	fa1814a2bbccf740723d424e73fb391abd36b2cfeac6cec4f20b459bc6d7acbe
BASE_00003876	baseline	k141_17490	1591	9e135fee700dd49079682fa185cb308ec1d1a580a00c903dcda1cea725aa2e33
BASE_00003877	baseline	k141_10556	1126	0dc189f7cbe799e50597f1e51351d21342c052a4f69a76ebdab8023f4d538f88
BASE_00003878	baseline	k141_3081	2538	69e7da770636ad2934a9de3778dce043e8655f6e25fd15b8996e56642c99a0ca
BASE_00003879	baseline	k141_17493	2383	a6c9d2fdcce8017d33dd1d0dae46b59896cd00b29c1a97df18006ef862da4513
BASE_00003880	baseline	k141_10563	1823	57eb499af62a6856e9fe14695f23e7e8fc18fa728329551dfaeb89ba8e7e269e
BASE_00003881	baseline	k141_3084	3629	7b9645696206ff5cb60bb29a977fd77e2cd41b365281996a1cab883f218edf92
BASE_00003882	baseline	k141_10564	1192	050c75a5c9e31def8090333ca0c95abcaa63e36444abd112c3bf399a9beb137b
BASE_00003883	baseline	k141_3085	1609	430441ef0ac9da6e036d3c4f2858ea8db1bd2b42faffd7f4192c2dda6dc943e2
BASE_00003884	baseline	k141_17501	1452	a67a27660ab4d553d8d70f4dd5ac3765614681309dbb2e2d6995fff565e9315b
BASE_00003885	baseline	k141_17504	1396	c94fcb94057e2a848093984aa90fb7ffdf2fc2048cc522942c578e4311efa597
BASE_00003886	baseline	k141_3086	3049	ea5746c4babb9be6c561fd67ea17a2f5dfbe30d3880b904a2418198f55ffc7c1
BASE_00003887	baseline	k141_10565	4403	52af75d9868792ed1ea897160c728be320999a4aca9642c3492bdb7fc065f140
BASE_00003888	baseline	k141_17507	1610	22ced22ee8571cbb6fd4a6ab100521c85e7c74f5c289a62be0cd31f87ccf04a1
BASE_00003889	baseline	k141_3093	1037	ca02a46598985f691bf3f2a1acd3049c0586359efa8db2b27c886be3c6ef374b
BASE_00003890	baseline	k141_17508	2531	61957546dbfab215b1e7d086d18ea16cbad3b49371390c7cd28f323261ac31dd
BASE_00003891	baseline	k141_10570	2546	ec3dce176e3d183b147e8ce00d2fac0b3b4d88c63b293fa74766d03dfafce336
BASE_00003892	baseline	k141_17510	1028	ef1564217fc42263fbaf2851347d0bb943dbc96f05ad9221c69febf8c605ba52
BASE_00003893	baseline	k141_10572	2272	428558122f31185dfd38a3c3d5356775cbaa4bb17e9623877515e7c90282fbe6
BASE_00003894	baseline	k141_17512	1186	813eaaa7e7b5ed9300c4fcf29361644ec1b2a2ef858226d9c7816c39199c5174
BASE_00003895	baseline	k141_24580	90528	bd96dcd76c734bb27ae638adda493e3fa5fa54d5af37e67e231372483cf2f95f
BASE_00003896	baseline	k141_3101	1114	584e9eab5a9dd243b08f4e2d9273d2aeb7637c95f510ae47ca5946ff971a7652
BASE_00003897	baseline	k141_24581	1931	16ce6d0933534ed9de8132217f2543a8cf86a14a2761a391f600d72e654eff41
BASE_00003898	baseline	k141_10576	1894	590622716168bdb92f8c88bf41d53ee5c689a96c5768ee93785629edf824dfc6
BASE_00003899	baseline	k141_17517	1091	ede4fb6d6a6b4079991ac4ebafbf6df270568449183114e322323c8a39e256ea
BASE_00003900	baseline	k141_10577	1116	dbeccfeaf3b3db8485853d0d4768e4849211686cbdcd67c91dea889b069f37c9
BASE_00003901	baseline	k141_10579	1136	91fbfbd2fcc8e9e08d3ce08bbafdbac29442255ba53af00ff4ec384eb87c48d8
BASE_00003902	baseline	k141_17518	3613	d4447e76a38d663d267433e95f26a9e649401d29fddd840ce674591922b11604
BASE_00003903	baseline	k141_3110	1327	83683641d3ec521538e9c4cc1820d1d7e053b73a8be8cf92db4e708ae8ceb438
BASE_00003904	baseline	k141_10586	1094	24ab9af00c769c9c45ac92c144dc96af1066bee2b6d75418bf29dd2ca4828f8e
BASE_00003905	baseline	k141_10587	1130	727018be0e36a4af961f7746084fe25a8476c8790d9dc855b8f369799e02b00e
BASE_00003906	baseline	k141_10588	1595	b057963cfbd419dcdc5bbad11d5d2f406a9ef266138c78090b6f4add76ffa46b
BASE_00003907	baseline	k141_10589	1551	8cf8c8129f9700c50f48ce2f090f3705a30ca9db6ddb6f7de1013ef2511b1ff7
BASE_00003908	baseline	k141_17528	2247	d0c9a2a89ac903f3196b64e9e852c2931fcd8cd51bba478d8e773063123f1bc4
BASE_00003909	baseline	k141_24582	11703	d964b9c497d2d8dea4437f0fdc5bf23250250ff7f7a9916b9df6abcf4d817079
BASE_00003910	baseline	k141_3111	6807	df9549506ee75d16bdeb630c94d89ff55a39d9e78e15f977f427c4d460026d7e
BASE_00003911	baseline	k141_10590	1125	ca91c775c68ce474da61a64709c693eac0c07e1d576e41240ed07eeeb52674eb
BASE_00003912	baseline	k141_10594	1464	277a9d18128ba92f9e937b45620ab6e02d4baa41a8a6b373ab18d86807a71b14
BASE_00003913	baseline	k141_17534	1127	690c8b045324b29a6ec8c4c79103d7f6fb02171dea485e277e2d8fbab49bbd4e
BASE_00003914	baseline	k141_17535	1009	eff355ba5394efda0564e3e8aff4bd3cfa9aaac2cf476468bb5b8210473f70a2
BASE_00003915	baseline	k141_17536	1019	0892c81fdaa9722959f2918e2df07a7f458ece97fdd37835bbc36e19d36d558b
BASE_00003916	baseline	k141_10598	1102	d2859ba9d54f55202c630d26096790d0a48e745ac5a0b013e5a9499c31c0e01f
BASE_00003917	baseline	k141_3113	6174	31f8acb9b993092233ab9dcca93254271f30b189c0cf2f627091842f80829636
BASE_00003918	baseline	k141_24586	5776	b54bf634ca72c4a984065f860406707e03d8202a5c40a7d7c42b4bc6e5b24e79
BASE_00003919	baseline	k141_3114	1329	10fb97579e016a3fb8653330070ff4f9d7117915aaee22544d35e6aa1c4d3166
BASE_00003920	baseline	k141_10602	1047	f6124f833752b8bf3a674426025556470d70ce2b5d3d522c480f4b6a2f4156cf
BASE_00003921	baseline	k141_10604	1027	83cb369a0f83fa5219371cbc6759947336fd9b7ef8c34a0e726f78b18bc2759f
BASE_00003922	baseline	k141_17539	4104	d5e54af5348a78c4bf2ffafc12dd947b5ce5f04e81ac7dc52d518644fbabeb0e
BASE_00003923	baseline	k141_10606	1170	ccb87680ead57bb79d6c654b6788520768c83414bcb31a103c9299214e7c4481
BASE_00003924	baseline	k141_17540	1756	73c0a0ec10ac84a9c5c47e42254efd43692b472df7698488ae6bb724f0026a48
BASE_00003925	baseline	k141_3118	2679	e1261ababe36e17caf21794ce072c501cfd7670c077ea2df2b4a5168fd7feb66
BASE_00003926	baseline	k141_17543	1040	f466b42e9d005f3f1bdb22349c5fc4cb9711d272c90c79dd78e1220ae7693308
BASE_00003927	baseline	k141_3120	2199	012a00e57fd133318c3f3e48e780393749d0f80dce1956679feb127959be8a43
BASE_00003928	baseline	k141_10610	4632	9353e8dec57f3abdeb3493ee4d27067d24e917cfbd12fe72fbdb1c8664e61dce
BASE_00003929	baseline	k141_17550	2638	7585d5cd3e68f8684028744fdac064110c3025235864496d2fd046158ff44f21
BASE_00003930	baseline	k141_3124	1307	8ed350a3547d1de718d34725551cd1056a5f31314e54a3ae7b04eeb09b68aa21
BASE_00003931	baseline	k141_10612	1528	cd040cc6b2b7401061b0563865c05ce9773e698ef4767ab43154805819a3b36f
BASE_00003932	baseline	k141_3125	1607	77f4c32a445e647ba6ac0a4b070d752033d00776904d6e5156900a3c9fa1c0c1
BASE_00003933	baseline	k141_17553	3054	7b0601ae25c0082298b0c2246b50192b6e117805520a3fe0675887b4c101e40d
BASE_00003934	baseline	k141_10615	2920	3a8d310f4278afee6708b6a974a77a143de2054e74328f4a96395f3d26bb14da
BASE_00003935	baseline	k141_17557	1336	41f53073ee60b07695f6ed40a177af6b8377a215e032a1ce27092f0f32045c7f
BASE_00003936	baseline	k141_3128	4197	4bbe77bbef078a9e9815b585c043d52782a124cf5eb4ac4fb1162a0025f46d71
BASE_00003937	baseline	k141_17558	1338	f80302e29f23b77df26819903eb395ee2c48953c5d796b1c53369b233f8260c8
BASE_00003938	baseline	k141_10623	1970	0836ac201da4fc17055fb9d73375c8f1d8685eecc50f7abbb639235519f6ae5d
BASE_00003939	baseline	k141_17564	1663	7a318bacf9e5b723401ba9d259fbc6b60b448d81af4aad4a96dab4ca9e0cfb2e
BASE_00003940	baseline	k141_3129	5792	b8b5c6a5dd13996a9e1298c27cbe7f1cae5e92d8611dc485b9ee92bb41ca897b
BASE_00003941	baseline	k141_10626	1086	f24d437025c3148a92459cb09a825a14c494c1a8dbdec996427e999b3d2e8c19
BASE_00003942	baseline	k141_17567	1165	13f592c9cba85285f9dbb9279e704a0347945a34cdfc084e3662179c27b8baec
BASE_00003943	baseline	k141_10628	1342	2a3e704c7a3e67d09c60801ab33728e08c40c61437f3e187935de6b05a09fafa
BASE_00003944	baseline	k141_3131	1475	3d3418e9f2602cf344d99851534045fac58aafac6b9b5b895469a2b8ba634584
BASE_00003945	baseline	k141_10633	1184	e707e67c3cdedfeb6fe93ddc7d1398bdb227b381630ace2af3763e82548d3075
BASE_00003946	baseline	k141_17571	2919	7f00982148b062eb79030385bb7b5dd9400dde5ea8465287961854bce0d95543
BASE_00003947	baseline	k141_10635	1281	9b4b0aa54f4b3512ce5bd83384b45e394f9a52ee522e38dded2636cd0d8e5c9d
BASE_00003948	baseline	k141_3139	1781	ea9695dfb717443e97ebead40804f8ce481cfb3704d1dae622b552290c9fca9b
BASE_00003949	baseline	k141_10637	2691	c10e1466c2767dec52680190afec0b9a547717366a06fc8b4c9f8c8df2bad6eb
BASE_00003950	baseline	k141_17581	1500	a37419746a52f2b245e7cf3876f28b71d9b799410deb77e3f4152eb8b46f4ce5
BASE_00003951	baseline	k141_3146	2047	03a8dfb869e4e9413a416ab0b6bf3f6df3a2567a55610bfeb6b7383ae7cb5e38
BASE_00003952	baseline	k141_10640	3225	7e69b5bc537a1256a60a0ad7883efded6293acb624f348772f6b556bd807d49f
BASE_00003953	baseline	k141_3148	1143	b34795d0d376283ffe927a85ff5e1a9c4d2ee5769da5567216a860cb6a5aefb0
BASE_00003954	baseline	k141_17585	3094	4422688af4df6eb5293b9a80f9ee5f36831726046da88c47a464b78f3258f8fd
BASE_00003955	baseline	k141_10641	2846	bc8de57eabee714afa5222f60e05380347e5c5f97fddaf4b7c1da57cc2786643
BASE_00003956	baseline	k141_3153	1376	1acb4bae15c32cf8a66018cfc420233952299e7291e2a4b4b04d0c79f06286c7
BASE_00003957	baseline	k141_17586	2516	146b72a95a229249d58daa362014e7fa78da03f8a5f1ac21ef17cea4be15d21d
BASE_00003958	baseline	k141_10642	2154	a0c2b7a7a2cc35e8b2b2fc98c11b963e3b5e7a38d4ae4b378bc24aed92200e35
BASE_00003959	baseline	k141_3154	3277	a7326ebfc0d48dae7c789f7f018d758eda6fe00c6f3327546bb718f0e17b2056
BASE_00003960	baseline	k141_17588	2686	457486acc07100c68d68e321fcae353ce1e6ddcddb38660421abec13da89e28b
BASE_00003961	baseline	k141_3157	1662	b3012b113dcf069367426797c81b501c63072490e12aadf91a934aa0b6a2c312
BASE_00003962	baseline	k141_17590	1516	572db5c069ab98a6c291b340b147898f715d5f10e3602d55cc96eea914de4359
BASE_00003963	baseline	k141_3158	1032	7e13c112a24e5209f7746c0c88d54f8574086acb7221c921bef245e0f64456f2
BASE_00003964	baseline	k141_17592	1066	9ae58261e0506341891f9c69cc6d8fef6c66ae8a7007a679ea0fc71fde784e86
BASE_00003965	baseline	k141_3160	1049	12991799ed4bc845076df04e0b515dbcc2d151b89de48f121ea42cc5a5d34744
BASE_00003966	baseline	k141_3164	2116	a27d0f5abd28ed201539929fb3d70649e661baf83cc8cca8134100710c74a00f
BASE_00003967	baseline	k141_17599	1403	edcbc9dfea217c17cbb56bbe0eaf30e893463411116523b5773701aec5416ce2
BASE_00003968	baseline	k141_3166	1940	8f8626f70cdabaf04336bf588fde6234154c019c8050b5aadcfef27902015173
BASE_00003969	baseline	k141_17600	1879	23007dfc53bff46ef1ae4c8cdde88d616afd820678f51c133a0fdc283c6dd0f6
BASE_00003970	baseline	k141_17602	1588	e2f298dcbb3dac5077b9e96d17d13084a0724d66eb8b06b9c1019cadc6c2eed6
BASE_00003971	baseline	k141_10643	14552	fd2bad7fbebfec1c11270a87f218c2ed36ae044840b138e968fbb70f70cb1066
BASE_00003972	baseline	k141_17604	1424	d3b146b080604090f5e0ccb554a0e04118934fcc553044d2dce5fe991a509905
BASE_00003973	baseline	k141_3176	1032	82ad66449eccd2dd9896fc443a3642a3c956b6c6abe4dbad06737ace818b0d59
BASE_00003974	baseline	k141_17608	1058	7977b8d8d773533508418d350d7a1fc319ba33a802041c2c259ebe2565fa374e
BASE_00003975	baseline	k141_3177	1357	599890e1e188c7c7b94d62746c44bab73f39ef3ac5c05db49c2725e77895ff65
BASE_00003976	baseline	k141_10644	7121	ccc21c615c69df13ff87a00a7a99596378e4f385089f28e161b4121d09110d06
BASE_00003977	baseline	k141_17614	1881	5c2f7da85d099ff67dd86a51929e18817d4317ffe4e80ea963a35ab2f7ed2677
BASE_00003978	baseline	k141_3178	4041	f6944e2bfcc1b5c4fe5e00814bccc18a7e977daeed0d2bc19a93670758fe5728
BASE_00003979	baseline	k141_17615	1096	ad747b4026f8493ee879c95b45644f0033c95580d1ca9b21468961f3e555be47
BASE_00003980	baseline	k141_3179	1066	e7957596836e485ed9ac55e07b80da96455195b1b98f07c6caf67b8a5978d4d4
BASE_00003981	baseline	k141_10650	1863	737f0d9bd2dbdd92f09bd8200ac2b18ac5a3a63b2abfb039fac99c5dee1c3a36
BASE_00003982	baseline	k141_3182	2356	f57921816a32171f146ea9590d62e85a5a03977f4d54532436d45f235ae09357
BASE_00003983	baseline	k141_17621	1086	e09c16f136f2ab1437b9fa20ee023809d8bbedd9287e3523afbbda6983a5664a
BASE_00003984	baseline	k141_10652	1326	d61580fb5099c574bd98095b78197bd38b1145ca0145615d7890869a4041c7eb
BASE_00003985	baseline	k141_17623	1157	f043135c08f6bc6b58dc86f0c907e0ac34cdc8bf35004dac76cb8a2dd026d9a8
BASE_00003986	baseline	k141_17624	1115	f5d4d0ec6eb49be6d1ebfd61ba1ac86cca746e78a5c2cc7dcd6878bf46a362e4
BASE_00003987	baseline	k141_3183	3295	ed7322fa8b7a40acc74db8edc155c5ae5fce4e90d77903e72d4a81e3ffa96017
BASE_00003988	baseline	k141_10656	1391	9dfcec9394e341157f04c10e7f7eab9c8ab7e3534191c0699b36b4960568fd5a
BASE_00003989	baseline	k141_10657	1041	9f7d1da63f3f07a4f39721ddd58a24388ea128bc3aae47c15529240a362be124
BASE_00003990	baseline	k141_17625	2233	efbf347de11ec004318413f5da1cd6107a0cce42a4649a683aff51e4f9f6dc13
BASE_00003991	baseline	k141_17628	1061	1dbd7bfe0b1746bf99174821ca8e1c67bf72865b84ee82dd813beabcd30dc892
BASE_00003992	baseline	k141_3190	1435	efed13d79078dd74291a1a9022498109424fe848c2e13c6177b8dec90a953353
BASE_00003993	baseline	k141_10660	2217	9356c31b3f825e6752d6e756d06673b66f4e89357dd998421c0c8623c0f6a6ab
BASE_00003994	baseline	k141_17629	1901	f9a39b867fca1d79b075175d80693c90b091bdfae84821dd31efabe31f9c31c5
BASE_00003995	baseline	k141_3191	1617	492653d72a3483b10479c972fe21af950ea35377850774d3834e60e30bf1b55b
BASE_00003996	baseline	k141_17630	1291	49742f2a919f360af5cb35270f49a3c8c3025d2cf67a28c5f3e44da3a57aa25f
BASE_00003997	baseline	k141_3192	1331	d04535cf80d45b4bd934ba1df8816eebbe4d9f2241c7514d9128120d8e98fe2f
BASE_00003998	baseline	k141_3193	1065	baaa4e208175bdcb9566d3f3715f10a67bdeb881d9058e7d2c43cb703dee55c2
BASE_00003999	baseline	k141_10672	1417	1d766891ae22c50dd378084be5f9c898d49f234094fb65aaf5211749a0407f58
BASE_00004000	baseline	k141_17638	1230	179c41ff246c616aac32d820316b819908aba3f045859a012e337eac51334a62
BASE_00004001	baseline	k141_3196	2732	693f1575da794c287c5a012afbd6911d5ca8f9c08e0158ebcd003829dea76c4f
BASE_00004002	baseline	k141_3198	1154	877d0938860718c37ad8d3702e73ba985fd18ad5ed16e3d68a6e561a83181cd4
BASE_00004003	baseline	k141_10679	1038	c05fb237479f83acb9350df536677ccd17bf10006de3db38ed22c3a79f779646
BASE_00004004	baseline	k141_3202	1312	0e3589df6defe3a2dead81d52ba2d5ba59286019a0659cb36669deac331b6904
BASE_00004005	baseline	k141_17649	1625	82a2bc68809676243ab6a892a984735bd635ddbfba7a10b6f0765c444e6d3a1f
BASE_00004006	baseline	k141_10683	1842	0f83bd453f5602f16ab7dd5b7c3a2c826f0c0183d912e7b78354442a09a9b407
BASE_00004007	baseline	k141_17652	1391	8dd59a3403a5a04956f81f5c193c3a8daa1dc55ec4b85d17889afb4be5e46f99
BASE_00004008	baseline	k141_10686	1241	46d301be5f4a57b5b26fdc4080789c40cf399ba6ee2fa96c6727dbced5e2c4d2
BASE_00004009	baseline	k141_17653	3231	fa68ebdd8963ec17628fa2339f11953d56ba7444c8b079f47b40ed1f6f699377
BASE_00004010	baseline	k141_10687	1004	42fab81d8315cf3dbc94435918d63be5ab6a4c7dbbe6deaf837de4b6892353a6
BASE_00004011	baseline	k141_3213	3820	7a4ac1d89be05ac06b68f2470da0a3844fb4624f35ad1a5ba239082b81a104a3
BASE_00004012	baseline	k141_10690	1461	097051cce147b0cd2e53dd16d844ca01911d5b2ae9351f0df625263889ea0548
BASE_00004013	baseline	k141_17657	2884	afdb8155fa93afcfa762023314fb950cff38e34f9bd0f56a22aba60e1da0b8bc
BASE_00004014	baseline	k141_24587	101066	218645e31d821440ecb14a5b292ae1c1b4682c3301f16aed98b631f62d6373d9
BASE_00004015	baseline	k141_10692	1042	2d329b4b10fcb6cb2f290c381ee054146c942a0e10bb74e5cc30ed3d6db5eb18
BASE_00004016	baseline	k141_3216	1400	23676e7c38d6aaf9902d5b99408ac9bf285e5cd583110dd1cafe2a992c81aa4b
BASE_00004017	baseline	k141_3218	1029	013bafe8e44e93a1de6bc08cb7c49fabb25516280ac99d4718fe60d660b2384e
BASE_00004018	baseline	k141_10695	1298	6bb01a3e805f8a4f605a54c790f3aeaaa73008cc7391de47ef23f3fc9b24e5d1
BASE_00004019	baseline	k141_24592	1579	d1cb3e28b53dcea0b49fafec09499dcd55698ba7cbd301fc23e8a366221484c3
BASE_00004020	baseline	k141_17662	1708	049a0cec9239b58e8a254d2100f9377b0bf44369b975422153490ac27ffd95ee
BASE_00004021	baseline	k141_3222	1862	824595542ff4257d2f42ea560f60cf5941fed31ef1e758787ed5a977a8bedf81
BASE_00004022	baseline	k141_24593	2035	fcc39f428ececedbfb2ea065a45a2821d7521297c4cdeadac4aa07e7d26756fc
BASE_00004023	baseline	k141_17663	3135	b1c9ab2540e3fd7b7894145f21befae896fdaacb56c117024f2d280356b32d35
BASE_00004024	baseline	k141_3223	4305	d537ea226b74631555295818fc132fb35a9144721c69227137b4dee373dfc930
BASE_00004025	baseline	k141_17665	1905	d884c4c3dd869238f9982e0d10e50b0d88ad5ae634305b3e7c487ea4991ec404
BASE_00004026	baseline	k141_10703	5028	c9ccb0600333099d6ef67a32a9ff7f09130740532b55b58198b817469de2b46a
BASE_00004027	baseline	k141_24602	1545	55c2e92417a2ef5a4843b956924d46251c76b054eab72d5f97728a03c0495a3b
BASE_00004028	baseline	k141_3224	3225	7be35407c86223efd5b8b24bdb67cca838f93f7bfca13c9691cfed822e28845c
BASE_00004029	baseline	k141_17671	1267	5c3580e27a5db29c611a507b1b8c760f961195549f8424399abfe9836f8acc29
BASE_00004030	baseline	k141_3225	1264	cdf948b4fcb4ea1cbf17ddd529295e0faa282e1630bb123d18757ff96353d553
BASE_00004031	baseline	k141_10707	1409	dd596285621b66635b26bb2f499c03f9ece3c0329038585bb163a9c8690f89f6
BASE_00004032	baseline	k141_17672	2884	68c3d242c6091aa3f0ad04f7f0c00c87a5a5a6f2b2c044b4ebb64801f64f7bcd
BASE_00004033	baseline	k141_3231	1135	0eb91b4fbdf0d223b382553c7619e853e30f01a395e5f8e1db670838bd347177
BASE_00004034	baseline	k141_17674	1824	0cd4639bb204cf7636216573c89d3fea1ab9b8a013e6ed575341ba09e739910d
BASE_00004035	baseline	k141_24615	1448	1625d062782624005eb67d99173e14738d7dc7991bb4e647cf5f7489cb3fea60
BASE_00004036	baseline	k141_10714	1999	dba35433d2b7d69052d731b9a1199865c7cd78c4d0902b90beaa0f4bf8e4234e
BASE_00004037	baseline	k141_3232	3167	96a4b3c45933d961fe0dfd01f3beac6848dce3c366789f6a4a5ca5310cbb25bb
BASE_00004038	baseline	k141_24616	1792	49de2e3276d0f8b9de3c4e3fac696ea700804e4854adfd55d9e8f13f8728873c
BASE_00004039	baseline	k141_3235	1867	85e9c090b6e1a437114fd56b6c46387d9fe2526f322825ffc33b79288be8b5ab
BASE_00004040	baseline	k141_10715	4354	c1ee4f63430bc86cb7d0d6920c9083bfff30ecd3856e8e11fb0ff1b6818cdd8d
BASE_00004041	baseline	k141_10718	1034	cd1d3d6888747ad8b4dad27d6cb94c9959bd73849a8328c1b307884e20cfa421
BASE_00004042	baseline	k141_3241	1912	16f4a3fe8d877bc9d0b50caf5fbcb9b08f2d3f1c5338695dd71ff8d9f2e9264b
BASE_00004043	baseline	k141_10724	2019	c9b9e3fb2e9715082844810dadd57b94747f50c8d57edd4e8fca5341172ceb4c
BASE_00004044	baseline	k141_17677	10357	53a133dd4b842f1f704861d90776a249bc4d7b61ca8aff442f363598b95c514d
BASE_00004045	baseline	k141_3243	2695	6c2ef8c449546a2eb56bc70559eddb05ab77e08e7e0961fc2f2a4dd8048b0659
BASE_00004046	baseline	k141_17679	1456	08c125c2c288868de90df8b865d8041b1392f186d3ec5ba746b18642d7082e12
BASE_00004047	baseline	k141_10727	1130	24a1888369793c48bb6b28b04900727d4e546d73478fc865c405d55e9fc9088f
BASE_00004048	baseline	k141_3245	1269	b6d6adc96089a3627b07c4980e178db02e6c285474d5b03cb61972f4c48a1b6c
BASE_00004049	baseline	k141_17680	1005	b1a350721aa19b010e6d20d915ffe863a24834f074cf87ae1344ff9c9701ff91
BASE_00004050	baseline	k141_10729	1115	03eeb0db70e03fde85d0cf5fd54a6ddf6115da8b8082671185beacb8cc50e2cb
BASE_00004051	baseline	k141_17681	1363	04e26f152dd0f8d1c7896bd458900e8a337ace79edb062bdfc4b63b3dc3ebc77
BASE_00004052	baseline	k141_10730	1021	4927795d0bfa9da3b7781acfb2f50d2bc7e0bd902775cfd682f6412b183400e2
BASE_00004053	baseline	k141_24625	8720	a9d9df666ccc7b2692e25de7e0b5177766380d3a9f16421ff4b5702043527b58
BASE_00004054	baseline	k141_17683	1444	42a0f6fa9292e7431b90bd59dadbef298596ef4fc6fe4efad9d4d77af5624f3b
BASE_00004055	baseline	k141_24627	1072	0aba96c1df2672e435a1e65b928064717966983da076849a245bafbdab916768
BASE_00004056	baseline	k141_3247	3347	e1a71eedf8939cb860392a4f19fffff9bd4b5f6bcfec59b0ce8b634fcc8ce17a
BASE_00004057	baseline	k141_10733	1247	a4a5fe0d182ac1565560db0fd50d2bc7284d512a6d4871bc6fd79e1ce72594b3
BASE_00004058	baseline	k141_17685	1623	ecf31466c095c91b6e6c3b022f5d0bd794048f16eb2d4387a9542b5e3c5eca70
BASE_00004059	baseline	k141_3249	1177	fd12a86835df28f9ae6b37588d4dbb06b3ca306cb3eae572d3bc1e78a561a920
BASE_00004060	baseline	k141_17686	1531	247f1add7b825875494f80fc5bd91d3d82d9314a6107ac3998ddc329598710f4
BASE_00004061	baseline	k141_24628	3533	d9dbb2f1d3cf9a75ad9740314f00330b32e3b73012dbf5f77f9b8084b9fdd366
BASE_00004062	baseline	k141_24632	1151	d2ced28e61c7520f48eb69fe60637aa6fdfc41ccabba0110113b6bf80abf939c
BASE_00004063	baseline	k141_3253	3529	e9dac05cdbd917b510b2bb5ad35b1a6e0acdb974fd27bec161e4176f365ca20e
BASE_00004064	baseline	k141_10743	1468	16a5e9207b1fe4b3e794eeb7a2de1b77b2e302acb77c7ef2e0a6ef0ecaf375dd
BASE_00004065	baseline	k141_17692	3580	eebde2d68a0ea461efd0c22fd2574469858a5274f34f0787ddbf9c15c444f103
BASE_00004066	baseline	k141_24638	1296	9e65821be6395b7c0f3299a5ccec262b0d4d8001ccd130b48b9a044578972324
BASE_00004067	baseline	k141_10747	1374	2c5302e3bac98a48c5c6dae9876cd35b71f256bee516fc8a5a11f8bd25a93141
BASE_00004068	baseline	k141_17694	1109	3fdabcb649467384e3be703367a838a9401da812d9556ca699344c249e154bd2
BASE_00004069	baseline	k141_24639	1330	f119623f2594f1e4ff254d1fdcbbed22cff8f28e77d5f28f018d4199824f85a4
BASE_00004070	baseline	k141_24640	1577	f970ef96b16e28f24060219ce91c665b7a98e3b6c7b5c4d72a80690c42a0c93b
BASE_00004071	baseline	k141_10750	1613	56f52bae981c8420a9ada7dde763b3b5626a506d9aa6f7a28621a67434e3e752
BASE_00004072	baseline	k141_17695	3882	99a511ba3473966ec5f23f9e30cb1ed4d9f5813cc154666fa5fd4b953b403a8f
BASE_00004073	baseline	k141_10752	1417	6a8df7770fb5741c31da9438de3cc997610214f00797ea205feef57a1f816e27
BASE_00004074	baseline	k141_24644	1494	1d115eae0eb126f91dce70b0b9bcf9adeb5e7799b55164c5060d8eeab7adeb0b
BASE_00004075	baseline	k141_10754	1287	d69d90a634d40886bcc3d8a49156ce9207989f2fd7693180fe44baf860ecd64c
BASE_00004076	baseline	k141_3255	10658	cd2ca6e7e11a393b1aa25d150b29cd17f7d0fd6b3e836766c73dc88cb25dcc26
BASE_00004077	baseline	k141_10757	1060	ecd483fb5c8e2e5f44a934bee85836d61d38304bd268caa64ff7dc966650a899
BASE_00004078	baseline	k141_17700	1564	e418d79e0f7f969c99aa74050fc2a1d4fd7750e8641d7449d9a87f2c344a7ff9
BASE_00004079	baseline	k141_24650	1403	b58f87ac54f1f68c1aee981c85f648163088415f988404c3c3a56a85f38522f6
BASE_00004080	baseline	k141_17701	1327	ab22df90a01f5c0a12401b31a1e808092ecf2af5c289512d9ff4dcc45a7d3cdf
BASE_00004081	baseline	k141_17702	1041	f6e40cc0da6030229e13a875e6e4829d31059136da8bdb3b1e4bd513ae0ad7ea
BASE_00004082	baseline	k141_3259	1360	41a84e105c493c8856950da6e9ed9006a4d3896795c54e38f4823bdacb8e8c3b
BASE_00004083	baseline	k141_24651	2415	e8e9177b855a7a1cd521f8e9dfcaa459463e527b7302982b62e13996772f74d7
BASE_00004084	baseline	k141_17703	2045	dd7417c5ff499e2fb4b46944b2401eca80a9ef1eee5ea9bc89ff8a29d9dd2206
BASE_00004085	baseline	k141_10759	3991	b7c66ad641731851a586ac19d73d3c18bbdb45ce1baa98248cb986357d1cd7af
BASE_00004086	baseline	k141_3261	1557	25dc4bd7f21a37b9e606493ef5cdeec870cb1910791461ec06d9f3bd06158b86
BASE_00004087	baseline	k141_3262	1363	36850fe587a73c9fbb7d8ddab5844fdfa0c7cc83ef24c408804858ad1cd49136
BASE_00004088	baseline	k141_10761	2113	04700351340d6fb27fe57de9fe7c52e663135100fb38e2ad744d6f8bdfb39859
BASE_00004089	baseline	k141_17705	2784	244b8698e835533ccb7c55dd7674dc86a6678237ae7339bac71dc880d28e0ccc
BASE_00004090	baseline	k141_10762	1214	83d15a12e324dac45ef790611a6a86deb51e08cd6d879a19368d6dedfe15da1c
BASE_00004091	baseline	k141_3264	1701	396b78eb78747737970187c8125b295e9a5107b32b67375552319ff88471870d
BASE_00004092	baseline	k141_24657	2424	4592da1f9c68a4ee7e7974af37a3ed2f516a938afb71b78cb59ec4f3b3414d31
BASE_00004093	baseline	k141_3266	1213	cf92d32a111fb667d1f1995e0fb6ac438a4cb1ada447ce5414013995b12a9301
BASE_00004094	baseline	k141_17706	2996	2ddd563314a4e37675d82e672ee5e7ef7f277ce859e8a3e9b88d47e576215fb8
BASE_00004095	baseline	k141_10768	1009	ee16a1316f4b3ba65ff05d59fb7c277b4f2d3fc938cb61e54609b981a6ada106
BASE_00004096	baseline	k141_3270	1581	450f0ae433cda7b57a9a286b591d3beae25d83e15d0804ab0f65ad1f0c62b8fc
BASE_00004097	baseline	k141_10769	2104	ab28100312775c07e2bdfc172b5ddfc11305a2c57584f79538cfc628ebd129cb
BASE_00004098	baseline	k141_17710	2785	413e21c503088669bb5efb0a5a49b0e1eb4d87fcbf6f6228aaef00ea395a9fe9
BASE_00004099	baseline	k141_17711	1054	68afe787e6ced27048a2a9419d93e0ffd26ab4905cf83db8fd7b12b168de15ab
BASE_00004100	baseline	k141_10770	2488	6c96069470b052d0b9ef3dc7566a67dc4b76dea8c30614ffb04bdb7669312774
BASE_00004101	baseline	k141_24658	8280	27aa0f21b32433da98bdeb4923157631d6f0a6c8db22a4cafefb034391e3a024
BASE_00004102	baseline	k141_3275	3117	85ffc05d554a740c8fa1e7efea20052497cbcd53886186baf44781d516aebba2
BASE_00004103	baseline	k141_3276	2189	ee181f100540f50f71693810581269f0870f696737a5238f2aa9b66cd47e05a0
BASE_00004104	baseline	k141_24662	2065	b4a8112876ae43ca881bc15be54004969c824209b02f737e529596ddb1c2616b
BASE_00004105	baseline	k141_17713	6349	312aa9ce48b93018b90784eb6e4208615025f702eeac3eadcf0705e1d5b7e9eb
BASE_00004106	baseline	k141_3280	1024	0f98918f98cee57ecd9cd4034de6cf2782cd5482042da134d155a111a9391a07
BASE_00004107	baseline	k141_17715	1164	1c5ba6e108a6bceffa7de3003e5bd2a841e8cc8372904147c70b70af8647c6dc
BASE_00004108	baseline	k141_24666	1789	91bab96e181b135f888586b46cdb3b0e34e95ed96c02deee4332b9861e438d98
BASE_00004109	baseline	k141_10771	7547	44a856ef4518ae8b8fa50218d49733f6abb17dec016c26b29b3c76c024acba40
BASE_00004110	baseline	k141_3282	1368	dcca38b18accd78126a3cf26e113088a4650f2cb82824414b3f85516eb143d95
BASE_00004111	baseline	k141_24667	1023	d113a18c9b48502b8eb6b44e450d30c24cde0a731f0a9f9c0686b66482ef99a6
BASE_00004112	baseline	k141_3283	1423	d233546e1b68cb016d16a9840ac075ff5d19123c31e9ba4670790411f542a1be
BASE_00004113	baseline	k141_10772	1902	d9dcc6d142d00e390c0429d362e15d0663bf0884ae98b2dc3e00d999cc796df1
BASE_00004114	baseline	k141_24669	1700	d01edf0ae29fe818b537ce719402b7cfbdf23e08d35e3951a508cb6505652a44
BASE_00004115	baseline	k141_24670	1358	3d04b71efab489fb874b7f56585420212e84f1a51aa1a90a3b85ff8a1c6a1ed9
BASE_00004116	baseline	k141_17720	2994	5412287958a3fad05e311cf9c91b65bf7e39dd0a7a4536da56d42fe0552cfca0
BASE_00004117	baseline	k141_3288	1258	c1d615e9e7d83dedabe7ac95939277d90789c226bb0a123f7c68c35faf14bd57
BASE_00004118	baseline	k141_24672	1286	fde7145bfe3fd2360a0b16d013167c1349fe1b7bbb66deb9b0f5d11a34d4bd68
BASE_00004119	baseline	k141_3289	1526	e78272e03a1fd0d4c589d1f324efa865ba88e2edbf208aef7ff0f973258a8a8f
BASE_00004120	baseline	k141_10777	2313	604d0c21d913f4dc87f3689e1096c624801739045c642073819d5ba1b9ac7fde
BASE_00004121	baseline	k141_24673	1518	bf20fa95f90ca28b00fa113e7088a6383a083f7bafdb9893c7c418ceb482e912
BASE_00004122	baseline	k141_3291	1171	4db2f88e598c0248abb6430cdfcce3379f1b21857cc065e1934d446bc1b0b357
BASE_00004123	baseline	k141_10782	1247	2ef3d3b0279b574bbf8929b36c751aea7003a7cf8f958e78ac1cd9e2d8468657
BASE_00004124	baseline	k141_3293	1140	ee1bdd6bb1150a8fac4d162755fce90c49db416c78e299e60fa59154f4283f05
BASE_00004125	baseline	k141_24675	2285	d7d6cf69d417d0097dbd7298178bad38e31b6f4544f12809a02650b56eb5c1d7
BASE_00004126	baseline	k141_3295	1076	42b7b229b2672abd82f4a1211c2a42eabfa0cc601388e72ff6b214b0977a618a
BASE_00004127	baseline	k141_10785	1017	62e632a5a87847ae3c5d76832320eb5d3f949fe2dd9ed613b4f4d97fd2905d2a
BASE_00004128	baseline	k141_24679	1131	dabbb4d2cd322114ce4ebe710a6a002913476f8c040b5aecb97c1656203f2785
BASE_00004129	baseline	k141_24680	1564	fd1b85f32de885414e14d426af2fd5dc5d60ad41288d81dacb579798be513546
BASE_00004130	baseline	k141_10790	1615	19ec956586780d9d0f09f2cd201254c2d42c0f9d2e1f58bc5442e29b34675691
BASE_00004131	baseline	k141_3306	1199	70e7d5e2c9f025e37b9de6aea847e2b1e1dadc81c891128ec96b2881c82694b4
BASE_00004132	baseline	k141_17724	10273	3b2378ebb52058a6273c4d71e650a86d0316345cdf7e42f2edc2d1e0a675dd85
BASE_00004133	baseline	k141_10794	1856	9fe820cd1060b6b5f092c7a8f05ec93b0f2996de286ad846d1be79287b0130e7
BASE_00004134	baseline	k141_24686	1160	114dd200830add9f1f3439a2b3b16f2f1f4b257bf26a28e6d39474d6faa5469b
BASE_00004135	baseline	k141_10796	1693	2e6801a6e978036b15795682d8357b1e8bd011df7f4161e03a6fc4671574e078
BASE_00004136	baseline	k141_17726	3278	7f2106bd90d49329e5c384f410791877125c0ba956e93f9c948047c7c8762a2d
BASE_00004137	baseline	k141_24688	2619	903047b3492893e9ff3b1a36deb26ca3a96286f0dffc0bea60371bafd0860693
BASE_00004138	baseline	k141_17727	1011	b5398cdd5f9e21a0f8890b5ea6797f61ecf1108a6e950a8e88b10e090ef17bfe
BASE_00004139	baseline	k141_10800	1006	6344e7abbc95a115e31ce1a1a71c42f881fe455f476c3833213802a46498c6c8
BASE_00004140	baseline	k141_17729	1338	2801f9f32eb0d17c52c2f3bf6cea98434f04db35dd2efbabd788cb3403e7abac
BASE_00004141	baseline	k141_24690	2184	8dd91cb85401d27ce7696958354f35f0c2ff56f0495b3890098d89c3640ac66d
BASE_00004142	baseline	k141_17731	1047	32b289ff5e33bc559d4b0890522e2442b297ee2f9ac27fe1fe946f79a58aea6c
BASE_00004143	baseline	k141_10802	2604	653c49138fd8f62fc81f1d51832963f5ded7063c662fcba8f6306f33bb65b548
BASE_00004144	baseline	k141_24693	1489	f9bff1a25aed4f2a27cdba23333ee9ae9362a2ca6e0931c0f9a76aff38a3b249
BASE_00004145	baseline	k141_17733	1609	f3a8bd01807c00c766e034020d3954d0173d8c9ff4b411fe1e00727adc178dde
BASE_00004146	baseline	k141_10805	1227	eca265d481df2fa0b38c6daf416160e18847e69330737d2b9a4dccf85026a122
BASE_00004147	baseline	k141_17736	1157	0dc93726f028c140adb41a9622ead5dd64c5d303c54a8d5726ac87f4d9d02ca8
BASE_00004148	baseline	k141_24697	1105	95fea1464a0706245c23625ad5681d544e2ef64da7888360ceaa9b6f24fa295c
BASE_00004149	baseline	k141_24698	1156	3235a593345f8e26358f928f41c3c0b6a4c3cfeb416fecf7a7a0b3a78dbb5ce8
BASE_00004150	baseline	k141_17739	1257	a90e27eb83656c73210e03a8b551088f2ee33561674c0141a873633fa646e993
BASE_00004151	baseline	k141_10806	3383	7b8a189100b7f367b68f26072386dadf1103b8c921825e2d0dc8702a8f6948dc
BASE_00004152	baseline	k141_17740	2308	a000b9d7d72e2fe5f40f921852a36af86dfd302c2de6affcf6d3faaa68516ae8
BASE_00004153	baseline	k141_24704	1152	090f42ab65b518080eb939ad57a549c564d617b758d7f526bf4371d7a3e8e664
BASE_00004154	baseline	k141_24705	1173	a7bc313ad8a31e3c0bfc3a509bd3d21d3080a09589c2bd23927b8f39e338a81b
BASE_00004155	baseline	k141_17743	1475	15b2776757538b591c1be3a051ffd8e1123b1ceba986c5d686abb69d6e16d3e9
BASE_00004156	baseline	k141_10813	1240	2baa82d052583bab1628738a987afd583b1206f068fa58626b988d169d26b595
BASE_00004157	baseline	k141_24706	2230	3b7c06b3634d4ece5fbc1c48f904e858d227ba88b0115a9abf3ac8304e6fbdca
BASE_00004158	baseline	k141_10817	1110	103cbef4b4554bd50a061546697f3475026fba5f0815be17d8faf8f056f85ef9
BASE_00004159	baseline	k141_17750	2262	b2352a5dfb0f3644e81f5890e459f4135628f465111512d70994af95405eadbe
BASE_00004160	baseline	k141_24709	2848	029fe6dc49f0d8aa4c2b93f8a94cbcd7625df9b3f6030e8a48168bf4a9be5c3f
BASE_00004161	baseline	k141_10821	1156	1fa970e520c7f5575b96a7950b38585702c5fd3fa8a95be6fcd8625fc62fb899
BASE_00004162	baseline	k141_17752	1568	6ce53d59563f15fbf80acb81b46d37d2aa8f8fe3a4ec59080a9ae6c9d800274f
BASE_00004163	baseline	k141_24710	2456	89eca0e1a8939d4aa933b0608428de18a00c63efecd31dbe7889ac92c0612134
BASE_00004164	baseline	k141_17754	1888	8a37b50184e4d4df93bd42cf61e9b2761a94c9c6ad99b0676f1fa3d7adfa8b71
BASE_00004165	baseline	k141_17756	1304	8e2457623f56654efe461e2cab451de0e0d8aa5e81ed3a8a47fe0e51841a9b12
BASE_00004166	baseline	k141_24715	1789	41a5377f7cc19d3eb15aded96aa01dfd34121921d6c243f3522c74a4563511c5
BASE_00004167	baseline	k141_10828	3515	84b38545968b725ac4cb49f2ab651dd5f4586c154a8df1e32d47801388d0ab7d
BASE_00004168	baseline	k141_17758	2705	fff1ab0d832c8ff58de78c0e7a9605593886edbc44e5ad072ac822034480f24b
BASE_00004169	baseline	k141_24721	1577	ea35f8815a923ed4ba3a0877dd4f412a5d8190b8d7a822291a66ab83d9ebcff7
BASE_00004170	baseline	k141_10833	1462	1e1a2c3332cefda69c7023d1f23caa0a9cf5ba755559b2a4bc948524236751e9
BASE_00004171	baseline	k141_17761	1972	9e0f8293d1d65116db2272fabafa00c47100604254a07e0cd4471efe8c4dfe2b
BASE_00004172	baseline	k141_17762	1041	2d3d71c876a674cc798cd86eb9d011da1168abdd74966ee6d8aec70040641f5c
BASE_00004173	baseline	k141_10836	1239	d0cac0fdfde8e803cc4968d2c656a41164dadcc209bf0bfafb0eefdac8e6d4e8
BASE_00004174	baseline	k141_24723	1458	90d0742861b3cce50965b0529442134c210a234d1201a3a4be65f3f7c95e920c
BASE_00004175	baseline	k141_17763	1043	71ecc5944559d6b7929d10717aa90cebeb8bc4a9d4b871e6e105a5dd765faf2c
BASE_00004176	baseline	k141_17765	1351	e08c078a218aed61b358eb4fd9422b50c1cffddc756f3bd04b6c7e26f63029a7
BASE_00004177	baseline	k141_24726	3386	f840b968f2b14c2db2cf1696bd3b5bd309d1698fb018832e1192f554567de488
BASE_00004178	baseline	k141_10840	2711	ae05a1c9fdd3e90be5ef2e1a85fb9ff6e1a46feb9b4a1692dbe8a7eed9490492
BASE_00004179	baseline	k141_10842	1032	942f76c29c1de9538cf9a9fb0b5ce3104155760ad357a48180184720a5431e5c
BASE_00004180	baseline	k141_17768	2616	931493604a37622efbb64c919b0fa1f43da5c0b35fab01d22c5093dac4c1e495
BASE_00004181	baseline	k141_10843	1437	53c90b753071a1069e4b1381056691078c61c63ad21d9f7423d5ee78a6d91ed1
BASE_00004182	baseline	k141_24727	2684	0caf5c3509df500e9964ed6bcb7ff4bb624c0d6b0b4cbd10787b327da307bab1
BASE_00004183	baseline	k141_10844	1181	cffec7bb8debe12bbca1f70d1ed4e95fa5ef681aee315e63bb0f58a8d32f9c76
BASE_00004184	baseline	k141_24728	1624	09e553424de3d644a1d4e7b7d584e7a3fcd96e5c71910e32cc102247640c0e44
BASE_00004185	baseline	k141_17772	1898	6f403d8fa9d26b88cd6e87809eae1fecaab83632e00edaeb5ef3a8230a12d121
BASE_00004186	baseline	k141_24735	2086	4446f2c0ac3009564612bf84007a04cf03e09893c57cf64650e8be6cee461401
BASE_00004187	baseline	k141_17781	1660	bfba99c07f4ee2f3ca955857d869eb85494808cb2eff59187dec9788450c1d07
BASE_00004188	baseline	k141_24736	1287	0f9fa2d18e1aed0d0cb4eeb4aa896a5cf1663503e431e9dd0ebe76071f7d762c
BASE_00004189	baseline	k141_10856	3221	2b556775937cd47ae70f8e0c1f4e0827462b8c746ca79147048eae2fbd68a21c
BASE_00004190	baseline	k141_17782	1602	ccc016ace636025c88285f8ebfbd23d5a6a935cabb716e5cbf07429e0eff1ad9
BASE_00004191	baseline	k141_24738	1677	940b40fa4e7adb16acb1369a4e2e797332146793dd815e0714003f72f82e4ec6
BASE_00004192	baseline	k141_10857	1462	4a6215762d33a0004fcdca1660af7ae9f0080edf4b1a9561b6b4aac447659658
BASE_00004193	baseline	k141_17785	1913	63e6bfc216ee65dbbaaadace0ab2d85e1a42e175e1874ad3eb96aaf916afb169
BASE_00004194	baseline	k141_24741	1269	dcfd1ca1b00e1496baf4691ebd6839dfbaf651cdb9ec19a922ccd2aa50359a67
BASE_00004195	baseline	k141_10864	1332	fb8ed64a4a7b82d89a5f03f67ac1551b119966b7b6264645ce688c6756e64293
BASE_00004196	baseline	k141_24748	1049	fe7aa5fb5168be6b25a6471f5a0afd95b7344a4c15658184af0f45c0cd8a824a
BASE_00004197	baseline	k141_10867	1190	3bc4d6b7b5b3551f8f07c377c8f28dab544208bf01fb15b14cb4b050b9c39aef
BASE_00004198	baseline	k141_24749	1370	5aadf76f7636a221e9dc10b77193a9f451c98d2b7b020c3804f68929093a9dee
BASE_00004199	baseline	k141_17796	1121	4cef76208a298def9aa9ba4590ee586f7c4bb65be33c8f602f2f885e445ed601
BASE_00004200	baseline	k141_3309	63338	3e4a84aa23453567179f5da28b47c03c0b964a3892b158fd352bcb591c7986a9
BASE_00004201	baseline	k141_10870	1411	3d66cd65034c475fe37c8fc3ac37e0779cfa23fb8973bce3aba41c3ea604fb8a
BASE_00004202	baseline	k141_3310	2714	4ab5785bf66751b153bf18cbe9639f120631ba20ad2eec9f37c1e8f1432a462a
BASE_00004203	baseline	k141_10874	1147	ebb816dacaa0c236d8440ab9bae2edcd5210208de1eb205e4f1e42b1564da41b
BASE_00004204	baseline	k141_17798	3514	76b9380e174004a4ce46e1cc9e11305b3780bde71fb36c88a7d679c79b091a1b
BASE_00004205	baseline	k141_3311	1058	2da9809569931619a0c22b817c05ebc8a39068e29dfe066ed957c95f6590eeac
BASE_00004206	baseline	k141_17799	1015	19b0b1e18de8c423cdea405e71600706954a4feeb5441e1224b7059478815c1a
BASE_00004207	baseline	k141_17800	1265	d1b815decb8f6ea67eb62a1e6614ec803adf560e19b6399e50350386a1da97c2
BASE_00004208	baseline	k141_10879	1261	e7a3077794c282c5f97b0bda085db31691d3b62e741991201535dcc99a166094
BASE_00004209	baseline	k141_3313	2559	31c0af2cf8fec7ebb8339ca30e540a04b2fcb36c428e1a5eac17320889510fb9
BASE_00004210	baseline	k141_17803	1648	ca8fefeda635be803ef9e5fcbfb4014cd11429ef726285c3ba92ba11da0ff634
BASE_00004211	baseline	k141_10882	1137	bca4610377a148a7d4f9eeec0d446b77f16d36835f3121cd249e63fd74217337
BASE_00004212	baseline	k141_17805	1373	015b3e727b791cc47a3d72ce6fbfd97459709d53f81e12880829b8e55f2656bd
BASE_00004213	baseline	k141_10884	1353	3f01280b21da716816274c2c89875d2f37d7fbc59b4e5bbe4c7fe3586e06e95f
BASE_00004214	baseline	k141_17811	1017	1f5de39e87954a68501e4a4f05c7f1cf173a9953a465764bfae4bbd6cd2d9cc4
BASE_00004215	baseline	k141_24752	12882	2a02eab14be8a3da59f8c3320b272ed8001364c82604826cc89d3220f62cb2a8
BASE_00004216	baseline	k141_10885	3352	c8ee4f57629ed139ebb73faeaf012e198d8110191d773528441a105aca4c55d2
BASE_00004217	baseline	k141_10886	1122	9944f676aa2d322619c0a6ee209226172dd7c748c29834decaa96e34419b61d1
BASE_00004218	baseline	k141_17814	1280	5425554ae500688887726582b924da9009047168f65bb6ca7d7fbfa27f8f445a
BASE_00004219	baseline	k141_24753	3345	a9eaf3be9d76a783aa96d4c2233254570e41254664f306412cdab25e6fa78a8e
BASE_00004220	baseline	k141_10887	1996	75828024f630c88553cee53d766d632cf8404ace787ab8b70879449e82835b0e
BASE_00004221	baseline	k141_17817	1059	110582369b1fc3d0bc53e1e273321bda56db66f28ecc8d5af38e3f56ee854291
BASE_00004222	baseline	k141_24754	1400	e98fbfadcd00d548e56f6afcf21092d57edb077943f53e1b2b4bc80de4e28ea7
BASE_00004223	baseline	k141_17818	1419	f513bf7ca0c2c7eff7b169b7b3cc197c3a3928e42d819645a00405ffb16f3fca
BASE_00004224	baseline	k141_3316	11544	ce24d29c7cabee32167895e828af534f5d5097272da837423dcc997bed5dff09
BASE_00004225	baseline	k141_24757	1206	866094e0a4ac00b469873d8c22acf15129ac749937f55529479d6ecb2841ffa8
BASE_00004226	baseline	k141_17822	1049	8b9148631df8f028b40909ffe6b8a7a81af7bce4a316427533075a89fab8fe48
BASE_00004227	baseline	k141_10894	1254	e10295652f3153085735484c2c2b5dd511e7ec4410207eaa2e3afc773b4d60eb
BASE_00004228	baseline	k141_24758	1022	d0c7bb08c40f0371280631e210dd37a488861beb41cfa1af4392a67c466d1d1a
BASE_00004229	baseline	k141_17825	1005	a353671bce2ebe6d69b32fef5a738df73c21b6b3bd99d096ff52c0d2abcc5b78
BASE_00004230	baseline	k141_10899	1523	c12381f2e95e9f249b2f28a8948547321fe93c5f6806dfa01e965b9a871a3132
BASE_00004231	baseline	k141_3322	1222	938b1086c827b670db885c6b243ea59044d21c68708714e4db3dc4c0c5fc9f96
BASE_00004232	baseline	k141_10900	1447	95e4e9025b8a7bfccf9ae784ac0f780bb4db0e818ef3e8086aaf792037a6b73d
BASE_00004233	baseline	k141_17831	1049	75b578a64747c33f6fc50cd36568d343ea68e00e4eb50ea92ffb2eb1b5d4a135
BASE_00004234	baseline	k141_3325	1717	bb119ad1c5642a828893932c1deb1be383d90f6d392b8f9e8553cc83748c5e94
BASE_00004235	baseline	k141_24760	5467	6efc4adf15482ef116169c89037aa5bee707717e62e2207ada72d19cec8d6f61
BASE_00004236	baseline	k141_17833	2534	0e386d1c8fdd7fb1278ccea04393c3ff8b9df99b414008261a65e417b1afd2ae
BASE_00004237	baseline	k141_3327	2346	732d14df118476821ff0df7e781f799aa25cf375468d23f1ce12c07cd54e8dd0
BASE_00004238	baseline	k141_24763	2019	e4dfce34bb0b19c0c98bea01e98ea9d5ea254d5416f4e6d08f83efee61417c23
BASE_00004239	baseline	k141_24764	1158	551db81fc37b03833044ab697b749b9444dca66da1481b5c8baf1c925b1bb7ba
BASE_00004240	baseline	k141_10907	4169	0d05660bcbf3faa8fcc6f97a5c6fd5abd41aa8fe7be59c33a6dda9cdd2640ac9
BASE_00004241	baseline	k141_10908	1103	48e964189d9c22ecb6877175464d0c005879ebbceb44ab966f58c75e9a2978ad
BASE_00004242	baseline	k141_17841	1592	c37fea4123ff19bcc9fde5fbc852db51895930660aca049949c93d4beb979d0a
BASE_00004243	baseline	k141_17842	1298	b63b4258fde95c5131e6e0590f27d046009ec9f8a95ada600539bb14920edba6
BASE_00004244	baseline	k141_24771	1840	bdb5179893cf083195318f7fb9c64d622c171cd882a510aff5dc6d2d9ff0a1e7
BASE_00004245	baseline	k141_3333	3788	27b7a521633e44f8def10c48e68ea119802b78472aabbfbacf153edaba3c843b
BASE_00004246	baseline	k141_10913	2380	ff95bb23136aad0761184cd5e85036e69a23f13f748b32344868023b880bff8b
BASE_00004247	baseline	k141_17844	2269	df2acbdd130a674c4aaccec8c6bcd87274c5e07da948100572ade4b460ecdc46
BASE_00004248	baseline	k141_24774	1842	1dfda094f73e425d543c36f3a5d994145c51b5de2cfd2f928aea79120bb5d70c
BASE_00004249	baseline	k141_10915	1003	d5706de8da9a503f5a0b0c35a851c319bef02299170a83bf092e47c8429b9816
BASE_00004250	baseline	k141_3339	1081	04804bc21fd44f1c22ba32d50b1d69a7e9018359d9d8f0f1aab773ceda3e45c9
BASE_00004251	baseline	k141_3340	1999	5a2e48575ae80dc423bcfa3e1ecc25ac7721663865179aaef77eb09ddd25e5ce
BASE_00004252	baseline	k141_3341	1206	55a21623d94364219ccfff5345f9a400706a311a2bf481df7679e715085279f7
BASE_00004253	baseline	k141_17849	3288	ca33f2fa21c6043ca27d496f0e88dfae24e7b7a3b348f4660db30af55ee24faa
BASE_00004254	baseline	k141_10918	3178	bfd54b7c49caad97e10ae78be44e8cf0d2b7213bfbb7147496c0d47a0ab4ef8c
BASE_00004255	baseline	k141_3346	1091	8b2e395358d43ea9e45088aefdda2e11af33ebd1350186e25781ddec8b440e2f
BASE_00004256	baseline	k141_24783	2359	1e4747f5ffead3877b6231f91fefa71dfdd19e9c18224cbc107f21fd6c46e093
BASE_00004257	baseline	k141_17854	1065	f86cf98e9d605fcbf5cc62f4cabef7f620e01b573aa59e6fd70346461bec355d
BASE_00004258	baseline	k141_10923	1487	6d34161727afc612b9da64b8d613f7d847032122ed0c06b2acdbb104f142a733
BASE_00004259	baseline	k141_24784	1774	408ec329bdd7f406a727b0ea9848da31fe4218428c5848d8f6bf956c687ec120
BASE_00004260	baseline	k141_10926	1229	adb3e69fb3251a264dda6e7e8591278945046b390e272e4aea1eedb0af06a766
BASE_00004261	baseline	k141_17855	3481	f5d7271b66c0676524a43cc14d2f511d3bb2daeebd19f7cde4e2fc970ce1bd54
BASE_00004262	baseline	k141_3347	4671	680de2a8d2063f9092ae607374d1f1d019d7e983982c04c33865e73d58cc50f4
BASE_00004263	baseline	k141_24790	1073	2050327aa256174980bd4d60faefeaee2c853edb0ad77295e5c20b85a9d05066
BASE_00004264	baseline	k141_10929	2057	57531a40bf9fd95007a5f83081b9570869415bb0acc960d758bfab998b479580
BASE_00004265	baseline	k141_3348	2365	ca560671949702caf9c1e605a0bdbe08fa417f36eda3f0988c9d308a07dc7c03
BASE_00004266	baseline	k141_17857	2587	ba720075e5c20ae616e965fd963cd894f47653b72df116bb008cbd65e1076a0e
BASE_00004267	baseline	k141_24794	1499	2a43cdcbbccb257adfb06244aabc9673b4ba2f56917910a85097e30a30af6486
BASE_00004268	baseline	k141_3350	1029	e29be33482a828f0ef663d6c12401ca872bd61d526782cf4890274db339ad456
BASE_00004269	baseline	k141_17859	1361	6e4ce67a8efbb084b2e1fa65d4600e1c771d1a8516d6e10383c01cf6c8954dff
BASE_00004270	baseline	k141_10932	1124	409c6e67fe438ffa30fe471052579efb73f96ecff09ef984549a232579025c20
BASE_00004271	baseline	k141_17861	1271	091ca3edde101605a37b71759c20bb322b86552573ceaa691540175563e190b9
BASE_00004272	baseline	k141_24799	1640	09fc7fc8ab274b12922a3aa2c83a68d6177415fba07a9297c781c6b502c8604e
BASE_00004273	baseline	k141_10936	1165	ca6bfab7f5266ce8082789f3bf5749ddfbb3ee53923f4cc9ef79e7c38f201ca1
BASE_00004274	baseline	k141_10937	1176	ad3aaac416dc419462d26913d56462915bc949b32cb20a7653956bc304694af9
BASE_00004275	baseline	k141_17865	1118	d4a4b635ee688146634317ae1839e23d5f1aa32247e840d3337358b34beeff90
BASE_00004276	baseline	k141_24802	1067	8027f9b72dd6554acc9a5b29c7ed7713f204a4f91fce389ab68a3b74bba4df7f
BASE_00004277	baseline	k141_17866	1170	f732fa3d09d0a96d6439bf253f30428e1e071c60d7de844f03304bab6d99ad66
BASE_00004278	baseline	k141_3352	5682	5ea256e0b6f1bce6a61fa7f07bf4121dd03ff2ae884e758083684e0b9d8bbb9d
BASE_00004279	baseline	k141_3356	1048	9a02939df053500491959b6ec8da5dcf6d1a7bdde9a951d5f31945f0d802f218
BASE_00004280	baseline	k141_24806	2471	5ed6db78df12bac14771a424024bf773c4362ca55634f8dbbeae4d98ec74d1d9
BASE_00004281	baseline	k141_17872	1222	86a2d667c1629e6da1a687e13387c88ea2011e0de9fb2521a5aec8475d47e20b
BASE_00004282	baseline	k141_24807	1022	fd63366e4f6a41e4b8cee1768e98c42088cccc30ab979352bef5237e98b5056f
BASE_00004283	baseline	k141_3357	2180	1926913003d94eb613837dd167341b71c4a4716d414af405c33ca5bfb4f22a9e
BASE_00004284	baseline	k141_10941	4786	e3798d5aa8afd7eec5409728f3ffe862d34929674655ef6cfffcffd0b6a3c638
BASE_00004285	baseline	k141_24808	1092	1bc193700f3a4e49843353e43ed614fc2b0b5c4e784f5fd04c80865d7bc27f31
BASE_00004286	baseline	k141_17875	3141	477a25353f53819513b4d38136cbbfa5ebd6a58067f4fa1fafd4147981921833
BASE_00004287	baseline	k141_17876	1202	34ecfddf3fe0cd3447403e1e3519a04fc96b3e831230d5e0102c49157fa44d1f
BASE_00004288	baseline	k141_3359	3733	d82acfb127b4bc0fea0d0089b34ea2a49f282b8ed7d8afac34ea456a937871c8
BASE_00004289	baseline	k141_10943	3644	ff0fb6e307d5ec1a7b233c6e084045f185d87e940e4f33b89b87b74ecd566fdd
BASE_00004290	baseline	k141_24811	3242	412d4bc4500bfe321d12dc5e7bfc499ed5af5417b17e3fb3cb8a4a95d12d997d
BASE_00004291	baseline	k141_17881	1160	2628ecca786d18f3c1e325df68de8c1497179d829430d08c76dc0ee7b8f6e79d
BASE_00004292	baseline	k141_10947	1045	6e0d21f88b542abe2ba96dcc44324630a5d85186aec488f85fbaae5b2a1a57f3
BASE_00004293	baseline	k141_3362	2546	feb20a95526e0e2d325c93ac11841cf43fa6a9a463582d784610fdd8f7bf3db6
BASE_00004294	baseline	k141_24815	2376	b6e2dcd5088941e2ef5cc81589c81629e790ac6a5aee452a6ccb53ce1d69a685
BASE_00004295	baseline	k141_10948	2239	af9c554e2cb80ec5417c45e60f4717f5dc23388585571c8470575fad3e7aba94
BASE_00004296	baseline	k141_17885	1388	0f23f4aeed3597fa8d6c858a8e0e18426e9d846bdd5c95444c37d69206568683
BASE_00004297	baseline	k141_24817	1851	bd262e2e9819ddd758884ca547afde2048ee6ad0ce4c2638cc08db85e3137f68
BASE_00004298	baseline	k141_3364	3135	dabadd951610fbfa443c671e3f1be9fc9f8e7bb10c3f212f0e5f85aa6893f25e
BASE_00004299	baseline	k141_10951	2036	71c8f104f607c76c717e3fcd3242880f83f7b17c88635403d5f0ec055688bb93
BASE_00004300	baseline	k141_3365	1297	d8d3fb6b7c10b1ee89e29de3a07e3d901e2cb80a10086c7fb5d0f8baa3a63d50
BASE_00004301	baseline	k141_17889	1695	ae2d47d092b09b7e82d0c89620d0281a721e6b7c2feeb153c9091eda1278b795
BASE_00004302	baseline	k141_24819	2101	d24ad66ac074cf7a282595a028d4dde860a3fd66598e096edb55121930df7f71
BASE_00004303	baseline	k141_10952	1386	5a2f56c380d817ea0d176468f100ee8c672339e35fd416512f6a05c12d555e78
BASE_00004304	baseline	k141_10953	1419	b66f2d260b6ee89e0dbab6119aa7544fac9e7ddf9d38e798bf14351db2c1f87e
BASE_00004305	baseline	k141_17893	1625	3b865088a92ddad5b0936accdf24d8a249c214579ac807a54f80d3927dfe4e86
BASE_00004306	baseline	k141_10954	1381	2f377515f5f11f80ddc7000e5364f2f2824e99cb46424eb5dac1c66d45dbc5a2
BASE_00004307	baseline	k141_10955	1210	52f501640f8ce25af4dc4f5f893c0e4359d042c911fbe33614db527ce9b7efc9
BASE_00004308	baseline	k141_17897	1555	bab231ff1266def740f6e1e1511f5ba06d5c3ac14d38edf5b8e8c28d18ded364
BASE_00004309	baseline	k141_17901	1192	7acd364985f715eb61cab3e7d511be2cbde803b86f63efb7efdf1f8a17e6f8ad
BASE_00004310	baseline	k141_3369	6566	48fbb43369654642a1aa7acc7f7c5be6329477a72da31ad6345f43308b5f3df8
BASE_00004311	baseline	k141_10963	1199	c5f5a5e00b0a15a85e9b1d9071bd6da3a8306f9201b0d80b24594b5327b64506
BASE_00004312	baseline	k141_24832	3652	8e905ee858399e1be43f40c931dfb9429f50558d636240bebc783e81dd39ca49
BASE_00004313	baseline	k141_3371	2241	fc62c170542accfe09dda3412d4c69765bfbaacd5bb6194f74241149b1246fef
BASE_00004314	baseline	k141_24833	1423	dbcf025612a2533f4a5682e7493a62c5904b152838e51ae4c70a724a4e9d9ba5
BASE_00004315	baseline	k141_10964	2315	5b6d9172b1c4b0a49afd989e5a9846707d77992cf9ceff2d4cb2150f75eb0db8
BASE_00004316	baseline	k141_3372	1555	97fec1bcddc62e013799c152e99bdcee7617780fe03df85af24df89889b8cbc7
BASE_00004317	baseline	k141_17906	2884	c62676c776a5fe08745345b65ad6012ef127b57853d38a887861a688d0afcf20
BASE_00004318	baseline	k141_10965	2044	e77ab1e9de49949d9de5d403ab9097688f5a3c637c85bd3f5c3dc0ab317e5bf0
BASE_00004319	baseline	k141_24836	1498	a61f05f8763614d37dc7a09e9695e5d0d35c7647cf913c4011802bd8b4e944a5
BASE_00004320	baseline	k141_24837	1388	0ad2837e10b9fe905f38b48bd42981282b9417afee33ea1575aa6d0264fbcfbf
BASE_00004321	baseline	k141_3377	1063	da276a3f45f84aef8403963a7a5b0b4615089dc93f38cb3a92583d5e0503200c
BASE_00004322	baseline	k141_10968	1188	e73839c9f44381869578739e6c106018337be8c8a95c3c5ca13df2d32deb2f81
BASE_00004323	baseline	k141_24838	2153	7ef4c572d9ea4516bb87afd74c2adb9c77fe19ea33793bed00fe1b28ff411cc3
BASE_00004324	baseline	k141_24839	1170	012d25161aec1af641dc88549352e4b79b603c60ebc060dd50ec9b7ae528fc5e
BASE_00004325	baseline	k141_10969	3026	3931051541c30a9e819402c292f776b3f1640fe97d58a1e5ee5143b8c88653cc
BASE_00004326	baseline	k141_17915	1391	fa5b8329c0857798a898eb15dfd84861c24e3196b96df7b63a1df0380aee16bc
BASE_00004327	baseline	k141_17916	1030	47d308a48bff9ca556e73f3f1bd47b3152dad20038dcd99a21197d9c1a885d29
BASE_00004328	baseline	k141_24840	2422	54cc370501c95fc858ff39866e35a35ebe096fb994ea91d99881f0ffe1079a89
BASE_00004329	baseline	k141_3389	2177	ffc67db15835e1eec71e259e2c3db4aa65d8080ca9a032be62837c003bc8eeab
BASE_00004330	baseline	k141_17923	1084	887f55e92ef3e8f40c504fdf1744176424112279125a09901b7e4cd7cce18695
BASE_00004331	baseline	k141_24848	1155	ec5bebfcd17bd363713a52ebf601999b76da769d121f8d59811d3b0e657bdcc1
BASE_00004332	baseline	k141_17924	1833	7f4f05023de6eed855c801f8dbe1013cc1ab5a6fc13363c8904565848c50c586
BASE_00004333	baseline	k141_10971	6847	8707c62368f67688038ec1749572c4e3f4e94e6b6e0ff39be7ac3f8e22b0eaa5
BASE_00004334	baseline	k141_24849	1142	355105456f76b2461eb6ec5ba48ebcaa7bd3464f81efe6f1afeb03215ae0117b
BASE_00004335	baseline	k141_10972	1462	19e3947b67384874144a666599a29308e574675b2ed531827e453571483bbf14
BASE_00004336	baseline	k141_24851	1209	b040e9e84069964f67c8986edf3964fb0eba4d17c940260834c5d6c1303d3d31
BASE_00004337	baseline	k141_10973	1973	9dbf5e26f9b4417b62dbdf9d3eeb89b09bd1d7d6e743f41597ec64989865ecc5
BASE_00004338	baseline	k141_24852	1478	37ed00b882809854419cc6bba45e0a8bfac3112a18522f221dd66e435960244b
BASE_00004339	baseline	k141_17927	2902	03df629dfb4b8f5baf3e1e9269f90e702295d877faf509723c3f7ad3a2df86dc
BASE_00004340	baseline	k141_17928	1149	9749f14762e374917d2ba5bdb9e2121c2620ac4d0b8f6eefd6f6f8e905c3c012
BASE_00004341	baseline	k141_3400	1241	82d194e119d600909ad9a3f67473b7677e191936a49e90584c0d06a1f4cc29db
BASE_00004342	baseline	k141_17930	1904	938df8d7a20e83e50424eb20bbeb3e3e519ef12ff8bb0eb52ea49b63763eb920
BASE_00004343	baseline	k141_3404	1005	5810ff37f9a7772636491fe33a0408ef72deba2accd3eefec1a41e2d0814f93e
BASE_00004344	baseline	k141_10981	1483	9ef4e6ec71383ef6420b3f6d9923c76975bd50d881e9f32f9ecf58e181704fd1
BASE_00004345	baseline	k141_17932	1403	1994e439de4658474ff4c1e23f402ab41b4ef28d8456ab9f176da391f941b2f5
BASE_00004346	baseline	k141_24861	1013	c92d32b0554bc1b60286002a74f21a878791fc731828d8ccad51b372c7bdba6f
BASE_00004347	baseline	k141_3405	1869	808f477226d7a5c6840f1d802cd3c2f4b77afbdca85587ba32c940ea66522360
BASE_00004348	baseline	k141_24864	1211	68a023494d0f82b7e391f25c8e14d096a9cae0de50f4e9bed90492347a3ffa1f
BASE_00004349	baseline	k141_3407	1954	0b1d6ede808b30409aa6c7a66a7f5b53c29892995052c8d9fceb45a30eebed0a
BASE_00004350	baseline	k141_3408	1195	8604de22c1332fa792f554db03d222e156fd72ccfb9668c2c14c6a7240677625
BASE_00004351	baseline	k141_24865	2514	ae4899758b29dae97ff7d381e06c795ea6fe654c9db9952cbc33c1dfab494fab
BASE_00004352	baseline	k141_10990	1263	7e5c06a4caf9418223000f48b8d21209d9aac66825810e50fbc541d54db97683
BASE_00004353	baseline	k141_3409	2094	620196ca0c143b9d02925f48f6f3f889c90af9f1add5f7d1b3d32b79a7384ca0
BASE_00004354	baseline	k141_3411	1245	7320a3c341942e9c1be7a6c6f6297828ef9e5cb41e8ee1d2d5d35ad2f09f216b
BASE_00004355	baseline	k141_24869	1391	4306e64edd1ba8e4bec4a9ccf019a838600273f3df3b4f3a47c9d313a227ceac
BASE_00004356	baseline	k141_17945	3399	5a66b2f222f1020d65ab700444001b54747b7d377fcba6de4e8709c968b68aed
BASE_00004357	baseline	k141_3414	2677	e861a9a4a5225d68c53cb95c416578995fd544166c1115159b425339aa0aad87
BASE_00004358	baseline	k141_17947	1428	ccbdf59c357fbeddc2448afe90bcf3d6b59516e8e4e890fddd0a4c33b3c93646
BASE_00004359	baseline	k141_10996	3102	56325d7e33a3841c3341ee82eacb517bcfc9e8082b831f1bc95bd6e0dca71938
BASE_00004360	baseline	k141_3416	1033	a7db1397599fd7375f2eb44a96dbffb29a4df916ee92e452be6acc301f2e391b
BASE_00004361	baseline	k141_17948	1808	92f4ddda03800fdf50ce99797b01598e73da1b4d106b81bb047d833a5ac9904f
BASE_00004362	baseline	k141_24874	2948	9d7fad152d604de6311dc8a5edb1ca662e86941c4ca3547753f72d568ebff72a
BASE_00004363	baseline	k141_10997	1557	0bb99fa7a35973dbcb5adb78bc9ab2050fc3a847f312dc5802f3a1ea1f836391
BASE_00004364	baseline	k141_24875	1066	ca5bf4831f3022caf4de63f388f486264ce576af08107ec31950f60cc814fa08
BASE_00004365	baseline	k141_17949	1662	69ea17e2bfaa04184a2f916132d86530a3c801d7ecc0d4226f340c109e166b13
BASE_00004366	baseline	k141_24876	1079	519f0b5cd605b342cd9d524f1feda22196087adde72a0a0e3e09d0f33697420d
BASE_00004367	baseline	k141_3419	3468	020a43399e86691214b6ff13532e91ee995238c656b730313f5a59d930b99e4a
BASE_00004368	baseline	k141_11002	2844	aa6309ac2f38f1e6a8194a4927efc00ad29f38841a39abe58830211b7e4ebd38
BASE_00004369	baseline	k141_3421	1290	679990cd1d338cc4c8cee4d9424f8d0277288cb2b814b65287bdb33d7b249d4e
BASE_00004370	baseline	k141_17958	1002	47f8ddacf9ee4d7c6cbdae302f22b28e7b374a5bc3396414a22ed400bcbffe14
BASE_00004371	baseline	k141_3423	1148	1426f239cee917aec574be0767e76568bab44e8221dd01606169d605a15ccbe6
BASE_00004372	baseline	k141_24879	4674	dbc27f1b850b67a11ddcb8feafb440ed9f8e2c5f577130ecc5d74d0047b15e5a
BASE_00004373	baseline	k141_17963	3656	ffbc0ff67fa0823f1fce3348688e0b29cc2a59abc08b1a7201316002e8bc8fef
BASE_00004374	baseline	k141_24888	2438	eda54c3e30b4ff3b68124c8109911ebd35e6830ea0205540198a5171c85f3988
BASE_00004375	baseline	k141_3439	1565	33cd4ff5a59e381161e25e8a72ad657747e9d54ffb8b758436d1e798e6d0b000
BASE_00004376	baseline	k141_24890	1115	df95391fae999559bbe617d4bd1d648fc08c13d6d859b83034393f65253b326a
BASE_00004377	baseline	k141_17965	3168	01751a1c01b764a773eb3cb38b6091ac53e05092b2fb46f6fde30de4965b7028
BASE_00004378	baseline	k141_11011	7110	e6e75b98d209a1f6639ae5f7a9a02cf11b68f290bab9386f33bea3649b2bae72
BASE_00004379	baseline	k141_24892	1129	4642eb28c8c68457f652cfd192444658e88e99599e8c03e68f48cc60d4ab80da
BASE_00004380	baseline	k141_24893	1015	70e2da139b63e281c6a0e7f9d34ed02f3ba447f43af346a8b0e49351279c3271
BASE_00004381	baseline	k141_11013	2061	468175338871d8f154b01cc34e036908ac45937a874443152cde4604f2bdb964
BASE_00004382	baseline	k141_3444	1438	db503cdac780cc509bdf28aac53d7a282e1cd5aa4758485d0750a69f4ffcfbcf
BASE_00004383	baseline	k141_24894	1650	bac3f75a71529d55db3af11ecc4b59782b7c1d7655e9940420810fa70b096b39
BASE_00004384	baseline	k141_17966	4200	f424af2a49af2889b1fe3b093eb58cb9b68a5fd14d3a9810d635c4a82b382e5e
BASE_00004385	baseline	k141_3445	1839	9c93cfc9dc2bec7d4ca42c47448733e2087bfe91f33b38bcc000688a2d8cd908
BASE_00004386	baseline	k141_24896	1284	e847c4fe417866fd539c8ca12c9175c44abf1c4b913c12ed5743d54951a4f4e5
BASE_00004387	baseline	k141_11018	1148	9554b81373c93d0b7c11a48390e9f4bc814f5ffba3f72605742a491991b3db4e
BASE_00004388	baseline	k141_17969	1675	d6e11de42a709cd764d36f25c2d31a32bcf36a30867cc895728495aaf481a034
BASE_00004389	baseline	k141_3446	2965	d85ff0548ae0bc6ecbaea6af521ba5e2f7ddc13906d63e259df3088c99e362f1
BASE_00004390	baseline	k141_3447	1097	c053145d97488f18db6ba18abab9b8cfd5a5c9f58e5ebe3414ba50b6331d5575
BASE_00004391	baseline	k141_11022	1878	9d886eb5fdb7fc80765cb942777422204a70737734eeb0ad70991395625f9b5b
BASE_00004392	baseline	k141_24898	4204	d27bf36223ce04deb20f6c6211768a7deb0b9ea9d644e08cfe00c2a32741bec8
BASE_00004393	baseline	k141_3450	1437	6877817cda9d66423be62413e9a16fa4cf9e95bb0232a9c438c7c1d1f505ce31
BASE_00004394	baseline	k141_11024	1427	78c8b0126b463a08518a93b8481c377c560b17c33b2b4a5e11a9de2c29cd55f0
BASE_00004395	baseline	k141_11025	1405	afa96d2c936d1229b5f2bb65e7460fd4005501e9d5d5d50c18f8854bbf788ca1
BASE_00004396	baseline	k141_3453	1034	aa95a71b620d91ce67e4aceef4ff2cb2fd7e1ac718fae823669efeaf3cccb6a5
BASE_00004397	baseline	k141_24900	2720	b233842b42c501992cc4eb691495f486898fc446e8172805aa9bac57a8afdaf5
BASE_00004398	baseline	k141_17974	4494	f79a7df6d5fae3679a21fd120118c30eede43f38d3852d733465d26601303003
BASE_00004399	baseline	k141_11028	1511	6b7da443056d0eda763e6f9515a5d3ecf1747f3bc36b4f638207ff39d8510a64
BASE_00004400	baseline	k141_3458	1233	bf8d139592acebff84d16663ca720455b7b9c6a910e0199b00152c2df5ff1ffb
BASE_00004401	baseline	k141_3459	1102	5d6ff4596a3da27bee3def18640602ee1036865f8b0677d78ab51df17d2d958b
BASE_00004402	baseline	k141_11030	1867	3a7d1ccb460f128c201c69e13f86c47a0f02587d30bcc101d7247887f92efb01
BASE_00004403	baseline	k141_24902	4908	0b662d63ec6e1eb52b62f18cbd32276916d217f3c463d0170485dd587e1dd902
BASE_00004404	baseline	k141_3462	1661	e316a2e36b78be21ff8ce9b8d730f38f87c7b52abb6c37da1519791fb1f6140f
BASE_00004405	baseline	k141_24904	2170	5ed7269498fb138e756c2617a348236f1eac1d422024daff95db555d27ca49ed
BASE_00004406	baseline	k141_3464	1244	1952d8cc73b4343f52fa3e90497ffe96df2ba67005b60cf98085088017a6e3c3
BASE_00004407	baseline	k141_11035	2982	a135a66aa4cd8dd847aeb96fa3ac8aa32906e6d8dc0c5135aae832f3b899b5ac
BASE_00004408	baseline	k141_3466	1711	eda3b73a3c40285e53b83e3c99ffbdd7afacd6566bcc450e96a6dd099644d5c0
BASE_00004409	baseline	k141_3468	1606	d1b390b05684c1d6c97a8e3cb250f39579ac49a9a3d575f97dc343053c4be094
BASE_00004410	baseline	k141_11037	3376	05004e58003e2b178025bf428c3c032f8a75973e3e485957f68ed7cbf9a11cd9
BASE_00004411	baseline	k141_3469	1195	0d5aab495d9fc7e54ede703f845ead87eaba4e0de234f9e5775880f2ac476a59
BASE_00004412	baseline	k141_17976	13116	076fd20dbc0d283fbbe01576a272cea61e969db907dca9394d73bee0898358e4
BASE_00004413	baseline	k141_11039	1394	394935bfb62e74a48fd7a713e59f333229aad128928c131a766dc05ea47351d5
BASE_00004414	baseline	k141_3470	1684	d8980f5b1995d11c9d50f4744e5e5d59d15458f305b83cf08c22d671a00286d1
BASE_00004415	baseline	k141_3471	1556	f134034f7a9a2b9466af52029e2ed620a15cbb362a3e9f6bea3eee3cbf82c0cc
BASE_00004416	baseline	k141_17978	2870	b66bd8b17a040e94d2355930872bcf4ab3177bdac89393218fff82e3dca87659
BASE_00004417	baseline	k141_3473	1279	7a7074f9a7c5f69c1da78c41e1aeeda3a54730ce56c753113de16f79931416d2
BASE_00004418	baseline	k141_3474	1048	76e3f251a35d373d324f82cf573a2735cc6be2a376f1bd7d1595f269d8d6bce6
BASE_00004419	baseline	k141_17980	1086	3d4e7aeb73234b5747d976acce8288b5c3624c77b816c00dd36c38c28808687f
BASE_00004420	baseline	k141_11042	3952	914bc63ce459ac0d6ceab46ba4cce7a2a27e8d205951a7ecb033d6bf41e0cadc
BASE_00004421	baseline	k141_3479	1365	fe540d4aaa1f839bf416a0d3bebf8bbde7ad8c9884bcfe94b18d10e3da94f228
BASE_00004422	baseline	k141_11046	1265	1611e0d46eca77faead7bb5f85cad54b4100307b0b9f04a54f34d23f6f8e9797
BASE_00004423	baseline	k141_3481	1952	e0176fdb35dde073454cbc4fd631f2ce91303859603cc92af35019113e5f7f1d
BASE_00004424	baseline	k141_17990	1845	9d4f7d039cfee6a7ac5d6416e7203b6d6d20dbbd0b9142dbff8f36f79b01e8c7
BASE_00004425	baseline	k141_3482	2169	fe54b39de613a2c8b3a060123066ff8f30bbf7e13f5c8affa285bef5d7570847
BASE_00004426	baseline	k141_17993	1169	436fdc41cf22c6782dfb1f90cbb0653465e5bdb2e421c4f4f89859441e566750
BASE_00004427	baseline	k141_3483	1592	65992ffec93528550579c19c4ab56adef3d6d27bd4dcb8f2a0e1685f8f992ae6
BASE_00004428	baseline	k141_11047	6655	415197da9deccfab58fe58e8496a4a3600f8d31d8a48c5923577deb90735791b
BASE_00004429	baseline	k141_17996	1103	f8d38aee4aa0dd61fc22ee10b0cd13237f74560fd1296bf6656f3bea1274399f
BASE_00004430	baseline	k141_18003	1248	bb72215d419d3c84646c1122204f8ce299df20f767d5e117b0fa0eb30f752131
BASE_00004431	baseline	k141_18004	2109	bada7a8eaae6f14bdbc663a85d465b12ea6ba16a4f56a5efb81847d6cbd61c32
BASE_00004432	baseline	k141_3485	7910	8fd987660b87e00c9c28c71d5a61c6174967aecec39ed014fcffe3172a1ac97d
BASE_00004433	baseline	k141_3486	1106	a4fe687c97d1e0198490d0efb917960cbc34902f7a3c6b79236b3dd0c9a78af2
BASE_00004434	baseline	k141_18009	1396	2c0adb930c912a05ffc0f085aa406f1ae0baab148a2d5ad1e2c2de9322960b7b
BASE_00004435	baseline	k141_11065	1571	bdf3d6e3d8dd463586895dae35c13eebbb700ca6699fa7d61a98deaf1762187c
BASE_00004436	baseline	k141_3492	1054	24b224aaf191b109e28abe16e5001cd2ca39e38dba3f7f8ec9a2df44e8fd1104
BASE_00004437	baseline	k141_18015	1271	483e2ffe662aff0f0d437ba8ff645d7bef1958aa9949dc33a95e354cb64ddf12
BASE_00004438	baseline	k141_3493	1062	cc84c4f4877bf35b4fe9b3982f320e754484d6087cce5ecc8582ab67f309c7de
BASE_00004439	baseline	k141_18016	1077	f1d4d01b71afe81890b488e59001ab178a224149e8be12927f152c1eddb2a1b8
BASE_00004440	baseline	k141_11070	2456	da65deb568b14d95e95640d113cda31c13bc5c5a9d7ab5e4601e103e389de690
BASE_00004441	baseline	k141_11073	1438	8abc3d441b07e4119e1f4e4434b356a9357f7da3321f8eb9c1826f464ac3b74e
BASE_00004442	baseline	k141_18018	4575	1b767e4dd915f66d2f19773aa8681ed7e63b81a70b89d46682a5bb8fa7f48f14
BASE_00004443	baseline	k141_18020	1412	a04da02debe9baa011d66901e1bdb23646209362fe1ead77b81bcb781f0df8cf
BASE_00004444	baseline	k141_3505	2896	88fa28d7f8b5dbf82a29e22e0396e8b260a593138aa8fb1f309ce86ba32a5313
BASE_00004445	baseline	k141_18021	1278	3d5f69417a7af5bad49e1e951a8a0f4783e6b16ec850b9796ae14eb562f56f63
BASE_00004446	baseline	k141_11078	2559	7b8e991008df77c6316b626d3c1f8d34514010e3fad55b4ed9c63da941d8574c
BASE_00004447	baseline	k141_3507	2780	b7ef4434584509306161c39357fe7f54d424c9e84a8a4c76866ef8c92fce49ae
BASE_00004448	baseline	k141_3508	1095	11e5ec8727b901c702905d98ee0c7d593b1a431cbaa82b9a123ba6a1e1dd164b
BASE_00004449	baseline	k141_18023	3710	8ca96282c05583e27077ce10887c1f4cc0bb5fe3f0d6938a79ed553a5d663cef
BASE_00004450	baseline	k141_11088	1274	034b6a92e2994a34449eb6ea25372da47ab1accfe9a62c27838933ba2962291d
BASE_00004451	baseline	k141_18024	2349	3913ea361765e5d43edae22e0b358e9dbf3b317da5f596bdd1db02a2762e4048
BASE_00004452	baseline	k141_11089	2225	bb90964caae060e3dd4c4b0408a20303d28a26e1cfc01dbd265398a717ee17b6
BASE_00004453	baseline	k141_18027	1091	093d21cd432300ff15ff61f9c3511c22e239084d208cf66cd139cdbda140817e
BASE_00004454	baseline	k141_3518	1509	b786dc860c47fd076d0f370920f0a8347040e1f3631297110d6c5bcfadfea87e
BASE_00004455	baseline	k141_18028	2195	abe229727f5e4c42a23a214a73d09caf12a0d7ea4f1763b93e23468dda4e51e4
BASE_00004456	baseline	k141_11091	1804	09196f05975cf7b9385a7c5542b13d1a8ba960e5e351818d7affa0c69116a0d6
BASE_00004457	baseline	k141_11092	1645	23a248a3a1c5b37be1bb1ef2c23d7758a4972ea30009d9bfa57bb7b9df753595
BASE_00004458	baseline	k141_18029	2124	bebb4c46a6a4d421a8d8127e55e8a3dcd9966ad4095cc7d1cc3e02a18e5b33d5
BASE_00004459	baseline	k141_3520	3791	6f991afed5293b15f11abc97ab1e7dde2408c81e75689c28769fe11b29057aed
BASE_00004460	baseline	k141_18030	2003	8285bed7c59b9150d6949de4bf0789f396803cdd9001011fe81484da08af5a85
BASE_00004461	baseline	k141_18031	1488	ac7d99c3078df94cc4f8bae67359ea827d4b3d4e66051bf19509a2e535bf8ec5
BASE_00004462	baseline	k141_11093	3702	07d7bfa240af948ec07713b02497715b2bf7640462affdfc32eefdae430a191b
BASE_00004463	baseline	k141_3522	2058	ac7466fd9d6b6b3cdc1c3a409a8988c452e7ec8a6cdfa1d59d0c8df95d071e65
BASE_00004464	baseline	k141_3523	1233	b25ac3b2b8a4afc535ddbea2f79596280f16da1e11e21e6c56f8f0a18208c9c0
BASE_00004465	baseline	k141_11096	1637	407f0305ad01372187941069ed1f021152b9ef09a2665a853bcb3f8a49445245
BASE_00004466	baseline	k141_18039	1087	71d19d0d5a5ff09af3aa25b4199ecaff3b72bd5b21d7e49910018948a0ad061a
BASE_00004467	baseline	k141_3526	1965	a5e2faacea960969e930099309ec5e427dfac74e5ac874c338255043ce04cf53
BASE_00004468	baseline	k141_11101	1344	d57601c2c3cd2875765c472414757c17c10567a2dcc5e2d633b869195ccda9eb
BASE_00004469	baseline	k141_18043	1905	f38b73642121ebd110c76b9de3b4c131aa9c5256f374670bb8748ed03d0fc033
BASE_00004470	baseline	k141_18045	1779	c70e203a27348f2d99b739a3bbef16869fe34a75a69114dd5a3d5e44d3531581
BASE_00004471	baseline	k141_18048	1289	92b4ef5779ce941c6068db3879e8f36021e4b18203189de2672794176b5096e9
BASE_00004472	baseline	k141_11105	5131	920aff8523cbe596e5a91715314f66a6e78323cb06f934499d4962bb37c843ed
BASE_00004473	baseline	k141_3536	4611	7804162802ef32f46d5ca2231449af6555d8f448d10d2ee6ec4dcdf2c35e6e52
BASE_00004474	baseline	k141_18049	3005	d36d77bcb3fc3a2d2d00e253710006b41e251f388a76267c8bd552e837ce1234
BASE_00004475	baseline	k141_11107	1634	d212444f415618efcebc18eae775cb8ee4a1d0dc6bdcff556d61994f26b4f91d
BASE_00004476	baseline	k141_24905	76118	5040697ed3295a6715beca8bb78555bf823dee13d3d22fb098026f2eb4fb70f4
BASE_00004477	baseline	k141_3538	2486	e7597741e0927bad5feeb5dea3a79d605686396027c8a6159050ba7031239934
BASE_00004478	baseline	k141_18050	2765	a6df4a581d3e15b08cf01e323d9deb929402deef46bc3ef3d9fcfc54c0ae5719
BASE_00004479	baseline	k141_11110	2069	c70a1eba00fed9381576d9eb4b2287ea10a1caaa824dd39ffea33b41ae758a8b
BASE_00004480	baseline	k141_3539	1273	7023cceb337027be0caa90ebe6726aa23b36c846b3ed67b81bd5c8bf7272bb18
BASE_00004481	baseline	k141_18053	1352	9a65f700bad50228bd73a59cdde24cbe8fe348c9a465ff6f0795fc046a0b5b34
BASE_00004482	baseline	k141_11111	2136	fdca77e7bba140dcd940cec49f88efe887e813a81db7c5f7b5605a94ecd331e6
BASE_00004483	baseline	k141_24906	3565	2c95df782574d473e0cc6a835b1723f83140100d3e296ec60f00bd6c5b9955f9
BASE_00004484	baseline	k141_11115	1239	3fe9f01fe3b87860858f61c60c57188a091e2eef192042ff2f6d4e8ff14a0c44
BASE_00004485	baseline	k141_3545	2692	83c2a22c958c422993ca9b18bc118515a43ca018fced4160749a4fd8286f4ff0
BASE_00004486	baseline	k141_18060	1308	14ad364ba0ff3ffb7012e20940d18499b537d609ffd0e0b9a14cb4cc7487c4f3
BASE_00004487	baseline	k141_24908	3890	2e9e678e094247cd0235c9b4f3e0192f95fc91a4e0f548b2f6361a0b87af406c
BASE_00004488	baseline	k141_3548	1037	e41938a9a1595a11412e0f023423baae1b63f18f4444d8ec1c5505122c60531c
BASE_00004489	baseline	k141_18063	1123	7226f3639657812e3fcce927fc4cab97df93b55c61a3ab756de496d9aff4d829
BASE_00004490	baseline	k141_11121	1665	8e65f60cbb193e7fb96f0be9e85893f7bae6a5f211d948b07b07235301b69186
BASE_00004491	baseline	k141_3549	3203	394b77ea00b674eef175fae52d7a1f414de98d2ab438c30601afed33a6cf4c50
BASE_00004492	baseline	k141_24915	1014	4c985fa0b329a4bb6b07dcaaec8e9fd77c8b0e1e563aaa8e31b5f65332af925a
BASE_00004493	baseline	k141_3550	2182	d2c81eae3fb3ca2517f84f59ceb6d841b099ac3b96cae60ae47853c59a869906
BASE_00004494	baseline	k141_24918	1132	da7e9df8aac0f9aa85e043a1df860463cb17076686fad8455b94807356627727
BASE_00004495	baseline	k141_3551	1013	9b6ca386955298ce2207b59338208c47b5d4403f225b271e03288a2915398d32
BASE_00004496	baseline	k141_18074	1636	d3dc3df0c958c8c82f86f5953a4f9ef052563aad5ca0615ee016a588c2f06382
BASE_00004497	baseline	k141_18075	1223	ac6e1908eac11f55e722582e6ed2369a9658099a1c07633a304da875762d8eae
BASE_00004498	baseline	k141_11126	5121	8f1d6a32cb50100f911ec8bd1aab28b099c3101728ae9368607446fb55d62ef6
BASE_00004499	baseline	k141_24921	2896	7a79ef8755f037277dfef47bb807031e2418f8770bbce0991138a64971cb3c49
BASE_00004500	baseline	k141_11128	1137	6e22506330cfba60ea645e03d44ac1c229b9fd6fe034305aafaa17630f15d66b
BASE_00004501	baseline	k141_3553	3184	3506068c3fd7446fdd99713301ee869c2329f6b6f594d726d212b7617291530f
BASE_00004502	baseline	k141_3554	1064	ab5b1ced2360f8ac480aad2d74670114ed6066ef2664008ea28b445c8fb0e894
BASE_00004503	baseline	k141_11132	2115	09cc327b0277c3a8e298066a89a974383c736822f50d4bd5150061fa7b4e7401
BASE_00004504	baseline	k141_24925	2359	0d10475a9aa93cae29c2a63688149ff22b7f59cd328fdc5b3c8c62fa3897c0fb
BASE_00004505	baseline	k141_18077	4629	2ae48478b4a4000dd77c9dc45abee65ff07f32239ae2d922a95bbfa56677eb17
BASE_00004506	baseline	k141_18078	1378	d659331a66866920e5fa7564dee0cc3b475c2c284a965ebdeeef33a9f7514ba0
BASE_00004507	baseline	k141_24928	1210	9cf5ac66873bf832ce901ac0eed86768ebe43c05fb5c9cb2d1300f79f4c83577
BASE_00004508	baseline	k141_3556	3961	1ec553c6a99e0135bb58b3033497512a9e5004cf9161159f08f9fc30fd763645
BASE_00004509	baseline	k141_3559	1410	22ef41c4fafd24f43eb378a37c0f3241abfcc388106e46c9f6060a7203b6b902
BASE_00004510	baseline	k141_11135	2995	ea012cfaabe5eb0a85f45481210aa6e471bc34b89be362d65c544f206e7379b1
BASE_00004511	baseline	k141_24933	1249	431274b6ded87d2453edfc4fee3b95dc6b7159e6613476c53e0a02fd14a7958e
BASE_00004512	baseline	k141_3560	1383	9a92cf28e90992c6049e16d6bebfa791b05827ea0b4ec17eb9fe34e6a447ff6c
BASE_00004513	baseline	k141_18079	3816	8a66d86793e3fa213c40db2ec908656d392dc898a5ea7ad0b1f1e73ceeeca9b7
BASE_00004514	baseline	k141_24934	1278	d3db91a6234a1dc258734563cfe60aa6be32ff048d8eaf52d3605249da43f2eb
BASE_00004515	baseline	k141_3561	1153	8b4b6e2b88483a5613781e215716a4f2d3cebfcbdec2804ada6c2eec626db2cf
BASE_00004516	baseline	k141_11140	1211	dbe77da4ac662359516119cbb96f127250f1e0a4f2bc307c5a5eef4fda3ac8f6
BASE_00004517	baseline	k141_11143	1114	fe9dda2fc316d1ae6c7685b35e901dff5232bb80050886141c17c814dbfc4f9b
BASE_00004518	baseline	k141_18085	2414	5071f81560034cc01c1d2da1e0e7c6130528dc370583b4ce7249fbf9d9f7f439
BASE_00004519	baseline	k141_24941	1577	b9903f5d1ebab24970eac4ec4f55a7957956e04f0ac735b33e93118e09643c5f
BASE_00004520	baseline	k141_3567	1021	6cd5e0336c340396586f4ad424271136147596365d6484e816559d15311c2b3d
BASE_00004521	baseline	k141_3570	1309	6ee9faa855e7a15b059acb2404a94136a5fc445114820dd77857498ba23f5a94
BASE_00004522	baseline	k141_11150	1060	cc52850bf2fdeccdef18f8f2aec94442460e7e940298216cfbb23f13f6909d0a
BASE_00004523	baseline	k141_24945	1135	060a8e79fe5d082d0e4f91c4bdedac2f67bfbe0d1c526791044a53a9ddeff18d
BASE_00004524	baseline	k141_24947	1360	3ff068be97d14ee9f28ec3a2c7044fda6c6ff45aac635e04a8bf10161df117e3
BASE_00004525	baseline	k141_3572	1331	fa697e5b16d5752866345ec8c4db62aaf30793949fd7bc81f7b841852ccde882
BASE_00004526	baseline	k141_18088	4802	e090169c80cd52f42eca39bb8244246ede95e27294d8fee8a0e74fa7e0042aa3
BASE_00004527	baseline	k141_11154	1292	ee4bb735a31b38b45fbbc3e274a994abf23a5c04cccd1cb3609bd42f6d1e648b
BASE_00004528	baseline	k141_24949	1435	bc8d600ec8107177788a3dede409358307ea03782e659726635840b48dee3e90
BASE_00004529	baseline	k141_3577	1067	5b9a271ebf926063962417204d95e90e945b952889ddb8dd079e4218f9b5f19b
BASE_00004530	baseline	k141_18090	2089	111e437e21aad03d24fd22eb3735cae2c94adcb526ec9b15cfa420762b3881cc
BASE_00004531	baseline	k141_11158	1484	14e61fd042564ef3e449d7bcac410ee6b43dd3504b22bb3894ad4c15bb1df390
BASE_00004532	baseline	k141_24952	1340	9a3248a04b7834e26a3baa4bd670ceecf5fa99e05df9ed5a8872f160e358bf97
BASE_00004533	baseline	k141_11160	1064	c70876a8572f49fc6e8546a1c21ed0a37f391820da3e21dd680408d4d0d49f46
BASE_00004534	baseline	k141_24955	1701	9c907fab970072db59a50492eead18957af301991f99cd1ecb425078d1282fbd
BASE_00004535	baseline	k141_18091	4051	c3a029d65da9031a9f9e3ab827629e187681cf4c0981bcb8371308a7b16eb39c
BASE_00004536	baseline	k141_3585	1052	89a1e54c16487e91f4a9acad6000214c7708181efb67c534df6b0407c24fc7c9
BASE_00004537	baseline	k141_11162	1459	e3c31266fb20360c0749120ceed19f0d41cd4ace0e67207c6dd425789dce02c7
BASE_00004538	baseline	k141_24956	1523	62e3a3f40e143b6b2c0621b375a918d0e5faa01cf54f18c54a5f80a7bac6a1d1
BASE_00004539	baseline	k141_11163	1196	b0840a1147fe4ca33364878c2cc7a467ed40db042718c0f3cac163bc2ac7a01e
BASE_00004540	baseline	k141_3586	1707	547a9fc2de9722f933468d28570fed6815fb8d57cf8bc7085abd20298f700390
BASE_00004541	baseline	k141_18096	1386	f3cd5c3bb80a2ca58b9859f468c645af2cb823886094ded3ffd97849f7763d27
BASE_00004542	baseline	k141_24961	1116	8861bfe1ac47f327f366b6fc1d55554f5158abbea2956c727f6990eacd45b0ed
BASE_00004543	baseline	k141_3590	2427	1039f2678c30005c71bebc36734552316e23c2bdd61f118a24eddae3d56425dd
BASE_00004544	baseline	k141_18098	2070	2317b6d6ca362deaf7e5d4d662174dd427f289ce8eca98431739b7ef72dcdec3
BASE_00004545	baseline	k141_11166	2960	eabd629e4b4c6ba05d4aa7ebed4661a4893aea880cc5a8e7c09e0fb4ab6969f1
BASE_00004546	baseline	k141_24963	1610	984d69ebd8c360451cac4365799fc67c274fee4d0eb5b5222de416029720b95b
BASE_00004547	baseline	k141_24964	1011	3c2dcbc0c40b7a94db00e47b13e3be10174655da8a8826e683695550509a9d32
BASE_00004548	baseline	k141_3593	1459	10710dd66190991b0270f576a0d014a421cce1e5817cfa1e7e30f1f5a0875d9a
BASE_00004549	baseline	k141_18104	1137	9545b6f1a17c328f6bbfecacecb90f61d430e4246a59cb048d576ce5c2daf86c
BASE_00004550	baseline	k141_11171	1201	1be3fe19e9050dd7581a2ca83cc0cca77a9cb463a64dc9a43dcaf0bb15a078a7
BASE_00004551	baseline	k141_24965	3262	445a175b18e3c9bad9dc237e4e478953e40e09785a86fb4ab96d2b7f20112e8f
BASE_00004552	baseline	k141_18106	1827	feb795104258e617b20cdb6d42b974a27bd3fad76669a25de54704ebc690d6f3
BASE_00004553	baseline	k141_3600	1197	37c7a1adb5f59629af5545676fac39022291fbbac937e66db0275b971b923eba
BASE_00004554	baseline	k141_11175	1166	1cb1e231fb4ddbf830a459f729c13e5e2a3a5234769ada29d22bc669ef2a12da
BASE_00004555	baseline	k141_24970	1832	bbe63491a546a7c841df8160053d266748a8e14b1be30ba1c687fa467ebe50f4
BASE_00004556	baseline	k141_18111	1442	82029aa7df71769780f71c1574e94c01798a7287d256b5f000ce80da19840639
BASE_00004557	baseline	k141_11176	2356	801303c5d4640b61d55a085e69f1e0df4a1dd9a4ceb565bea7b765037b2a620a
BASE_00004558	baseline	k141_18112	2234	a6d083ab41e4a1223871e22226f1e9f8a05e9c520c1673258a189253e2bb6b90
BASE_00004559	baseline	k141_3610	1235	0dbd3a74ee8481a61da5b66317c326fa03e7cbf03e8570390a6083e4f3e209d3
BASE_00004560	baseline	k141_3611	1321	4b25de6f213ebcf05f699c953a87a42fae0ab9a650caf9a8da17de55008b752a
BASE_00004561	baseline	k141_18114	1353	ba4c64bfc7650481e6fcdb55aceefd02d3f82100a0e11854c1c3770d9b74ceab
BASE_00004562	baseline	k141_18115	1095	7783f6409211aebaabb8433916c2a46ff34491822107149c84ba9d74c1e7df5f
BASE_00004563	baseline	k141_11180	4816	0c1a4004833fac5794e761cd5d85eaa199289c685e84e9e0875d928ec8030c11
BASE_00004564	baseline	k141_18118	1242	49eb44a2b66368a7b983607401a110c72c0ed246d4c118c2edd91a4ea0d58019
BASE_00004565	baseline	k141_18121	1545	dbaee9617fad8124d86de5b7337da2cb5d668c18ae0cef1948f3ead121767fd9
BASE_00004566	baseline	k141_11184	2151	26388b969a1eb954156e90592a8cd454968ef544b7a1a6ddaff15441013c2c51
BASE_00004567	baseline	k141_18122	1224	06fc7f606705b078147b063968ea99983a407ca3f0f1075bce6e72eaa32d071b
BASE_00004568	baseline	k141_11187	1096	f8b46e5f383ef887f477d57a2d8623bf75f3d028253b8803e97c5dd927b95887
BASE_00004569	baseline	k141_3616	7838	83cbfb724bf316bfd708fc91abe422e0fb5a4f335ea5fc5db151da3e2fb76df1
BASE_00004570	baseline	k141_11188	1086	fecbf760f5a88e01e18e763ecc204d930cbfc98ee2f66526f19be4752f379ee1
BASE_00004571	baseline	k141_24971	15748	7bcc2d6b02daef0d114b36e0425f4de816121f9f0f6e000b5b81572ce9f05575
BASE_00004572	baseline	k141_11189	2768	250a70159baddcad286981d00a4ff5d109a6addf2f41385c41423ca49fb1c94d
BASE_00004573	baseline	k141_11191	1099	d02bcb7e406e5acb004b4bcedbb52c5f25c16d5860733701f37b470f8221426c
BASE_00004574	baseline	k141_3617	5698	070e9b1eaa12bde49ea2747a18d30d2e6d9914fe584a76afe208304cf3bd853b
BASE_00004575	baseline	k141_18138	1044	d9b2fe356ffceef3b21b77dba0a8e4f134af8317267057f72e1b6a75c2da347e
BASE_00004576	baseline	k141_3620	1167	dc2532e7c8e26c5fb11106e9ace822ccd770a04ea198bddd3a90eb017ab4944f
BASE_00004577	baseline	k141_11195	1823	df2ae92a805fe3c2933f8458c6b355489a8a28ca2ea1672b3517751bb4c9f825
BASE_00004578	baseline	k141_18140	1079	3567705b20febf2c17d280684012a28e5fd454dc6d13d8adaa48577b646300c0
BASE_00004579	baseline	k141_3622	1045	ebf128c2f2fffb56cbbbfcbdad2454344e5318a79e3dfcdd746ad3efcf153d8c
BASE_00004580	baseline	k141_24981	2082	6df7c90c9dce3aa1196df11415042b6dee0b6b4d2dc9b1c8af4ac08b23c539fb
BASE_00004581	baseline	k141_18141	1203	0d49f22adb5cebdfa8d231e36aa7dd7832983d783cf189042aea58154f6062ed
BASE_00004582	baseline	k141_3625	1417	175aeddf38eda327c3cd1ccdf20e3dc93664ed01c28b1fe45cc2d3d73f6099f8
BASE_00004583	baseline	k141_24983	2834	87cb8f1251cd8d554e9b0359b9ad2e1b069472356d8ff9da8570ed2d99b22c65
BASE_00004584	baseline	k141_3627	1543	0eab923ed9e75bedb68befa6de82bda4b44a45aa810955e1ffe8310d5a17bd26
BASE_00004585	baseline	k141_11201	3080	1a9047c35a31553ddf94d9fea5eca5685bdc50ff21f04417973a85f2ea41dc8f
BASE_00004586	baseline	k141_3629	1534	24c46d41eb002f1a5d333b299785675a0caff2219b9d91d7a56ad1637c46ba02
BASE_00004587	baseline	k141_18143	5233	2dcf215c391370df3aefd5d9ace727b2d70a97b739a660ad29db611624552668
BASE_00004588	baseline	k141_24988	1199	64bcc8dd3f88988ee78879f2eaa38409e6e694e084486969248f7a2a33c3108c
BASE_00004589	baseline	k141_11203	1542	e58477ed644f56de4123eb2d2a7c8882d6e89dabd3376140b3511a75cafd8dfe
BASE_00004590	baseline	k141_24989	1209	89b4037999c3a955386e6a40f911cebb1bd854eceb6ce9c45733037f7142aa09
BASE_00004591	baseline	k141_18145	1391	c048e6b9af73e5b9e1fc68e64827f8a849f1957febd2235f336127c950bc4dd5
BASE_00004592	baseline	k141_24990	1087	f979e37bd8571203679d73d677c4b3867bafde2c027b54e7a834933aa92ed681
BASE_00004593	baseline	k141_11209	1051	45040cfda0fe85030e7005eefafa0f39c98898fff905193a7fa98d1ec1c8e7ff
BASE_00004594	baseline	k141_3634	2234	2edf56170527f2b08d4f876e5382501268cbdc3e9eef7a8bc98ed59657ad0e6d
BASE_00004595	baseline	k141_24995	1692	ffb7ad4ec7653653ba3713669ff9f7410b6d48a9e44c8f1b04c28638499c4566
BASE_00004596	baseline	k141_18152	1264	b627f054584b32ba87fd26ef21f203a01068439d12e199bded27934e87501725
BASE_00004597	baseline	k141_11214	1602	3a949b65bdd762b49fbf6503582ea088346271ab50817dd687050439035ba0fa
BASE_00004598	baseline	k141_18153	1662	64dcf7d7f9030dff4566100667222d5978a12a8b728dda80e412d3bd364298ea
BASE_00004599	baseline	k141_24996	1806	1b086e4c260af47358bc645fffb7ecd6ce5db43134342584f4000597c6afab44
BASE_00004600	baseline	k141_24997	1114	b3291aab0c6d8b95624b98f357f00c0819f761ba1e82b7e09f7d5eff15f09562
BASE_00004601	baseline	k141_18155	1480	0e44bb5f3ba7bfad908f85c1c9e8faeae492a55ba70b3902db6e3841872b1044
BASE_00004602	baseline	k141_11217	2799	957821f4dbb792a996e8f02ce3c77534fd7ed3eed5d91bdf168cfb360d765d96
BASE_00004603	baseline	k141_24999	1490	1fe86778b21f14d8d9f17a44217af255b7daf11a3b7105194593f7db9decb357
BASE_00004604	baseline	k141_18156	1795	e2838312d8c27b71fc5e240fbbb050272d09d8f45bd8775a9aa648b579944ce4
BASE_00004605	baseline	k141_3645	1920	b99dcc9a6eaf9e1aa707eda3fbc8340cd3b379b28730ca0fe66b6024a1c0489b
BASE_00004606	baseline	k141_25000	1056	9c45bc5d95b36dcd164cf8b318d150461b1be84323d56cd7a7e1d8125c3a0210
BASE_00004607	baseline	k141_18157	1257	82c0a77f2cfe30fe9239e6b11064e91b018d71ab730be7eedff7c6632328b7fa
BASE_00004608	baseline	k141_18159	1483	b1204a8810fabfe50792d5ed556435e1aca8c1013329ecfde375b9c6c23346b2
BASE_00004609	baseline	k141_25006	2033	01b6738b8ed18db4d6b12766b402805091a5a6d8ce66801c0c2ada2fb722a457
BASE_00004610	baseline	k141_11224	1380	70e8b7c3ea1d71f714417f089fda2c6a14bcdbc9ee8fbf6711401e3c4ad2b3e8
BASE_00004611	baseline	k141_18162	1380	8080bb15cd7141dce9917cffd8128d38f7d6cd10614467d2108f3169e30903d7
BASE_00004612	baseline	k141_11226	1611	a145658bc1b5b59214f4df24ea7256215cae3526ec265b99d07fb5980eed2ad8
BASE_00004613	baseline	k141_25010	1031	9ecde9b9fb76ebaad94307bde42b0f464604dea6985318fa43bd37a809fb3db8
BASE_00004614	baseline	k141_25011	1209	1f2f8f55fad785680a7f173d706f36adb2c6dd10a57e39ff24e66608aef97472
BASE_00004615	baseline	k141_18164	2554	85b1cc1598f377651f1e428599cd638f6ddea0fcb64ec4bf628aaa6e55abcda3
BASE_00004616	baseline	k141_3658	1136	a15067f12d09e4214cb1b9750dcac577eb676b6e65fe2545678e3a72e48c0758
BASE_00004617	baseline	k141_18167	1147	d36aba5398e45430fd4ba6ad3cc80e1fbed858518ccb114ffeaecb5772a79a84
BASE_00004618	baseline	k141_18168	1007	7103995eef38148473dc77271f0e7d1b3be601a04beefb99dcfde54f40f853d1
BASE_00004619	baseline	k141_11233	2905	274678c5f2d7eec209b8e8aa62f4400ad9892d756d8cae7cd225e73c8780b202
BASE_00004620	baseline	k141_25013	3278	ee2d141f974084cbda07114f471bef0e74e4044097a955b786c5146aff388514
BASE_00004621	baseline	k141_18169	1029	aefdd832b795bdc91a1a272ab53c09ccd464cecfe6313ac802f20719ff288e95
BASE_00004622	baseline	k141_3662	1000	4cf2fbf5525599e7c26bfebd89c849b89224c5a600030bc1ef65bcccd68bc5ad
BASE_00004623	baseline	k141_25017	2125	3b37b40bdafa1de554daa14f0188691ccba1ca646a0f56fe19725ccaad0a7e4f
BASE_00004624	baseline	k141_11240	1531	8503302fb3e77d6e8f2e24ad497663ec3c41a7a27fb8ab4f3cf1e14c141b5c9c
BASE_00004625	baseline	k141_25018	1354	be3806e1947316216b7bc2ad775ac0c6671fd3426651444647e4332cbc94dbae
BASE_00004626	baseline	k141_18171	6684	c429e6b5f0ba2c3830b0c4893d180beb89198604c82bfcc29a5a83f8ccfda78f
BASE_00004627	baseline	k141_11245	2129	40ce1f60e639886a0b2619e26245919e85888460f0cdfd4c03f2e3eefd141ee2
BASE_00004628	baseline	k141_3670	3503	0cae192d92e91524648af77fcaa2264959f607df520e43200214ca19245cef5d
BASE_00004629	baseline	k141_25019	4671	c69bcfba11aa307a0e29cd69d5a4fcebb7da55ed1bc18acce6de21c941d6a30f
BASE_00004630	baseline	k141_3671	1610	f87444c7b5ae05c8b53d6cefcb17bcd869c686fb2c2ea7335ce4bd2c87345af2
BASE_00004631	baseline	k141_18173	1687	f5c8a6913011b2aba993d19df8e2aa31997b5a2d88fd9edb8bd73528dd788aa2
BASE_00004632	baseline	k141_11249	1051	98ee2300b9a2895c2963e625e75d23ce9604798419d2323acb3180932d4aaaf1
BASE_00004633	baseline	k141_25020	1374	f8da1835c6847599b7e8456f05e28a94b72edb1c691a4e1a5476352d3fd8a111
BASE_00004634	baseline	k141_3672	2317	0f3728a77831b8870cb905b37c5d27e172366024b7b1b08d6878ee2b3dd08478
BASE_00004635	baseline	k141_11251	2853	2dbf23da28c2d4cd52780ca031023a390c99a8b7ba8f9aeb44a0a3359567defd
BASE_00004636	baseline	k141_18179	1360	c07c819e2ea17a849119684c540de1bae194e001b6c8a124e6ac0c2bab32af46
BASE_00004637	baseline	k141_11252	1870	3b56c64a32fb70ba6f2d1735e1537db457a33774f164e08ffd948b8e51726970
BASE_00004638	baseline	k141_25026	2427	c69d984b9203c3772dfae5b56be8e26ffa93032c76c34f6dceb07fdb949f46ee
BASE_00004639	baseline	k141_3674	1949	9ee26656d51b2aba9afbe8070cb17a4db8eb6b0d672b98ed261679d4380b1b91
BASE_00004640	baseline	k141_18182	1789	25c08c84b8c341766915efb939fc211e522086b0f8188964ff56141348d1367a
BASE_00004641	baseline	k141_25028	1414	9e32eab570f35499c4548b275f4c20a76ecb7bb163009d20f386552e1e0ae37a
BASE_00004642	baseline	k141_11254	1358	1c0b50650530a795a58d5c4ce9b39232ac5832f9f9ae9ca3fde1a897c53bb89e
BASE_00004643	baseline	k141_3675	1796	29763bafc856ce4d31b2f31f453573a5973475acb627a6e390bf53d799397511
BASE_00004644	baseline	k141_11257	1062	6648ad76d1bd2aeae568772790f589c797cd30e3960fc0ce3df75ea089d1d5f1
BASE_00004645	baseline	k141_11259	2522	90c55be220971e6eff79eeb907e78061e8d000bcdeb7486541e4f782d6c6e705
BASE_00004646	baseline	k141_3677	3889	b3c4a7dd98696b522d05b2cc28916287626ade7173e5a8541dcf121fb5119c63
BASE_00004647	baseline	k141_25031	5623	d60cb3df059bfe6409209cab639ab3c67cc5d23aa013abeb0cf782274d4dd02f
BASE_00004648	baseline	k141_11261	1557	0918130e1d01f3167967e60159670593d604c8a8288ffc5d26a9c495490c2336
BASE_00004649	baseline	k141_11262	3978	85ca2dc2cfbdb8d6117af6130d49d80b21187c6f0a19a442902072db02ce087c
BASE_00004650	baseline	k141_3678	3753	89bce3dc584e4f8cba342fc91cf0087e3b4abc80ee74428bb43d49134a1e642c
BASE_00004651	baseline	k141_25041	1041	132662ac8876066f8056ba6972ef0fed4b09043ee4380fb438b1e327ea6d2fbc
BASE_00004652	baseline	k141_18184	10904	c34980ff55a705a215ff01d2ae74a2a310963aacaf7e83e61510fb32d09e56c8
BASE_00004653	baseline	k141_25044	1064	0f45e7c8d3ec4148f9a132a7ef6344dbc2fbdf3e3aa9618c8dbb30e2f4ff3e4e
BASE_00004654	baseline	k141_3679	2434	724dce5e7635941797d7470abcec02bbe18ea4cd868270cddd9194e10b2252d0
BASE_00004655	baseline	k141_11265	2002	bdeeeb85331cf909a8905ac5c095caf6f3170cabe50c6a7813be50d48ae570bf
BASE_00004656	baseline	k141_25045	3112	b04edb8321f3c180f30f94321ced1b7e3386d0ded7e26b32713608ee1a732e5b
BASE_00004657	baseline	k141_18189	3424	0ee8a2edcc7ec489addd23ec0f223e0ce6d284ab6fdf9d1d104cce776ad3d31b
BASE_00004658	baseline	k141_3684	1591	0e7d8d6d09e5660f5656b82f91f3088e943a7a5b11bbfcaffa846d49346dae09
BASE_00004659	baseline	k141_3685	1770	14b9e846afb03dd988aa312dfe3bab4d0690af08be94e5b143aa870e4532aa8b
BASE_00004660	baseline	k141_11267	4522	b09d71912a153d0f6c01464ff3d7a89d8f9c309813146f982a56b999481317e9
BASE_00004661	baseline	k141_25051	3486	083702ebcc2a926d6cf55f37ced189b615ea56efb97008465779a689fa2d0925
BASE_00004662	baseline	k141_18199	1121	5c2cad24f9c94dfe3580baf6d4c913cde228b8ae64d1fd20720cc0fb46c01434
BASE_00004663	baseline	k141_11268	3606	9e10e9ce7adf83b74b8ab90bd1bc4ae03a79a414f7d890b5b106565a74b37482
BASE_00004664	baseline	k141_25052	2139	7b30232363b1e6ffc8fc1faff0574724ee6824eef537d3c2e7f4609de22e1835
BASE_00004665	baseline	k141_3690	3657	ed642226afff554430a3fbfa5a80c942bce7bd7a472e286b75ff7ab176fee67f
BASE_00004666	baseline	k141_25053	1210	a57458668bd4a3f81b82e12eddf39926710002ae34c116828836beb43ef4219b
BASE_00004667	baseline	k141_11274	1154	36ca077f775ca29ab34e250d4534d2f157f1ad79e7d270f99489e455a9cb50df
BASE_00004668	baseline	k141_18204	1589	ab03999f3ed31cf446458a312c872ebb8533cae25f4b5b1ad4695bc832f627aa
BASE_00004669	baseline	k141_3692	1539	6576b1e63f8d3dfa6429180f781dcc66f43163678997a0881f7d576a37d07500
BASE_00004670	baseline	k141_11275	1031	e35409b17abcd1a6b46638d5f0fbe5dcb7af23dd91a79f56639f2c4dad3c7a32
BASE_00004671	baseline	k141_18206	1344	078c25dd60ddfca7e49948798c29389d5bb14f120592e45e2692afb609c4c451
BASE_00004672	baseline	k141_3696	1098	108d211521317b044ab2cd05396750b31f40b6c78f6846dde08898208fae3588
BASE_00004673	baseline	k141_11280	1128	ee0fe9c65a0a0806697a602f2ff500e9a440e7f1839822b8340434443dba8a28
BASE_00004674	baseline	k141_3699	1293	ffc6229a893e85a03370481fe348eaea03e992a020f8183812d244ab2c7f9db6
BASE_00004675	baseline	k141_18212	2431	feaa320afc87551df2e6c02d93587078f296d3a42d47a6468a9a63ae06531731
BASE_00004676	baseline	k141_18213	1244	0bc5a292f327c593b6cd641e280233b8642c947d85e4dac257b454510dd6c9c8
BASE_00004677	baseline	k141_3701	2194	8068ca8e955e4645c58d19d21818ccd1688a69b8c0cca27c609cd8d91632f4c4
BASE_00004678	baseline	k141_11284	3739	6e38ad379234e5bc5d15649b99cf22312b543db96dabf481cc070983487bde84
BASE_00004679	baseline	k141_3702	2046	0d24e1ba3bd9850ba81ac37f7e515e97d7c2414ac7b7f11d2a31d7b6657f59a2
BASE_00004680	baseline	k141_18216	2309	7ac9a10d2d85c0acc71a8ab470ecc94444341d0c364f536d5e18609fb7922d49
BASE_00004681	baseline	k141_25054	11564	76b9fa06e6876ebca7233f01ca9f7d58377d522ecd90abcae82dc10d0a67450f
BASE_00004682	baseline	k141_3706	1158	8978b96268e3e3fecc3c3a6da069a3858eff89805eac8fa05ebad5e1c83020bd
BASE_00004683	baseline	k141_25055	2553	2d684a01181de3c1338b32bb8cc31ad3a932036ef2efb7a3977acb3f20fa73ff
BASE_00004684	baseline	k141_3707	1282	caf1a195678f24a44a18b40ac26d82828f6df4a40cdc60f8bd80642cba4ce66c
BASE_00004685	baseline	k141_3708	1232	45c5c859e1e2c650390053614663ad23c6e1af62dcf18fc1fe2f0da468b5f53d
BASE_00004686	baseline	k141_25057	2079	ffb2f8cc97861a60f3532f99cb6e7c3ae6b07c6b8e87c6f16f60c599994e43ad
BASE_00004687	baseline	k141_25058	1186	b794400e8723f86d939d10611c5d71b566e1b80aa541ae343a858f31089f7d51
BASE_00004688	baseline	k141_3709	1704	e0cb7386c517ecdf09fa09ad08a365b5e613d8eac3b69207f6b236ec3443a008
BASE_00004689	baseline	k141_18218	6324	759f8dfa47050db4e6dbd7b635718c7d647e2f5a9c73268385e8b7c9ed6390a0
BASE_00004690	baseline	k141_3710	1205	d7add50c3d019bbaada6159653494d812df7127a453224219b740fbe6c66556c
BASE_00004691	baseline	k141_3711	1139	524327a4c1425dd4d9deb387087c659b880c65dc3163ece4f63b8b12cba4cbb0
BASE_00004692	baseline	k141_3713	1093	c2daf581ed99e9f61da82df5734e66eaa4b2ef5407d9495dfcca096cd34ec21a
BASE_00004693	baseline	k141_18221	2737	7b5db3e577b2a1c9931ad4ab518fa9af4804ece17412411afedd3f4f391f356a
BASE_00004694	baseline	k141_11286	11624	7c6d097292fdbb4e24906a98319dc780386f4325392166bd30291220da2be4fa
BASE_00004695	baseline	k141_18222	1867	76a7d847e725d5597501eb2b9ffa69e1101a9a528ea58e6bf8a6cac130adc1c2
BASE_00004696	baseline	k141_3716	1535	c9d6f7cea9f0b41879dc266eb00e301db96e621a7de1931e646405f9c4f0a0c5
BASE_00004697	baseline	k141_25066	5040	2a48719733d894bfbfe88ed8b113689ec3fac5bcf4d13103a1ad518e5b46dff4
BASE_00004698	baseline	k141_18224	2870	5631c632997a8c6fdac877fdc52351ca29e681514909ff813c0a3321914a9bdf
BASE_00004699	baseline	k141_25067	1326	efe4ec40fd57e4e36f607620630181dbca7e846f627db7218bbccc7e1b66626c
BASE_00004700	baseline	k141_11295	2794	265d46c0932e49718327a002d591f6035d7c9a4af759697b4d74305a0458a5d9
BASE_00004701	baseline	k141_3725	2269	e7ddeb2b4f27f8b5fd0cdea5c85b52ec6b44f3c07c0a43749abd42378728b781
BASE_00004702	baseline	k141_11297	1115	a960750842c2c41f3b1f0330deadc95c89342a3797172c1114feea1ec1d095a7
BASE_00004703	baseline	k141_25070	2180	107ccdf2a3e8491c8c75fd8b1dc12438f1619f2462ca98c928b2348864396b8e
BASE_00004704	baseline	k141_18232	1093	6abb9b7a0991518bf7d5ab2490d9c507e49afae79c95673e19ecce2ef8857b46
BASE_00004705	baseline	k141_25071	1855	aea895db39e42de77199caa5a1a12e30e7cd9a72c25f80f3df3396a195f3372d
BASE_00004706	baseline	k141_3726	3249	fbc2d744da82a5e717b6d20b818f03817dde9f75364b8935e2d2b52451cec481
BASE_00004707	baseline	k141_11299	2309	9deecf686fc92b6297a1fb6b651c31038b5f2ef564c47e38053879a4e6182a49
BASE_00004708	baseline	k141_11300	1933	37fbe8433d78f5db955ca74e51107f483e3008fb42ddf9372035bd23c3e10066
BASE_00004709	baseline	k141_25075	3043	1ff8b46df50363384aeececa1e1c8fc126271d26a406085e8f0abce203adcc69
BASE_00004710	baseline	k141_11304	1031	c58eec09ceb2114abb056d3d200a1c613598d84e5fc021e5d4bf082679665dc6
BASE_00004711	baseline	k141_3732	2192	9200bbe6053f5182642d5ca4d6048c0a36c069cd319aa9ff2492fd529d352f28
BASE_00004712	baseline	k141_11305	1632	47908ce1ef4e95879f45df95b5c130802f8af7ce12960437db10d1005d8483f2
BASE_00004713	baseline	k141_3736	1597	bac117fa97f0553204a1bd8befb339643e6e8a3fddb652ac25e284b2ecbdfd92
BASE_00004714	baseline	k141_11306	2451	6a246a16e9cb156b01a3edbeb11231dc2622fe06b642f414bffc8ff67addc37b
BASE_00004715	baseline	k141_3738	2785	9d7945b20e76557ebc3d509688585030062589058819682958959fc708057238
BASE_00004716	baseline	k141_11309	1616	74d773e941aac395375aa1b7983f1aab857aa66117532d79fecb5cbbba9adc9b
BASE_00004717	baseline	k141_25081	3320	0472a277d8f6c2f1908b431e42f27f45564fa6930d259b69ad9902dee38cc8ba
BASE_00004718	baseline	k141_11311	1030	7622ef22fc441d14dde41fa6b473e05afc359e813913f4c2f1dc8b9b25c3a10d
BASE_00004719	baseline	k141_3739	3226	2f96019644f4141e74e3018dc8248eac185c3e18ffab2e63da80a75cd53f618e
BASE_00004720	baseline	k141_11313	1495	8c2cb513ddf055333328cd8da2437ca13b765800a11e7ce1a2836ca575e5b163
BASE_00004721	baseline	k141_25084	2669	6ce807061a7ff983a95905ecfd54028c6581f5f6f6733c0b28b6e12f3f004b4e
BASE_00004722	baseline	k141_11318	1047	dfc28d76c0f6ef1f47864dcafae4af2562f190f1686f5c9977ac7a119238ed85
BASE_00004723	baseline	k141_11319	1382	1e5e3c83cca6944ca4c9b56db59609dbc971e207d8d7f3bb7b5c3d9908cdefff
BASE_00004724	baseline	k141_25088	1451	8d841b5a61782d22f650065c84b871491b852fcf874d5be8dd70a54513bf3fe4
BASE_00004725	baseline	k141_3745	2841	4610279db091319541160c1e98602989eaf3dc869b9a6184f6bc73662cdc4756
BASE_00004726	baseline	k141_11321	1068	556a0e1ed554f202f5617b0b55cd67f2ffebf8877eea8798d54277a4571e9674
BASE_00004727	baseline	k141_3747	1004	e012bdc24a8e90928fe4b4512ceab723c4776dd9da9508c7f80de6ef2c3f6091
BASE_00004728	baseline	k141_25092	1533	cde4ee5ac4e587f1603bd25917400e6897423b4b5af606c1e2096685612a503a
BASE_00004729	baseline	k141_11323	1754	ae6b3936395dd442af453dbbd491b6effb7f08dd11a102b80a2f2b48ae844352
BASE_00004730	baseline	k141_3748	1446	66d01f39d62338a5388d7288f6f8adb0a0def8be6a4d692eecd5953f067e0d63
BASE_00004731	baseline	k141_25093	1844	ff501a0719491bc084a71dd15f325ad4699c74997d7cf550f8fe1dee28be17f1
BASE_00004732	baseline	k141_11324	1801	76bf880d3c5c099f29249d2ff74bf3c091b8db3466e3bb261e16cb119eddd1b8
BASE_00004733	baseline	k141_11325	1357	fed8ad1bc16a0dc2841c6876038e34db2b6ad04443de0e7eec34fbb297d8093c
BASE_00004734	baseline	k141_25096	1128	5905ec9fca5343f6cbfe99757cb4e369cf187d91985731d3d7b1841cf91d9e23
BASE_00004735	baseline	k141_3753	1220	b8d34c165d09d980427b4e9698a885e791dbb94103a2c22037cffffb19427a17
BASE_00004736	baseline	k141_11326	1105	00ffc590bae5d6c6bffb22e3466a828b3fe77ef12a2fc257b27549ee52a65ef4
BASE_00004737	baseline	k141_3756	1082	c9f11a0090a162e240c6391d6e3fb1bc640c80766af7bc63f1fa85610e7ee1e2
BASE_00004738	baseline	k141_25101	1619	0af96ab2c40c3ffd1bb634ae5320b15bdee1890708e6eb364111a3d9d9abba70
BASE_00004739	baseline	k141_25102	1126	0cfaec7c79d4772ec9da7e157809119acc13eb73907d69296d5d20f88f57e043
BASE_00004740	baseline	k141_3760	1357	efa3017c8063c2e80039dedf14c8f023b7a81ec449bf3c6fc0509c2e5bd76461
BASE_00004741	baseline	k141_25103	1254	28a5fb2c59aa3bfcc4235590c285e0d2d8f28e7396a9eb9e1e1625c8725dd1d0
BASE_00004742	baseline	k141_3761	1397	920f9be57850d5f1e2a9e49caf85139e2d1a1d11b935ed3c74fe75d053ddd1f5
BASE_00004743	baseline	k141_3763	1103	68ed3061678c7ad7555b261407deb20d724ca488c91ce10a1ac2fc4fc3f9a01b
BASE_00004744	baseline	k141_25107	1489	4b189ffe024ccdf51514717d47db55d5a584eede55ca6614ee87454795bf731d
BASE_00004745	baseline	k141_3764	1708	181a1cca6780cecd83bf54a9c3145864903b1132c5dda6465e038c44b5ed2c30
BASE_00004746	baseline	k141_25108	1599	125634bf4b973e23c0172d526966cfd5fd1a5409c173ed85fa778a3c3c941338
BASE_00004747	baseline	k141_3765	1094	0e6a02d3cd98cd7f28e708b23a4ce0a1b5799d226a07c11d5e12e3aa95394849
BASE_00004748	baseline	k141_11329	10422	b7dc517f1fae7640cd12bd2aca010c6ddb1d4f592cd722383a2be2c4be9fa4a8
BASE_00004749	baseline	k141_3769	1164	073a8832c2821de8627e2a314f48475777bc58f320b11cd7b8c55a65fc1e2cb3
BASE_00004750	baseline	k141_25111	2356	96c7fd6d3f856e02b08d78f87d5a18a35fef2fc085181ad6c5688f45737913c4
BASE_00004751	baseline	k141_11331	1035	566fc0302b4c5217be44111d2713b4989c30509b73d7ff743327a758379bb6b0
BASE_00004752	baseline	k141_3771	1217	63605894a0cffb99da7cb44ff644d9dfc0087566ca1d4b2c204b84d4c3de3bfa
BASE_00004753	baseline	k141_11333	1163	630038dd091152a271b8a40dc5edfb95f542a19272ad96435ee90a76e41da5bb
BASE_00004754	baseline	k141_3776	2506	098291435eb4dba59c3ff1e09ba0b6df71f18d410475b02451d3f53b34e69fd6
BASE_00004755	baseline	k141_11338	1671	15cb7463ae4cb7a44fd227e7eac5e181fc5d8a6e0618164b26c47eb5633b529d
BASE_00004756	baseline	k141_25122	1193	cb8b838ac46fa4165f944a8113bf2c1ee824055eb6c16912999a48c8d4c8e2b5
BASE_00004757	baseline	k141_3778	2141	9ac6782fdc35604e3bfba96977e6fef1089d7d17e85c548e9c03e027e730602c
BASE_00004758	baseline	k141_11341	3677	a2b6cff3198f83c1a47bc2a6f64d44a366db7a89df409e05c4a0d6c6ed341001
BASE_00004759	baseline	k141_3781	2552	8598189018388ba39ea420285c78fe3501b093b03d367a82a29ea9af5098b233
BASE_00004760	baseline	k141_25133	2240	d723d4a577b0357a4437b405d51c16156295590df43e5534ea4abf193bcebbd0
BASE_00004761	baseline	k141_3783	3878	eca0498ff5a2badba61190ed446f08839d8b7c8f32eae966b63463da97eeb40a
BASE_00004762	baseline	k141_3784	1016	0907d143b02e83dfb26d8bd0f1775b45892eef11f82aaacd9314d42f0ab29418
BASE_00004763	baseline	k141_11352	2660	e995063608bf13259f39755fe8fdacf885e235d20a5a2d834bce59a025ec983e
BASE_00004764	baseline	k141_3786	1059	1bbc269b9a644a81de8a9bf33a953265f69831afc8b4709b33408705b6e248af
BASE_00004765	baseline	k141_11354	1174	33af0ebb25c0ae49c860d0bba80588ed98784bb54c6645f56c663e1a099423cf
BASE_00004766	baseline	k141_25136	6565	4a5579dfe34daeaae80f0c3e7e32edac32a531005664f4a13d53b02fb0f578a7
BASE_00004767	baseline	k141_3788	1936	ae0a1c2dba52bbfb233ca940dad50d9e0642cfb43094680043c2c51a942bbcf6
BASE_00004768	baseline	k141_25138	1959	9025036973d75403a0e9ad374c8dcbc06875ed5b0c608b52c90bdd92328af436
BASE_00004769	baseline	k141_11357	2227	46bcf4159a1ac0fb27e568e346ac299ac7125dc45362bb23c73672e3a08e01af
BASE_00004770	baseline	k141_11359	1043	c442a8052fe44f8b672df3c49c68e869077c590384918edb9f2ecdb2bbde940e
BASE_00004771	baseline	k141_25143	1725	5a93e6ad6a13508f5b02027bb801213ad5e435e2ea8d805daa48716f7a23a6d8
BASE_00004772	baseline	k141_3794	2646	891b3a05c7a5f09dbcb4cf845bead2d83031ea36cd1e213badba928efaabe7ec
BASE_00004773	baseline	k141_25144	1500	6c3034e012f3e51ced5bc3391683fe49ddd8ab574a1dfd65cdeccc4b1bd8bf09
BASE_00004774	baseline	k141_11363	1650	a42d05c6bf92e2a8e1b06b7336cd626ca5bdd96c657f01c27d3da8366691eb19
BASE_00004775	baseline	k141_3798	1860	112d3de8becbcb4277df91fd00a17b7b0fe55abcc9de1715046da195676d3bc6
BASE_00004776	baseline	k141_11365	2160	330fa79992c16adfb0177f68fc04551f9839fb497add287addf5b9dcb5ca5526
BASE_00004777	baseline	k141_11366	1004	ea7172068450b28af1c0b548a72e32f97b879087516f7292de65854642f5cc82
BASE_00004778	baseline	k141_25147	3720	9411417ef609449fc08e304103ef1cd92dc4c6adcd6804962a8614b1af5fd1a7
BASE_00004779	baseline	k141_11369	1402	4eceef26bcc45f42daf29bd6fbef4be7088add5213244c36ba22e64d1f006d09
BASE_00004780	baseline	k141_25148	2260	11156588b2404dd54ac6ca386e286206693f85a984defec81272d8a8c0fe6570
BASE_00004781	baseline	k141_3804	2550	36a67a457c656a36674c23333b5d35908c1cd9b6741eb1ea18f6927bdf115885
BASE_00004782	baseline	k141_3805	1271	12a6cf9a8c324a6dc5246f24214aca09038d8e9dc5300b582cabef7bd6946b3b
BASE_00004783	baseline	k141_11373	1670	e6913589f7bc771f0ac4d59e9bc8a2ea78d2ba1731da9917a1f469e13534be69
BASE_00004784	baseline	k141_25151	1552	0c2bf1a252815d19050d6ec7ef839f41833b3cf25b434222abef2ca797c5835f
BASE_00004785	baseline	k141_11374	1161	e2d4d538df6e331f0714a80cbad775b07deed41b351100f62fa4237f194ba1b9
BASE_00004786	baseline	k141_3806	2503	c9bcb0ce316b7492a3559954c729b2a3f9e86ee85a1cc0597c9661be45e48233
BASE_00004787	baseline	k141_11375	1430	d757cc7603a86a142a3abdb189f5dfbdc3b86be1182cd98ece7d2c3b97dffc0a
BASE_00004788	baseline	k141_3808	1008	1306ba6caee50b66af480616879f20847ff02a5dbbc6d1b45dcfd72b77d80e69
BASE_00004789	baseline	k141_25154	2767	7a6e84ef759330dc88e1d3d0e9add1f3a9aac17a7d3e20e43a45d68e6ac47db8
BASE_00004790	baseline	k141_3811	1207	b9b0d9d4e69f905926a91e89ec075407822af7960cb41e32c6565190af3e8840
BASE_00004791	baseline	k141_11376	3447	6c9f412038488ff51a9388e8f422e054b2db9e92f286fa1b1375739c29d3db57
BASE_00004792	baseline	k141_3813	1175	bd98ef9ed211ce99ecece37690028390376775e4dd6f1081fe9a48f3a403b3bb
BASE_00004793	baseline	k141_11378	1413	f0139b4cff430b23df57eb3d40a491a595c5c20c88d2db0564f930739a4cae4a
BASE_00004794	baseline	k141_25156	3394	65dd3a334dfe9abd47ad2dfb9cb1cadd3fae937e59640a159523794f63f3a0b1
BASE_00004795	baseline	k141_3814	2972	a7584cf634b0f929afc179a1914181e427c720b00c154e53b26b7162719160b9
BASE_00004796	baseline	k141_25160	1424	f0542b430808f93cc950df704a24b4afeaa8bcb7e8a4b1f36ef8e6a32b2e2ae8
BASE_00004797	baseline	k141_11384	1691	0e61ac4a4c053245533e455ecc13c3451fb7097f3fe7b6f41e1c30763dcabbd4
BASE_00004798	baseline	k141_25165	1161	faebc94bdb08051dc0ab3472082d81de383097d00ca3ee6edb8e76063a8b082d
BASE_00004799	baseline	k141_25170	2309	6c0d1e9b285d031b5331ce11633c86336ccb9a2742e2df0c1e2c56c588bf0e09
BASE_00004800	baseline	k141_11393	2943	d9e0b8000fc7885cb20f3a3bccbae8ef89cded2467d970362186c583d2e3b4cb
BASE_00004801	baseline	k141_11396	1661	83915fece9bfe99fa675107b183388242eaa172570b40f59ebc1b9083a4aa605
BASE_00004802	baseline	k141_25176	1628	2ac317ca118dbcddf17a85257903287a1b2c19ad5714b5c8e83d53fe94c564e9
BASE_00004803	baseline	k141_11399	1538	97662e8d2095d883155494812666a9f413291ed85fcf5ba08ddbb1b6163f11a4
BASE_00004804	baseline	k141_25180	1131	a681b9a504943ed090ac1694a3d5ab89a7f079b77ec0ba084ee58a3ebe718131
BASE_00004805	baseline	k141_11401	2237	7bfda96a9be5661bc1824cc04784c365da1a9786316a849c9e6066d72ffa7c05
BASE_00004806	baseline	k141_25184	4377	1ce2e2a9a62a2fc476b986d72d4e11d2cb6c8f853b6186d9e968b932867266c5
BASE_00004807	baseline	k141_11409	1897	399c9e007ff7f923afa82df8301014aef3a3b3eddca1c2c51a9f2f085bc0bfcb
BASE_00004808	baseline	k141_11410	1652	7dfc7c6fd75fd4a030cd0b7dcebb77229f7fb42c30468aad2c5ac6a977175e61
BASE_00004809	baseline	k141_11411	1233	d9b37f784c3858e452a10fe7c498ca4a905f5f5ed6515500817e60e34941b354
BASE_00004810	baseline	k141_11415	1042	a8cc7dfcd828e0e13eca4939f9398dd1862b020f34bac855203671ab3efcc792
BASE_00004811	baseline	k141_11416	1765	f3549c369b1efc0bd1c0bd0ab365608ca72c09dc391f85cbdc56755088b13bb0
BASE_00004812	baseline	k141_25190	7062	b00efad3aac48cb213db39e39428b73763a31a8d5b87e5d7d717049c4681efcb
BASE_00004813	baseline	k141_25191	1597	eda45e380c8304feb66f4c1f76c0861bdb66956ae619bcc827a521d586aea992
BASE_00004814	baseline	k141_11420	2000	e45a4e4bb75902f4a05fec37dad1b6352af86f01d0f7089a59ae9a2079f5c3b1
BASE_00004815	baseline	k141_25192	1555	7ad286053e7b1304e9c8b65702813aef00db96aeef369fd51712f037efbe5a00
BASE_00004816	baseline	k141_11421	1585	b332452b8bfc792b14587dab0ff2bf4b3fcebac80966f7f60ab6be944d0041a9
BASE_00004817	baseline	k141_11424	1461	48814cae1881b0ca7ac9939b024e27192d70aa4a4e1fc740f28041f77b304d6b
BASE_00004818	baseline	k141_25196	1867	06531fd1b5b135cdaef42f4878dd45c28ba021704ddb28281c1531cb5306e068
BASE_00004819	baseline	k141_11427	1548	d286c7cf663998b4aef010afdbd10e74719a6525f1961caea5df8fe4c3a1732a
BASE_00004820	baseline	k141_11428	1048	6875820c5899af52aa22fb4bfeef187142c64482aa203de305e349ddfa12b3f5
BASE_00004821	baseline	k141_11434	1234	06f439649e3e10211cbda0b3193ebaf6c8afa7d62a5f7ab92887e201a6578e21
BASE_00004822	baseline	k141_25198	7326	85b9d79b0bf38a7be72e329c50b58028655e0160a257e7bdc030efb7743655ce
BASE_00004823	baseline	k141_25200	1060	e59ac6ddcb28d64b1460ca90c18274b35be540d5a5cd2bc9bca41ae94f175615
BASE_00004824	baseline	k141_11436	4365	135bd5b7066d7bac57258454e270bca6a5dc6bf24b4d334c33b4c96ea9cd7ddb
BASE_00004825	baseline	k141_11439	1582	3c494f23ca8bbfb01af1234868376f25a3ec8637e40a99adde9c2d39dc551240
BASE_00004826	baseline	k141_25206	1210	83568d0774bbd467378f3c1f4ba9c37dbb6a2e47b0c88cf6fd72350864a423e2
BASE_00004827	baseline	k141_25207	1126	e9da08a80f5acee9a816b05a1330c4b17f2680c8b467b938b14fde6b218dadee
BASE_00004828	baseline	k141_3818	54339	b5533830f92424472e086bed7b21587aaa215c5a482d0a68830124fdefebfabf
BASE_00004829	baseline	k141_11452	1986	77761fc9d1011efb08b91f03da0b9ec29a075b958de8fbfb8af115fbd8118d57
BASE_00004830	baseline	k141_25209	6795	fd26a531cf8ca2fb909178a94a242957a9775802161c7ffbaa2bc66308069e9a
BASE_00004831	baseline	k141_3819	3856	d4daca7a2fe22941ff51e77d4731aecf09c2f1a9d86bfaebd2b5312bb31f0b39
BASE_00004832	baseline	k141_11456	1109	0ba80cbd416502b98e53f75325cc57574235e20af78d072819b65363ec68a527
BASE_00004833	baseline	k141_3824	1016	2065f88dfffa37901bbf229d3432f6c3223108560777fb333475eda70786eeea
BASE_00004834	baseline	k141_11457	1390	75d95aab524182cdb594a63c973a7f9a6d53dea03a413263741f1e08020248f7
BASE_00004835	baseline	k141_3827	1352	3f91def2e804e663de692e4e7a45631d9fe9268fb75d81aff9e52eef198b26aa
BASE_00004836	baseline	k141_11458	2749	b2ef37406c382aa02b79c0879bdbab6ecca6abc7734b43ca073c9cfb5e0bf75e
BASE_00004837	baseline	k141_3829	1085	3aef0dc9ff83252c316bf4d3d10ba2ef0dd3a4f6b3c45c5bc9dc024f57442bee
BASE_00004838	baseline	k141_11459	1342	0b6543ccfddfed533551165a5782986bd5a617a35c3d3caef3a96a077a7fca24
BASE_00004839	baseline	k141_25219	2064	e8b59a09cfbbb896fb1387b71771429a055eec2afa018ab0dcd67f313a50460a
BASE_00004840	baseline	k141_11460	1167	dec7b751a9d198a3c0edb3ae958f662a48976aa7b427030be1b522f0be469a02
BASE_00004841	baseline	k141_3834	1367	e1251bd609192591642624519c5efa217e57773e1f3d2923319efc5e093abcd8
BASE_00004842	baseline	k141_25224	1170	c3d73c2ccfcefc83212f8647e2171ada7816a6d4f4d7b689d4895ad8110dde4e
BASE_00004843	baseline	k141_25225	3182	3b513926734f777d86b261cc78b766abe0324935de4b75179d3551de7fff5eaf
BASE_00004844	baseline	k141_25227	1052	66bcae5f600efa515160303fab52488a5cd45e007cac9597bae7a45744542766
BASE_00004845	baseline	k141_11462	5997	685819c03cb0d310245ffb4ca7fabd31647db8488a2da001b533fd6b8d42a19c
BASE_00004846	baseline	k141_25228	1032	f5dd99ce5b9996692f03768d86b89c1ad6382b910cf5174a08f8094f419c26c4
BASE_00004847	baseline	k141_11464	1290	6b5a30e94b754c9f2d0bf18500f2f3295adfa3e8be3ea80894e44316cbc56d6d
BASE_00004848	baseline	k141_11465	1067	905d311650ad06e857532535aee3a6e4aa5e7ed2ae28a2e508f1c3d49337960c
BASE_00004849	baseline	k141_3835	8179	ac062459c8f7c1708f71cb5fa5362dc9ccbb7cc772626d63de3dbdc7be4b70cb
BASE_00004850	baseline	k141_25232	1328	a9bc04667c4fead5ec1052cf595943607c1518d1bf7d47c05dac33f692464649
BASE_00004851	baseline	k141_11466	1858	b5388a7df54c2b2eed3ac4a658441c63dc0bcd1de0add3cda42ef2c2679d5c59
BASE_00004852	baseline	k141_3837	2099	1ea4668e99f4cb36435715514f348e8646079694b5b2293eb0d1bcbb173a6ab1
BASE_00004853	baseline	k141_25234	2234	31733696233643aebc4a0d02d63310dc62f781cf7d8a55bc478ce2caf277bdfd
BASE_00004854	baseline	k141_11472	1040	7a43f612d2fcfc3c2d0d85dffdbf6313782fa297c0a573392c27e3021ff65f27
BASE_00004855	baseline	k141_25237	1242	6a9224fd320824288128619c74f0faf6507eae8e1072502f5a910c854711cddb
BASE_00004856	baseline	k141_11473	1104	1adf709cedd233917ea6fdcefb6632227242c1460e9b0478179166e92581c4d1
BASE_00004857	baseline	k141_25238	1151	266e8dd1af17253af681a694ee7e771c66a7e695621e882680fe56095b546f99
BASE_00004858	baseline	k141_11474	1253	26d3fb6dd5594c2cfc14a82eb2c152ed011d90b2e7584253a426721726f74c09
BASE_00004859	baseline	k141_25242	1591	2513c34c43758d11160dad74f4c7c7c7b6279eebb06be8a078bdec6245d13072
BASE_00004860	baseline	k141_3839	6685	d4e645012ba26d6132e0bed05d0389d837fab9bb4437a036a19b3aec80c38bd1
BASE_00004861	baseline	k141_25244	1055	d4c59ec6bbd49deb58ee3bd9e3954c39705dfb08e81a37d3383c42b8762f75b3
BASE_00004862	baseline	k141_3840	1055	e1bbcfee58f7db6bcf6b5e724b2ce554b592b7499d51de55902310f4ef4b1f49
BASE_00004863	baseline	k141_11483	1963	7a334d4e0837494f94e6ef7be6cc05dae47e0d1d1d96a261b6b249738a25998a
BASE_00004864	baseline	k141_3844	1133	85c05e38b3d602dd259cd68bd07f9eff15f781841bf9c8c388a4ce89214abe4b
BASE_00004865	baseline	k141_25246	3411	3954f5930d33bab41e393843807939efd7a383ee7e93486895cb7d67f93fd2a5
BASE_00004866	baseline	k141_11484	2304	70579c6cbdf459edb66667c1c5d3d63f7ec30e83c77dd112623731c78ab5b6f3
BASE_00004867	baseline	k141_3849	1150	e7a31803e5f9d965c510b2ebf6614df99dc50fe88eca625e0a8849359082c478
BASE_00004868	baseline	k141_25254	1597	b646b990cc69047140bd7bef025108a2cdfa43a19e915c38726e5b3908e16045
BASE_00004869	baseline	k141_3850	2480	7b9278891e29795a52a19c1297beb4f0fce72c156b5ebb0433be0786af8bb4e4
BASE_00004870	baseline	k141_25255	1161	e0a22700eee5e4f7f45627031a590ff0d29fcfec2f1cb2861992dc790c4f41d1
BASE_00004871	baseline	k141_3852	1164	7b5b62022629834c83f84d6e7d352f7f9be78992baadfcb9e47d70d174fa60b6
BASE_00004872	baseline	k141_11490	3472	bdf0098eee6f805e4d85ebf1c08f0b76a08f56233d31fb2500f450182b717d9d
BASE_00004873	baseline	k141_25262	1453	fb18159811c5a5d737a889c049fab0d49f8fd6077c59b56e4232a88a95c846f4
BASE_00004874	baseline	k141_11496	1241	b9e3033d30a31aa96c7fe446ddfb41f247af4f5f435f0280e4ea2d5ff23fa7bd
BASE_00004875	baseline	k141_3855	3827	f7811876dea0dfb32bea8f9c3bf22197f962a485999a4fb470990bcb33ca5994
BASE_00004876	baseline	k141_3856	3334	028f9de7f80042eca70b9052bcc6fbdb01499f172e3ca963afa1767c57f76eed
BASE_00004877	baseline	k141_11504	1007	a76fe4e2b16a8263f36d4122f3a613f9452598771ab471dba92e5ccc1e33ddb5
BASE_00004878	baseline	k141_3857	2621	bdd48e471392803842cc289b07ffbbb1a4759dc375c857eb7a86c9ca6010aba0
BASE_00004879	baseline	k141_11507	1127	559c2ccd5e9664222f5ca96e3d801c2e271071e8ee796c68dcff07213073e572
BASE_00004880	baseline	k141_3858	1674	2c8d59533f466c67429063fe32e8a35185a7905cc760092a5150b5f31414f85b
BASE_00004881	baseline	k141_11509	2352	5568e5726f599bcd1206595a435824e922299d152af5721d4575cbe906197726
BASE_00004882	baseline	k141_3860	1866	4c4cb41844daa424be73b70f23e5c4f7e515dfdaae95f834f648693d36078496
BASE_00004883	baseline	k141_3863	1219	81f8049acb1dcff87f5e40bb891d38a1e4db8633fe688b853feeb6242a2e5fad
BASE_00004884	baseline	k141_11515	1265	1b5c6f1e9568f6f6d593624c13e1ecede61ceabe5f8ae7dc741594ef228c8856
BASE_00004885	baseline	k141_18236	199407	45e3d994ac1315a83969513b96d0f3a4d332b1ca4f135ea213c7c35d45638020
BASE_00004886	baseline	k141_25263	14317	45e8d03a058a5dd3b671e9b0b2dd9940601e45aec54e9974331f350f19b0792a
BASE_00004887	baseline	k141_11516	1567	e1a2fb8800ae0777e1f56c0521913fe93358b0dc17c7969899067d64058bae0e
BASE_00004888	baseline	k141_25264	1043	f2a2d5c3815db9d6e80cf9e074e7f9241d7aff270184b614c976fdffc624bfeb
BASE_00004889	baseline	k141_3864	2468	4a159ffb7f5c01ef8d4167b01360962a27df311f5f4905176f3fd8b200e4f17b
BASE_00004890	baseline	k141_18238	1937	07c41530bf91ce131ab64351b0808760c172ec8c3a63388e95440899caac8fc0
BASE_00004891	baseline	k141_3867	1159	c859fd82791458aa757f7fbf7cfa235404c9b46b716a278b2d0f2e90ca9bcd53
BASE_00004892	baseline	k141_25266	1947	f4053f8c26acc977b81c77549f7b09f8743cfa1ce7771de8ff2b6a4782214bf6
BASE_00004893	baseline	k141_3868	1061	0fe74e291c3d457079dd0f9e1245de68cf687d9973061645a9770478eb45cd02
BASE_00004894	baseline	k141_18241	1327	b36d16fc7fc8b08713f61d212e9e8b12d873f7cdf67499778f3d1c19247fcf85
BASE_00004895	baseline	k141_25269	1484	b3e8825d78d07af627dbedfaed65bc3bb2fd7ced2d32c5761c83c53890718c7e
BASE_00004896	baseline	k141_18244	1504	a3c493a4177c1fea61bd7d560304131c219993541e7caeaf8f69039b4da603b6
BASE_00004897	baseline	k141_3873	1563	312d29a8e79301c5bd1685d1e0ebcd5c45387f28440bb9bf5a403846fb87700f
BASE_00004898	baseline	k141_11519	6447	44661b0c9f57de620684490d72f0754fb1933f6b2b2e0118587fb1f545521ef0
BASE_00004899	baseline	k141_25270	1661	63420da035ef3e4768d63d4ac6d8c19d50692cebc02b1db22ab65d9cedf0e083
BASE_00004900	baseline	k141_18247	1176	304bbc03bb5b6faf6ce10827ebf9d4fe8fd7004e2dfd7b8be3c24d40de91a081
BASE_00004901	baseline	k141_3875	1103	d1a7936ca942cd4ad0821a037f27bf3f85ce5e06a47b74f868b372436ae8a7b9
BASE_00004902	baseline	k141_3877	1070	73b104e67f8cd16e05af24ea68fab316352a0312e0e071b612df1ade2834ea9c
BASE_00004903	baseline	k141_25272	2411	977e7623395b7ab13a64f672f4e059917a5d48aa25ede372d2e6da20fd3a45e6
BASE_00004904	baseline	k141_11521	4412	5de3133b0f37d2026dffca5d90f8f53d2caab9c485f09f1836c6bbd164355a89
BASE_00004905	baseline	k141_3878	2044	09129bd3fa94d99c9523b0b4da3349bf400f3636afe03cf86b20837115370b5a
BASE_00004906	baseline	k141_25273	2760	cd056e69f9000561973477b4b9d7c13854cee8ba530e02cd4797a51e6981fa64
BASE_00004907	baseline	k141_3880	3112	5f8a4a13a523a28a4d322e1542d5128ff15acf7c236c071d83a87d61f9178636
BASE_00004908	baseline	k141_25278	1254	ee87f64139bbc120356219fa966b3933c891762b61c701f4999755e81d75fbf7
BASE_00004909	baseline	k141_18249	8180	aba4bcaff4c410b4882ee04fb8db38d8a7991bc88ca3fc2e825935bec2798e4e
BASE_00004910	baseline	k141_11525	2960	6fe1d57dacb11776e4dda7b6e334f5d43a8dbcaec93bc0e22ebb208def40ad7f
BASE_00004911	baseline	k141_3881	2017	c01129018605530ea1b297596ac6dac9ff307258de4172a154983ba350656c71
BASE_00004912	baseline	k141_3883	1025	dad7f84841a1d9042db35ffa601ef93f3efba56509a881f520e9ba9023aa76ca
BASE_00004913	baseline	k141_18254	1596	758be26242da3790dd2ec0524b99498247baa47903e9a634729fb278c9567e25
BASE_00004914	baseline	k141_11530	1574	9ac7201eae1ca30d379a2e3a9d149104618306ed011475a571778d0e3e257e79
BASE_00004915	baseline	k141_11534	2058	dab36f0320c1208b0eab9a13ba3fb5c0704512261df5a85cc9a7b1c905bd47e2
BASE_00004916	baseline	k141_18262	1223	af77885b0ec9b7eff64f7b2cb4cf33cfa4c4cb22558a801f322eb4a63cbd5d78
BASE_00004917	baseline	k141_18264	1151	b1a725e55f9f20e338135de2e75d1d879308b9581c1d11d6c49febbd34f8a2cc
BASE_00004918	baseline	k141_25294	4627	e7af538ffff1fad8f0f01f4db1962ea6b6dd571804e5786bafad1676257ab48f
BASE_00004919	baseline	k141_18265	1660	353ff8a5db367c00b6eb19834ef344883305ea7a80c4bc31c68ee83142ff3832
BASE_00004920	baseline	k141_18266	1062	7082adc5f9ffa5a18842b504ffe5dceb9b82bac05ab3d1e7e9e19caa2bda7b7a
BASE_00004921	baseline	k141_11537	4829	a669209e7260dfe4f8de73a757d86b5fb6b606b38a25a67a7a27a899d92d43af
BASE_00004922	baseline	k141_18267	1451	66abae860b4a756b1ad21011c70ac4bc746f96f645411574ce8f956aac41991d
BASE_00004923	baseline	k141_11540	1173	eeaef399ec14db0ff5db13bf14ea313b8daa6ceb23a17e79e1557c1de2bcee94
BASE_00004924	baseline	k141_18271	1693	0b5a0e37554fba3fbe5b3d73dfbae35b8d33eb36af3a996d24098aa256631a5b
BASE_00004925	baseline	k141_25307	1278	f38619672c83764b3c796003c190236b4c8937a357b11a0f67f8fef7f5f76fa3
BASE_00004926	baseline	k141_18272	2588	128b8baebf25a4d49e90d466d7cdb79737e85c24260e99664ada22b6c218647c
BASE_00004927	baseline	k141_11548	1125	d490a9691bc683ad68e3688a6493694b07ab4b419a9bf2efabbb08ceebc25c56
BASE_00004928	baseline	k141_25309	2109	bbaf839e624052b820371131c28533d19490f0a2ba866f86808e57d42375744b
BASE_00004929	baseline	k141_18275	1043	ba0a67bc6ee4975705bdf1d201601d336af410c90a988c378e99e0cbd81631b5
BASE_00004930	baseline	k141_11551	1221	fbc5805921cd6dd5ee5d7dd9bdda81ca0fc333a2039f0d39e93841e4169824e7
BASE_00004931	baseline	k141_18278	1168	780417be2c0ac4870f96fb3c24146152e300b7f4bcd846d7c1e8c4a501774e21
BASE_00004932	baseline	k141_11553	2963	eb0b03c390c49f948cc737020d36cc1286e6afb68c8be9d9f79a23afa0ba61a6
BASE_00004933	baseline	k141_25312	4876	556b0f8266abe477be2c8994389eec855a5a3d89f8b9d18e03f37d9a380a749b
BASE_00004934	baseline	k141_11554	1515	6fb049111799f345d936af60d59e55c863f4455b0b241d17499bc09211c4b5ae
BASE_00004935	baseline	k141_18280	2770	baa18c1cdac8726d5a396202fa2ab01a781cb06ecbbaeff9cce429e1448a9b2c
BASE_00004936	baseline	k141_18281	1476	055d1c829dee6ac0f0e1a2a581e577555a3ea84b41214f3d00edbb62121a54ea
BASE_00004937	baseline	k141_11557	1153	1e12af17a8aaa8304bfbf9b71e2de2db75991b90cc51f6a9d2fe7db40f8f937e
BASE_00004938	baseline	k141_18283	1044	f8b1428e0d042e3f9d7e50bb25dbe55769c6947f19a703eb908846bda9683fd7
BASE_00004939	baseline	k141_11560	1119	22d5a89dde1e824dfec26ca27a0fca2be5c5b00cb3385097667b3a8147e91307
BASE_00004940	baseline	k141_25319	2823	f4384112cf3d327d85e0683d652d294cb1ac04639bae5ad61aafacd33a7fced1
BASE_00004941	baseline	k141_18288	1368	1cdc263edfe89ddfedcad2879446899645f01a1670cc6471ad68a78763acb519
BASE_00004942	baseline	k141_11564	1885	2d470fb0e94be27a9bae3463e6ab05381966f7f48afeca4cfda79a3ad81d5443
BASE_00004943	baseline	k141_25320	1042	ccce79073db5c9a622438c8bcfe039e83ad8481a67e56ffd1a008a6e40ace116
BASE_00004944	baseline	k141_25323	1139	4f3b50e3a084df532be045ee23ed8bc843a2bce882ad8a46e016b6643572473a
BASE_00004945	baseline	k141_11566	2387	61c60ae2d976d3b0d55f0af140112a18de49b80a07267a616d260d33dece1bce
BASE_00004946	baseline	k141_18290	2602	113619cee32f20507792fadd27f04d51d1827cd8b9040eb0cfd548260d180273
BASE_00004947	baseline	k141_11568	1772	fc1218dbc11ab1f9bf40acb41c041eb991c87519d6454d895212e26548008174
BASE_00004948	baseline	k141_18293	1571	f55b83210aa5b3b520c61a6f116359ef9daf0da9f54cae2806a669abc13ca222
BASE_00004949	baseline	k141_25328	1563	cd3f7de6183b49b7c27d3a45ab49682db44afd39f405043cc65ced1251f3eae0
BASE_00004950	baseline	k141_18297	1429	48dbd8e60675c483397537d13efc71e2db432a0c856d5dd3900559cf851c9c3c
BASE_00004951	baseline	k141_18298	1325	429b688ff5fafc1da64c8d92708f36c250076af9d78ade68d1871f2158d95fb4
BASE_00004952	baseline	k141_11569	5022	0eb17e189aecb7537cfb15c163ad7758ffbfff00764618b06770a07dc47561e3
BASE_00004953	baseline	k141_25329	4258	6fd1b3004967c7e7615fa3122e330b4f37df5f2bed45f681f2655132a503870d
BASE_00004954	baseline	k141_25330	1246	31c87a7cbd7a0ab7da8438c147eaccc7845f5e236c0ce683b69f7a338c606ca5
BASE_00004955	baseline	k141_18299	3587	9b593a0e239221970387b804d708b74c2e7900b290ba7c7acf1a49078ed4228b
BASE_00004956	baseline	k141_25332	1488	e6327a1a9cc1b90414eb393fa15dc6326b927967ebb06142c5e03d3a4a310bea
BASE_00004957	baseline	k141_11574	1490	38f34ad33205c81cb2c502f2018794e7246f75cfe40cdc8ee3d402dfa261625a
BASE_00004958	baseline	k141_25333	1411	55b6c83a2d5dbd48a39a748025364f254d5b1dea5e293b3f36da54603c715309
BASE_00004959	baseline	k141_18302	2902	6d9e70e4fa1b58ce9d3040d2c5cf4a0fa2f27a8f8a707d6aa5fa6ccc809e06f8
BASE_00004960	baseline	k141_25334	1627	0e674b4ceb3af3e347ae391c0737004f71c57a3b8cab54f61292ddd3a73f9375
BASE_00004961	baseline	k141_11578	1983	9b9cc6aaf48f880afb649847bffc18c1f43056ae19bef55278114a9a151da2d3
BASE_00004962	baseline	k141_25335	1816	ae1e799461e5df4c61cb0639d96dfc3b10d4145e42688b13a8f1840da83f6083
BASE_00004963	baseline	k141_18305	2545	ea2841e9e1cfc99f3239dfea9a7d9485d4bee1acb0a223660959de1ca7f74640
BASE_00004964	baseline	k141_18306	1016	0e476100039a39fbe7caf33e7571867145992acfc79e91b92638d2a9c262ecde
BASE_00004965	baseline	k141_25337	2939	436aa293b552e2b4b87bd61cc2b4139f98a2bdd36b573e0ee964ed584a691f4b
BASE_00004966	baseline	k141_25340	1235	53e572fae78de9bd4f14540f18b61209d2e538f681e093ccd5ffd6bf02ea5596
BASE_00004967	baseline	k141_11585	4276	d62b64480de31bce29cac36ad811effed5233dc7b17833af70cf40dd5dcf642a
BASE_00004968	baseline	k141_18311	1121	6d61df38171bdab64ce73cd772559d37f12ff8ca8ec5d00326ed1a73849be218
BASE_00004969	baseline	k141_25343	1051	faa5be0654d16e59b52252633a6e453e70826ad8b8a28d53cb2f786c43201ee8
BASE_00004970	baseline	k141_11588	1756	e3ae37b372bbdcd6a155dfdb3f07a6f87b85b06581f6ba2ad02792e75affbf83
BASE_00004971	baseline	k141_11589	1759	039624d0c9331339889e144c8fd25cc05573b8711de2853dfa951ba292b4fc8d
BASE_00004972	baseline	k141_25345	1522	63cf8e61d5221f2216968cabfed41209e7159b9f43398f03e0f7278f25018c76
BASE_00004973	baseline	k141_11590	2420	d4f2111e075ae5413de6c673f0ba3286a5bafdfc0c383544abdd986af170608a
BASE_00004974	baseline	k141_25347	1973	ffc562355c889c1880eac18eff16be6fa7a5cf5cc34b486be4341de0a9196840
BASE_00004975	baseline	k141_11591	1378	9af4e81bde603160ec2b932f784c7139bc47252ece7ce58fa56ee802f25baaf4
BASE_00004976	baseline	k141_11595	1157	c9699f1bdc5832696827efcf4c4f62a74a49ea1616a3d6d39465142a780ee53a
BASE_00004977	baseline	k141_25348	4262	c842b0b70ed297a937ca4427a096e5f6d6d42ee2385f9a54a6cc346200160607
BASE_00004978	baseline	k141_18335	1884	9e16b6ff5c0645ef5e1915738a2bd56b069525a8078d7f674b890df0c1bd499b
BASE_00004979	baseline	k141_18336	1160	0f21202d10e231c4fb766163df2ceb9f062f23cf5380b3cf2f0226bbc51df397
BASE_00004980	baseline	k141_25357	1444	02c227d6eb7b728c55a9a061e32b5d387e6c5a06f346014f48803435fa36c0dc
BASE_00004981	baseline	k141_18338	1058	b77b925a78dae4328b0f4933e80720e7e751177d80fb90ab5c3876f52c1a01f8
BASE_00004982	baseline	k141_11597	6870	6a3355dad62245a72dd6d9b4b9f6174b3f85d6b6a43349e3502b18a7f3a20a36
BASE_00004983	baseline	k141_25358	4203	88c2171f0c3f2e04150de4144eebbe68f6df45df5abc2f86428be8d9f731785d
BASE_00004984	baseline	k141_11603	1119	ec0d5c4b31c30f146a8c6144b7798af225c6853acd791016a2c21219f2e9dd39
BASE_00004985	baseline	k141_25359	2917	c1667d2201d671bb635e97c868942b8b85bcfb22db003e297b49f97079e108a4
BASE_00004986	baseline	k141_11605	2160	a0c77396d757c12ae3203216d476fea22291c9f526edccc931cf5d9009e72459
BASE_00004987	baseline	k141_18345	3995	a0b68475a5e41b8e790999e1a2efd7b4304bc220171e401ed7e91d89f613f7cb
BASE_00004988	baseline	k141_25360	1091	604e7e452b317057bbade6ff112dfb5e6097c8ee78ec9307fc878507755d98ec
BASE_00004989	baseline	k141_25361	2040	7a77454788ec8c8b7b4560b724a4ae62ebf59aac35252125fee9f9dfb5eab895
BASE_00004990	baseline	k141_18349	2987	5fb98b14b08380bcbcf0dc6abc38b2e045628cc2bd7b348881c41094910c5336
BASE_00004991	baseline	k141_11612	2618	a52a49ea59a64a75361bd8048d949ff25e60579a5fec5a39488201fd6e52810d
BASE_00004992	baseline	k141_18352	2408	9d92060f3bfaf5206bb2909a628ae403f6cec46a8d02944331f46701bd48518b
BASE_00004993	baseline	k141_25370	4943	9b067c8bb79a225520e07f7c668881ef2b2e8f26f3e992dc1d7c3fe2a68bb3d7
BASE_00004994	baseline	k141_18353	3932	c4c4e38fcefc7b2dfa2e07d2c44d52b53a28ec9120937b3dad0c200be4ef78aa
BASE_00004995	baseline	k141_25371	1091	5d03edcd70ab2fe4852de5174b9fdf2b8778e17c86bc4e235c87f57a895465ef
BASE_00004996	baseline	k141_11615	5127	58e4b3ad750eb5ec0b284644c43ce0d688312eb59a30a73f454a6fd3b191e10b
BASE_00004997	baseline	k141_18355	2525	4c34937704a66d79c11707e1f1668d13967269908c63bc43069c1432c9b1936a
BASE_00004998	baseline	k141_3885	95547	c45991de703f0841928cbe75c9d09ef47f154908433b43abfb0f4a99cf7a5b8f
BASE_00004999	baseline	k141_25374	3177	334cd850379d9231ae7cb9f96f799a3528c28b1bb3ca9543da8bc7b577b06323
BASE_00005000	baseline	k141_11621	2197	fb137c06c60fa51f48b57928e25b463e818962b80702d1b77a7f7ff33877bd16
BASE_00005001	baseline	k141_3887	1151	396f0e99633a6fb4be8f0ab0a78fe6f061c48a82fa48e13521d97bb3b8ffd9c9
BASE_00005002	baseline	k141_11622	1005	cc1eb3dc9950d85c29898c384dea73cfdc436b3ec7b96bdf0b2acccd1e8e7d86
BASE_00005003	baseline	k141_11623	1412	d08a9e66589603bb5af7b09e01874ef035c0e5ba14989461051fada756cf33a9
BASE_00005004	baseline	k141_25377	2908	cf28337610b70d8fe11bdd637b473713e29a472853057520b856410d41ebaf6c
BASE_00005005	baseline	k141_11624	1077	1f0a80fced50292a02e8d2c27c622b254d6937e35a4cd1925ebed2bf63acd94f
BASE_00005006	baseline	k141_3889	4293	9cb45ed6d3c1d7cdca58f118ba959306e296249559569db2a08ce4fb08abedb7
BASE_00005007	baseline	k141_11627	1309	722c886ec0de3ac2cae77aae58c7d95167aafc04eb5d91c9c6bf487a3f032b6e
BASE_00005008	baseline	k141_25383	1285	4c9ac696a963e7786135a040dd25fc3d235e6ec5f6df9ee9fcfb2f532d7dce71
BASE_00005009	baseline	k141_3894	1248	6a3dcc023de8ff3c22cafb9d89485da0c71560aef4ce078946571a4eec903649
BASE_00005010	baseline	k141_11632	1195	a2ce06b1d5ba9635ced697f67656ef3bdafb03cd5ebe24cc366756d0635f1c96
BASE_00005011	baseline	k141_3896	1333	07e9643456c74ea0d41f48f3e8ea4ba0a7b8ad5fb54c64a5b3f18d0829f1a930
BASE_00005012	baseline	k141_25386	3869	92735b17aab7f85686348a25dedcad79797a0606c7e906552bf7b427dfb80aa0
BASE_00005013	baseline	k141_18373	4875	3157aabf0d4b1a7b32f0e75e748677cd58489d3a32409effcb9cf878a44e0142
BASE_00005014	baseline	k141_11639	1025	75075bbb259d96cfbc2cf8ee8ace07b1771fb3e04bacebcd9b6b8c1de0faa585
BASE_00005015	baseline	k141_3900	1207	1c12ccb9bcb6aa650312f7b7b62532a807e8271dbc9b47364009ca64ba7baeda
BASE_00005016	baseline	k141_25392	1077	36291de05b52242bc56b1a0a64611ba146d822a56f3bf1233d317db92837b0b7
BASE_00005017	baseline	k141_11642	1295	dd8e80a0d84be28ad2158d3bb8fd4c9f8294b7929baf27e85f7af918c5535b90
BASE_00005018	baseline	k141_3902	1317	9d46b63e9c035775b99d47214e7bd591f82bbcaf05dfa36f9af457da68bd7d3d
BASE_00005019	baseline	k141_11643	1023	a412d8981b95011d2eb0346d7505310232ea4d90fdadbc1e0fd54dd2d31ff79d
BASE_00005020	baseline	k141_18374	4516	cf81cb4c5ef9b567dae3fa31e39cf563f8ecb28bbb993ee2ad488b418c8ba1a3
BASE_00005021	baseline	k141_25394	2282	69343f37f441328443041c92eba8804403f9a7c0892a96daae0044d4a689e93e
BASE_00005022	baseline	k141_3903	2602	78957a6800f8028f494dab1a5e8bedb50c78398cbcb2c1f17eca057ee32395b9
BASE_00005023	baseline	k141_11646	1750	6bb79cbe57b00eec35518a2f5ef375d8ceb0ab2fac57c74e32ebd340c50b5210
BASE_00005024	baseline	k141_25396	1157	3915872d7c1f6c2769439567e21576f27c74f81f74516319d7799336ae17822c
BASE_00005025	baseline	k141_3904	2092	3dc36849112b43c9b5b418c2fb8885c648fd34144ca8c15084ab7b89d07d03c0
BASE_00005026	baseline	k141_3905	1497	03c2c95576f7ab076a9e651647ba0c956a087dbc3c0056c24a7338e61185f2f9
BASE_00005027	baseline	k141_18376	4218	38bc1307d804f0edffca5d75eb3860164c1520adbf8e2ac9d429f696e6913fd6
BASE_00005028	baseline	k141_3907	1128	2d82e1ea07f6640711eba2ff2e0d94dd1e1805409b7046e7c381873debfab8c8
BASE_00005029	baseline	k141_18377	2061	cfb8f2ef4a1c318c5ec4e600e2123939073b537ec9b342644fb066d5577b5061
BASE_00005030	baseline	k141_25399	3494	1de94b2f5a28cf1cb1d57a9694daaef7a91578eced5ebb7a28d3f0235cebd0b3
BASE_00005031	baseline	k141_25400	1922	a332f6d70d7b79b271da65c9429a0fd44c4c6e264b21852d5b792ffbff37bdb3
BASE_00005032	baseline	k141_3909	2596	e81ee226498c57297ac5c963e4122fd3b638f3e91dab79fb671eaa9406130a33
BASE_00005033	baseline	k141_18381	1040	71be81e709f1dc14d26bf3ed545b80ba6c3f882abfbca542c2fca9e1ef2b7070
BASE_00005034	baseline	k141_25401	1032	52f7ae455b098550e0f0c605697cb162d2e5c5bf6edc800a424128f5262d344d
BASE_00005035	baseline	k141_25402	1214	ddf1b4ac751c2410f79c31a7f266eac867d97c5709d839b0f2a0b5810b822fd0
BASE_00005036	baseline	k141_3911	1117	8c62b815c5ee76f624c99cdf68c90a681bb4b3db35b570f694b53401795a1798
BASE_00005037	baseline	k141_3914	1437	b610f4d63220c5acc18f324508398b228bd503cb048049f4eecb5a2935f7b292
BASE_00005038	baseline	k141_3915	1021	1c5547845f500326e65266b6e610c3398bf078f452503bf0074892c5aa8cf8c2
BASE_00005039	baseline	k141_18388	3986	b23d89fd62ac5da0f7be611d78c335d75afeb39363df84bc059423b11c267951
BASE_00005040	baseline	k141_3916	2095	325a2f803defa8a85daa1fdbe92bae21a286fc4e26c18cf0742026617e04b4ae
BASE_00005041	baseline	k141_25408	3599	0ceb3c8f4203d469b11f073d90291b56950b250f32682fc377f6faac833bec1e
BASE_00005042	baseline	k141_18392	2665	d6083f1de690cb9036826a0e75d6b14bc5eaa4260086850589d7f5f4a9e8e76d
BASE_00005043	baseline	k141_25414	1647	6821418ac6df02d44408ae574b81472897f39f357e164e93de734cb9333956e6
BASE_00005044	baseline	k141_25415	1032	49602bb5ab557cb9c2432c32eb0feb988683ab47f25dfc2c47b44adbf1392b2b
BASE_00005045	baseline	k141_3918	5082	807c76f2d8c4456c78ed5789bc2fc6a2564a558d3ebf6ec497a22683310299c9
BASE_00005046	baseline	k141_18395	2419	46e84cceb54dc2c48681d883d755cf4d2be7115513aec4ea918b10d132a738e4
BASE_00005047	baseline	k141_25417	1375	b58bd504cca275270b6439a30d50f56a6823ec046de70e09ec0a375502e59abb
BASE_00005048	baseline	k141_18398	1298	c3a9f8a304a951def7d420e11556d158f37eb7796d93aad041fbb10ba44c4bb0
BASE_00005049	baseline	k141_25419	1837	21fe38ff4b69ecfa29e744d00ecbfacb9ea65d9101faa13b4a8586bfab47eb65
BASE_00005050	baseline	k141_25420	1944	f6846bad1b89f61d0df545d70593b7636fa95d90ff01eaeb2a5fb04b98e1e359
BASE_00005051	baseline	k141_3925	2520	c4cd6f2e971095e4c510aed870c6d78a39e054c562d0d4f94c0932147d164546
BASE_00005052	baseline	k141_18399	3035	26bd89d9a87091b9b43b6964a1f08bbe47a5a49a6aa283216b1b64d04be5f7aa
BASE_00005053	baseline	k141_25422	1440	39d6800e0ff709365fc47c52de5b6a26974f59c3ee098adf989c27b9c1665cb6
BASE_00005054	baseline	k141_18403	2588	6bfaa68169fd4ac45e7d4cd59b2ca5690ae34bf70078735fb43831485991b357
BASE_00005055	baseline	k141_3931	3097	39e5d58e6d0d45e09a915e1d21a1b3eab186e93ee068dcce8c17c1bac5a18d1a
BASE_00005056	baseline	k141_25432	1006	335c7a39a4044b1a47fb2025b7db6747a3f45a6cb13df3fca65b041bd528b812
BASE_00005057	baseline	k141_18404	3004	3a4df0b985315c960f04fccc98841055e091aea95ce032d6e51ae390cc585e77
BASE_00005058	baseline	k141_25433	1600	21e39a70eea32caf3a9f19723895e279af27c5377fa92d586abfb653f8cb4953
BASE_00005059	baseline	k141_3937	1295	9820d78bdf4bcc50f22360aa425f5fe95fd5ff4093380d834c377df1c1a3d0c4
BASE_00005060	baseline	k141_18407	1188	57c906c1165892295cf034e04db574e6a28f3a14aa8988009ede9316c6e0915a
BASE_00005061	baseline	k141_18408	1708	e1d6ba2eac70409d835e64fdc2ae511b20ed9163f10d94f7a31944ef4f0bc4c9
BASE_00005062	baseline	k141_18409	1306	36c5f1bc3a809aacbe07be92fe602d16bf38dbc225362dbed587c378035b5fde
BASE_00005063	baseline	k141_25436	3629	be559ae251e3f6cca357ebe30b8e9c7b3f9b78616d5cfc9743f5845800fbd57a
BASE_00005064	baseline	k141_3942	4819	aa79f2b4a015891cf7e1874e1811ffa110874166ab5a7886c755663da8500130
BASE_00005065	baseline	k141_18411	4119	3d214a5aaa0a015476cacb522ff58251e9d3d2c2fcff313d54427a9b298093e6
BASE_00005066	baseline	k141_3945	1221	7056443410e29aff7de5f89d1dc2c388f296f8220b1a4de31cb375a5bfb45608
BASE_00005067	baseline	k141_18412	1536	cddd364b0c073a9063a4eb9c9453b7175afd980457853e1ac164f2b216748f5f
BASE_00005068	baseline	k141_25447	1617	0a42fbde33ee07114f242b0521bf5297f0fc3efa5d0854458ca9954e94e88a6d
BASE_00005069	baseline	k141_18413	1772	8f0b63c11ce1b5ccc4c3b8df842d1d85d9ebe515a3ed51061cb28cad87874a77
BASE_00005070	baseline	k141_25448	1396	d0913f88941003941450d51e80a4b2ec6554e476b546233b2957bc7ac822a6f3
BASE_00005071	baseline	k141_18414	1308	be8c55462cb9d48f8d1a3206b84bb001d15f069a0e48feba2d35afef799f9fbf
BASE_00005072	baseline	k141_25449	1026	dc060d4d1f94bb7fbc8bf343d0ac8fbcfe526d964007337a960cb9d8688ee0a7
BASE_00005073	baseline	k141_3948	3983	8512b160274ed54a99e1bfee094ce09e752915a9c8f36c068f8cd2f04190d89a
BASE_00005074	baseline	k141_18418	1445	e8e6a1ac28ac30d51d4f750e9c422832cb981d538dbc0169bb5119e512d6da67
BASE_00005075	baseline	k141_25451	2330	81fd63e0ad62dc22d3288f908d99ab4780a5edb9e0432ea722f75da30155d6c0
BASE_00005076	baseline	k141_18420	1474	2d30006b010bcbccc0574ff44653b54fdd7ad47d28ff692fb468fa717822bc0d
BASE_00005077	baseline	k141_25454	1264	796a7fffc762d62c62e74cea6d44b49860eff9e5300931bfc02e5936e211d9d6
BASE_00005078	baseline	k141_25457	1012	75387242e8a1595f79b71b3302f751314436867de0c064cb5579b655f4bb7c9e
BASE_00005079	baseline	k141_18428	1708	0597fae560abb439d2ff7e58e7c38edaf1382e11a57a4c2378620b204eb1abf9
BASE_00005080	baseline	k141_25459	1040	685ff7a75bb8f9d0990617faf406c1f76260225b72162ee6e828e0548f838f74
BASE_00005081	baseline	k141_25460	1159	e115f517679f5dd5aa12df0be0701d6f5adc1ea3999f96971625769f45bd6154
BASE_00005082	baseline	k141_18430	2464	e8848e3fc339a1da7106fd4daa223c9e24a512ffa765eab9d9b281fb831ac581
BASE_00005083	baseline	k141_25462	1661	4de310731a4ed59ee6d96f50f7d051b2be88ac85914a954689836014c9a81b41
BASE_00005084	baseline	k141_18431	2297	ee5e2d8542a8cb784395af153953e34c56f1c38a4a1c5926df3e6d78e30d3704
BASE_00005085	baseline	k141_3970	1287	6ae67227b34c6a178f19e75d3cfa3414d7e4bdc2a8e6b104ecb5e2add8191cbe
BASE_00005086	baseline	k141_3973	1426	795cf90d126f9b22cfd9ef4ccd1c5411ecf801fe5a9962113ca7f04e1df020a2
BASE_00005087	baseline	k141_18434	2276	f3d3c4fe815e8af63120f9dba63f640be7746c883a063c7ae4f9480537429c73
BASE_00005088	baseline	k141_18435	1052	b78ec524fd57d32764352b6389210afe8ed7c91ec7ceebfb4f07fd39a03e4110
BASE_00005089	baseline	k141_18437	1864	84ec2b6e8059145053b5dae38286f8f73e7a7916e418c262564a71996a6d63a0
BASE_00005090	baseline	k141_25469	5432	24bb2098be0cef8447f95c7064bde7bdb70558bce128907824f9c681f28d014f
BASE_00005091	baseline	k141_18440	1348	5e99cc8e090afbb61904924242addec6af630f8735aa4e3005bac9eaaac52ca5
BASE_00005092	baseline	k141_18443	1354	12cf736fa2c4657406165079d173ba29a82eb1da8689213488c3257aa2c65535
BASE_00005093	baseline	k141_25471	3903	c060549997ae551acd56d1c01596e6433318e7740710b0fcd78268a12d1a021a
BASE_00005094	baseline	k141_3974	10233	005e92dcced259256def24cb4a26dd4dfaf258af34775705d00532c2d9db0cd2
BASE_00005095	baseline	k141_25478	1752	f4c8919fbd388267522847bdb68465cd24557838be9f76fa25dd3b276c15ef92
BASE_00005096	baseline	k141_25479	1299	88304576706dece8ee121172d3a58efdbaaf51dab122f4be7c8b75a31b078ac8
BASE_00005097	baseline	k141_3982	1153	2aed423ff1e4bbeb3643ec424faa7cbb54b1c9d23618a6699a70e0be5f541a73
BASE_00005098	baseline	k141_25482	1215	800f9addb4404a32313bdc81dc88e6de790fcae3bdaae5e74f5c7230b3b48aa6
BASE_00005099	baseline	k141_3990	1572	1cfef430a2ec364f5ee7e00b10d150f1c2557df8e6b23940577ad55959e84ba7
BASE_00005100	baseline	k141_18464	1838	8b4b8b259a184c9529fc9ecc64a2e18f0c464a16fc6b43c507046ed1eaebb6f9
BASE_00005101	baseline	k141_25490	1027	6abf8989c7d3aaf31ac6e9211301102ad33c8df97f23368e757da88aa1a727cd
BASE_00005102	baseline	k141_18467	1113	7c2374495b2181c414b2feb805088177ebf52607d0e427b1330357e3ba4f634b
BASE_00005103	baseline	k141_25491	2532	2eaf03d29124c686f23bab89d89bfe145a01185d779f251b8754bc69a162fab5
BASE_00005104	baseline	k141_18468	1129	b51f7b3279e932d6322049c94ea225638684cd734774481be4e6d9443d3184e6
BASE_00005105	baseline	k141_3998	2369	ad0f735d449f443f0b2d892a4f907b6178499823431df3fa323722519711ce05
BASE_00005106	baseline	k141_4000	1840	378f8508b25498e747c9a153abfa8cc2a3217126d3e098bddbf63c817b9da4e1
BASE_00005107	baseline	k141_25493	3651	1a80ff4f1929b7d8fe8b33a5822302d447af617ffdb759ab708bcf399dbb47c2
BASE_00005108	baseline	k141_4001	1982	bffd93ffc9f913c3fafd2805df9dd548a554886413485c44a138e28d950b947c
BASE_00005109	baseline	k141_18474	3028	99bd36ba996c7b8582ef96fe82a57f3a942afc5babc80d1ed489aec93bbcad60
BASE_00005110	baseline	k141_25497	1158	0e1d19d97a6dd3073882664c770397f9f198b1aba1c9abbb9c0bdc70a1b71791
BASE_00005111	baseline	k141_4002	1297	976d56aa488b71d9a303109a20f2ae30c63c6915ac00e0cc9afca62c8b57bbec
BASE_00005112	baseline	k141_4003	1210	8897d1b4572de76979b29d0cfa4656be4170b31f254d2b07e830e4bdb72c0e43
BASE_00005113	baseline	k141_18476	2255	6b3e239a7d5288bcdce142d65eb60ff43ee6a377a709e1c38e8803a4da20d961
BASE_00005114	baseline	k141_25501	1270	1befa63ff37ee4bcf8cc631b509b1f89618241bd2ffef721e54d635adec897ed
BASE_00005115	baseline	k141_25503	1567	061c5efda808fa5be7382567fef66bef7d7598e38a303b77761195cd2befb970
BASE_00005116	baseline	k141_18481	1201	0347eb6dbb864efed971c2cd24f2e385c498b53befd220a9070d7d5f3f58f688
BASE_00005117	baseline	k141_4007	2643	4076b0d7cfa7e73927a4d550975103298f6bf16fa55abcdc1206b1ee6dd53dbb
BASE_00005118	baseline	k141_4012	1362	d189901ae26a22abd694b4b12dee2009499f32ddc59355cbffc7adb720944e73
BASE_00005119	baseline	k141_25511	1465	544743d65f22b70aacd9e2a4bc63f2c2665667bfc1a122ccb35acda50d55ee0d
BASE_00005120	baseline	k141_25513	1158	bfbc71a26ac3c335c9957bdd1c19e1061aba5754e919195aeec9e5e5baf89227
BASE_00005121	baseline	k141_25516	1841	1924203d561e7dfb8d9f12a69f3cd3d7c5458ba90dc35aa9117237179ae592e3
BASE_00005122	baseline	k141_4023	1182	694787c330fd1654fd25520cc2a7e43628980b04adbc9310d788b7cb64d8654a
BASE_00005123	baseline	k141_25519	1224	08065df750ac19747ad73dd640c63aca9c7a2e47e97e405c3edcf338e518c797
BASE_00005124	baseline	k141_18482	10144	c1daad3fc567c9a1e9859c4ee45c175de9cb8476c72331f1e93e984dabf29dd2
BASE_00005125	baseline	k141_18483	2002	d7844106fdcf56a57304fb0c89b0665b340241ff4f703594e3e6c0e2bb506209
BASE_00005126	baseline	k141_25525	1115	afb657a44dfb40daa58948039b4219fa9a1f4aa61bdae79c5c59a57f4a76d950
BASE_00005127	baseline	k141_4027	2528	c771ad95b2bd4238740971d16a0d17d489e2a22edb45919da34470d8659b7422
BASE_00005128	baseline	k141_18485	1220	5433f17347e127cca59685305aec4ae3593f2fa98e9e7aca97cfcd37f79d4270
BASE_00005129	baseline	k141_25526	1208	ab7e35e304ec2eb9c5d870bd443d66c8712546a47e74ae0a35b021c9a9154c7a
BASE_00005130	baseline	k141_25527	1175	5ddcfdead916a6b18987b6561522ce1bb9516237185c5f0c05eaf7b1ce6b555c
BASE_00005131	baseline	k141_4029	3171	6ef23d1413b29fb6a92fdd1e624b403ae23a2b64afa429972607f54cc9c61ebc
BASE_00005132	baseline	k141_25529	2452	7bc4d88c385dc1fcfbc3b31c02f94d9169ef544b129d5f0736f76b8bddfee5f0
BASE_00005133	baseline	k141_18486	6140	c371bc2f768bfe4ace27a06b04ace147dfe7d7a34dd8b315ff42c586937d0afd
BASE_00005134	baseline	k141_25532	1219	4bcfd599587b291082a2400c0a66291d267cdac9e488443f1b044fe432eaabdf
BASE_00005135	baseline	k141_18487	1105	55568fbfd57e71cdd0142f51f86c49681725896a11a2729f73396c0e6b8f39f2
BASE_00005136	baseline	k141_25533	1143	10fb1118502ebd4fe666b2fbadfa7f75cc1c98912f8c9cf2e9434b73987e219b
BASE_00005137	baseline	k141_18490	1014	e6179c5c2e47c2a2fd6db02180e9f8d874d6e718bb95d2dd05bc3e83a61d30e1
BASE_00005138	baseline	k141_4039	1424	f3ffbcb4f2b46f334dfe97f754276c8551f074e8f9e44ea420225e5675356ca6
BASE_00005139	baseline	k141_4040	1090	1041876e35f741ce1ca1cf17ed63faf0e5e6dc0bbbe735d579524c6734346557
BASE_00005140	baseline	k141_11652	119611	77dc6cc47fb799f68126007052b5a36725872acc668b917ebcb0e4bdffc619b3
BASE_00005141	baseline	k141_4041	1748	d8e4aeb0cd28906a399d76814615c750263e61a03665e881598046ba9d4d1a2a
BASE_00005142	baseline	k141_25539	1856	a92e8426723f6bfe95050dd3ab93ce498e88a5071a8f3d1f185f0b9d12f6bd5e
BASE_00005143	baseline	k141_18495	1230	ac32d103a2578c9ba844cb1d8303b0ae875f33a20516911effc85c93eb93bc27
BASE_00005144	baseline	k141_4042	3011	62b4d36cbf70d6e398649892c44c22f71e89755b9c9aba14c1e1865a33251d8d
BASE_00005145	baseline	k141_11654	3580	c708b91cb017e86e653670b987609bdce425211c5d1741535dc7d5c386044bc3
BASE_00005146	baseline	k141_25545	1627	d6293011bea07a9e997377e10a134f7eb3e5216d5f2aebd1b6556ee534b321b0
BASE_00005147	baseline	k141_11656	1780	77536a3062c7f379dc64ed17ae0aa040632a65c97a8d689f084dc4dfd450a371
BASE_00005148	baseline	k141_25549	1048	11153e1dccf166be77466f8d1d2e8e723c53ef803602afde23d527b9be253d20
BASE_00005149	baseline	k141_4047	1929	7a01d3f2d011ba4ce49fe9c11239936f529b1a70e84d7d0baf92680e7652d74e
BASE_00005150	baseline	k141_18496	7062	84b9ec804fb284cdb15722e7c06e9dcd3fa14f1295ee3c80d005775e62d64cf0
BASE_00005151	baseline	k141_4048	1355	a8ec659b5a535fa9ef0d145d5a2a9cd631dff26c5ea755e6b4e14620c6fb3349
BASE_00005152	baseline	k141_25550	1418	dd5fdb7f204d088611abb5f957c69d1c1e37ece475c4bfbcdd52a130542e365f
BASE_00005153	baseline	k141_11658	2338	1ca78e5a6c6d400d753218044ec6c411ec2ab25cb69802d7f9313a955d2db6ad
BASE_00005154	baseline	k141_4049	1094	e1989dc7c1d77c12b1f0b9264598a935ff3824deb6b3a5e2b494d9911e8ea79e
BASE_00005155	baseline	k141_25551	1104	ff23097dd7d7471666e79a01fa506f431adf26cc02729a897a9438f7d34ed8e2
BASE_00005156	baseline	k141_4050	1018	4ba052fd7e455451e0db5ad3304e90fd4b61ca16fa5dec1f151b357bfc75dd7d
BASE_00005157	baseline	k141_11661	1455	2d58295d65d7f458f70b98c4cce2950d31e2cc76b9bd692b593dd231f7c25b19
BASE_00005158	baseline	k141_25552	1745	bf7f873ad8d956ff6e0b746a3ced8bb1d3f9b90f384f35e71990633a4df518df
BASE_00005159	baseline	k141_4051	1078	842f3d5903ad1c6787a4e2341634c00bad9f19f8ab842521771fd22b5b5a9886
BASE_00005160	baseline	k141_11662	1064	162ff19189d0547c42a16c91c1ed2cfd541fc152263469c8a25c2952e20964f5
BASE_00005161	baseline	k141_18502	1832	9a5aed38bea143e02ddecbbd26522946e5c8f22451a5927751a6c99635505d8f
BASE_00005162	baseline	k141_11664	1210	452336b2eed11999dc8c4f9d685984376a06638739e6cae366ea256b15ac8fad
BASE_00005163	baseline	k141_18503	1595	83352aa6ed43c60ca840932b3c805ef1e098b5b934bcc4ba395763360664ddc1
BASE_00005164	baseline	k141_25555	2024	71f16c3bf39ea7dc67e0402a3f21eb152651984caf6ce57527e1ffee36ef018b
BASE_00005165	baseline	k141_11666	1125	802078eefc8565ca303f7a00aacf8172d600c74f8fce1dfcb53411e1c3564d7c
BASE_00005166	baseline	k141_25557	1054	ae957d6fc3d09ec610075748c9bce97af7e70a49c3bd272fc7b0416f8bcfa41e
BASE_00005167	baseline	k141_4059	1375	84183c73dd46b5ec1c3eb270106ad051e4273bcbe5fdbec6cb3de58b46a4bc8e
BASE_00005168	baseline	k141_11669	1202	f6cc1d0dbc623ec84fcfe16cba0ba40293f27d62f63f9085d1db374bb6d78b0d
BASE_00005169	baseline	k141_4060	2259	4343c64338e3ffd8b10b38b1b75d26e1b808e4d66662fc7b5d781648fffb09d9
BASE_00005170	baseline	k141_25558	2636	2d44ee018f3914665e73748a79173121f3b26a267e4f2520b6c9b0457525cfdc
BASE_00005171	baseline	k141_18504	4673	5b11d235411a8bbb342b9560ab410d50f0b55f3bf603be77321abc0406901ed4
BASE_00005172	baseline	k141_4061	1057	77af110e81a92d5496b6c8d6ab40f12290b1dcb1f9e36e7a93c36d94ec2acf49
BASE_00005173	baseline	k141_18505	1771	587f92236f8a5170eeb2e7c9efff051bdbe51b5f2d364899d6ae294f1d0ef6d3
BASE_00005174	baseline	k141_25561	1188	5f3d8ac34a84e512d3ce4b33c0cd2ef0af803e96f567095178344711f10d574b
BASE_00005175	baseline	k141_18507	1613	ffd7dd9aa667c8f778070289aaa144c01d1161a73b9c18bcf6235b2db52e2ebc
BASE_00005176	baseline	k141_11678	1367	689963a40166d529de8f18d3ca0e800765174cc4caeda1b07ef20b536b75cb6b
BASE_00005177	baseline	k141_4067	1610	8d81caea5d39a4c34d282998a9f2c0c8c455cd3e1028b0c42360a7526df1b59d
BASE_00005178	baseline	k141_25564	2353	10e512e8eb382767c1ced6771b46d10e571821eb2ca8f04487108fd318037f7a
BASE_00005179	baseline	k141_4068	1337	27eef7c8c19ef0519d8dadf966319e17359dc1034d6225670996559669147ae1
BASE_00005180	baseline	k141_18510	1881	eda3afb034d5376a641e4dec6857d991ca107cba7870b39efea3186fcfa2e678
BASE_00005181	baseline	k141_11682	1194	005e88bc85de04a88226470f7d1d4f4970ac7e34811b4240d8ff21b80bd3317b
BASE_00005182	baseline	k141_4070	1801	9bb8779590cafd120ef7569435486d4c3f6881b018a6ca0ce4492378275a7ae3
BASE_00005183	baseline	k141_18513	1194	13c41fa5ee4fbd1d75425975f557537e5aed233f66228d6d76308fd51f755cca
BASE_00005184	baseline	k141_11685	1463	6132070e3455f69165eafc6a61d169b429b5d8dc31bb0c86a0de063bd5b5d73e
BASE_00005185	baseline	k141_25570	2361	c733e53309855329d1a6bf4aba5efef3a5b81dca5f28f59c49e89d3fa6e95dbb
BASE_00005186	baseline	k141_18516	1792	f373904aa3f47c8de9ead9f83280db11233ba349a573449f99532678e1b6f8cd
BASE_00005187	baseline	k141_25572	1468	57fdfbe2c618173304ccb117e4a94e02d91473a93e9fd80166b602814adc96eb
BASE_00005188	baseline	k141_4075	1289	a07364ef20bb148f8a4d7861002cd53b6fba846a37e395b6c986a9f1daf3221f
BASE_00005189	baseline	k141_11691	1634	7e30c99fd724004c9d5898e385c073eaf5cb989c00fa114b5ac9462522e9b46e
BASE_00005190	baseline	k141_4076	1780	8adaf41b673c884f01330bc86b671f58e930890f1dd5853b8b34c9232d6464df
BASE_00005191	baseline	k141_18518	2347	2842b841a3d0cebceb7b48c048ef0da309408075ba363450dae123988d2c2f37
BASE_00005192	baseline	k141_18519	1503	371d6f4cc6ebb533f404294481c01b9b1662bf911b8e38c39c09723c38644f00
BASE_00005193	baseline	k141_25581	1375	c3d1c9d12fe564a7fc6798f03ce0d622bd415fb2de860c91864cdbb26c9fdeb7
BASE_00005194	baseline	k141_11695	1811	ea83a9029254ee36979055fe25e7a7dfe8497d9c6af82e1a81fd8c959e59b39e
BASE_00005195	baseline	k141_4081	1825	541f214b067e1fc99de986598e6a5ee1c59d1cb9a42ef0fb8c7103eb82381c15
BASE_00005196	baseline	k141_11696	1019	96de54769ec4a7d748acac7a582d8ed931a052b4d8c36713f1f32dc890a51dfc
BASE_00005197	baseline	k141_11699	1512	c783c46659f1e3784d39930c1ebb4da53e9a1e2b5a22a4d9e0277572820d2aa0
BASE_00005198	baseline	k141_25587	1378	309c41ecf380d9c64df2bdb72a98e2eba31a2e4a59193864b4fe581c375a6078
BASE_00005199	baseline	k141_25588	2239	434bba0b9c7fca10b98aa0eccd0e16544f7e7ad7a70a89c632f58e19461e148b
BASE_00005200	baseline	k141_18523	6513	bebcbfefa47aebc4cfd117aef1c7c63bbb6154e1691a597a3c3fb9e2e037c046
BASE_00005201	baseline	k141_25592	1260	5f7eac4bad1afc571d6fb8a01fae0451be8e4f525f3e82608d1bc87b224bb910
BASE_00005202	baseline	k141_18531	1793	c3029d512d9c29628458d81f4268f9f13dbccd11344f3a5f10c7bd95d4c9e017
BASE_00005203	baseline	k141_25599	1022	50416b1f9c73ca556d0acbf7e277e3058e989ebe58585880ed0a7d02d1c280be
BASE_00005204	baseline	k141_25602	1151	8e49f782966522c7eb41a4264a21dbfa73d793711b8bee5be3b2ed116725bd84
BASE_00005205	baseline	k141_18533	2081	3c1bf4c99d746e58b1c53a448e6192cbd678396807ac9e5b1ccd4a627583c8e7
BASE_00005206	baseline	k141_11700	12067	0834c15f91e5e2321a520a2c36dc203e5513aba197f2ad83ae2951a2aab15152
BASE_00005207	baseline	k141_25604	1164	e0d36b394067c9ecac37006afd3875dd4fac60ccf93d4d1861deab45fd689c23
BASE_00005208	baseline	k141_25606	1190	7327b5b6e2e4638cbdafc78285eaa757909615f967aab7c5cdf219e8572fb296
BASE_00005209	baseline	k141_18535	3134	18e15910455d7c1c8d4d34dc900c1ad8707167c5460c0f636e3f32c5bff2510e
BASE_00005210	baseline	k141_11701	3333	d6ee64f16a293fd6b15a1fa9b499a0ad7213a1af370a61f92faa2f0999d182e0
BASE_00005211	baseline	k141_25607	1626	05e3cd9bff1753d6ef3aa0aaf8594d0b0d47237dfe842a4bf1b9b98fb3136e0c
BASE_00005212	baseline	k141_25608	1062	bd45cacbcd9e3bf38a75d235cec21277362e9c3a9da6e1ec9148f1f34cd312f1
BASE_00005213	baseline	k141_25609	1071	1252b24d7f7cc66dd3248a2597d23846c4496a76a4c49f3912676458fa19f762
BASE_00005214	baseline	k141_11704	2318	da12621cb01e2325df7d731cdc0752867961be66ea06bd60d99441d9d51ec1ac
BASE_00005215	baseline	k141_25610	1031	e9383dba6b3b1aa89cf52693580ff892471c5b05d829a32ef03040ce2dcfdbed
BASE_00005216	baseline	k141_11705	1732	6b9040209f051f2d7cc7e43de3dda562f4f22ca2f6c4bde82b85b10cb7d39dfe
BASE_00005217	baseline	k141_18540	3148	c975edc77ac53b2d9c2695aa4c20aa85fac46c9d890266dd56ee5eafa4e00283
BASE_00005218	baseline	k141_18541	1217	4509df494e95b1d2b80bca2e71c8966775c3828cf374da4dcd89ca3ec1a992d5
BASE_00005219	baseline	k141_25615	1398	2737d637dccb6224e9403f4cbe3091570cc3e3e66d9a87ec86092ff194948e26
BASE_00005220	baseline	k141_18542	1012	eadcc2ee2199e20ad5b700c2f0e5888bac09cfc88001dbea795646cba9872056
BASE_00005221	baseline	k141_25616	1107	bb98b4727b68dbc98a9acf743ccfb98238279a3a1b681e04aeaf8d3a6fbd9188
BASE_00005222	baseline	k141_25617	1386	c24311a8d243c896daf9d975c6878669b8dee60ea3205f646acaab710fe49be5
BASE_00005223	baseline	k141_11708	3089	78d31f8e61c9967d2aa9925752d429554e6544a8b99d3ce947b7b8a3e23e7f4d
BASE_00005224	baseline	k141_18546	1136	0876e35c3e3821ad57180c7f33c0bf80372d80876204f9cd56cdecbc4a5431fb
BASE_00005225	baseline	k141_18551	1585	4023b9af96a695978464681a174fc996620e3faf9cd5e9cf237a51c2d9a9af65
BASE_00005226	baseline	k141_11714	2717	55c9eb37ed2eb5bc1263293ea0afbb7d2b16e58170efbac3ed6d78ebbae5a0f8
BASE_00005227	baseline	k141_25625	1386	ef4e39e0ecb139183743614c35794a1da8ea79a854666e926bf4a131a373cb82
BASE_00005228	baseline	k141_11715	1709	23008fce772d945e9e274c5bdb0277c879ef4e374f370ad1472c0303836eb934
BASE_00005229	baseline	k141_18552	2851	e75719bd764ccddc8b70a4a709faa0d84375d4cca9bba72d5f1e16c5a69d8f94
BASE_00005230	baseline	k141_11722	2256	df3db379b60eae8bab02305dece605c335e24f867222b79d87f6893d33a489ca
BASE_00005231	baseline	k141_18559	3110	316e94948815a51fc3679f36b3972d164f2e8356f9cb644212c6aa66c2e1fccb
BASE_00005232	baseline	k141_11724	1197	565c59a35a6df6d315a5b0aa1b306e77407e0b79e459838dee2e5b6dd62b0220
BASE_00005233	baseline	k141_11726	1159	82429094081fe805eb08c760676fd36ae4a0e804aaaf30d221ac337ba5bd81b0
BASE_00005234	baseline	k141_25628	8180	3ad47995cdf5489ed346c1baaed0cdbe562ff9c7b97221545bfea61b7752fb50
BASE_00005235	baseline	k141_18565	2289	6d7cab69fbfd5d487386c4313de2c4ef3e7229435257f628e15824b0dd4163c5
BASE_00005236	baseline	k141_25629	1725	4d551d8864a2f42c403497e4469368d41c6077fa5ccff562c38d6ab57e1a11c4
BASE_00005237	baseline	k141_11727	3527	3315d76342fd7dc08d2aeeb231181a9874d329fc20c677c66a2736b3930718bf
BASE_00005238	baseline	k141_25631	1118	7e167b9654a100f9b6768800454b96e78868a445ad2b26cc72d3b977e3893e28
BASE_00005239	baseline	k141_18568	1750	96e64b0d964cb33042b1fc077cd9709af7093c09dd2121475328d92e611af87a
BASE_00005240	baseline	k141_11734	1057	20fa50432532f779559c566bf9f9e6ada5e30777b7b173b33e20a0b8dc84f540
BASE_00005241	baseline	k141_11735	1107	d3486f9d48c868b2dbb3c2e4771f6c4efcd7f648d4d2414272ec9ad10b82d8e2
BASE_00005242	baseline	k141_25634	5859	4f044286b103e015f160e01d86abf32352d6aa5b3aab84c6566efe292b0495c9
BASE_00005243	baseline	k141_25635	1439	0c83d7b0f23b102d379b4103b9624ca672dde5915d687444890bf3bb31f3a198
BASE_00005244	baseline	k141_11738	2383	60da6f950b0f214a53b951e7e665e8db06b611b27425e8209d6665c23a04123f
BASE_00005245	baseline	k141_25637	1307	fc3de370f2bf19c2a1ea5ee7e253c49adea2052395f667eba7c4bcc867c866ee
BASE_00005246	baseline	k141_25638	1522	c54f13d4c2a687fe15df45adddffe1a9198e695bdb30f38bdbe3921fed841f4a
BASE_00005247	baseline	k141_11752	1189	7a4d1243984ad8dcf09fbcc7e63a03ad28daaddefd41d56987a5c6a77af7043b
BASE_00005248	baseline	k141_18576	11475	831145b838447329dd8798925987e99d1972617cb9738c4e54ca0a78435f5d05
BASE_00005249	baseline	k141_11753	1317	e5c2fdd1323fb75e96ea10faec23d8dd7ffa3e5a8be1dc9e0ae8eb31026adc5b
BASE_00005250	baseline	k141_11755	1350	c28d37b8c0364da5d4ba6997a44807b5177ef33b01f77ac068a4112bd96428a5
BASE_00005251	baseline	k141_25641	8123	2f0a842f8e02a9138bb0c5aa1c633158b3f7aecd2af2369c44494d236090fcc8
BASE_00005252	baseline	k141_18579	2843	f689ace93a5be8437cd2f635f489c3db6b0515efd8693bfb539f3a353f29d552
BASE_00005253	baseline	k141_18582	1165	47efc478883afb9759e83e8d9a35fa61bd6890558b87fe5e91984310eeeeaadf
BASE_00005254	baseline	k141_25643	2540	3acff79613264bd493373efbabe86aa491d8bb7a9ec56e921c04e295fbd491bc
BASE_00005255	baseline	k141_11759	3912	0d378c71ff29533609fb77f5703fa31b1edce08dab543f6cc9b242eaef43f028
BASE_00005256	baseline	k141_18583	1612	b4f5de3de40c74bd706cc14c2bf42ed201efe7aa83b2b4cc964892f8d02fb606
BASE_00005257	baseline	k141_25645	1055	6869feda017ba266a60a5dc8d8dff117d72caf115d3f69e9f40524701eba5f5d
BASE_00005258	baseline	k141_11760	1654	258fb38adc9656f255b0a9b2b2d346e3eeb7e0dd2652b1bd9fcc83c942405cb7
BASE_00005259	baseline	k141_18589	1567	f848a6d8d86f9e9a3431a781d718263129d0dd7300df9be91c8869d21f930818
BASE_00005260	baseline	k141_25650	2169	88b31eeafc1776636b3fce0783f47a1dfac40661e8927750f139a91dde4da9a8
BASE_00005261	baseline	k141_11765	1337	cb59c5933d06b023d2b21e0cb099ff2b081949d39a268b479781b11522ea51cb
BASE_00005262	baseline	k141_11766	1349	9d726593d34177d13ee0d61c1f81b162691a3e6d51c6d8b97152ef539e181644
BASE_00005263	baseline	k141_25652	1131	4dfc67d9660f38ac0ce812cbdf2a841e73f831196bee0efb34fbc4e9d07e9223
BASE_00005264	baseline	k141_18592	1554	b9c46c92b926cde88394cde2c7be6d555ce18fb5a7ba1dfb4927203182ddc379
BASE_00005265	baseline	k141_18593	1134	2118d4d27061d2a4455887b72d77a32fa3fd41e3c15bc17086bec89faa3b6d8e
BASE_00005266	baseline	k141_18594	1146	e512cafc98364e9bc6ad9d6de15715dc0a08f12bf0c00b002cea0dfda9f2d0ab
BASE_00005267	baseline	k141_11771	1224	ae4b63d4025995b042c8ff3dc8db17a9f21c0e1e3eaf914485ed7e9aeb775a89
BASE_00005268	baseline	k141_25657	2265	8cdc9e170755242e39ba0683333656d265f1eb3fcf42161390130b1ef48a14fb
BASE_00005269	baseline	k141_11773	1560	8346c92b51aea785c385986d0f2fdadfb4ea11638f3a90d41c67937ecad7ed6c
BASE_00005270	baseline	k141_25660	1064	36cab63fc0e353fa9f9890fdcb618dcee94c46f63dea28af7e264b4855da9824
BASE_00005271	baseline	k141_11779	1760	52bbca37fbf18caed7a73580685dd809ba9e37f9e994ec5e75eaf943841de714
BASE_00005272	baseline	k141_25664	1417	db0127dc28ea76609a6712944c0b9a77f675bcc465576b4e1d6ce49e171bc0dc
BASE_00005273	baseline	k141_11782	1047	4295034fc6cde3ab0e61c0210cc2aba93b5a8f8eecefb4667076717756eb618f
BASE_00005274	baseline	k141_25666	1497	32a654dc4a1f9ab68ce5f011605f6e78db28eb157c20bd39ff4e91e33d7c9a06
BASE_00005275	baseline	k141_25667	1306	55b4e364a0992158dd840e5665a90dc4d5c634f130c17f2996647ae4cab54343
BASE_00005276	baseline	k141_25669	1126	0b273b93d0bf703206f665756daff9f24ddba14079b90ac09c51bf4fefce6da7
BASE_00005277	baseline	k141_25671	1129	58dc5d9c9ac99c4e52beb21af515263b99fc7d6ad3653e67792eb13f56c6aa15
BASE_00005278	baseline	k141_11790	1670	0129010d997bc5d544d5c13e843579d96188150b5dbcd710edc52f8e76e88019
BASE_00005279	baseline	k141_11791	1998	98b26cb9a9d4250182efddebc51750efe71ec52bd43760b6501a06e0e674cb24
BASE_00005280	baseline	k141_11794	1466	a786ba20d8b32f81a5fd1dffb591aacb9d98f01d10368f156284af7655b390a5
BASE_00005281	baseline	k141_11795	1328	f4a35547e709defd72c94225924e657075ac43eddce9fc0955161819480d4cf4
BASE_00005282	baseline	k141_25682	2732	93f7b4197a23f8ed68d39a3253af6b753a3c0cd9631fff4726a064a7bad7d635
BASE_00005283	baseline	k141_11796	1004	e04a06972077899cee8a31b2f830537dbb00fd0f32c74aecdb4556d793621255
BASE_00005284	baseline	k141_25683	1368	4162c0a69a7dbf28708cb0c71fcfa73f448b215a5f5e8822c0db0e9c34636556
BASE_00005285	baseline	k141_25687	1344	0d604366cb2897ffa0472746a167c178c824024741eff27fbe5b86c99d72a837
BASE_00005286	baseline	k141_11797	9109	d5de3bd69f2ea65c0aa06397a8f000df466d02e1f434c609f9a81219ac94be07
BASE_00005287	baseline	k141_11798	1772	0abe2091768904c81a1d8c07d1453c535150d2fe8ca11243d965a710a6e9112e
BASE_00005288	baseline	k141_11799	1903	9d703513c6d2b861f9827bf51da0638d1721d12fd68d228069094b6041f5855b
BASE_00005289	baseline	k141_25695	6025	67a59a98124724d4fc35fc3d4df76413bd125a575859b7f2ca731c04c379ab18
BASE_00005290	baseline	k141_4083	114982	7c4fe47487c4b07d53687ab8c393d534cdd616b69d347bee540a2aa6d2acc969
BASE_00005291	baseline	k141_25697	1452	0b5e7a7791c0311cf4c5790b441dd2655d5f0701f1c3db9267df9fb602dd21aa
BASE_00005292	baseline	k141_11803	3191	ed47bb1f69d5cda51f4ed2d01116911165673da5b2ee9c08a128c8538ce8bd70
BASE_00005293	baseline	k141_25701	1197	bd3370350821a3877c9588b314219877b7e9a35c47a8778510e0c74a7a72648f
BASE_00005294	baseline	k141_11807	2150	7888a8c249f4788445f0ed09e0fb250a0d224cd50d009f959a21cdba91e9f0b2
BASE_00005295	baseline	k141_25703	1237	ae5af86aa916685a777324a2ff40abbbcc2f919a76f4b1b356e623a5c39cb170
BASE_00005296	baseline	k141_25704	1055	2a20110e46f05835fe639c8933a27639d43c15c6b647ed3b34d4b3f4a74721fa
BASE_00005297	baseline	k141_4092	1186	5cfd9aaeec38b91ad6f1ae7fbcae0a33412bf3e4966cccdc0d1fb94d06933f8d
BASE_00005298	baseline	k141_11809	3169	c37f569d8cd67015946f19724edcbc14526a8e087b145d8cd85f62702ad1b319
BASE_00005299	baseline	k141_4093	2188	2bec2fcf4146b2ae55631bcc444d766842eeb28523f9b7af73f6076e8b9adbb9
BASE_00005300	baseline	k141_25708	1308	12c3964dcc0baa91360fb03440836fe8ca9be4ed7cfb668c6a2dfa35fc011832
BASE_00005301	baseline	k141_11810	1225	7ebe3ab26f4c689782acfba3461dc1f9f47245c65ca7a52463155f34ca3b3d21
BASE_00005302	baseline	k141_25710	1072	dfaefd9040edfe4355bb8bf8d531afa8486ec6310462225fe78703b7ba573288
BASE_00005303	baseline	k141_4099	1446	e9c0f9654864877d9c567f69f074455fb17e1fc4c2c1fc4360fc77cd71e9f657
BASE_00005304	baseline	k141_11812	2109	bf823c07540622fd681c6143e184636b78cca78b27ece02ce5848233ada7a67b
BASE_00005305	baseline	k141_11815	1325	dda4656ffd59c7a846d71a6dd0f5d13e92563bbf16521783f1008b519a8375ce
BASE_00005306	baseline	k141_25717	1157	befb96ae9619ccb81990668eab366281b108a63de9649a8c98a2f216985ec1f3
BASE_00005307	baseline	k141_11816	3289	15c3a47b81ec84579b957d6e3ceb2b4dc1f63b5414c6de582ba0d2b18015ab42
BASE_00005308	baseline	k141_4100	6448	3346e59c9c27f8f7d3920a2761e67d5088996b6ed383c0ea3345653ef5b39dce
BASE_00005309	baseline	k141_11817	1530	457d478ca385d2060c02665a140693e85aebb0680e50d3600d8eaa50beda2637
BASE_00005310	baseline	k141_25729	1847	559a1351c1651bebce71d666d5946b282f54394a35d9aa973a93eb8a6136af7c
BASE_00005311	baseline	k141_25730	1535	6b0f977619995e96d412169384865603a4d5a857ffefe8faba0fe6de4c45440b
BASE_00005312	baseline	k141_4101	6082	c3ee448e9e5003718c1e61ea5a498253c7457835e35e43f4d6ffbdbea8a2d433
BASE_00005313	baseline	k141_11819	4983	d165a36d960cd1fca67f03a444b46420ecbb4115590bfd4f54ed3d3c8017b7d4
BASE_00005314	baseline	k141_11821	1000	900fe37feab9121a42d5a3b7f9dc49eedfd6a2cde9eb5180ea02b7a87acc0102
BASE_00005315	baseline	k141_25732	2914	ba6255eb5ac4e6df079cd6489145a816456de59f1b43ba4f8a0a3e1b36b3685b
BASE_00005316	baseline	k141_11823	1146	e2d1e5aca4e901acdfdd4db34c9265ee317a1d000cc5024452236d5d1f0cddba
BASE_00005317	baseline	k141_4109	1164	99ebcabaaf166d760c13be5b7696276b7789c79e6ac23b80101a805936a5ad85
BASE_00005318	baseline	k141_25735	1572	24b3588a9fd3a3c53fcce7ca8396ca73f2c9c1b631c114e9373421af7ebff748
BASE_00005319	baseline	k141_11827	1403	6046e2e87c8ed35c8e3dd828394b1521a45d2acb1a412330a24a65c4710f0bd9
BASE_00005320	baseline	k141_4112	1130	7489159820b73c683f345d871b8df76e1c84e512e17e8834b264c6b8d2ed803a
BASE_00005321	baseline	k141_18598	66338	6ba67eae627767775886722464056aa1dee5802284f5fa9b58c4b6a6fa8ec1c6
BASE_00005322	baseline	k141_4114	1511	f5e76b468aca577798f04c48f0b69d6f21a9623db10bef447d72dbc9d69ccbe3
BASE_00005323	baseline	k141_25737	4691	fa83834e5bdb246046c7afb7a78d2849b63008b2428580b7e59f9635d9247fdf
BASE_00005324	baseline	k141_11832	2655	c76353811862958795d5d0c034cbc8094fe496d5fbd64eda98bffb2dbd6c605f
BASE_00005325	baseline	k141_18606	2079	7adf7cfb5c5cd323d149436a7d27f76a3b3e1410403042d141c05ee154d9c4ab
BASE_00005326	baseline	k141_25739	4024	413d7a07980b5b0a8cefe60fbfa2e4fd726d48c5319b25e5c4751e51b21ac1b0
BASE_00005327	baseline	k141_18615	1305	56fe4c20036d7cf9274699e0aa96afe986528ab31a7176e66a5115326aa7e245
BASE_00005328	baseline	k141_25741	1288	16cfc3bcb6251d76165912f5044a70571904b7186cc5c94f952a419347c42d9c
BASE_00005329	baseline	k141_4117	9967	ee7c9b9e2e22917f1524b91059299f65be6fd32ba0541fea1ca2e926b276449c
BASE_00005330	baseline	k141_25743	1950	bc72cce8841ebbca4d570b9b83de4fd94056be5f84bee7f4f6563e2976424166
BASE_00005331	baseline	k141_11844	3660	dc58a7a7a9bcf00c86473a3c5a4735890367ab4f231040a61f7f1442c708a009
BASE_00005332	baseline	k141_25744	1107	af175d0eb5d71f89ab26c859de44504e3fa743c93c06c5c0bf74ec89ba1550f3
BASE_00005333	baseline	k141_18622	1527	ca2bb85d3db8364e590ebd57f87498c731f4115e09b99f8f80d04a070996ce0f
BASE_00005334	baseline	k141_4119	2810	32c4900319a0262770b266cdfc1e5fa1f30b8940e8f9bc151816b76ed2812a8a
BASE_00005335	baseline	k141_11846	3763	cd768f092eebf4bd24b1bba505d5ea32120e30b6d803ecd232ce72dff8d53391
BASE_00005336	baseline	k141_4121	1322	ff74bfb0f57c325b0b83f4be6fcdc0f62df11f90939e2d6867e78c1b14cbfd42
BASE_00005337	baseline	k141_18624	2360	9394e3f36687ede516fd05b580d057f0e5530b9a1496b74d2bb95152f16b5e6e
BASE_00005338	baseline	k141_25750	1295	96570c757222fe69a711b31395c74444e1138545318ae3a7ea6d75e6925c564c
BASE_00005339	baseline	k141_25752	2424	f59a1d87bf45293fac8f1ec7dc42bda0f13d09ad7e6261624de916dd0a90f604
BASE_00005340	baseline	k141_18627	2641	f8b99bd0d818da958ff2b0a0f2860b440a77b299c1af08387d05563137fa14f4
BASE_00005341	baseline	k141_4129	1341	619c706df4547e29313e36683565f8d17eb279fb763969effe5f21d27f8c586d
BASE_00005342	baseline	k141_18628	1121	3b362b98a73a7887a72588d0be25fc52f3049bfe6651f4f745e4f40f1b65ef16
BASE_00005343	baseline	k141_11853	3780	655a74a3103a4628419f2d8468145c06cb520448ee3f02100fff1a142bad60bf
BASE_00005344	baseline	k141_25757	2490	fa905f2e883020032d07d949da94392b76f52a577d0b95aa003c7f8c92b4833c
BASE_00005345	baseline	k141_4134	2311	fec059ef720a68ce4deab71ee5cf54acbf03561d6c778b723338d92e3fe6cfc4
BASE_00005346	baseline	k141_11858	1386	408e53fbb35fd0137f8d716d329bdf4b2e9583892353747e600a70199d7fdf10
BASE_00005347	baseline	k141_25762	1574	7f614bac6bedc32cf1251b5b252244822b79be15e8e9d3ece7e24e977ac23ef5
BASE_00005348	baseline	k141_18641	1554	9878b0b350d7f0e79668b9da054724c82eee57b0a3432efe7472312985aff581
BASE_00005349	baseline	k141_11860	1262	986e379a422b46b7091149df23dd1e083089e869269eee784dc96e77cdcf799c
BASE_00005350	baseline	k141_18642	1100	b75b6b54e990f67bffccbea973f1de6ec8926d622b407c1611bc1bb625379562
BASE_00005351	baseline	k141_4141	2274	21b6e8e6964a9657abb52016c36fe5948ccfd17b04af968ef7324596f623dc53
BASE_00005352	baseline	k141_11864	1444	a2d95a0d98b540ad81fd5e645dfe328ee70fc7960b95d6b7da30debc8ed59638
BASE_00005353	baseline	k141_11865	1118	6fff01f4da8dac1bc77b44db357959f6909695b049523144ccc4a953e54a9c9e
BASE_00005354	baseline	k141_4144	1070	6d8c9e3d8b6347b2b4e47a8eb112cb9ec37389015e5eb02719046bee82c32d2d
BASE_00005355	baseline	k141_11866	2003	9ff74e07e7dbe9e5e7deafa07a30c533b85a263e074908d31af4288da397eb55
BASE_00005356	baseline	k141_25774	1380	05f48269a76d9b0a07f768f5e72a3fd58ce70048da369d93f0f75276293d094f
BASE_00005357	baseline	k141_4147	2575	5c7fad5ff6518716226d77b3ee6fa1d1f8828a770417a998c1b7c465fc40f9e5
BASE_00005358	baseline	k141_11867	2450	e8dca0b1a35f432ffd11759f5388174a3b253af7fb5a400a70d77ab96bae2843
BASE_00005359	baseline	k141_25779	1179	728c16d60ff4c58dec84104b25757ba98724fd20c454465391010d9caad2c052
BASE_00005360	baseline	k141_4149	1599	a80f2fcbd9e3a56c5086bdf847d6f99fe6317280b6e3813f79231fab637f8958
BASE_00005361	baseline	k141_18645	8857	4ab9ea0e415d0e2700c7b5fe2608486620756bb7528d032d3adc4083991a53b6
BASE_00005362	baseline	k141_11868	5179	dc4a7e7457b8d8bc6da5a453f799bdecd11826e88b94ea55aad53a23c1c2fa61
BASE_00005363	baseline	k141_4150	5084	54764bb0c6f62c035ee3457feef7d3fd9eab91d264719d9d6a2c586e25ad36d7
BASE_00005364	baseline	k141_18649	2607	6188d4de3e16486c97455220eb28f3f5677ec9300cc9952b1f776fbcdc08a040
BASE_00005365	baseline	k141_11872	1769	f14f19baabba2e6ddd33d9eae50183c1a1c4bb9909dfd4b1abc073ddd8934590
BASE_00005366	baseline	k141_4153	1528	702024b5df387a6695108a50a89fadb10afd8931888bd460693c27d57ace4a22
BASE_00005367	baseline	k141_25794	1112	071a31654df8a2c2557152f42e175f87083f982e7f2b8a81c1ca35e0831f88c7
BASE_00005368	baseline	k141_18650	2656	3e53e2e7ab64f5b3d2cdc0ea22135e64cb54eb8e9ec9e09b80271eb93b5602c2
BASE_00005369	baseline	k141_4154	1528	5d4d0ebd750061b038d4324e943994a3bcda9f94de3c4c4ee87ef6ddc2031d3f
BASE_00005370	baseline	k141_18651	1471	97bcde9c01428650ee36328b8e68372ae17d2ddcf8735f10f4a8ca7cc98ec913
BASE_00005371	baseline	k141_11873	3580	3618ac14c083af6d391f8598a36629f0cb9eb7a8598cb4dc5db25c241fac6ff6
BASE_00005372	baseline	k141_4156	1635	9a045fefa0b19bc556834a9d7f1ca59c0eabb7a5fad1c0dd6fdf661a9ac6a5ea
BASE_00005373	baseline	k141_25797	3703	5d28e3fc08a2c7a11f16427e930200ec2ee31dffed0fcdc607e0c60b5dc41736
BASE_00005374	baseline	k141_18657	1922	44175eabffe23199805eb907dbb47b05f5fbb812fd77c300c9b6004bdcd642e2
BASE_00005375	baseline	k141_11879	1953	9930417f2058f6953e5a73866b95a43491e93867f55f5dbe1f5a065c532394a9
BASE_00005376	baseline	k141_18658	1180	33c44a70e027bd9f6d6ca0798b3356d83d6f2ff6fe9a4f8957b68f024328e496
BASE_00005377	baseline	k141_25798	2365	c19a720e8ded3285c7b0bbabdb970e4452066df287a2891f86114b90a5fb0732
BASE_00005378	baseline	k141_4161	3307	225059fa45be6030feefdd4417a8143af480ab072cf5ab1f1b41693d4b167132
BASE_00005379	baseline	k141_18659	2163	cc57ba5d2b9f78a5cf895605abdccaa6126d89a3a2020243651d66e10d384d21
BASE_00005380	baseline	k141_25801	1168	b9083e1adefd307569b09be4e188b467b5e98dd30a252cab4d7ee4c62b46de2a
BASE_00005381	baseline	k141_11883	2833	020152647f5d53f760727d227ea8a1ad6ec6ba80535023075a24b7ca645853e2
BASE_00005382	baseline	k141_18661	1859	a298a9cd913d64f28c58b9b6a3e3b1c45b68b2668c8882f99ee364c48930543c
BASE_00005383	baseline	k141_25803	2479	9daf230552b24f68fef7bc62cbf5a8494c2ac52658bf0118099fa559e4b13c18
BASE_00005384	baseline	k141_11885	1946	737516a1a6b593fe1a9c30a467ed7a92e38e12e44f5b61f9d0233fa1690d421c
BASE_00005385	baseline	k141_25806	1840	c4de95170958fe671346a704659b265cb3fb6894d2146cfbf310b70911ad07f2
BASE_00005386	baseline	k141_18666	1554	dc5e6e80b816eac009d30c21ed6cbf72aff90245db52f9047967f9d000752173
BASE_00005387	baseline	k141_4163	6792	0e05bcd54eaa51ca48670ce8de38ea4e3df56e753d4de17fc92de39a7a15f487
BASE_00005388	baseline	k141_18667	1064	35e5b2c1d6a88038700c49f76aa5368713fc31603bebe4cdcdbf812b5b2c4c47
BASE_00005389	baseline	k141_11886	3604	ffd09555befd8f7d4059f7ed0917d79c70d670b6c6e075cdb33652a7100e4bd2
BASE_00005390	baseline	k141_4164	1112	988e4c4dc751b3357e9cd08f20543467cf786ced2ab8102aa48a79a108fc7694
BASE_00005391	baseline	k141_18668	1290	2f63dce5152cf86f62655bdc08cf94da7fc481f289afc5a3add5eb3176618848
BASE_00005392	baseline	k141_11887	1467	4e53afaf892340ff2e1ce161a50e5c64e91f53e21f7c436b52b43b5d207c9464
BASE_00005393	baseline	k141_4167	1617	ea2792adbc046d21ea796f4016a371f4a143486c9c5bb17c8e5e86bea06361ea
BASE_00005394	baseline	k141_25808	4728	66b3b94d2b3ea707ab8f963be4101780c85b92bcba66281df0b89f5882152f00
BASE_00005395	baseline	k141_11894	1173	1a58e0e1dc11c9c89fa273d006d7b0c9535e4d85e10b51d126af15c1d583545f
BASE_00005396	baseline	k141_4169	2928	6b24bbb2cf8026f0bf3018b04eb96425673b684896a00a95b056a30cbdca5b3d
BASE_00005397	baseline	k141_25809	3254	1b08db9aec1bb3cf5e1ed7cf5db20a3806d8e42425b74ccb2ae85a81dde0da3b
BASE_00005398	baseline	k141_18678	1799	2b930f4147b3f6bfbd92f51f7ac2690572d2bba161d8b3d19721551d6b2afc3a
BASE_00005399	baseline	k141_11895	2773	f8050f9b89ffdd4464bb40dc652e1c0008cde6b4c3b9c2d45d0803197a0ec38d
BASE_00005400	baseline	k141_25811	1220	f58ba7277d53781f45839927d8e4d2ac1ff8afe356a956fabf6a760875be2040
BASE_00005401	baseline	k141_4171	2166	419758c0bc44659bd1a0777a2ee8631c93bca5dafabc76349c011d473322b8f6
BASE_00005402	baseline	k141_11897	1061	bdd4036b836757aafc4d312b5246a350dd4e5b1cec251ac0f723bff06422870b
BASE_00005403	baseline	k141_11898	1001	3c67be7653fe38c294aecc044196f23ec6bdab6bc1d63043c9c02187f8c98afb
BASE_00005404	baseline	k141_18682	1306	243ddb7b120d63e8f7d565427a43ac1393174ef52c5fb7f70b16cef598e36b45
BASE_00005405	baseline	k141_25813	1438	e0cdd608715f16124150e233871585349226502e77f492d6e8d3b5fcb40ad78b
BASE_00005406	baseline	k141_11900	2658	3e7975509f423163e8e0a0b48bb5c156ec655d01b5a484d00d7a7568ebb68f01
BASE_00005407	baseline	k141_18687	1807	cef5777e70c7601bb2a1639942b5c484c9b6955524cd5ba0028a58afcdd61794
BASE_00005408	baseline	k141_25821	1235	ff99cfcba50ef80cd2f05d8dd373ed0487cc9448fa0ffbbfdf36bb14c5d29418
BASE_00005409	baseline	k141_4172	5790	bf43b093ec1ddbe13939a2d942aeb1381c76bdc097952b85b12f65b878eac341
BASE_00005410	baseline	k141_25822	1027	e6efc7caced0a482376eee78639fb74b82f5ae22683a5c946c36d01a2d7e72ad
BASE_00005411	baseline	k141_18690	1726	2b9f77aae435139f3720611f15445e8ab019c518b78a3302b538f7ae80ae3e34
BASE_00005412	baseline	k141_11903	3054	b6f14dbc0e988586ab8af0f1ebc60c0d66d0e1edaec988d8d85f7d13641df5df
BASE_00005413	baseline	k141_25823	3404	cd8a883424210d8eb43497bad136f035c751fc557498f43b4ed14f92d169d596
BASE_00005414	baseline	k141_11906	1222	1144dfbc4134966fa0c1c9c21a159e2c83ba31de05b1973b912650fdc17c00ea
BASE_00005415	baseline	k141_18691	3496	0019f05cc4a448f14f1fe256ac6d232f32f917184fa6bb4eb84d02a3914ef7b5
BASE_00005416	baseline	k141_4180	2671	750194e4730bf38b1d92b18ef67a06a3097ef49c823913b29f395b59a6e8040e
BASE_00005417	baseline	k141_25825	1617	c36da2c060647bf166c159f2ae09b975ce8830f8ee309fa162a1c9d05745d58d
BASE_00005418	baseline	k141_18692	3252	8126c25dbc5b933cff355715c213da2b6570200a88ce1d789c3fa70a900fefc0
BASE_00005419	baseline	k141_4186	1321	8d5fe40547302389c45a88aa135d226c25a03e08f6e8886cad8b312a91a7277d
BASE_00005420	baseline	k141_25829	1731	2606d5de261f21e833830fef73da2ed4dc503b60b05bf3ade4d529dc6ab0b08d
BASE_00005421	baseline	k141_4187	1513	09812c0741d36a27f3b286fcbb17bd313199c4089a3640c551e0317f89fd66bf
BASE_00005422	baseline	k141_25830	1783	ef0044f23f164f362835107267e4ad6da484c9afcaf3b34ef3f3abe13d7e6014
BASE_00005423	baseline	k141_4188	1224	829a846d429c327a7c877ce19261b10ae7161bd4fddd238cac2e29006bebc06d
BASE_00005424	baseline	k141_18698	1229	df0c0f541ed0d6f84a8f51ba960acb4dff429e6b91cdb360f7596e2e7f689df7
BASE_00005425	baseline	k141_25832	1133	b1282b7068155923c93c8aa5a9898e09f2c90fc80ece762c4f12c1f9dea13905
BASE_00005426	baseline	k141_11909	7278	7d8a8ba62ff79d1a6e2b7194b997f7a7c538631d828746f87f5072f6770771db
BASE_00005427	baseline	k141_18699	1064	e14405603c2ef71b89663adf3ad27279654b013d14d0e0d59439ed905b3fd16f
BASE_00005428	baseline	k141_11910	1349	6c8539857384202a0fd69e7b954f108abc0ce368a1fac96ffcef038b2383f859
BASE_00005429	baseline	k141_25833	1509	a2f0f33edd1c0022344d4b70e8505ab9a1f4da517994f19bb72dfd87bcb88ff0
BASE_00005430	baseline	k141_4189	2751	b606faab11e0fc16c4c062feeffee0b212351b6fcd684cbf25897babc5d6dc50
BASE_00005431	baseline	k141_4191	1080	2cb8465408430cc7f2851f786dfcd32c4fc55329020678bf96defa7e2a5b180e
BASE_00005432	baseline	k141_11911	2505	0fbf6c203bd6c15379b02c2a10a3fe1c17d3d8bae8cad4b0f184b615c8aa6559
BASE_00005433	baseline	k141_4192	1109	49593188b8435fd5a66e8a7fdf072ffee4659c4d607ae103906e68c384c88e6b
BASE_00005434	baseline	k141_18704	3461	2fda7398cb82550185f3e63ac31477823c7b474311fd7dc2e59fb9d5a147480c
BASE_00005435	baseline	k141_25834	7931	5f26636554b61871091d0bdaaa9dbac7f2f2f083fedb2cff4021d683fb90bcde
BASE_00005436	baseline	k141_18713	1213	3daf7de82ade204442023346fa755bff66e769a221b69140fb77c0b71122fef9
BASE_00005437	baseline	k141_25835	1468	6600d428240d702cf059639a4536344e85bd59cd886f4c07dc7b873e83391141
BASE_00005438	baseline	k141_4193	6780	3dfa271d6f2145267fa94e74b0faa70c6bda2c3691afeedda0486c06d7b8716b
BASE_00005439	baseline	k141_11916	5544	a27413d619425bbe921bd0d9bc10004ac8cf938b0a85979c695247a9ceef5de8
BASE_00005440	baseline	k141_25836	1384	341771220ffa6f1549be30e95206099df9492842eacdb8991b9f5c4c69e7e5ef
BASE_00005441	baseline	k141_4195	1449	6c98354fbb36787ee50108c641621907987105ee2ed3e4c35bb225aed54b007e
BASE_00005442	baseline	k141_11919	1228	5d8a1d83eaff5aa990eb1a9ee4fceb18d4152b549349f261b2ce52e6e454acd3
BASE_00005443	baseline	k141_18719	1087	0d59eb126dbe31bc05015a95da08e87a2790af63984d3729257483d22c4a1494
BASE_00005444	baseline	k141_11920	1368	15aeb1abf4b3095df0f51afb6c483512e2fe153ba7e7b4f132688d1b064f8899
BASE_00005445	baseline	k141_4196	2401	8cb05b2c20c0383f20e2d121a6e627a92bc0fccb421def7c0686196fa55802aa
BASE_00005446	baseline	k141_18721	1602	ae55c46ce46522004c65b3748b579e8d9e4239f20524eb0ce1e9ec8921b1fd15
BASE_00005447	baseline	k141_11922	1138	2b48751ebadbcd36d28890c8ebc2ef969a02033bba33acc05d9e2b7e388e468b
BASE_00005448	baseline	k141_11923	1568	634379d48ba3d523c3382b4b3ad1df64346e714de56f58f92a23e562cf5f4e2a
BASE_00005449	baseline	k141_4197	4212	ff6480f7f66436359a30bcae864fa17c09eeca563f01f78d916ff66b1c4e3307
BASE_00005450	baseline	k141_11925	2446	a864172a084c83f9d6c8a99816fd8741a859e5588a716fd53bd05e3ae55087c7
BASE_00005451	baseline	k141_4198	1385	a3cc785c6c310d9aee6c0385b2a211f029841c478675b70e99c5ff3dfaf906a4
BASE_00005452	baseline	k141_25842	7117	d995e4721a3d61ed042f42a9ce4ab51496d053a95182d30c84f42d2fe519906a
BASE_00005453	baseline	k141_18725	4025	67af7547501c54c9d1ca04bc47b9d2ffcb387ee7ed26b421fe1803ac563d212b
BASE_00005454	baseline	k141_11928	1714	bc530724c141242ef4cbedce989c7b4f5fbbd17de55cc81a077295c319ba91d3
BASE_00005455	baseline	k141_25845	1241	5578e7a723c1fba89225711699514104d1fc758597f67e132953d71388e027f7
BASE_00005456	baseline	k141_18729	2039	0f465068ae4cfed0cc96cc94076cbb027a419cd4cfbe22e9ac13f965d5b5b8a3
BASE_00005457	baseline	k141_4207	1422	4d559dcc3f4d1da1baaf4b25e123cf51536caf8d9c93c2938b009d26d2b00c1f
BASE_00005458	baseline	k141_25846	1731	0b05da21e49dc700df6ac2694ade2d9853decd3d53ed819d16897f4da2d597e2
BASE_00005459	baseline	k141_11933	1405	37e8509271e96213fb39c83c4712ec45601a2476423b1210da497a485256f098
BASE_00005460	baseline	k141_25848	1211	27c37f86516922555dd63105b51b1be2cf95bcec85098636ef935072e3cc3bcd
BASE_00005461	baseline	k141_11934	1687	94f1c3361fe5bcecd45c1cf6e78053d497e4574ff1bdcfc3a112e1ce018d3245
BASE_00005462	baseline	k141_25851	1522	da03eee37faaf0a5b22822b69f6e7f65e6aae625ebf4f2ee5ac9eb48e53bac25
BASE_00005463	baseline	k141_4213	1449	a5f2607849b84abfb9f25c92d8493fb1c9a1a4e7358c06a7d8bda4f070813c4e
BASE_00005464	baseline	k141_18735	3516	5a182b8e490bc03c5fede8fca2e6422283310408eb684302fe56a01463830315
BASE_00005465	baseline	k141_11940	1356	8a64b6cac0da0e8f9013a0ad0fae111c5673f790b015fac00ac9a6b3628a3684
BASE_00005466	baseline	k141_4217	1288	902ba9f9714fc768317f869ba4dea7494108b0392fef2f96a3d3e28e4e720239
BASE_00005467	baseline	k141_11946	1063	610e7721199fecdbefe9964a2191d70a2a57bbf7ae439f6006c9f2d6cd3275d6
BASE_00005468	baseline	k141_4221	1294	d6e3a5954b5176c919f812499c1180ed23476b0145f94664d2e270bf01891b50
BASE_00005469	baseline	k141_18743	2058	f179894ecaae367afa27c0367c037a77faf6a685d5c1f8e1c348554bab49aae6
BASE_00005470	baseline	k141_25858	4883	c7d338d03b31a1f5d29581f35b74ea98c9faae24540ee70bda151f9654868234
BASE_00005471	baseline	k141_4223	1124	18e12bbf051e8d73fc25d993538c70b7e0683167c586ac4b5aa3956beb9e9419
BASE_00005472	baseline	k141_11948	1973	a1f8a07d2d4665c61a3a64026980e73256fa5819bc40fd1e1a17515960561023
BASE_00005473	baseline	k141_18747	1965	487e2026100936ee6cebc1c29aef04cf183b9e6303ce14c13d75bd8b1349ab0c
BASE_00005474	baseline	k141_4225	2193	2e793d091a4855ba2924f0a239aa8467d6c23493d5004edff91a1e95231442fc
BASE_00005475	baseline	k141_25863	1274	ae4ccfd11f9054c0e5f44648684f0ccc9191ae64f219e2994c00cffa80df9971
BASE_00005476	baseline	k141_25864	1061	fc548c26eaa8da61eaaf79647dc1a7276282ae2955e3e5555afa5fa0bf320018
BASE_00005477	baseline	k141_18750	1025	82619eba6d1411121eb45010409d5ea3dd9791a78dfa2197e03075f88cbf6800
BASE_00005478	baseline	k141_25871	2462	077eeb7f781b4a3082bffe0924c713b0a49b6c900ee4bee6d473c1bea31fbac4
BASE_00005479	baseline	k141_18759	1096	3384804e636a1fe6217ff79179505d1237688af53c6265fd6d9c83c7f6bc2a0b
BASE_00005480	baseline	k141_18760	1173	1273292543b585368a05aa6aee61a3eadcf71e894a046e73d349e191dba5d619
BASE_00005481	baseline	k141_18761	1061	7d8a830fe33995a05c103bd921892a89d9b6403bc0cd19cc69c1f8011fcd07dd
BASE_00005482	baseline	k141_25872	2632	5e3a24cbb223298f10ac81c613769a9150242c8953fb4b6b262c0ab1f45b3e60
BASE_00005483	baseline	k141_4232	8201	f24c1fe6ff192c8a67c822e333e71f91571bd2f770b7e2ac420aeba32fb61f05
BASE_00005484	baseline	k141_11949	14375	0957cf87ec2011832ea8e31edb4e5df955ae379ad277c9815df081687145beea
BASE_00005485	baseline	k141_4235	1770	9c91c2541e53f50c1c278fea279a0463334511df5df4a353a529bdd1f67e8c6a
BASE_00005486	baseline	k141_25879	2537	dab528c32ec5c482c2dba4ed53b10d09494b8d8c365a558de964dd2b268ef50c
BASE_00005487	baseline	k141_11951	2622	66bc9b788ff6524e472273cc02fe40726deafae3d62cc0adf2edc3a979eafdcd
BASE_00005488	baseline	k141_4236	2040	21ba2c3cd6708af446596e19c005d9cd4fbd9fb102fefdcbbc47910000bddd92
BASE_00005489	baseline	k141_4237	1531	c45d7650ab79b67ff3df249f139c5edc6560d3dd4a73defadbf883e93c73b31f
BASE_00005490	baseline	k141_11954	1527	95da84f694b7f22ae1b63194fd6e290f05fdbd481a3f4806ff99770a4e766621
BASE_00005491	baseline	k141_25885	1350	7501593ff44ced65b2a5a17a4d00ce8054bff78fb80a316b296af5cf03bf8e2a
BASE_00005492	baseline	k141_25886	1359	a794eabec36441093a5a53be68e10dbbd4dbc7eb99c1263f51784372cbdf47c3
BASE_00005493	baseline	k141_18765	10471	41cc862d53ddf84f8b3a78a684c6cf0fda2506eeb2955581965bc93c3814619c
BASE_00005494	baseline	k141_25890	1068	904f90037dca27ce5deaef7933e8e2cc991076371d77ec13f19d0cd9931d550a
BASE_00005495	baseline	k141_18766	3918	4ba3d995eb215764dc9a46497515182754cc85fe35566e056f33ccdc99f23b45
BASE_00005496	baseline	k141_18769	1071	52d7ec1d1f9fe408eb9e2b7827393c1f7a0a007dacf986f5590893971a10dc17
BASE_00005497	baseline	k141_25897	2142	6d5a9c66fc82377354492929b0bbb55c101f8b466e986616c528b3d019c40dc4
BASE_00005498	baseline	k141_18772	1156	f43f978359152aa61cdb3fb7ed93b8a3cffc68a353a4d6e1b64bc116ff25910f
BASE_00005499	baseline	k141_11970	3752	0ab8f70b5a76acc1ddc0d3e40aed55b58930d01f39cbd50c615e12ea9f4438e2
BASE_00005500	baseline	k141_25902	1976	8cb5e0756476845a68071451db9692ee706b103ae5c8805a1bb36e31f2388cfe
BASE_00005501	baseline	k141_18777	1064	3bc50e39053c505e9d84f2d13f9a588945dcc954d775571d62edd9a5ea2a011f
BASE_00005502	baseline	k141_11972	1757	d9e6ca694e433dab15a7cabbb8cbd8ae94fcfc2e55fd098854cab6d9fabcf705
BASE_00005503	baseline	k141_18778	1554	a1c6850684fda0db9e132a28a4eda9a818126833b5936e1944b08b4ecfa10163
BASE_00005504	baseline	k141_25905	3030	de1294cb36e696d45b32c01725fe7f91a0c110011d137f6c16859aecc32c2c77
BASE_00005505	baseline	k141_25909	1030	02a14e2c97a6f8a12c55bd2bc4bb6a61c584b6a53baebb56bcd241856410e15a
BASE_00005506	baseline	k141_11980	4017	5f8e5089fb17fcb37445e5e149c9a7874f23ffac3e9f0e544dcbe177154b98da
BASE_00005507	baseline	k141_11986	1361	7061c160567310ead09a057c14ef78c18734a182a6920c1e48bc60b197e220e4
BASE_00005508	baseline	k141_18780	10407	3452edfa966389b32656f82cf642939f1a9e06189fe2b6d4e07d1d21b9f2be13
BASE_00005509	baseline	k141_11990	1120	6f2c85b4f7947ac9af70295eae0c5b572b23218949b2ceaca6a48d0bbc5d56a8
BASE_00005510	baseline	k141_25921	3110	df20a2ae13ddf52206a824033a28b9f054de4b1e9845f9e92a2768fe6006d03a
BASE_00005511	baseline	k141_18782	2601	aa88b70689dade777baf1cb84ad2456fdc0b80e028fc1bd5fb027503579eaea1
BASE_00005512	baseline	k141_11996	1004	391c1b7e3b321a4a42b50f22de2a4d360cf46416c7a718fe21be8d36b76b7ae4
BASE_00005513	baseline	k141_11997	1244	06fb35d4646b42691b9c18d99ca4cbd5f5f0dee32e4242bb6d5f3143345635fd
BASE_00005514	baseline	k141_25925	1422	cbbcd7ed2cfbb1b5afae5af99443758af00afb2d85b653c0e8606462e39d250b
BASE_00005515	baseline	k141_18788	1155	50b7ca4ae65b6a83846685a3d5b63b37f73d38ed1db933f8ccab25cc4c75ca17
BASE_00005516	baseline	k141_18789	1475	7bb7bcd8a6fdb5013081e1720cf5fff91a7c11b89ab69a9c430d2fea1397cc37
BASE_00005517	baseline	k141_25929	4101	761351a243c2191babff62314410aa536bffec09448133da31721fcfcc62ccf8
BASE_00005518	baseline	k141_11998	6884	0b94b941c3f983eb1d85d33fa7a327dd7fe3a01b7707111b0499cd29a67877ae
BASE_00005519	baseline	k141_18791	6428	3c33e3c62d4469c0d734debc5ce5c5b6ffb3e90ff98a6aee52ba829a7a161cdc
BASE_00005520	baseline	k141_12000	2974	0c225aaaa371c44e87fbb24f9ab434b061565f376964fcc18ffa3d70afc6d11a
BASE_00005521	baseline	k141_25937	2285	0aee968b9af720e094e7bc6e9ff1ce50c956ef13907be654df84b856ad492bfc
BASE_00005522	baseline	k141_18795	1359	76a6d421b02d80a8ce816def7fca48ed740b1bc4b5e90c33fd9d3192bf77921f
BASE_00005523	baseline	k141_18796	1241	9880254c31cc5d34a7971f8ae7a9ce819833fa43b12073870fa42b015b8c4bb4
BASE_00005524	baseline	k141_12004	3081	c521e722c4a0feb64f943be1a1f7c9c7cd2b149850f30988770f0452d12792a0
BASE_00005525	baseline	k141_18798	2213	04a5779e01f1d1dbea3320f58fb284fa95c39ca6be4699bf32e669dc8c295179
BASE_00005526	baseline	k141_25944	2183	800c926dfa98207d6ff598d1dc18a63f5bbf4e87db71be9c8c06ec1a4be6b56d
BASE_00005527	baseline	k141_12005	2599	1018760af2dc9a13800ae91c4d04a9eb9595cb4ae74e3bb29f7112807a46c701
BASE_00005528	baseline	k141_18799	1135	a4ea7ffd96e434f11275323e4edc816bfbb68a4bd5dd1f5589b6306cecfae554
BASE_00005529	baseline	k141_25945	1273	431b47d5856834e5f41184a5613078d41426777a1585371b66ad2fbb2cea8027
BASE_00005530	baseline	k141_18801	1581	a084e6472feaaf8ef88462d0c687ddc87d039372e35299ea59a782e90002f574
BASE_00005531	baseline	k141_12011	1088	930d1a38b9c010641c06473f090480276d3b98f86b1816fe9291f9b5ed821425
BASE_00005532	baseline	k141_25947	2263	a0976e2e302b185a69c73be7184eff0269bfe314572071b7cb1163fb31f1e365
BASE_00005533	baseline	k141_12015	1229	8a4b6d14c3d373586bdda339c0409904c91e7415cee174d85bcddf2c0104522e
BASE_00005534	baseline	k141_12018	1793	a41db90668766929ecb83ed56b44cba34964d834605b4ef88d971d3816a5aa13
BASE_00005535	baseline	k141_18802	6597	b583eebf1d45206976a032e2407350dba51ceebaa580266a8f363430410c69a5
BASE_00005536	baseline	k141_25953	3207	e8b18614a6e5dfecc06735f0972229dde2f40c52ae9c1fde00ba08094867fe23
BASE_00005537	baseline	k141_18803	1194	1532cd9a5ada36986c7d1ec80496f494cdd560929bb1c376b2ccd109384c92ad
BASE_00005538	baseline	k141_12022	1055	ddec73f064b876e73d8c0584b7cefce02ec3298e4adf3e6c9e1d9596f4621864
BASE_00005539	baseline	k141_18804	1712	eb7f085e8c3f6549eafd3cca77e4d9589f7584862f01cb49b4d59094fe01a899
BASE_00005540	baseline	k141_18806	1032	590662b89454aee76d200455d611e25d34924a5dd5843837965b924f6b02ec5f
BASE_00005541	baseline	k141_25954	4614	2120b3a62f0ce8fe21ebb3b5800491ca5df7709a6273177cda5b5d13692ea4a0
BASE_00005542	baseline	k141_25955	2066	1014f73bebacf89fce75129574e3f992089ec511f5951fb478ac215d75f2a764
BASE_00005543	baseline	k141_12025	3590	df4876a4d7f9bf399ee8359e90a344bbf0cd4c5f467260dfb64edd8b07341f9a
BASE_00005544	baseline	k141_18807	3156	921890da6f07e334c800b07d8b19df7e2857ef8b7c426bfe05838d10b5cd5533
BASE_00005545	baseline	k141_25957	2359	da5645614b61697f5619b93bde4cbbf22940decc351ef131215c31c6b05236c2
BASE_00005546	baseline	k141_12029	2405	ce4349b1f4695987433374855f34eed1e7125606e1de6c24745b08d44c94aa08
BASE_00005547	baseline	k141_25959	1765	7535e731f436553bbfc9a183fd3fdb09d36e0040fbe9740aa76c0a9d0afe14cb
BASE_00005548	baseline	k141_12030	1170	1a904d4f6e9f8c82b77141573058b0ed5aaebb2078fbabb2249c34ef293bf764
BASE_00005549	baseline	k141_18816	1677	2e1a081659fedbe36a99cb56bb78da8dd887b1bf35e9fd0361c190b50929954f
BASE_00005550	baseline	k141_25962	1382	942942d27693765073f3901e812624018be8dc20ad2b360c8ebc3a3ad44c1cf3
BASE_00005551	baseline	k141_18818	2218	d151fd0f8246ae63f4b4bd656679ac0ada83a62f0e070ecc308e06e08a43a1df
BASE_00005552	baseline	k141_18819	1357	328d26d9fcc4ee87073578ab701767d0678a0098508c44a909eb073ab622c6c2
BASE_00005553	baseline	k141_12031	4818	e5c106f29fa5d57f6534d6ea8c4be5df1f45e16f04242fe10f660f7891f1005c
BASE_00005554	baseline	k141_12034	1086	a9497e73ed3db8c9f3b3a25bfee8ebf4af30a54b072129d50e732d24b9d49f50
BASE_00005555	baseline	k141_25964	5071	326a5c59bff4ffdba42638f9d4a8a6924158a2c370dfaae05c32eecc0789dbef
BASE_00005556	baseline	k141_25965	1130	d44f3c8b729f0572a02bb6cac38a57c5d4c813c9c3533440fa712c2c44ac5409
BASE_00005557	baseline	k141_4238	77678	bc8e1f93460fdb3832f036cae54f49a1e7f9e8c607d207f5fbff9604cf3daa28
BASE_00005558	baseline	k141_18829	1301	587ffd32ceb94d4044027232acc52f775f5c3a940393df2eaf33859d85eae45d
BASE_00005559	baseline	k141_12041	1036	86ad616e61d438bb003171f9c812b2ce864655224cfbc2dbe5c362c5b7ca2b1a
BASE_00005560	baseline	k141_18830	1352	d8935f22d8d1b8bf777144f0c0abd50dd7ed4115b354fe5fe351d15f2709a06e
BASE_00005561	baseline	k141_4239	2250	8cb05212d5c7af384926979d84e602a69ce75c8e0ea45489016531bd1517f125
BASE_00005562	baseline	k141_12042	1798	8394040f4dc3146055c97cb0c5e7b1c3e51aa53a656f3b2734cd3dc21d2fbdf5
BASE_00005563	baseline	k141_25971	1825	72321072512d05c18a94644f9188f16073e3d9d26697cf5a681f45cf12811726
BASE_00005564	baseline	k141_4240	2108	fe96271c64595f9e1116ca9d744de85f96597a3b7eade96db3dfa34a1649d7c4
BASE_00005565	baseline	k141_4242	1941	42f74b1805fcfd321ea40db1fa62d872acb242f2b08170694056d1dee1e6db4f
BASE_00005566	baseline	k141_25975	1541	e42cfc64ecb8a37b36b59abb5a4f1c55ad9a98ebfe9e13b922ad2f619a3f0343
BASE_00005567	baseline	k141_25976	2202	4cb5a46f5f0879fee5dfc5697214ff17b4c75eae1933bb36dd70414ec82eab47
BASE_00005568	baseline	k141_25978	1001	20cea3ad901846ecc40fa5aab693f95e791a18e6c1f71f3e00dcc336b573b823
BASE_00005569	baseline	k141_4249	1695	2108313a3d3f855bfc74600407f9edf7b9a62cf888523ab065d07f724290fd26
BASE_00005570	baseline	k141_12052	4387	9e04b939e20b5d8cde9e022934674ef9fd0719e994e332a7bdeb46cb56d4945b
BASE_00005571	baseline	k141_4250	1300	4f3563fde14f9873fe10341617ceb56db49416e6bd1c79bba9285ec5cad85ee7
BASE_00005572	baseline	k141_25979	4709	f3f4a7276462c62bd505c10a1e3c3013f57926e6b3e2341a7b2f8111bdad02e4
BASE_00005573	baseline	k141_12053	4638	2e3dd4727abc328ecb5a73596798e2f40e30b505120fe50e519fa54fcd8ac21e
BASE_00005574	baseline	k141_4256	2282	08b102276f4269848a61fdccc9416510477db3bbc2b59b032bdee4b8f6ffeadd
BASE_00005575	baseline	k141_12054	1128	1f6182057e6192742d94160d5e0951486ffc72d74e8a824284dc0a4c2d234471
BASE_00005576	baseline	k141_4258	1073	34e1d15ecfe4600512729cd5dba9237a9b038dc36250f134fa431e1fe6849123
BASE_00005577	baseline	k141_12055	1370	93e76506bc64b710e68c85c32dbd31e95d9962044bc329830b2b32c2eadafd23
BASE_00005578	baseline	k141_12057	1242	3b41ceffa5d83b11207c779c8f350ad8a0d77e0bbe8043873a88137a5ebc53ab
BASE_00005579	baseline	k141_4264	3455	69fd79b8c9257e1645f78913a8196af5d2de0df2ded3d025e66da9b5faa0c5b3
BASE_00005580	baseline	k141_12063	1936	a3854007d17cc80e9fe673f0d96bfa1eb9cb439d92c5fd91fbb80bda6ecd30e8
BASE_00005581	baseline	k141_4265	1815	8bf4b0bc2a34e00cade865aaea87fecd9b2512e67cc025c6dc02cf46fed4116d
BASE_00005582	baseline	k141_12064	1552	92cbc4fa94ccdacf9a43041abd6507cd185065600a9eb4c1df9e3df248d52e78
BASE_00005583	baseline	k141_4267	1709	7f4da86ffe7062e458b1f483d1d9d44e1e32c8cc838d9139381bd5478d4dc23c
BASE_00005584	baseline	k141_25995	6442	0c85eed5e061ca884e5b9fb137162b9e3e85ec3e731e5ddfa3e30733cc927219
BASE_00005585	baseline	k141_4268	2546	f22a378fce7b7a283d898b5506be2a939b3179348c058cccf34746ffce18c9c3
BASE_00005586	baseline	k141_25996	1952	46365315f3e8e54e94e69adf65279cb0f2366a93ddf480e65a82b448e0421e88
BASE_00005587	baseline	k141_12068	5434	c48a37517700df8ec2b055a5d3c1b3d4379beee6d054ed4df7dc355e97457d57
BASE_00005588	baseline	k141_4274	1987	5243d4beb70eb028a5f22ce8400d8afc06bd3d3d63df5c007b9db897ee2a6812
BASE_00005589	baseline	k141_12073	1145	1bcd4f6b9a1f72c9ede1b9402e79379aee8c6b26e8fc70ef319173b165ea2d68
BASE_00005590	baseline	k141_4278	1116	a0f87b047a292900f016daffd944468e92d1a755d421b4c1d0417390886c7f2d
BASE_00005591	baseline	k141_26008	1509	89b71b5227f65c2ae864976fb9022cc9b8cbd28a9c3207508d12d4497e3978c9
BASE_00005592	baseline	k141_4280	1705	72694bbd54859b889a959fb8e2eb7b580c6159106b0fd779f07683e07e70b96a
BASE_00005593	baseline	k141_12077	1135	773a60420fbb17e10cacd9c5701118fc4b996cb3411d97fc3d21d10f35b7b409
BASE_00005594	baseline	k141_26009	1282	89d36428feea0a2841e11d4386afeebab10e966b821875c0e77b6640eeb18d21
BASE_00005595	baseline	k141_12081	1000	090186376b97cf8df050cbd425ee5851ecad78ca452b9a5e17effa1fa162ccac
BASE_00005596	baseline	k141_26011	1645	204334dc54f20e19bf4cc216c9886d7c691f3b755dcd7153b08b74a54242dcc0
BASE_00005597	baseline	k141_12086	1565	d4589661d07e148aaf6787d225fe95444a0ac2fc28e9017fb8a1cb22c2df2021
BASE_00005598	baseline	k141_26019	4159	be51cc00ee6ab176d59d5196318a98e59b134efbe3a328fdad178d195382f412
BASE_00005599	baseline	k141_12087	9413	bf167f882a2f9bd0e2947b04059f300664a2e6c57aad7b48e9cdb4ce4dcfb9a6
BASE_00005600	baseline	k141_4285	14882	ddc0e1912ea75ae319b7472cf8a902639c252bb597087283a38a3529e09c500e
BASE_00005601	baseline	k141_12088	2970	dbb03f8d050d94d6b0d5ad31e360e51c5659704a384e0677410d93d2d01a2ed4
BASE_00005602	baseline	k141_26024	7225	8cdbb7a5dfa44739aa728a940589fb34c101d9ef2d8102ef237efbf83636fdd6
BASE_00005603	baseline	k141_12089	1238	e6b4faf9ecf92859647f69a4d9a5722916e576b646efe3f13a274f84d8b766fe
BASE_00005604	baseline	k141_4289	1433	bcbd21f4b47789e45bcdcf9beb8b4172131a1e76bd3e1c8700dc82479c88dbee
BASE_00005605	baseline	k141_12090	1037	3d20938951027b78b7bb314dfee7d4098127a81ff80b6b64df9d7e00cbb1c19e
BASE_00005606	baseline	k141_26025	1687	7118585a132ecbbbae425e093d399958372b0ad92ccb4c3bc04f76e5748b4dab
BASE_00005607	baseline	k141_12091	1499	fce88334aef0ea5747274a5e67cd11996f340930fb6c3933c6e49b09665161dd
BASE_00005608	baseline	k141_26028	1040	f06ba9f71a77419c9f35353bf37695f27cc3bb2ea48c8105cb51f4427d61323f
BASE_00005609	baseline	k141_4295	1706	e4bf4830219290484a0d0219b6b4629b47f3acbd374fdbbbf50b88cc34b8d9c6
BASE_00005610	baseline	k141_4297	1077	51dc747f0b0eb55a67c9e9f0ad220ff655e662f5923a424a7685b4c2fc99dff5
BASE_00005611	baseline	k141_12098	1060	ab531e05ac07f1f35dbb7a76f5c91b45ac9da3a48f0039cdefa73cee98a47172
BASE_00005612	baseline	k141_26030	3427	454db4f74461d4aec092db05d34e0aed4b4462a7f480b738d1bd219b2d7ce098
BASE_00005613	baseline	k141_4301	1884	5f66e0d531489b8f81e7bec6a95f0894c7ea15ef553e744dbe90d5bbbcadf107
BASE_00005614	baseline	k141_26035	2192	693811d1e3cc8d3d8cd42417294198f7f76848b458100156a077fed674e17cf3
BASE_00005615	baseline	k141_4305	2975	df63c7a47f5d25bf860420ae2e32b4492831526326aedd7a2e0fa3552b4af3c5
BASE_00005616	baseline	k141_26039	1572	53fc0e93cea668e31108117e70b08623e90311371c703b783c44668ab13362c4
BASE_00005617	baseline	k141_12099	7546	7afde7ab60ffc3b6b222b5c8724668304f2b5a2ab352393e31dbbe10593d33a3
BASE_00005618	baseline	k141_4307	1031	7e566b9a70c4fc33878af117911ae9eaf683335c7f948e89bb83b673a6486c85
BASE_00005619	baseline	k141_4308	1366	12e1f4c40370f769be9c8141ba2e8105fc9d2397cc80c7929a90e3d2c9f063a6
BASE_00005620	baseline	k141_4310	1269	e64b1f30ca1cebecf50cb475208362bea39fc3723594410e8b32c60a200e08fc
BASE_00005621	baseline	k141_26046	1036	1223526b3c42464802d1bffe54d2cb7e7eecf91dd306839a12516624f5f2a9ab
BASE_00005622	baseline	k141_4311	1102	ad8543d05a780eb11e9e581a9a9ba4eb7725c51a482befe3f726b35e29a331c6
BASE_00005623	baseline	k141_12100	4784	82eca1f0c1e76d7a4d59bdaade578c89c51814ff8b94860a6275c3130debf372
BASE_00005624	baseline	k141_26047	1525	b2f480d04eb4133545c0ca72314ec1604b648323328cf92ec907132caee7c76e
BASE_00005625	baseline	k141_12102	1278	8e5d6cf5bd1e42d917a72ada1fb858136695e7e88eba73f4533138199d44fc4f
BASE_00005626	baseline	k141_4315	1055	a8dc0ca3aea7c6ac016f15671c42360327a5805c363871967f3db546fc21ba81
BASE_00005627	baseline	k141_26050	1117	2fc8dcf6fa31861abf97d4a68f3b71e417e23f48efa5bdbdac34690c42fe98a1
BASE_00005628	baseline	k141_26052	1034	be27ea38f1162350f66d341ee72f14ad20b5c69dd3dc77277bcd876793e0202e
BASE_00005629	baseline	k141_26054	3628	ada287d148113018772ed69fb562733d3193c43f456fe7f1bbcc21389f3f7c14
BASE_00005630	baseline	k141_4325	1340	20bf69606f964a75817479dbfbaf288e43edc7cc0e8a68021e97861c2217fd9a
BASE_00005631	baseline	k141_12114	1130	7e038f0acbf50abfec7729c28abea990041e5e2255a35e9ec9187911c52038d9
BASE_00005632	baseline	k141_4326	1615	c1485a260dd55e84db1dec6c53ca5f7f7be511fc49651dbcb26d126f8df2f232
BASE_00005633	baseline	k141_26055	2307	c1f8461d97957ad58aa652031380b91209fe5c52370b8e4e2174580984c609af
BASE_00005634	baseline	k141_4329	1098	03d12c960645d645f90fb23e308f7a4d8ce659bf0b6ae0b597417987081bb067
BASE_00005635	baseline	k141_26057	2142	2439aa266b851f0eb174915ed1742859a5f4e7a4be78ef1a5d658ecc0ae72c69
BASE_00005636	baseline	k141_26061	4136	5f730ac956db61ce3e93a42f7998a8006ef5e78e27f78cdb8ef1053848f4f907
BASE_00005637	baseline	k141_4337	8531	f3c5a85a28176b4fbd08566ea7d60dbf79991704b1453fd654be86bd0ceb5446
BASE_00005638	baseline	k141_12117	15536	3246ce81d17fded5694765b8121724301e9af6f89820b277f42a0426a60f1422
BASE_00005639	baseline	k141_26064	6842	415a164592766b7745ea94f14ef654143db3145d331cba822cf3dc61ade677c7
BASE_00005640	baseline	k141_4343	3315	1d6427d6deeb2ef2b5d495480822f31a318adc21289c0f5cf2d21923b5a04d32
BASE_00005641	baseline	k141_26071	1384	f71801605dd98a0f9dcf09384ed7153d9be93d05cc0ca3066327dcbfe7959a0f
BASE_00005642	baseline	k141_12122	4482	72e2173381978cac599f8f3da1c510b68a6d9ca61bb54cd5f2e1f47c39060540
BASE_00005643	baseline	k141_12123	1471	3069ec1996c12ded9ad9b482474033e97a30abc3ba186351927e8aeb39e82d78
BASE_00005644	baseline	k141_26075	3064	d0f58d7f7d1939b1f715eab2650583269cfd685351cec60eb16084eba3d212e4
BASE_00005645	baseline	k141_12125	1163	fb97d8d586d899a919ae0e3d736ef3735201f07832fb4b2fcf0384bcac382b45
BASE_00005646	baseline	k141_12127	1654	ee29fabedd60efa1285ced57cf60d8467d0a56495b69faf6cea5d4630c4b8ec0
BASE_00005647	baseline	k141_4346	6517	4b06c2a5b59c1359def544472e01d11f416bc71158ce124297578e3860d6823a
BASE_00005648	baseline	k141_12128	1051	532dc1b90162757942742920ad98b216cee66dc32d46e54f37da3e19a05e731f
BASE_00005649	baseline	k141_4348	1425	3e199a56e072550491411f5889bdec7aa5b0a4e59b41b19425396e6854f99c75
BASE_00005650	baseline	k141_26084	1474	ab9897efc5b871c08604d302c1cbef2933b2e069b2d6105bb4365db3da2ff546
BASE_00005651	baseline	k141_26088	1527	9a305795ca41d6373c082d0331919e5d6ff24c51d1d497ace92e003a8c7c12ef
BASE_00005652	baseline	k141_4349	4978	ba8290d15e4d0cff3e386b79a116507efd9845ff6f5cc3e2f46f20e6d09a2cd3
BASE_00005653	baseline	k141_26090	1477	677e6623788049bf8191f1ccdb8601bc32134b879c1ef9ebe8978dbdc233702a
BASE_00005654	baseline	k141_4350	1622	8d8ccda623ae3875377c2cd8ce8d7b5b8eedde8a11fc4d3454bdefec594282f0
BASE_00005655	baseline	k141_12130	8540	6d878a6b13b05d28da5ba898c8f15581f99c645d71c0298dfb278e5232c56feb
BASE_00005656	baseline	k141_26093	1871	cc6c089e2818261b719fdf0b3a55555fa460e6cfe10ef7d0ec3bd3b58fabe106
BASE_00005657	baseline	k141_26096	1057	6ceaa2f4604eef04f99851da6a7bfb1e4476e43ca9eb5193999f17b583767d83
BASE_00005658	baseline	k141_12134	1871	be1a8dbc9f5be2e360c88f70c403fb087510f0c2670e5297243d64d06bdea94e
BASE_00005659	baseline	k141_26097	1214	b3f12e4235dcbe86eccc2cbaffe9cf2615b6914a2649332b96ba8758d67e0b61
BASE_00005660	baseline	k141_12135	1145	1ef8c2a871c0506b6c115e1df4d8139250f2bf83893e7c475c40a135bec0ebc7
BASE_00005661	baseline	k141_4352	5046	6f183cd982115e1ba3a4f4c5b5dad2315c97ae9fb57d0016ae08005dcac15bc5
BASE_00005662	baseline	k141_12137	1093	8679340eba67c65a8116b641c756c0fb510172c638d5e1364b9d1ef7960d3614
BASE_00005663	baseline	k141_26098	1880	609e32524fb4a7b5d86fcae50d3d36b69fa9efef664ad0ae7219a71b790dbf81
BASE_00005664	baseline	k141_18832	126924	49e367f5b23b4a909a11782235c8dd95ac3a83e6405b6f381f49edac0e1c1267
BASE_00005665	baseline	k141_26100	1164	34454caf4c971db10c47526fe44ba49b17e36e206b994a18c7c223e879c22e97
BASE_00005666	baseline	k141_12140	1740	0366e69e9f1445e01fec404a1e17804257083a3c0af9959b52341934230c8c59
BASE_00005667	baseline	k141_4359	1066	6bde06e5f78d15a63a91182c60e60eb1e2c84db751e79fa9e379a5b044cbe743
BASE_00005668	baseline	k141_12141	1052	341374bcf2c6a1949f362490d32c49c0afff563b5bdaced08754f8140ad17fca
BASE_00005669	baseline	k141_18836	1256	64e6441e4829a819f09d76e73a5cd43e59d75a7ca242201e7a91440912b3e5fb
BASE_00005670	baseline	k141_12143	2518	8fdcb38832b5ac4ac9a17eaf990d1f83fbd5554799ef3296c336297ac35a2d9e
BASE_00005671	baseline	k141_18839	1003	e5eed02b7af3b6e58adabbeb661e1fc657a132985bd35164e02ebde69e8bffd5
BASE_00005672	baseline	k141_26101	4541	fe26f81363157e296a198de1a68ba7d6392f22847d08f7a661fd62341682b8b1
BASE_00005673	baseline	k141_26102	1140	8c60769813c481f796cb1ff59500d5d654d8cc07894972156fd6a3405a9265ca
BASE_00005674	baseline	k141_4371	2051	e4d859fcc3f01fdd2eae547856ce5db75a4f83967da205235ee9cf158cc8b50b
BASE_00005675	baseline	k141_26107	1030	5e72eaf0c9c96e42f44fd16005ec326e8cc89821babe8f35b10f2f0644306086
BASE_00005676	baseline	k141_12154	1200	9284416d038ae20e6decf341b58d48a3a56fa463a1dd062f44b512548197dd3a
BASE_00005677	baseline	k141_18845	3501	e6ffec43ccb381a3a61b4335469574de751066ddddf2173922aad7b65f0d2014
BASE_00005678	baseline	k141_26108	2900	10d9761420052cb16f1d745d025a0e55b850fe32b5f2064f4cd3f52d1272a4a9
BASE_00005679	baseline	k141_4375	1715	5334234925736b6443a5ba15aa8aa31ee984e9a3f8c271d05033106976d43dac
BASE_00005680	baseline	k141_18846	2118	8a96b10cab5becfb4e71df7b903771b427276d5c920119345a46f38ff1987200
BASE_00005681	baseline	k141_4376	1341	3aa5a7b67a1f2c740cbdf2747ccf94f42efaf81c6919aae654b73dde3fbd9aa8
BASE_00005682	baseline	k141_4378	1121	d390659f6a66ec2943fed6e81437c4744ec65a241ca98906e06f720d6bd75f2b
BASE_00005683	baseline	k141_26112	1475	0d97d00130c2fbec2842b72eb2dbfb37565dbf475dad2e09d95f2b91443a9145
BASE_00005684	baseline	k141_18850	1175	b4649529f9e11460fc84cafa127fc5ac9a496a0a644b647b4a9b190b1083ec45
BASE_00005685	baseline	k141_12156	5933	00e1c80275fc1c1157c307da85e0b0bfc95a795e21f8c87431785dbbe8db05fc
BASE_00005686	baseline	k141_26116	1041	4ea2e43e5e05b85528a00e957bd6cdafcc63ebe1ca391213ffe356e05700cfef
BASE_00005687	baseline	k141_18853	2098	17c27d367680384cb5050f83960bf804da699a074de89631defde851f2d529b1
BASE_00005688	baseline	k141_26118	2445	d277f1f937c4f61b96b8585565de14138d8ab070093f7def4498fc6fe6aca0ba
BASE_00005689	baseline	k141_4389	1996	da0334d6d969d8775b75da14a0908fb78bc6c4774a8a82bda900ffacfad2106a
BASE_00005690	baseline	k141_26119	1668	50b090c3449b94181f53f423a0bb4323a998067e13e0b12d75fcc47e2694890e
BASE_00005691	baseline	k141_26121	1461	168cb13735b5dc20383b0bea5d6043c24cd5a4e6613361c0238586c6ef981782
BASE_00005692	baseline	k141_4395	1387	85307eab464bfb4981d7ace89ea6353d459216abf01a1c943a5e42ac779fa13d
BASE_00005693	baseline	k141_18866	1363	190818af3fea7b0cb6b8c927867330d97073b00bafd83cf2869dc6e484373fcf
BASE_00005694	baseline	k141_4397	1384	4a12e590fda625caa8662c37f12c50a37328b8b392d190ead71bedf19fda131c
BASE_00005695	baseline	k141_26127	1825	0bdfa3d4c5e3ab564fe9a83db48b9e06d1435fd42676e4cefa5c38d2fcd763c9
BASE_00005696	baseline	k141_4402	1044	0db63dd0b9f83538e3398b6153b7a39b83a2a0949acb16b464d06cf316969b64
BASE_00005697	baseline	k141_4403	2746	d8617a45fd0fd5299b419a7a06dee635dbea5fac926bc8c424a903f7e5bce73c
BASE_00005698	baseline	k141_26131	4939	4f2c7a90476f6edb992e2c2b3729b7a60b227c9f9b06a5794b7fb387c9a36b0b
BASE_00005699	baseline	k141_4407	1586	a22c8e659ee8a94a2b2d4263581ffd3e7faf16ce5c09a0b0dcae5b8d208ec19d
BASE_00005700	baseline	k141_18884	1559	70c2808dab99eab7c1c253ee53e94244a5ce2d997a6e01c3ded9bf5cf27a232a
BASE_00005701	baseline	k141_26132	1288	82bf6ad80a84922e3f9bfa4ffb8764702171060b3df62f7b2c3049657654e7da
BASE_00005702	baseline	k141_12157	20137	6c8428cfa1bad04b6faac109d955a31530d031ae38a9cc9bd91491e87b338403
BASE_00005703	baseline	k141_4411	1193	be4ac0f1a044b4ff2d38a0f2ed7ae0a447473d06ee9ec681f4073b884da5dc50
BASE_00005704	baseline	k141_18887	2684	c56f67735c1152cd4fa223f31442e2cd475ba17d7b532d379bfcf30dbc11ddf5
BASE_00005705	baseline	k141_4412	1489	572dbf56fc8473cea92316cc379453cb311c3b7ff35d8629cb1f11a3e42a51fe
BASE_00005706	baseline	k141_26137	1773	5fd7ddf0da6d1edc2f83f4e726da7702309b5d8fa65382f8ab1299359631f8b8
BASE_00005707	baseline	k141_26139	2086	ebf168bc37f74728b32609315c44dfc96bc09a02cbad4da2723a423928a930f8
BASE_00005708	baseline	k141_18893	1192	ac58c14289b7d43a366228d2fc480ce0504063a7b1a309143a434573ab016877
BASE_00005709	baseline	k141_26140	1022	543a54762f66d3b7c00410a63a01912b013abd280a8c17fbbdd51020fda67c24
BASE_00005710	baseline	k141_12167	1441	cf0c3497870857a4437e912e0a77f0414c0769ed05f82039eac85625f4416242
BASE_00005711	baseline	k141_4422	1040	96813f02fa84e05d3ea91bd82cd371db43e5c8abc33e59eea2fa9d7f9e650944
BASE_00005712	baseline	k141_12168	1552	9367db332dabd3dd762861ebeb4ff0c4d606c8953b0702a1c4a4c2d0016c4779
BASE_00005713	baseline	k141_18899	1170	66558f73a16b2c73126ea107f858f0b1cd999fff3d1d2d87264c701e84983cb3
BASE_00005714	baseline	k141_12170	1217	f33f2b3d0b649c16f404bff44bf5d1fe221d851e74d84db1dffaa23525421aa9
BASE_00005715	baseline	k141_26145	1693	791a8076b621ad058eef82b66704f9ab191425022ace33676111b36d6d81409d
BASE_00005716	baseline	k141_18902	1204	c4bbb071ac5075bf8e48b06e1e0032772665c52c3c72509b60a574f5599f1e3e
BASE_00005717	baseline	k141_26146	1548	44580bbf9f91ab939823578cc2d392aa05c9df1ac30a9c3bbdf79547aec1f87e
BASE_00005718	baseline	k141_4427	1690	56afc6864bc11bf010d3e3cead3ffd57b659f0e09ca5fdad77a42948e650f83e
BASE_00005719	baseline	k141_26148	1144	d9cb2cbf2ba2474a0828c1ee18bba59b6cf0e61ead260ed2eb8569a37ac66ea6
BASE_00005720	baseline	k141_18905	1254	d9ef0e329ae3935b1525c5241aaa4b48e98e36dadec1b982d4f537aa59a6299a
BASE_00005721	baseline	k141_4428	1929	3a06834e9a6d86dc15a5ac25dcb4d41feddd4c26c0951197e1616de658366b2b
BASE_00005722	baseline	k141_4429	2640	fda62b5d9f72bcc2bf7b9a6cf448acbdb64d0cb830f349241399d54a671660d0
BASE_00005723	baseline	k141_26154	1139	9640f805cd347dd912988b8513b347f2cb91a5f9366419609f06dd41e81c1f39
BASE_00005724	baseline	k141_18906	3752	6af59f9c3bb8d791ed3ede7adef7d240e3431f7e1fab0b4c7735e99a29b8d97e
BASE_00005725	baseline	k141_4431	1183	28fbb438e4805c3deaa2ce8651069018d235c6f04a598f7cb8ceb40ae8722622
BASE_00005726	baseline	k141_12185	1232	017f79a1f043384c93b93e800cf882a5c39a169b92dcecb0e2e6ee519a3985f2
BASE_00005727	baseline	k141_18907	1844	4ce3a3bcad67e5fd7e35972b14c8eeefdfc79b8c34daa7690b5088cd137c3a65
BASE_00005728	baseline	k141_12188	1624	54fee939244232b22875ddff56e597a21b1ff94cb673518e5fd68f7682d26a0e
BASE_00005729	baseline	k141_12189	1008	107aa91c027338f02e45dc2f73bd92eb620bf06b1e17d2ceb587d0dd23edf431
BASE_00005730	baseline	k141_4439	1298	cb4ae1b5f090f616b4ce85a20863398f1f99074f9d4998cefb3b4c5a9887c6da
BASE_00005731	baseline	k141_18912	1053	1e54a457d171356c63d3475135a052202a7b5dd7a13da185e849c8bd18ca9a51
BASE_00005732	baseline	k141_12190	1321	d1c4d8bb11b0a384e9a0f109e0de22d5787b14e28cdcfab41cc6dd3ef3a972ac
BASE_00005733	baseline	k141_4440	1642	e33f051101c53130d96bb01f9aa744619738c19e79b74ac51fd65f8f3e77bc76
BASE_00005734	baseline	k141_4442	1092	0c4bdae26007bf7a6884b59df299bf03622f3b21b8764d164c83dd793d34dab3
BASE_00005735	baseline	k141_26165	3158	22f5f4ba36dc7b1c689866885337e0198bf7efc0228290fe689c06cf3642f1d8
BASE_00005736	baseline	k141_12191	3112	a350fc763dbfa5723fada23b938ea117d9d04a43afc9edbb74a90d55e161cf0a
BASE_00005737	baseline	k141_18915	2375	0fb97b465551c63c3b0e6f807be1a5ee1aeba7583b19fd19538b03951956df6d
BASE_00005738	baseline	k141_4443	2199	31dc38fca115a1485e288c62849437c2660fbd770b71b8c016479827678c7b75
BASE_00005739	baseline	k141_26169	1157	95a8997f725d7bdcb98e1c52abfdb587cd34a79d98d0e61ec5a892d7b3ddcbed
BASE_00005740	baseline	k141_12193	2529	0c62378f313e3a2d449e94ab05e8db7c56134f942e173e90c6c0623e6c19256d
BASE_00005741	baseline	k141_18917	2322	eadf873b5f8a5870105dae499f03ec3bb48bd1fccdaff6272145760359fd5c6b
BASE_00005742	baseline	k141_4446	2798	84113b48431d69d61ca11435e2b829f9fb4b0bdaafcbc9d16305c77e26bc5961
BASE_00005743	baseline	k141_18921	1375	11fa7691ec50959f21de6b5f348992fa7b292430061b28ac7dc5f993c7abc38f
BASE_00005744	baseline	k141_26174	1170	58f72880777ac4559aee125b262444663065ede82569943455c9b5252565111f
BASE_00005745	baseline	k141_26175	1050	d16c5e171eafe2430e7ab713867dae39f81728c2a79f7de88d2ce1e60fafb75f
BASE_00005746	baseline	k141_4448	2172	69425f05a13eb52aab408bf306dce5532404870d121e3b42ad30722327835497
BASE_00005747	baseline	k141_26177	1484	28c235be8f079d80f5e99bf59fab35c0c0b223f3f945e46a7bf119b220e31c10
BASE_00005748	baseline	k141_18924	2769	6b6915832d7ddf826b03a7882178aab1ca59ba5056d500ec5bfc88ceb60ec70a
BASE_00005749	baseline	k141_12202	2735	27a76364cd9a33d57403209377bf51ad18042f97594afc85bc094c1347531978
BASE_00005750	baseline	k141_26182	1424	15efe8302016c9a30f6ee4380d221f197683e9f052259c1022ec691b0e29b239
BASE_00005751	baseline	k141_12204	1999	e1e60be43b68814ad96c703a4aae3f53714a7b8c63c5a17777d80d055d3feb77
BASE_00005752	baseline	k141_18927	2074	ebdcb6143413827489374df2cd4f8755e3f3a111d38f1f3ec601903f58cfd159
BASE_00005753	baseline	k141_4456	1968	f2494124660df25b704fa764beba40d38650d927f224ee5a5e7ea89b7b2e4033
BASE_00005754	baseline	k141_18928	1243	db9679fef39f41ff7a0472cf660157250c5aea85022e9f323ae370539d0431ed
BASE_00005755	baseline	k141_18929	1008	77e26389a90dd37ce98ffa5fb73129f91cfcd7895a6c0b1442140a1609e8f715
BASE_00005756	baseline	k141_12208	1015	fcdc4c75d211b4812faa515d0f2843e367bf54b2e6218dcefcc386da300677e1
BASE_00005757	baseline	k141_4460	1446	8a70294df337da4eb0934424f1c1be9dac71bd10bc36ac9ca66989b44668d4c3
BASE_00005758	baseline	k141_18930	1674	12a0f105f762bfb22b196b613df9d425d9455d06a3b96a5b3daac2536628a9c3
BASE_00005759	baseline	k141_4463	1264	e5116613ee49cf4f8b3a6200fce480ad12fe48ba0143aad796fe3256f0ea98d2
BASE_00005760	baseline	k141_26184	6088	1e4af438ea5b9e1838cb974ba37d8780d72c76bf4e7ea65a882438e3ce9eb49c
BASE_00005761	baseline	k141_12213	1027	4588e602c4ff7b110b094b446c7f7764d0bd069b9a660c71087b88c6a6304af1
BASE_00005762	baseline	k141_12214	1188	80d9208661e2b69fb7aa2808fc4d21cadc91f391490075f2c4c738153c7f77f1
BASE_00005763	baseline	k141_18936	2003	da58191a614752ac0b27fb7b52a8c704e52b654bb35f5e221770ffebbb99f169
BASE_00005764	baseline	k141_26188	1071	79014bd8f5387547945d5ff3afe19fc92522bc4068e90cb7cdeefbf18dccce62
BASE_00005765	baseline	k141_18938	1701	a5e278b90d9ab24393213d5b8c5aacfa191f1b9b794645f84801954166f42c41
BASE_00005766	baseline	k141_4467	3604	9d7032b128bcd49cd45e6174d61ab1798608fd3ea4f6d9254b16706f6a61cada
BASE_00005767	baseline	k141_12218	1771	514f0a328097b114710f9e6ff7ce1b403726a9078d992277fd3f97130723909a
BASE_00005768	baseline	k141_26193	1664	c0391b4943ea7fc0a5de4589d01c3880309816edea319c75188e15c05b2ce2a5
BASE_00005769	baseline	k141_18939	2026	c22aaf7034b306fa3dfc076b932c2d0195803b367ac75fe90787dae1e26675ae
BASE_00005770	baseline	k141_12220	1174	5d20ed6c6296f72e2bc3d509705039c81c18e7dbb104c5268fc9aaade7b399d5
BASE_00005771	baseline	k141_26195	1574	848bf518e5a0c8a53a8714c0c133df131e3862a0a47d806e9ce3d44bb6d43072
BASE_00005772	baseline	k141_4468	3400	b8416a33a6587c9fd7d9792397e009da0c7f39396da402175754f5bb3f167804
BASE_00005773	baseline	k141_18941	1970	c6633044b8d451aaa6610820c0f5fa006bcebb90fc0bfdcf8d94459ac9eb07fa
BASE_00005774	baseline	k141_12224	1243	1e5f3916b3e8867b2f9054e3164d7bc9b95b2026783349fc380229d83acd61e8
BASE_00005775	baseline	k141_4471	1246	c70f848ff7cba084b1b7e2b1124e058a272782ab9b0a7c8ef146c72ef2ae423c
BASE_00005776	baseline	k141_18943	1418	8f48c8c8df8d5d5024dc30fe6468d3abd3f4a2cb6428fa68357cd63e824ab8ee
BASE_00005777	baseline	k141_12227	1285	f1ed8735b7d97d9328447c6ec62c0123b0a0d44000e1077be4255e16b4c63a86
BASE_00005778	baseline	k141_4475	1103	2c9e99c252f376faf7d51cb878bae56975cf62075bedf3acd425d68153802c87
BASE_00005779	baseline	k141_12231	1608	5a375c1d5f94c0044eb3959088723ac7c0abd335f80389a9a76dc1f9ea950d65
BASE_00005780	baseline	k141_12232	1569	43dff170745384cd7c096c935d394f639c3b18b047f0b43a755f951a10645c1f
BASE_00005781	baseline	k141_18949	1973	27187a0d3a37df50d0c675eb6e8da32b5b33639b93b570048bba339b2cfbc27c
BASE_00005782	baseline	k141_12233	2334	b0e5410fbc709596a9bb2b7cc2e9a88c2986b1f4f590a3c9aaca01ac048c7e53
BASE_00005783	baseline	k141_4486	1215	1bfd638c7e72f8598530e958d706bb3a0fd8e649ad2f8c269189e5596091e3c5
BASE_00005784	baseline	k141_4487	1032	b9b6bf9597c34fe5df3b0c466bb3e6232949c2f539950862862ac4e3418d4a40
BASE_00005785	baseline	k141_18952	3059	64c92e588cebf51968974a7faec83bf681ecd713c7a2e3a3164f9f147094ca74
BASE_00005786	baseline	k141_4489	1028	3a60bd4613e9715103e7c7b757c1db4c5ecc9cb769a8b04a62465b0538e23db8
BASE_00005787	baseline	k141_12240	1566	acbf5bbb3dfd96f6b08ad651d439db6d1998d06014955cd877c29579541d7ad1
BASE_00005788	baseline	k141_12241	1505	7d4868282716ccd3de73440851fe5b313db67d873c2b5ca24fb4930076e8ff18
BASE_00005789	baseline	k141_12243	1810	d47469e69ea32b0624c86868ed09ff6a48e944d934929a9a0dadfaccfe845ef1
BASE_00005790	baseline	k141_18953	7386	afe00044ddbc4f84306a13de38c4decaf6a2b308e7d57b6911fc24ee10c68960
BASE_00005791	baseline	k141_12246	1121	b69dc9971ecc35bdf6e4d9f45961abecd2d78dd95f16e81b30f96e34fea26fc3
BASE_00005792	baseline	k141_18956	1493	6797954fab104bacfa6a302009ab2caaeceaf83cf840e3acec7f84c4b3cb5434
BASE_00005793	baseline	k141_4493	7737	356e48c8068d958b521e974a4b4769140f054034165d209a186d600a4fadef83
BASE_00005794	baseline	k141_12247	3236	34c438b67c9bdc0f39382333976ffa7e40b3a069975bbf9aa934160438a9130c
BASE_00005795	baseline	k141_18958	1892	15d5943dc4ef250989234b27871e3d67483b4465b3f4b56f83e7c68f71286565
BASE_00005796	baseline	k141_18961	1976	ba112070f7f454bc91fd87afd4f031118c9a8074cd46ef266e0a0101c434b992
BASE_00005797	baseline	k141_4504	1156	44dc1d02c8753a1176857379fe29d1993824db9da88b7ba82827a0a54f415965
BASE_00005798	baseline	k141_4505	2186	09913b58672ddf851c2dc7ff6cf93a1f8b2dd94641fdbb4e3a2549d3f6adb4ba
BASE_00005799	baseline	k141_12258	3296	cebb79c0324ac5f17dd9d4789d655bda873a37fba32dace16df261332e81359b
BASE_00005800	baseline	k141_18966	3616	051215aa300cf8ec56d0a74d0620a00042df35765acf15871c5c3df2c979bf92
BASE_00005801	baseline	k141_18967	1150	7526ff1b7677759bd6a514b455f10695bfbaa5e4834b2dc2244fb094edbca6c9
BASE_00005802	baseline	k141_12262	1261	bd487a18192905bff082878a51d244297e5f043d71fe731be7d48c98051d8689
BASE_00005803	baseline	k141_18971	1159	f03c430ae869d0437749aca2c987fe8778ea1739f2ecb773b986439d9a99524a
BASE_00005804	baseline	k141_4508	5087	ff60e7ce3aad2bc6cfb1beff8d47bed9e61cc788653a9f03bb6c926a4f8acfbb
BASE_00005805	baseline	k141_18973	1857	9412d2b7b1d8dfa2fa19db27b8e767a7ff5093a9d573ee16eaa49826b263e241
BASE_00005806	baseline	k141_12270	1557	73450e13e7c9b779af14f9dc08ec30b17ce5a7632a1cf0c662d0c156bd1da6d3
BASE_00005807	baseline	k141_12271	1924	31ca21979db019f5b272dac5a383cbc198232976f04ab1f25bde7ccff83f267f
BASE_00005808	baseline	k141_12272	1437	e7a3f136853e8c6ac0712e4be3e6f1140cff6d6ec3055ccb7f668d5e2beb1e72
BASE_00005809	baseline	k141_18981	1276	1793fd074ae1b5805be76c4d197c1e5c7388c04addc4246d961b7d54b8130566
BASE_00005810	baseline	k141_18982	1209	bfcf44b92eafeb8d04f999974851cfa933ac299dff44d4ceeb6ad138811b1d6e
BASE_00005811	baseline	k141_12274	1702	bf35f187c7e5dcb20cb1a81b7c57c10db649323eed1ad0121b89ee1e87faf3b4
BASE_00005812	baseline	k141_12277	1213	066105e5242e253b9cf965737825f7b2f428d32c6569a30c3c1c1cedead5ace3
BASE_00005813	baseline	k141_18984	3504	e86e5e8882bcf23eedc55891e75d68f2cc1b343e66f4adebfd0dbc30815a8a76
BASE_00005814	baseline	k141_12278	2115	e03a92a89f09afdd237fe9abb2aa3897c8cfb3e56074d3ee942b15621187bc3f
BASE_00005815	baseline	k141_18985	2138	6f45b621bbf2143300258b7a878d51b3bdfa7b02f89bd8ba4cc228c5bb8fdbb9
BASE_00005816	baseline	k141_12282	1376	7d1404160a88822205f6a34d663f99d3355d513e03068bcd41383715614ec394
BASE_00005817	baseline	k141_4515	11872	e8e025a3a59c0dfecdf92f6dd01ea4e9e076692710ea5acf1747f79c543ce3d6
BASE_00005818	baseline	k141_12283	2002	5ed0b6a0443818cf334570e394aa4178f89c2428a4ae869d8919194d423f2c48
BASE_00005819	baseline	k141_12284	1309	e038d066aa9455d9af49d6d0005c4971317968c90c357c59d348016d1b170069
BASE_00005820	baseline	k141_4518	1511	e6a63662c0f61d3d6d95dd3b8bcede8d0f8924ad1a1015f0fca87d4f48aa9096
BASE_00005821	baseline	k141_12288	1148	c8220fc857a62db9a2c32a96b152c3a4768ec6206cd1c708cbace0d5c23404a1
BASE_00005822	baseline	k141_12290	3308	02b11198ce68a97ff44d0fc8dbe09e9a5e3e872a8f31716fb4530fb1b574d5dd
BASE_00005823	baseline	k141_12292	1528	431803db49b92d7d83c856daaad8066ff13914ee4bc1e23358aa6f58b22fb3a0
BASE_00005824	baseline	k141_12293	1382	19065b551c60f3b73107a71f84a1f676327a9b0b1ce03a34c7e03d6d01578bdc
BASE_00005825	baseline	k141_4522	10407	ec5dcb0b71fcde39b4a60524c3b31430561b958d4cca9b2714b5b9b15ba76c40
BASE_00005826	baseline	k141_12296	2538	519f8f787283374beb855a02794bf2ab619befb7d94b7f9460167aa1f589ce38
BASE_00005827	baseline	k141_12298	1034	ade4f20701dc5604501f594e6eb7959c6a0e953b6e9e110678ffe863245cfb3f
BASE_00005828	baseline	k141_4525	1711	d8c147e729e491281e50bd6c1bf75e84eee3dd4c4b570b350b19a2f293674ebc
BASE_00005829	baseline	k141_12300	1042	3cc9fb7dd0f9766dc8dfcd9e6542321a01ac82bef6b3aa202381b2fb4afa2dd8
BASE_00005830	baseline	k141_4526	1109	a6acaa545daf407e3d8340635538f62949e1fadf6565401f813c286d2931790c
BASE_00005831	baseline	k141_12301	1700	fc0a21990a64bf26a82c294564dc139faecaebcaeb0fc1fb6a03ab7cf5b14012
BASE_00005832	baseline	k141_4533	1479	6aafba0c2f480fe5c7fb712a4437769a3a7d2c08fc6617ba352efdcf8ff747bf
BASE_00005833	baseline	k141_12304	2518	a5f71082942b30c0a7906238280ea76fdddd0711d607ee239f8e0764b51d49b7
BASE_00005834	baseline	k141_4534	1116	505845c5da380a9141ba52988102c7f3e7809baa35649c657abb2cdd9520bdf6
BASE_00005835	baseline	k141_4535	1112	6389995d42c0a774600353e37b50f97b9ee742d5c31e75ef16a18579cd2b3739
BASE_00005836	baseline	k141_4537	1560	c904a333d3bea6722bb4c38e152773ed66c245adac4e2438f35ac77b660e9b81
BASE_00005837	baseline	k141_4539	1699	1da1222dcaaa222724e8f2faa398e1984d369013f81b3365b6291fa31f96cff7
BASE_00005838	baseline	k141_4541	1310	8b99419c09b3fc47f54a6e37a05537344825b7bf2d01abc17f74108da0a77cc9
BASE_00005839	baseline	k141_12307	7712	43ac32d813873ca09de4ae33203619006d563452df2a8967d65b79d2ecb291cd
BASE_00005840	baseline	k141_4542	6203	309706685246b6de2db5472bc60b217cf31a7251cbb5a49f6f66d55bf559fc12
BASE_00005841	baseline	k141_12310	3954	2159d7c393d308fdbc94aefc8b613dbdb8fbc9b50abe040dc679aeab30200607
BASE_00005842	baseline	k141_12311	1233	bbf83a6cc218d94b7570190c7c06c1ad38ffc2e9f90f5a1c55e623b73208c3e7
BASE_00005843	baseline	k141_4543	1577	37d96c8f9de0b02c38048ac05fd8e7d0217bfd3783897449ba3c2d7d71988f44
BASE_00005844	baseline	k141_4547	1750	d83e3ee7e681af4e08e3f484a3bea6d738f25ad636f936fd7a5a222a7139f392
BASE_00005845	baseline	k141_12317	1076	6efac8fbe9fcf5cb37d2e88d55a4b3aa97f81deae9ff555a65c0cc44dad97574
BASE_00005846	baseline	k141_12318	1937	543c5d8a59c98a2ee76f2ab68069c19533e67576491508fa37f325ace79c1a5d
BASE_00005847	baseline	k141_4551	1790	72bd4851e930409cd7c35258d2283700c462dc741a4fd87f289a7fda5b59035e
BASE_00005848	baseline	k141_4552	1682	ff5b7daacba2511cc879393fd9d437f840c962d1521e34572b1211a7781b1f50
BASE_00005849	baseline	k141_12324	1029	f84a09adfcbb1c956d104849fc1cae331db5b1137b985df38c8e354d61793fa0
BASE_00005850	baseline	k141_4555	1900	b47561838b96402badbb447f6196a16900219aeafd53a2035fa519e9559fd184
BASE_00005851	baseline	k141_4556	1010	aabde0c88da2c617444f4ffd5e1f53f8f7d5a6d5610eec9f326c15e72a574a01
BASE_00005852	baseline	k141_12325	6537	5c362785d06887a750232bf021291ed587ea4b783225527fb31d685618d65d3b
BASE_00005853	baseline	k141_4558	2857	55023cd675a9103c868f71b09ec700901ee1077ef4edaa0d3616067b8eaafb0d
BASE_00005854	baseline	k141_12328	4968	f9483a1a5993dd50dd7a46ab9e7d005dc6d408e40c69a43f5d073b8ecefb384a
BASE_00005855	baseline	k141_4563	4885	d8ad6251bc9c52cec39d383771da8bd4fc7d95b54c70d014fb13d116e4ae34c3
BASE_00005856	baseline	k141_12329	1927	d8fafc74bff8e726ef9db895f31f1159172ac01655466a4b7a1aa7767dfa7556
BASE_00005857	baseline	k141_12330	3653	101c463d5e440388fdec5415b013e8a6fbf9c8f622f252e1b97651611e23e630
BASE_00005858	baseline	k141_4568	2525	1acf6ba66577044ee96b57db8b8bf47eb4fec67e41f8a18220f6adbedfb583a6
BASE_00005859	baseline	k141_4569	1834	62a442b5f1d2065e06f9b814cd4aed6bfdd676de98c48e90bb6389268a06272d
BASE_00005860	baseline	k141_12334	1410	27149a0661f5e9b2b3f3c4370387f771bc2b9ff484bb8f2124a27a88c1f0dae8
BASE_00005861	baseline	k141_4572	1059	dad7509d907397c33ff056765af4c0a98f3fa8e6be7437f9a8524bf578ca5c55
BASE_00005862	baseline	k141_4573	1006	952c59166f212802d9ecb13ff4b39ae700f59d85ab15a934ca78d8da78caea7f
BASE_00005863	baseline	k141_12340	1067	8004e9087dcf2897caba466859471498c4c9617456a3df211181602365c0f8bb
BASE_00005864	baseline	k141_12341	1020	2a6d8b76660bc4f2df87a5068a1676eee6305409a94df3cc83f552757eab52aa
BASE_00005865	baseline	k141_12344	1078	8d4dc7f754fbaebdefd506c08f3d71a857f48214bf5479996af56cc9118e4402
BASE_00005866	baseline	k141_12358	1903	d2f33b23b656c6f5eff8475c48eeeada3d0ccddf6f5c11a139dbf3c52c4a11b6
BASE_00005867	baseline	k141_4574	14696	4f8558793f7d769cff25190311971eb9ea833b153dea2d51a699654a58e4750d
BASE_00005868	baseline	k141_12359	1932	8a1f17b36ba34ab9bf87a2030613e0e35ae2a95ab83605b793b3c3b081808845
BASE_00005869	baseline	k141_12360	1172	c98d7669d0531c0fa48179b02dcb83f4d6cd2924d4992e3352e0940401f82460
BASE_00005870	baseline	k141_26196	141877	2f7819f22c83ce94a8f4699a3af86b890c5d78eaf5fe18a6eed697ccbcce5e13
BASE_00005871	baseline	k141_12362	3385	eb72d1a5e7d4901842a97ec47089505e576d4a82381d855772ec723d1ded1157
BASE_00005872	baseline	k141_4583	2116	3cb7543f2df2184e902a375fe9d5c68148577db6225f8d433607cb116ff6e888
BASE_00005873	baseline	k141_26198	1259	9ed01b7468ac77bb1299c97088cfe2e5e00b525165c1b0553e2852dc8fd5c224
BASE_00005874	baseline	k141_4584	1621	e0d1aa70bfaac978c96ebd5f858b379e4389d700015cc140ca8b060bcce83e44
BASE_00005875	baseline	k141_26206	1317	7b351bbd63fbfa3a00db721b96014481a7e07dd9c8a2b9d1306096f16d5645e8
BASE_00005876	baseline	k141_4588	2118	b179aad34565d0548b5f6345253b409146f16bf2eb51b300d8945051657410ee
BASE_00005877	baseline	k141_26211	1071	364313b407b5a74642a88b68d3a53bfe12eaeb5d6b03d4b529c8fcdb87302916
BASE_00005878	baseline	k141_4595	1206	5292920a2f5a353ceaa4372ed60d2e0afa9e95cbf7f5a1f52ec1864dd27c3447
BASE_00005879	baseline	k141_4596	1671	c9e68aecba186708c56651044a486ac37d45c027910725f9261d1ce46cf2ea9e
BASE_00005880	baseline	k141_26216	1806	e873e7749dfdd0ded49d9a0cb3b3504298930f63d6a87966877817935c6a8c27
BASE_00005881	baseline	k141_4598	1133	9c09afe3f5bc3ab0dc49e286dedb3b3ef3ef91a8a06a9713a7b6a8b218447e36
BASE_00005882	baseline	k141_4600	1743	580c9ce1a10fcfe26d092b663d04b7bd3c568a043ce3904f5bbc099f4f7280eb
BASE_00005883	baseline	k141_18986	111439	17fc12ff8990934cdb3e12d328e758da49fe30f9e06ce0c4f8679f1c686d0363
BASE_00005884	baseline	k141_26221	1068	92468051543675ec29aaee23d2f39754330c35063a928fc0b66df9e207d490be
BASE_00005885	baseline	k141_4601	1426	e8f569b7ebcefd97d248faf7b2bcfdc6a5e5751cdacc411f3c85358742978ff4
BASE_00005886	baseline	k141_18987	1086	2ef19a561d33b2e9758d0fe2d3cade4bd0368575dde09d243dda773665d3d184
BASE_00005887	baseline	k141_18988	1188	d273b8167e5686ae0245717b952f559e39374949c897e331980089a0365c2ee9
BASE_00005888	baseline	k141_26224	1588	6376dc218db457a74e42526aea8fc45b9f7c3e89a37e7ae05942c38f62683e75
BASE_00005889	baseline	k141_12365	18517	969e44c0c8b6161715109174a29af996dc37a20464eaa9244920566799190459
BASE_00005890	baseline	k141_18989	1580	4ce0a2242c4f915ce5e5c63822302f4e1efd1ae93a78c110a1853d7e04ba79a1
BASE_00005891	baseline	k141_26225	1798	d9c374fa8e710364a724e608b05d901e6b459b5ad573cf59ac929e2e7b5113d8
BASE_00005892	baseline	k141_12366	1454	f0a0166e12afe534c7cc144073a9155764820ebb4058465534e07fc93013cb71
BASE_00005893	baseline	k141_26226	1146	75aa5fa3d8c2835fe82f414555afb402bd7b7ec44d48213052a916371406d0f4
BASE_00005894	baseline	k141_12367	1781	910b8c05aee2730d215a4686cc9b63fa46cdedb6d2191932d69ed86f0d904760
BASE_00005895	baseline	k141_26228	1053	5f5db842fef0d6b81a453d87bc193fcf127e987ea2896cc1477c762681aae965
BASE_00005896	baseline	k141_18990	5004	c9d4d3cb76244f2b059ecb4590109b11e7a8357f74b32eb3f4e457ce392c3ace
BASE_00005897	baseline	k141_4614	1865	1d3edb75533792f354861e389e040e6987ac877374d12fa27a4b9b6fd5ac16c0
BASE_00005898	baseline	k141_18991	1202	8236fbbea81239b24c6c81bf40cf4db57ef31f64850abb6f873135aa68d6be01
BASE_00005899	baseline	k141_4615	1384	364b83d382c3a5fa233a1a152e732a2fac044af10f1c052a59dac39dfb34ef51
BASE_00005900	baseline	k141_12369	3917	9c2879e25d7f17ebb52ee037dcecd5dd4a1b0dd98f2341bd3074c507f7fa257d
BASE_00005901	baseline	k141_26233	1873	8749e44d7518aa1a6e655f021bb19a63742acef475096cede661dbdd83666073
BASE_00005902	baseline	k141_18994	1054	cc17791802e0f078fd296643e5956794afa5db8ee842d57022992067927db838
BASE_00005903	baseline	k141_18995	1502	27921cadcedfe095cfc724f964616ed5cdf73d7623812c90d4a11f843d0b93de
BASE_00005904	baseline	k141_4618	1686	f17db1f50ba5990c35753b390e74982af6c32ede7e4fab3efad9846a5ff4125c
BASE_00005905	baseline	k141_26234	3416	1653cb6aa38cbd5276848ced2273751221b8abf32aa732fa1358aaa67faf5b7d
BASE_00005906	baseline	k141_18996	1714	6ff7cfa5ed2f11fd4c5d0b3fd43e0e0144179898bd7f7528a5e51ea604ac0159
BASE_00005907	baseline	k141_12372	4125	0dc978b85ed8c5da429011d18e821b34147a14c18c4eda6bc847f38255817a96
BASE_00005908	baseline	k141_26235	1479	2cf5a4e5a357274d8a2bf999b7b7284242a117c68803a6e04030ddd4357bb844
BASE_00005909	baseline	k141_18997	1607	e2b2ea1e8bcec8ff66e1f2eac02d76e2c732152fc0d22d2554a175a4b213e149
BASE_00005910	baseline	k141_18998	1164	2b59167f7dd8e969b152f2f88a7fca9f0f87960931936dcda8758d4f0c2e63c4
BASE_00005911	baseline	k141_4624	2073	9d0466672efdb59b76ea24d1d271c1362c068b36da734c2845d7f3625edaef53
BASE_00005912	baseline	k141_18999	1421	8cde5ff98b7ac189ddaf8ace2072b7ae1a223ec43677d76abbe6e01d73e15026
BASE_00005913	baseline	k141_12378	1180	15b23cd810dcba2a8c19c27cddaede1f1f7abb56a15b57f9d2263d4ede74ca4d
BASE_00005914	baseline	k141_26240	2179	bb6d1de58d5306bf336abc0884e3439994ebc80e941d5a20ae42362ea66e0d39
BASE_00005915	baseline	k141_4627	1155	afe18ab756b95ff73837fba95a61ba73b29a65922f25ae9f225f3c3a3ff00c2a
BASE_00005916	baseline	k141_12382	1855	cb23bcbca66320dfe4981ea7b3cca9e51b56a1f68c17df804ca2b955a1988fb8
BASE_00005917	baseline	k141_26245	1414	68494909c62cfd34eea9c87b3be375a8c7c97baea0051b71d3fb0a73cc07ba28
BASE_00005918	baseline	k141_26246	1251	04b9c50daa2f845cca13515c73d44527ddda3583576a9972df6327c151a63c05
BASE_00005919	baseline	k141_12386	1713	53250000de2c4d8a22deae89665331ed82505195ea6cb62ecda4bd01a4e95350
BASE_00005920	baseline	k141_4633	1551	8363159e8d9c24a2075301b781b5bcd7c9a9416e5da8b612cd4426466667fd5e
BASE_00005921	baseline	k141_12387	1412	177738a394fca3a4556443d24b11cfd680bb32c2764743c03aa5a81748a91e3a
BASE_00005922	baseline	k141_19011	2502	871b62a69883bd1f327ad68e2ef2c5ac83a3886c42b62b695f7ce2aaad615afd
BASE_00005923	baseline	k141_4636	1212	9dcaa3f9aa99449cdd697eaeeec1adaaaa15d757f6bef4e4545f33801cc6bae3
BASE_00005924	baseline	k141_19013	1164	ebb9d6c55e221984ade75b4dc36179862d9c8bb9b3f852927f47aed8f5aafc4d
BASE_00005925	baseline	k141_12389	1857	cc4adddfaf5918a3183a474b55481122ce20589a17c1e7d7d74177cf805ed8be
BASE_00005926	baseline	k141_19014	1596	568f1da4da310f23a3d78e6cb2e02f590c9e1e53272b33f03584fef07ac14c11
BASE_00005927	baseline	k141_12390	1663	a30054c5eb386d06715a932f214ce400b15b951264160721c0f76ca6b7ec6267
BASE_00005928	baseline	k141_4642	1983	6d1c1c1017d2c6651ddc349fad4fcdd7627dcffa072ef7c338a4bd803c7829fd
BASE_00005929	baseline	k141_12392	2004	a67a208253cb9c7ec1b0502852df3ee34ae8f5d0ac1bf487fd30c85f29bd1da1
BASE_00005930	baseline	k141_19019	2136	008fcfaeb7a81ace269fc9bccc403d05407e33519d1581493f3d455bcccb529f
BASE_00005931	baseline	k141_12396	1401	0e2b0f73231eaeffec6d4956f0f837afb4a879c54383802ebcefd4ef40f3b917
BASE_00005932	baseline	k141_4645	4791	abf8fe2139e9f5add83d4eb811d1431c882533958be88345974934ad0a9d9781
BASE_00005933	baseline	k141_4648	1388	8f74b64c524d8508543488965dc1f0723960d511bb0b326b5af0f9f155dcb56d
BASE_00005934	baseline	k141_12402	1693	680b5fe3b0235d7c2cc2d717524630de53d3817d020619b932af428dc13d93e5
BASE_00005935	baseline	k141_4649	1616	49b125bd84d0ac67e152bdfce9f8f4e2dbeb065af684871efa444001fd6d9b47
BASE_00005936	baseline	k141_19020	7464	ec2800a9f6e97e92a4f5ae7e0ac3a722ff610afb06008a4fcea30e00eb829857
BASE_00005937	baseline	k141_12404	1147	853abead83b5f07bbe4c3a64b86c9f0857c644d23ef8298db10020d7063b8f55
BASE_00005938	baseline	k141_26248	16941	72a32380129931b1d997ecdf2d2525b8aaee04c78d222f9a871083057228cbde
BASE_00005939	baseline	k141_4651	1365	ae8ce2358373e3c71c5df58ec87890d3da0b63f1eeb06b609b43b80042644e98
BASE_00005940	baseline	k141_19022	1456	ce8d42f4d8bc804bf2ee0ea10a333407d1250f910bdfeed90904c1f1174092ee
BASE_00005941	baseline	k141_12405	1735	f881b19860345a51ccf20d3f1026668422663c83e11292ec0362f5f9ea01c71c
BASE_00005942	baseline	k141_26250	1162	95b78749b95e0627fc0c5b43817780b102294b7913d52131942cec93ab3a5b7e
BASE_00005943	baseline	k141_19023	1472	7a0f3618f3e1e187421f558cd59148e8c64a8048e6ba79d7bd10f5f8a5cd033f
BASE_00005944	baseline	k141_26251	1271	3b1b365e91db4d781c22611dae5f64e8579ea1b784fa86ceafd01b569883ffa9
BASE_00005945	baseline	k141_12409	1226	fc8d422f04b9197633b8cd6dec0f80476e53b2e902cbb5196ccba5edc6aa24ee
BASE_00005946	baseline	k141_19025	2115	b5c8ca5eec04a007244f5c4f2bd7ed437adfce88a3e800ed82dddd8f22774462
BASE_00005947	baseline	k141_4653	4322	a22d095d32eb1dddbf5949d64ed0a4a35e1a86019a902fb9abd900f303018263
BASE_00005948	baseline	k141_12412	1077	cf4dcb3b4210e120dd66e2fff1efa8daa33dc7b2bd69a2c1fca12fa72231a55a
BASE_00005949	baseline	k141_4655	1280	8b5d79813b6942a7f3f79c59d908437f22c9faf9517f5227dc9b2430efc22f3e
BASE_00005950	baseline	k141_12413	1617	69ca6d6d96151da5e17fffb2b9d85eadd624ce1fd9ed16d464b60fdc86a05802
BASE_00005951	baseline	k141_26257	1733	4524299d4ad3f8cdde3901e1cf4f491806decd0f4c223ca63847667890047a8a
BASE_00005952	baseline	k141_4657	3310	061b7c3fe388c23af7c8997eeb8f2d515b1900a1b86d6119ffd1a92717fc5876
BASE_00005953	baseline	k141_26264	1432	b463e551b6ec9fb7c170526a27dabd6f4c4322ed96e13263971d3f229c725f68
BASE_00005954	baseline	k141_4659	2180	825615be37e67e319caf5fe2b1bae988ce1d443fb8ca76ba265235e51e3a5a59
BASE_00005955	baseline	k141_12424	1494	cb97870ebc8057b867aec38eef4034c917d0b50b5e0eff001d666d6c081402a8
BASE_00005956	baseline	k141_26268	1235	47c0d54cec14d2728738a15442412e3080e63c74387d24278910c2ae6094d848
BASE_00005957	baseline	k141_19030	6937	b6e67f5fa5b6e398f4f5f26f1aadb4c42479b5b87572cf79bd625b50e23c5d6f
BASE_00005958	baseline	k141_4660	1139	fbb9082df2e6049cbca8fe63e0e326d72a102cbced16b7c2814c37e5a30afad8
BASE_00005959	baseline	k141_12428	1459	9b54f5e063f2e6bf069d0d269fddc314cc7bb453555588b7ebaecf65be04a27e
BASE_00005960	baseline	k141_19032	3852	c067be14e7d149d64aa0f7c14677003fbb221e92852bff21f12730f0fd50d2b0
BASE_00005961	baseline	k141_12430	2051	7a5ad20e534707c8908783f5b4ead02672d96002aaec8e91905de37ee5a5f4bf
BASE_00005962	baseline	k141_12431	1339	b68d710a315576323bb7991240f55db7f604de23cdffd6a8373d5005f3a6dda9
BASE_00005963	baseline	k141_19034	1237	40fe91db52762e2b3ddc5d3074330b63bd24d3bb2a955a67cabbd81d4bc23b50
BASE_00005964	baseline	k141_26280	1684	51d267f79923354e2dff658723af3b8f546ed1670b4e3191189d8f85c9daea93
BASE_00005965	baseline	k141_19038	1002	76f794fc8488e24f2ecadacf84851c2a21612474c4e4e7f7740e8d2c3012a441
BASE_00005966	baseline	k141_4675	1169	863ec95d110578801a169effbe6e154164cf428b9f1f5078c43db88223de4feb
BASE_00005967	baseline	k141_12435	1671	d7854369dc4761488211bd677f338684b06f7f70296d49e14931776f74958955
BASE_00005968	baseline	k141_19040	1261	b7ea7890b0c376479af1acc1d4bdbb0e92b919def167bc332b72867bd5b8ad6a
BASE_00005969	baseline	k141_26287	2430	7bd780253dc2f63606cb5463bb26b96d3b46736a065513e4090d50e41dfcdfb4
BASE_00005970	baseline	k141_19041	2547	bc266ae72a735db57efaa10ec941da8c729da6d78fd538bfc5f4a1b708ebdb48
BASE_00005971	baseline	k141_4677	4273	4673b1a753874327e84aec6abf51ea34c3050908cb3df751c25bfdc9753b6611
BASE_00005972	baseline	k141_12436	6140	8de58b9f7175ccf781976c296c7029290b5a575057b3a52f7408edaf46d2ccc4
BASE_00005973	baseline	k141_4678	2141	04a1952b156b0cd5dbf9fa1bb10f3b79f86172fbbe97489df26a33a5c43cbf7e
BASE_00005974	baseline	k141_26294	1497	0c53b5f984333fa54d196960009d120c94799dbd971d3db9048f4338195b2a5e
BASE_00005975	baseline	k141_4679	1373	1be526dfc201c647225a26a10d890648f64a00fad23a2225fc3672ca94e3380e
BASE_00005976	baseline	k141_19049	1586	c055ad4a6484dca224a0427226e8ddfb6f035a79e26acc2f1fd49b549120d6af
BASE_00005977	baseline	k141_12437	3133	a6be8af07ba26f2851835f9edbb0a6861572f20f24ad10e2e217047e5d7a10de
BASE_00005978	baseline	k141_4681	2082	052d420fff15ff3456253fc224b79f3a49dfb0efa5f8fce2129bb0dd58e7ace1
BASE_00005979	baseline	k141_12441	1277	d0eec353e1df6bcf0e27fb17c464e86f84b2cf13ffd3066dd0dda9c26e9374ef
BASE_00005980	baseline	k141_12442	1458	be3e9733e4f52c9e2c668ecbf7aa0841d847f20e9c48db166d74bbb6380752e2
BASE_00005981	baseline	k141_19056	3221	01a60b6b67012a034606ca570564223a9ab8aed06339ef68f3ce851f1f381b3f
BASE_00005982	baseline	k141_4685	2859	18560b9a25442f2137b7d35975920ccaa18c48b0dc633c08255b4c4cb385f399
BASE_00005983	baseline	k141_26300	5207	0925c801efc131dc94a336e9b390d8eb85123525c91fbd6e288fcca922863c5f
BASE_00005984	baseline	k141_12444	1742	1bba32be5a8bfff5482248bef855d61422bb6d20f4f499d0cee8d768053f85d9
BASE_00005985	baseline	k141_26301	1219	a9d4414b90c6b8540a7fe99c13fbb3188a870529621ac362a709cb202d32c2c5
BASE_00005986	baseline	k141_4687	1443	f2bc42e46fb11772d896e1481161a78a55a9fefc675aa1bf8189a1d29e51fd93
BASE_00005987	baseline	k141_19058	1933	55ca8d2607f3c8002e9a00ab564d93db9044d3dcc926d253a7a1584accfbd735
BASE_00005988	baseline	k141_12445	1434	a627f759e730d729d9ef00a86dbd9ef2955cf8b9a2fa55fb334eb73e7329c034
BASE_00005989	baseline	k141_12446	1604	96043bc1004692f41cfb92bc19a5b1569dd5c41d32d0dbe3b5d289c0234defdb
BASE_00005990	baseline	k141_26305	1565	e9180537f436df5bdee8caad77863384ef50100e7ea737f956266427497b6c5d
BASE_00005991	baseline	k141_26306	1026	518c43423cea5d6b50674be657c1da2c1a3445558dec453b73a8470db24745eb
BASE_00005992	baseline	k141_19067	1518	6a5827f7056ee4417c04bd8842c84ef163eb806739dda65703c0a054a79345c8
BASE_00005993	baseline	k141_12448	3520	7b0707ac5294b81edebe76df2982b952b7490cff7530b2df4cb1ba9a4cc2f44e
BASE_00005994	baseline	k141_12450	1462	9d34efa2025cd880f3911c7946e841480b37d2f628258f5125f99b6912e8f782
BASE_00005995	baseline	k141_19070	1635	9af22ccc42f543a8ae183e303937f8d65ca930eb48b6e8d619e46d3090bd1ae7
BASE_00005996	baseline	k141_4693	6710	f366771fb155f60bf4f425f0526d34d6c44434433a79bc65d0ea8690a5ce21a5
BASE_00005997	baseline	k141_26317	1036	3c7ddf557783b133c02ba50031718bf1850b454a9f23b296bdc62fb4b516696d
BASE_00005998	baseline	k141_4697	1031	a97c4e82f9f65b236ee6dfd096bd89061c55babc5cd65cd742a1923a4e557bbb
BASE_00005999	baseline	k141_26319	1201	79d2f8f50c1e49ed011ffb06d808eb312531e21f6d660ee30a4757d67719f2ae
BASE_00006000	baseline	k141_26322	1095	6747d9b812802af80366f08d75e2a094e41b8a0afe8ff13c5db3711b65541841
BASE_00006001	baseline	k141_19071	5407	98974c47c6724c794c5b8d4ee929f5666ca507e871e9ff8a993edf60a67e5656
BASE_00006002	baseline	k141_12459	2015	ef25157523426c616239ccca603cc60e968b2e16df64a426a7b0f3d85da0c8cc
BASE_00006003	baseline	k141_4699	3926	f4ad4c58b7f13242d8d0828009f5a1877ab850cf015a55957586dd4b83efa77c
BASE_00006004	baseline	k141_12461	1164	5d511ea827f9b3b865fd272ceb64f011f2a2976ea83bf70465ccc79d9d94ec3f
BASE_00006005	baseline	k141_19075	1198	bed2d9206f11e25acdef446579da84812a227bbe40370d0a9ae7401992042c1c
BASE_00006006	baseline	k141_26323	3786	991c880d225589f7c703fdfb9c769899b2079fe6da7a1153fc658a1e27c6852a
BASE_00006007	baseline	k141_4703	1062	4640f9d07ce82cee3e9df59ac20b937dd80d2ba5c9e47e6fe963e8453b91052a
BASE_00006008	baseline	k141_4704	1192	3740d2fe2f4e0add2b5bd3b88a813d3a2e717b8b14c130477e6e687cb243e791
BASE_00006009	baseline	k141_4707	1189	f82ffd14380ea272c57e22b9ce2bbf74d07da56eb43d15aa4d50532ce4d61bea
BASE_00006010	baseline	k141_19076	4970	1967b2ebebb893c0f98b9a9c9e0de1780bdf377f603580f79d036ff1a554fdc3
BASE_00006011	baseline	k141_26327	3386	c13005669851fdf3338bab9cf464659fc5bb23ff49cfa1a2a1726554cf2dd2d5
BASE_00006012	baseline	k141_12462	7563	b5613bbaab3d6016c62c6c6528d9958e2d8808182bf44c23e2d3e479432d6dbc
BASE_00006013	baseline	k141_19078	1942	429ffdd44942117d348a54ffba4dcc1eebc61b8b96db0ad12c42bbe8baec1179
BASE_00006014	baseline	k141_4709	2816	4a9b838065185ba4171cffc2705d68a499b33b7c80927785f38b20a721486e7d
BASE_00006015	baseline	k141_19081	1868	89cea85fe16b4bb982387189f4a2db2d039fd10caeb52c461f3f90b9bc490801
BASE_00006016	baseline	k141_19082	1050	b2deb2527df24eab90a9a3c4c048032bd5e37eb0515176bac131db7169299a2c
BASE_00006017	baseline	k141_26328	5624	31c450ca636119dd4cb2984628433027344e2a2f209d4458c2a8d28ddb458ef1
BASE_00006018	baseline	k141_12468	2219	be19f86f6fe057120d9812218e956b6b114cc92358a4fd77809f10cc814aea4c
BASE_00006019	baseline	k141_4715	1564	e8d0d0b98ec843f91270df1c34106f940aeb77d01a86b7febd8b684085bd4998
BASE_00006020	baseline	k141_19085	1201	0e33dca61b46c79a083457fab265454c1418bedb16c71f34d994049985894e34
BASE_00006021	baseline	k141_4718	1526	b1b23e2b41479281783453f99a13319fdaacd6d5653c4515a9720d0b0b2eceef
BASE_00006022	baseline	k141_26333	1296	6174794df682a57364a96497b60ccc003d3d6769ea9d417faa5caf073b737eb0
BASE_00006023	baseline	k141_12470	3235	64d8251478c6b69e82d4f83ec161b16844d0570f31a4345b4e057e7a4402d02a
BASE_00006024	baseline	k141_4719	1233	bc6f19ec4cbce12fd96d70342449a87342800ac8a21368df343ddd94fdc60d7c
BASE_00006025	baseline	k141_26334	1217	60a00d80b9305fd469608aaaf670a1d2e43a7bdb1f18bc982826f434b4c4260f
BASE_00006026	baseline	k141_19087	2615	8f9b763c0d3ed9ff3d057c7a738ca40dff082f4c6c05620f72e0030e64e4fc0e
BASE_00006027	baseline	k141_26336	1115	9b083e1fcd7cbb16c3ff2976f7a9ce6f7d77edc997cf9a6f06ade2fa07c5310e
BASE_00006028	baseline	k141_4720	2606	d5e92246d8136f4d1e664034c06618baa395e0fa9a40ac1fba172130de167cbb
BASE_00006029	baseline	k141_12471	2739	ee36453860689db53ae766349d3e74375702994e04fe5f91e7727b234ee63055
BASE_00006030	baseline	k141_4722	1216	b1f28a3335da059d99898c8d6ef315e3a12092733c40df383d2aa1716afb0a8a
BASE_00006031	baseline	k141_26338	1932	2c6e75df74a906ad1eb0b572a16087acd5f63521ae2a6ed5ecd2bab7eee4a563
BASE_00006032	baseline	k141_19090	2893	8f99f5608d180f8e9e1b9a8aaa0c8b6c624ec61eb8e8ded4c07cdd0380d030b6
BASE_00006033	baseline	k141_4724	1083	297a870f37f31e321e2f3ea2c5174addd0f98dfbbb693912cda5a50d21ded265
BASE_00006034	baseline	k141_4729	1060	7739729dbd82cff3d27861abef967cdb9d35f7df5f488d435616fd7954a35c9a
BASE_00006035	baseline	k141_12486	2033	034ee40ae62b7e09f76c01c1e74f8e4a1c29a88e316c690c99f3c0ea53807a35
BASE_00006036	baseline	k141_19092	6502	4333a34f24919799675c674fe4636f57ef5b4996986a2b979cb7aef2fa9bf64d
BASE_00006037	baseline	k141_19095	1025	54897c22a3bd563276e5288bc01ab547094f124acad991c9e0f6851332ad036a
BASE_00006038	baseline	k141_12492	1012	b9bb9b69d24b95715f162a758af5f6f739170e5ae9302df486654c0e9ec205af
BASE_00006039	baseline	k141_26343	10476	14c8689435c8cc7c44be34260bc0da421a1b7063edd59424e09b285029ee6a2d
BASE_00006040	baseline	k141_26344	1077	59ffc38f5c6f89c16588e05a692c9f2717c7ac13ba6f6c14f0b399436ed13a54
BASE_00006041	baseline	k141_26346	1100	f9ee28bdef7afe20210917f7833d8f03fa1383f9ff0c5994e37f3e6cd8d2d919
BASE_00006042	baseline	k141_19103	1696	497952b6fcce02eda72cdcbd1bafb9362461b7fbdb11ce691e39f5d322f56ea0
BASE_00006043	baseline	k141_12499	2198	e34307502b6bd9c040670b627fbbabd2c6064f0c0b5cb755a790d31d66949406
BASE_00006044	baseline	k141_19104	1952	7e659c6415d18a13963ad38ae19337181113e9fb6b0b66b8eb7e04fef0173bc0
BASE_00006045	baseline	k141_4742	7898	afb82829485ed95da9202cb72b34c93f85f622626ab940843684629d72ab775c
BASE_00006046	baseline	k141_12500	1599	142ea1571a6f031b7c5bf215a7f89487c67c1d4050f62f1230683985555f81f3
BASE_00006047	baseline	k141_4743	1179	840ada4457542e6584e88eee125630c534ce439a7a6a7971448e2eba00106a63
BASE_00006048	baseline	k141_19106	1551	05faca450710619a25bdbf2d97da478df526bf9021831259c66551971f0ab8b1
BASE_00006049	baseline	k141_19107	1065	2c07125d627ff48b912c8f8567718ef5ee3cf3a22dbfbef3279ab9d1eae6d8ad
BASE_00006050	baseline	k141_12503	1016	a028b7e4242b41cdf233a909556ed00366fd55edfb2ca14880f7c1cfddf1e5e9
BASE_00006051	baseline	k141_26347	6231	57311eeecc3bcdad17415cbeb8e0153f712a5e1d1dce066f0bc0741d5918df13
BASE_00006052	baseline	k141_19108	1158	d6e8c63837dc08aeecfdd6e3314311dd38beae254ef9f941f313efff01f02dd4
BASE_00006053	baseline	k141_4744	2380	eed49896224963f1163becaf09a97f10baa231de120e7911d209ace65c66c237
BASE_00006054	baseline	k141_12504	1370	b02e990ac2e4e58047e2c25fc1683e5aaec7886b354c399e88ca336f3f0ee477
BASE_00006055	baseline	k141_26349	1377	6ed1347ab95617e1578dcb67681ed29a7a85d351c19d65b27e231cd5d85b355b
BASE_00006056	baseline	k141_19112	1092	1ec7919ed7099bb22bfc92c460913dba06de78cd0702486cd12732b24a57a898
BASE_00006057	baseline	k141_26351	1272	456d674c254385a61b748b8bf788d40ffb42a2a847816cf2f0e1d91ab3b157c3
BASE_00006058	baseline	k141_4748	3123	189ede215ec1ecd7b53cea5283acde68c9e1f00e8042841aa2b6c8d40c0776a2
BASE_00006059	baseline	k141_19116	1003	b9bb7717973cfe832d917c0d74395945fefc63a71a2ceb2bc6084726b259fd13
BASE_00006060	baseline	k141_12513	2190	c73b73d60af3f2b3679d1313f6a8d216559cb2d5975e5f81e97cd050128deb5d
BASE_00006061	baseline	k141_19117	1574	85f99565cf3aeeddbd9d69702cc06d72243c7161822ab774e6e7268a0fcc9130
BASE_00006062	baseline	k141_4751	1159	e39c680aa777c2f81af7eb6f0655e0efd3ef8b1397a3841b04e8501caaa9dd7b
BASE_00006063	baseline	k141_26354	2980	ac0ab36f5d58e740a7ae2ae736f461af334620896397f6439f527149af6d4478
BASE_00006064	baseline	k141_12517	1405	93ea06252d73946dc966fda1ae471d3d5f1c8f84ecf8e6998b36768be3b43ddd
BASE_00006065	baseline	k141_4756	1003	937939271dd92d63b81349e7573f1f075e1add4fc72d0e3ac07eb101632b59a8
BASE_00006066	baseline	k141_12519	1185	1786498387813d7e80e3a72de44c8cbf826ab5a054fba0b71815727e0de09478
BASE_00006067	baseline	k141_19124	1306	bdc69af4d0637080ff6a5ce52da34bae061b1caaeff06eab9a64ec38dca5e04a
BASE_00006068	baseline	k141_12521	1595	5df60930e39e2e6635644dcd97611ee2a6b679c7f2baf15325495379f6cbcd07
BASE_00006069	baseline	k141_19128	1017	b311dbb4304dda8003290136101cbed3317a9fe03d11dae9f19cda7ef1f53d84
BASE_00006070	baseline	k141_12523	1589	268f1fd5e8f1ae6d38bfc2aaddf4d37ddd87e86a1e587fe7820a2daec9cc071b
BASE_00006071	baseline	k141_19129	1543	f8e482e041799a16f61b2a97b822de2f3ec4e7ca8bf9377eff9e131655894902
BASE_00006072	baseline	k141_4760	3291	344313214ef06b5ce52953873a362bbe5c212b654f7484a9fddae84f134cb8d5
BASE_00006073	baseline	k141_26355	7533	055caa17163bf83ce594bd7b1d865808ed21ee0d5f7c0a9fbdfbb13dfc922a0f
BASE_00006074	baseline	k141_12524	1467	582d724d0d46c5a94eec471c862e5b676e72160454a2da60423c6a05bc2f797e
BASE_00006075	baseline	k141_4761	1416	8d298fc23d3df3bd737c6246abb3cd4046e95c8c5c5beeb34ac1f585b43f537b
BASE_00006076	baseline	k141_19130	1557	9220fecdbf8daf248cb27d936c9451a6e58882f69b7e3723a13df19c4584a958
BASE_00006077	baseline	k141_19131	1971	3d7b1d6d3c78677315258a05728e28cc68e5c9b0a97419e4388c706f486760fc
BASE_00006078	baseline	k141_12527	1593	8c8c16846ebc441bb6b8cdb6a4ac5acdfdb62175bd839fa3a90ab7dd8484c245
BASE_00006079	baseline	k141_12528	1416	c370b058a2291b066841cf9ffcdbba7aad94340a02fa7a747f5ed7672cd351f3
BASE_00006080	baseline	k141_19132	1642	1b7055bfd213aa2a4efaa08b499981d7de749fd97b23da01bb3d90b8f100c49e
BASE_00006081	baseline	k141_12529	1201	6215c4c1e3de11070e44b2727507a842b34c6158d1ad2d487f5c2f0b3d048c88
BASE_00006082	baseline	k141_19136	1272	d294b634cfd6470674b0091e1caf86f0945d19332c5f29d07710a588f14168b4
BASE_00006083	baseline	k141_12531	1417	e42fc7301352206aed579471d9bcde98649c2d4d0bed2e12ccd26d01ba4a2318
BASE_00006084	baseline	k141_4768	4589	76fcefcf009a7d4329e83009cf54b95ec149dee154707de319d15ff32926ad67
BASE_00006085	baseline	k141_12532	1557	f0620dfe61a20c82ba70509c37126de0675de09a92870877f462b33bd3d9b0f3
BASE_00006086	baseline	k141_19141	1454	89aa6ebb8daae021cbd81e064fda54ceafc055ebae074c373525dc7f41e37bda
BASE_00006087	baseline	k141_19144	1486	3a760a5f0b6786b72be7bd2963a03efa65ddb2a31174c82d563449293f86f1fe
BASE_00006088	baseline	k141_19145	1004	f87f399364018c327430c87594e7f290cb1ce9089cb85c3313287dd257fac5fb
BASE_00006089	baseline	k141_26372	6463	c129f25283fabd6e6a288ed8eb375cb5a0a2bfa24024c620f09babe5c19e4cff
BASE_00006090	baseline	k141_4776	2738	5552e8f228d28db6f131e434a98ae08e4e481d01919d74a9f5060534ac9a25e9
BASE_00006091	baseline	k141_19146	1224	b10e19ec5c506657aa081df0db1df5fd650e70ad522f747c1fd376da81650cc1
BASE_00006092	baseline	k141_12543	1014	90e370ea4f0686560f79f9cd691f6103ab3b4cb9203c08b0205437ff509176d0
BASE_00006093	baseline	k141_26378	1099	1a19bffcd083e64eda472140f54e4d58802b37496efbf2bb14516720577f2a8e
BASE_00006094	baseline	k141_4782	1441	1c16471d5f927e3e256850972d2b4ef67480409abdd3fa43256225a7a1144d19
BASE_00006095	baseline	k141_26379	1434	552bdffc50951d6a5cd9ed385ad9c45a13f1481ca6ba8261e616ec4fe6814a40
BASE_00006096	baseline	k141_4784	1138	cffd508d8f4f8e214c383060586d1b2c88be6ab262f72067c91643f7b8d63acf
BASE_00006097	baseline	k141_12548	3757	6ca3be7db9467818e718ee426479afa0a466329b9bf1450774eff4b6e54f4c9e
BASE_00006098	baseline	k141_4785	1689	6cfb0f8c38ce33aa653eb37a50bb9e19a5a7c05abde6ada7b45ed0ac7e2a8c6f
BASE_00006099	baseline	k141_19148	6667	2de2e0695e52f148e9f0543855df02087f561f5a34c6ff8fdda89254d6afa604
BASE_00006100	baseline	k141_26382	3622	5c28b793a97e09a9000fdac53ff5f9b67af2e8c5b29e57ae2c9cd72bf4e541c2
BASE_00006101	baseline	k141_4789	1208	10e2fef01ec77ba0d44123c4b7e98697ca254bd042bf458e56a4f7157185ddbf
BASE_00006102	baseline	k141_19152	1779	60e3830cfe027e39dceb68347491f45b27715899dfae740c2ae6f334b9e655e3
BASE_00006103	baseline	k141_4790	1886	e04773f5b1ec45b73ca766accac494379589a43c67245bcef3bdc1bfd70984e8
BASE_00006104	baseline	k141_26384	3752	a1e16236053788df530f44a3acb1147050f381e08b85eaee6dec3519ef319220
BASE_00006105	baseline	k141_12552	5571	22c573eb7ef1db581fd234cc5b2f53a11e38b1bc057c30f7c4a0464b4168c509
BASE_00006106	baseline	k141_4792	1580	81327be275efcb51055dd3c7392c77b345a21394e90052d8847ab162bff272a2
BASE_00006107	baseline	k141_12553	1335	11e793f0f59bc532399fda953c93cfa1d7b3a2d39519ba3407a39c501a804544
BASE_00006108	baseline	k141_19154	3668	1b8bda2a237a2d441b0d2c08ed9d08db29e18db837848a6fc5881c13b8be5932
BASE_00006109	baseline	k141_12555	1031	6615b50e5f09ef68c8908370623a893930552425746741bce840cbc262aa0e0d
BASE_00006110	baseline	k141_19156	1087	52e4e587907e1f41948922937f965e8e4431c047cd7f9cbda83970eaa7198529
BASE_00006111	baseline	k141_4795	1477	2e77917fe514a0715e3823ea70db01e7296a544bc2c2d7444c346199209bcb23
BASE_00006112	baseline	k141_12558	1028	82942d90f34a06dc08e09d80a3e4c52a9af9148c09e34f07da4044a0242859d7
BASE_00006113	baseline	k141_4796	1603	7e88027f39b4fdfadcf23994b3a6300b5da60709d22b9d7ac8b7299702ddc679
BASE_00006114	baseline	k141_4798	1721	927ab84268115aac95b1cb035062ef5eabb469bb4f0d1bc287923a5411245262
BASE_00006115	baseline	k141_12563	1043	056bb97d60d0beac108c2bf9d6226936f98df16e4b7a9f711983bedac53aee69
BASE_00006116	baseline	k141_4799	1040	3f8dac06bb9629dbf942ec506148f83f022cd427afac0a2a8ae8ae11602eaac3
BASE_00006117	baseline	k141_19159	5056	8416cfce6a0ef4c99aeaef8184bbf1b2c2087c47cc0c601dc8d7b222a9bb0ec4
BASE_00006118	baseline	k141_4801	1781	5fd835bf59737dfbc9ea78f2502a26121e01b6c83270172102cb9171cf46bf5b
BASE_00006119	baseline	k141_12569	2567	e7765d17eebf6ee47e9061440aeb4ab72a97370b2db82f4d424c4a94718dc566
BASE_00006120	baseline	k141_12570	1515	876ca3f54f2e32ab8c97727c00ef0bd986d5d952832c5ef246f04ea105397131
BASE_00006121	baseline	k141_4805	1585	239ebff419feaf531b3e09160af9c742f9d595bfdc118d7d22997c5c7d9f7acd
BASE_00006122	baseline	k141_19165	1961	1d52b318a11939938d043479cdaa7755ec5469cdbd6060830468f1ddf373930c
BASE_00006123	baseline	k141_4806	1133	565bf1ba41b7b486a962d6e053f1b3270dff54e376ee5d1a70a7fb10d1ee81a6
BASE_00006124	baseline	k141_19168	1114	c5df812332975770f478945d5c5385ac1d7002f30f4b029ddcfb9b8478a4e902
BASE_00006125	baseline	k141_19171	1302	5b6067e5dee2d16c654574af1132c91f7e825aaf541740a79da8d714ce188f1a
BASE_00006126	baseline	k141_4807	4870	95786a0474c09807a26edf549a8d9794cca39ea934413180b123639a20d998fd
BASE_00006127	baseline	k141_4808	1635	d7f2b4336d9684aff226e3acf2a35b0a75555a4f00ef4aa1e92cd27bad9f105e
BASE_00006128	baseline	k141_19176	1672	4c95e74e30b38c957a2d504763d42cdb941ace2768e8794f5798710b0f53a3e2
BASE_00006129	baseline	k141_12576	6299	6b7d0d29e06e750687dd0dbca814d5ee8a437156fce4fb60ef942814db691a03
BASE_00006130	baseline	k141_4810	1295	f1196bd6bd6e2c3771a4ff45d93acfed58b276c597320d1fb8538e1c861c1da1
BASE_00006131	baseline	k141_19177	1303	029dc3e0cbfc9e489f133f2791413d34b9f2a3dc28bf7f2e8267c911dc998b88
BASE_00006132	baseline	k141_19179	1115	c294da53576f7df347c0398942b99f0f39fd3ed84c4e88e01b7268fadfb8dd9c
BASE_00006133	baseline	k141_12577	1991	882d8f1f9995457e9e9df430648364cc46f9129e76388812d1b9d81b1bbf0823
BASE_00006134	baseline	k141_26390	21099	db44f117f2414ac302983459cec21b453f850888af9a0c2fd62061573eb8f1d6
BASE_00006135	baseline	k141_4812	2339	60c08475ea79ef23375d32db11e00620a90aafb3502c9e6a3f10df40fb5c0672
BASE_00006136	baseline	k141_12578	1258	f005a82ad25bc1405c5a4aae90d1f3403dc00045e30e20a1e949e248334fd5f4
BASE_00006137	baseline	k141_4813	1310	4fafbe27fac2fe7933ffc1c2f97b46a2717aa123c50c824b72e6eae76f9c5b1c
BASE_00006138	baseline	k141_12580	1074	7018eefb596c0a7a68d6622ad2fbb4fd6852281dbe3c7329edd2afc0521d5a0d
BASE_00006139	baseline	k141_19183	2068	c0b87bea6aa160c8167fa8578797c7d65f868f4a6e8a83209d1f0f47c2426065
BASE_00006140	baseline	k141_26398	1094	5159e4840f2bb804c92503b91dd7a4bcda55dcd62d8ecce078e7726623c66fad
BASE_00006141	baseline	k141_12583	1687	121845a14d50e0c5d62289bd3e20d9bdb78efd2c25ffc90cb6eb5808a4e61438
BASE_00006142	baseline	k141_26400	1305	36b041f208cd57d674dd59e0b0135891d56a940f7bdeecc19459bba0e637d587
BASE_00006143	baseline	k141_19187	1291	16d63db3e4d02d69697d73958ad7adb9cfb7cf264df2b7b85138face0cb0d5ac
BASE_00006144	baseline	k141_12585	1500	be0da40a422daffa656e59480557132249eb5963f3c779367487a25f63a00b8f
BASE_00006145	baseline	k141_4814	5411	c9c65868a9cd34907248c062c1ed102eee4f6b1e6cfcee509ec8d750f06bc7b5
BASE_00006146	baseline	k141_19188	2203	2c51fe01f571c3f9d3e53500bfdb10394394f6966cded3e85c8e27f2ed16506f
BASE_00006147	baseline	k141_12586	1238	a80fa27211d14137223155148139ee3f2db42d2c80aa0efd581b8235490ad114
BASE_00006148	baseline	k141_4816	2122	27b572c1ab51f97e49ebe24c15314010513a65184ee5b33b4ff641d32ca31bb0
BASE_00006149	baseline	k141_19189	3298	c336d83be6fb56db1f09e22da8c7765cc582ddb900a0ffc7dcf2deb3c7d6254e
BASE_00006150	baseline	k141_26410	1869	525e0aa12f00b57e56e3396203bd2d01e01551ab8c224f52bd813887e6a08f3a
BASE_00006151	baseline	k141_4819	1057	f77a03e7d991926d388b67333b12dbacfca4350e9b89754b4d4052bfb942fdc7
BASE_00006152	baseline	k141_19191	1551	988d3689cbb27e080c8b4f2d1a4d87ceb868d274f93e048691dbf4075c2551c0
BASE_00006153	baseline	k141_12590	2890	0d53ca23fbed47bc5ebf8a103df5f248fa1f49b4b99fcbcd86e4a2360370c4fa
BASE_00006154	baseline	k141_19192	1137	3e651f3e03e22592ba833fd26b0b56e30e327b12c6dca498c83374c6abbfc8bd
BASE_00006155	baseline	k141_26414	1483	b41dd832666ae6f558502e81a660d3a220acc0b641753983b7efae127c359a82
BASE_00006156	baseline	k141_12592	1651	e6ea825fe3507e438a9e9e45a35a0f1af032e2cb1d4a22af2a81aba5943b746d
BASE_00006157	baseline	k141_19196	1011	1192ef8ed999f2b5b5eda6efbabf75ef8bf770b64f6637555105622d4d94a6c6
BASE_00006158	baseline	k141_4825	1934	05d9b137fd1215d0b9db89bbc49e12b5c59c5a3ee4e90c3c32dd923f5948d7c7
BASE_00006159	baseline	k141_12593	2064	ec1f44d5ddb6b91cd78d18d212d8a992651bd330ccec3347f4b469e00c078ebc
BASE_00006160	baseline	k141_19197	1643	a6793798c5520de8eeb2dcae4cfb0378d90477ff106c7e5ab90674755a5736e1
BASE_00006161	baseline	k141_19199	1444	c3d8b3cb1b79105542642f3b9565172032bc1ba988052bd4814c725bdafb3e62
BASE_00006162	baseline	k141_12595	2395	e1821ff8a086f3222123a1d9adba54df478a31cb7060d95e39c4083d52564d7a
BASE_00006163	baseline	k141_4828	2049	a76bb6bec3c997d2be17b16cbac7f1f1fdc27b67b52028817152b25c4e3d871a
BASE_00006164	baseline	k141_26422	1738	658841a4d7a3ae7557d8a55ac660b047f8f5e55b1d582b12b399e13122b70ff7
BASE_00006165	baseline	k141_12596	1112	f36d7734e9bba60ef7ee30d655cdfa1a02e953520bb53217f62be2be0babe2b4
BASE_00006166	baseline	k141_4829	1678	4446c5e76e07563dd21d0baf9576bf52095998991479e528c934cfeb573152de
BASE_00006167	baseline	k141_26424	1100	6c8a91ed2c2a863268ac829b58cd7452af93b8a6753d5d20c9faec93b1dad4b9
BASE_00006168	baseline	k141_4832	1133	a5c7f5103909f4bce61b46b80eefb227e91529ce1e25348917a70f7388a9dd8b
BASE_00006169	baseline	k141_19206	1140	08570d334257c44171b0ca7dd865615189b78cce161da185c4255a9276fb80b7
BASE_00006170	baseline	k141_26427	1458	07feff05141bc9562c98250e436953f307fcbf16ff5fb1d94b0e4969b9300f1f
BASE_00006171	baseline	k141_12600	3256	e19cc06f4f187c0e9fc531b149b2d385a55ac3a6a4e1213662e9d8f57d900b5e
BASE_00006172	baseline	k141_26429	1184	afe161f18002a4b990b0fcdf78bdf56f43ff12cbd44fbea0edff668ca096ae0d
BASE_00006173	baseline	k141_4840	1319	381d6de043a8b4fc04459c726e7ca5a9799444d434bf43d81b9fd97f2fb4bc5f
BASE_00006174	baseline	k141_4841	1209	cc55d982d52923dcb9ab76f9cb5ce7323504269ec0343cc117f23bcd8d8525e9
BASE_00006175	baseline	k141_26436	1156	011d1411d87ac1ce136862daf759579ef2d1f4ec5eecac431f17ee5e19d06dd3
BASE_00006176	baseline	k141_19217	1959	3ae92deda86b9db99490f803129392f0294472fa8da3b2148e08fcfc2d5a5a68
BASE_00006177	baseline	k141_4843	1539	6c5ec65de6be581d9b9384e8a20443d16691d343da8faeeacc9961819c0762c6
BASE_00006178	baseline	k141_12611	1169	f0aadc24303fc18663eff608f5b0320c73ea2e402e370c9b62c8b8020b6b415a
BASE_00006179	baseline	k141_26439	2348	e12cc12df93be466985b5a003835a4aac7cf0b4ac03d09175a3a132f02f5eb89
BASE_00006180	baseline	k141_4847	1198	dfcbb53b73fadd7a197ac75c635a10075f3c29c1520a771aab34b77ed9e75011
BASE_00006181	baseline	k141_26440	2036	9a0a60394e51a7a7cb73e51a439073bdae0e224a28dd5cc9c76fece1bd8afafd
BASE_00006182	baseline	k141_19221	3356	b3cd5db5fcc5cbe3c16b5484280dd519d1e2cf2c7bace1d4eb5cfd8b5114c74c
BASE_00006183	baseline	k141_4848	2453	c003fb6db36e8df05671033327c2e8d474e9311c4360e8b9cc38dfd8e7ff38e5
BASE_00006184	baseline	k141_26441	1233	1c5d3c0f2e700edfee9bac3612b03fe49b9d3ba56df39663137bea062f2de2dc
BASE_00006185	baseline	k141_19222	1820	bb9d32ff2eccfb34127ba46ede235a035e8f2faba1a6ab1104d19ba8a67684ea
BASE_00006186	baseline	k141_19223	1320	20ed9c5c4ae54f1f327e0e7c4504bb1e0251fc56ee537c584c51366d8f990dbb
BASE_00006187	baseline	k141_4851	1124	3e77cd071f73c77ba251574da39748c2cf17b2088683f7d823b659c34d7dd25d
BASE_00006188	baseline	k141_4852	1053	efb5560f5578ac83456c30194e869002ccd36991d56262c88680e4ce685fcc77
BASE_00006189	baseline	k141_19225	1346	b3a6deb88fd20d57b08a420620607b158e65c6caaff1356d8dc7b2a23b53e895
BASE_00006190	baseline	k141_12614	6808	8f0cd9d190515024dcd804883f49f242e2c362b0ba47c2be7f95faa14f096fa1
BASE_00006191	baseline	k141_26449	1379	e6c807b2c34a4fd1ad331f834cdd626da82a9845f85ae4230467a4875daed28e
BASE_00006192	baseline	k141_19230	1314	67839272867ad79b3940ad02d54c5dce6e07ebda8dc59bcd480ee1fa9720f557
BASE_00006193	baseline	k141_4853	3685	fd12996bc2509bea9958b565643d82ad5948776916de43ea01614b45422e2c0c
BASE_00006194	baseline	k141_26453	1231	c06ad52d986b276547e28f6d7939c3bb0f53a4b67b86aaa9157708d88076f12e
BASE_00006195	baseline	k141_26454	1659	130e01e6320dc535314602a57020344b55c11206d5e45bf7104730174048aa00
BASE_00006196	baseline	k141_4855	1502	c413165ae971cc0ae7946bfd3e7b586f40f0fa39e5802b6c5c44b1081aeaf32c
BASE_00006197	baseline	k141_12620	1711	63a9dd22afd3cd67a6b35fb7082f7745082d3b683acaa470c5c43c594810d442
BASE_00006198	baseline	k141_19233	2110	6d16feaaf87aec7444d86d6f424ca05920c52936290a402480a8485cf8d1bc7b
BASE_00006199	baseline	k141_26455	2057	bf20237d0728235cc647bbf57f0da6625d063b53621d50947c9c5dfb0e20c208
BASE_00006200	baseline	k141_12622	2143	02b74c1dd24640f0eb96122e9d80582f6ac5df1d05d4b9de0c93106ab0c2a67f
BASE_00006201	baseline	k141_26458	1434	1d7d526e265cf49b8052c6fb554a67e78867992c96eb236b4824622c9d2ea47d
BASE_00006202	baseline	k141_4864	1064	8e458c671e25b8314da3f84d42b44f1fb0c4aa6718ccbaf371fa003395fee54e
BASE_00006203	baseline	k141_26459	1507	52a71de205787ad3381f40541329aa823ff9cabc478d1846e1b159eb0e88e157
BASE_00006204	baseline	k141_12627	2518	045539fa066cf81af47f9ab77762c1a44b10b8be177f8afb226f2f7dd860bbf9
BASE_00006205	baseline	k141_12629	1020	7d9dfa0de883f95fdd5a4f3ddfc63c9a01f12f7f56566fa27e4c223e9a446d48
BASE_00006206	baseline	k141_4865	4324	3193447882b08164702915914eff5929bfec0376b399b51409b845ccc7e4c07b
BASE_00006207	baseline	k141_19237	6755	cc928a0389de74a03ffba5b9b288017f9eef1fe5d898d04fa11298d7c0ac11e0
BASE_00006208	baseline	k141_12631	1339	ff4c389145522653d68c2f5be43b0129b0cc5c444946e1b4aee9b0d7f8f99ee7
BASE_00006209	baseline	k141_26460	5118	c5848a5c681a9c7d1dd200ca142c4b0517526e4688a11415a60331ca62ed2976
BASE_00006210	baseline	k141_12632	1240	f4b8eda637932137214817ab87a7c7221799071a4824cf8235644fbc83eec46f
BASE_00006211	baseline	k141_4867	1799	5b59220c53278b1022d8e11a546f5d9d2c90c2aa5604a4b51753ca7de8ebce3b
BASE_00006212	baseline	k141_26468	1044	905649808e12ed9fd67acecc48f6d52e72425116b066b480b1fbcb9f1a3c7084
BASE_00006213	baseline	k141_19241	4284	204bbd8658f0ed7808040cd4f52c856cfec2ea6a3aedca943339238cab898072
BASE_00006214	baseline	k141_12636	3724	4470d353cc9e0526c1cd6d458c3142d01caca2e9ed5102a2184ba884e01e9dd0
BASE_00006215	baseline	k141_12637	1880	9c75fd499dba78b96ea45f55230fa391060be28faacf41ee97990e0294a402b3
BASE_00006216	baseline	k141_19244	2082	6f0237336d6000529cc54f5c808874550d270e022c0bb5848675ff27f7eafb33
BASE_00006217	baseline	k141_19245	1087	11c837d2e48999d61d326c85a769d5fe70b747d976f8e6bc442a2bc852e52b6b
BASE_00006218	baseline	k141_12638	2337	dc912831212d76263227a7c871df1ea139f37236836f8f108b6dcc4a51533bce
BASE_00006219	baseline	k141_19246	1267	57fd8fa1acbb1b194b0b4768bcce2461f4e9d3678dfa533c19f2fcda5b9b4677
BASE_00006220	baseline	k141_4881	3572	6a8fd8ebd5a34a2115de1ffed5e1a4fb5e36db3401d8cd5976ce383e83a17121
BASE_00006221	baseline	k141_26472	5892	61338b089a4f95893e46f0b4f691a17fe45af94ae3d4bb06faddc2b06e518145
BASE_00006222	baseline	k141_4884	1030	91c9f4a22e12687105a7870aa0dba75ae25f02699a1af2379e06948c04151b77
BASE_00006223	baseline	k141_12643	1258	3dcc3acf6a1ab38d38eaa5518c967ee553749a7c17084ed7adc84e228974e4e1
BASE_00006224	baseline	k141_19254	1043	a9c6d99bf6f222079e590576421b53a6acc6640d8127b81fcfdf8c9d007e779e
BASE_00006225	baseline	k141_4885	2569	4493e6c69f64f10547e512fba101cfdb73fb574420505efaede69e4b49666460
BASE_00006226	baseline	k141_12647	2134	59b0dbedcb67db5cfc442fa546540d27e216d31187dd6bb7858b621a18b2ad8c
BASE_00006227	baseline	k141_19256	2337	70c9d874357756cca0370112cfe68783d748051d8c7d5e5ce40546225c517edc
BASE_00006228	baseline	k141_4887	1124	cf73ec52ed7c7ab7b5c9d9fdf3d59e03fecb185f926af1e35f065c04b839b0ee
BASE_00006229	baseline	k141_26475	4245	15434540beea1875b4362a39bccaf9ce48a701e888a5fc7200125f7bea156821
BASE_00006230	baseline	k141_4891	1082	683c08faf39e509ae1af6f60a50f211f6f6deff8a49500b5636cd5dd7d93c9de
BASE_00006231	baseline	k141_19258	1848	1c04e5fb1121ac790097abf9c6bd7b8ccf41eeb58b2562a6f5f2e7286ee3129d
BASE_00006232	baseline	k141_19259	1059	3b37adafcc81088a0550bb2da32364e176a6890b536f052b9e841b80efdc9a85
BASE_00006233	baseline	k141_12653	1252	be8ce9314a7a70fb719e33bea98d3e483ec68727e6da2ee14673359fcdb61051
BASE_00006234	baseline	k141_26480	1026	bd075d26f35f17f6ad17203766979c7449cb9a276e2e7c6fa01fc491845370e7
BASE_00006235	baseline	k141_26481	2542	bc3f0009656b8bb44689486bb17317bd53087526d1b915dcd9bcff6f4cb9e1c1
BASE_00006236	baseline	k141_4892	3796	5890ac45522a45be4cb4dd560993deb2f8941cf7d4045e874a6b9d9570e203c1
BASE_00006237	baseline	k141_12660	1561	ccdd1108a3e5da26d38a81034c72cbb776e993a6e143e5c4d9c077a86e4ec4b4
BASE_00006238	baseline	k141_4896	1516	783e26c5db45a8b5a301c81cbee1fd6fc170bb7d3d1e741b73bef2464fc1d426
BASE_00006239	baseline	k141_4897	3043	78682d1e54edca3e532b657a95eadaf5187af859da1d00601090f5774cc3f55c
BASE_00006240	baseline	k141_12668	1953	b0335ba552111874a2f4db2756362c98063243014048286a016e5203485fd851
BASE_00006241	baseline	k141_4898	1255	c9b4c31ba786067c631bee92731e0bb7dda65040ff2d9c065cac378a14fc7eb4
BASE_00006242	baseline	k141_19268	7292	75b7430e2ff1af7ee480f86cfb36d64956001d8acacca66ca424209ca7c59071
BASE_00006243	baseline	k141_26486	5540	39a5b3c06162c39bedb5878af6a01d934bad183759c745474610e2f2bfdc3600
BASE_00006244	baseline	k141_12670	1016	455700d4255b1e387abe7b2ea688955d06fd2325ff69e938272247ca2acd2b57
BASE_00006245	baseline	k141_4900	1187	4d9029b475d3e0e52c18fbdcab31907149a4d4b69ba6f902358f25ecf172b4ef
BASE_00006246	baseline	k141_12671	1202	321c18ef70b6f25e18dfbb5dc064a0c49bba3cc3d672d7c2adea9dbcabd42100
BASE_00006247	baseline	k141_4904	2003	187874509e282dc16b41dd3f2591120f376e25ed809dc0545c5a1e0cd8dced40
BASE_00006248	baseline	k141_19274	2344	d491d4d4b88c67e0a2ce45a1e3090bb5b80aec9546e40d77ba6c3d9fefd07ae2
BASE_00006249	baseline	k141_12672	3032	490e4fdc19bcc7ba2e347b5f2b9b5d366d0b7c9793524d19a2e359607cd02c27
BASE_00006250	baseline	k141_26495	1058	4a46fe89d8e842db2babd98695de1eff41995f84e1bd5ef83c7abc123e18e4ec
BASE_00006251	baseline	k141_12674	1330	c37b0a239748f6b6312c9f951ed05bc0ac1fa8188f9cb26eebca6a982600137d
BASE_00006252	baseline	k141_19275	1772	27e16c75daf798678a7424d0ff6e008425130987cfb2c48da29c0442fa1f4855
BASE_00006253	baseline	k141_26497	1049	1b2c68e1d658941a4d3b585381735efb4bb693b2035bc1aab907e8d997881169
BASE_00006254	baseline	k141_12676	1136	1cdc1b3a530784864f7bc3d1ba8dd288e3b1994da92c0ac84eb4c8a325e133ad
BASE_00006255	baseline	k141_19277	1447	62742a9afce9e3fe69ec4f35d468e8835bc14ba99f46093ec75bf507c12100bc
BASE_00006256	baseline	k141_12677	1151	189d6f781025f3dfbb8f09e65bdcac94be0ae4d907fbda314433a42cdcfec025
BASE_00006257	baseline	k141_19278	1083	f4f422b3697c9a11e666295eeb450f5927c39913e9905f522a12bbd0be3860f1
BASE_00006258	baseline	k141_26502	1011	bf8ada001bc8a7b51e9b69038a84869c0217a28cee7a67848c18bcbdd63704c0
BASE_00006259	baseline	k141_12678	1897	7a4cae086b6ffff31cea58e1eb402dde19ce48a86be665bae601af6d07798ec4
BASE_00006260	baseline	k141_19280	1059	12ca4c0d71a43aceac6b7d98dee462cd0ddbb4b5c9bc6b00e031138726b7ac55
BASE_00006261	baseline	k141_4914	2441	c0914ebedf7704345c3d7ef204fa19223b34d706f7ebb4d5802258b25eaebf2a
BASE_00006262	baseline	k141_19281	1068	5b351805d99df4e81b0737c11abfc3f332cd1f86d0b20fa67aec70939f8976be
BASE_00006263	baseline	k141_12679	1733	e8e19d7d136b9f7b24ea237820091569077e9211c108b57ccf567c416943670a
BASE_00006264	baseline	k141_4915	1591	0064e5867dc796b7744ee5076642bf5aaee6d8fe886606248e23f1522eb3764f
BASE_00006265	baseline	k141_19282	1405	546629de05ef78c4f7a3afe29f7b100882279814fbe5e2102108e0f1c728425b
BASE_00006266	baseline	k141_19284	1551	ab7eb1a03ee2ed4256ef74f0ce1b494c9c4a80a27e672778ff8e10c4a633d57b
BASE_00006267	baseline	k141_4919	1077	8a587a516e91e9c5701071fd3ff15cdcea0796b58409c7f2fa35fcb272d115cb
BASE_00006268	baseline	k141_12685	1801	8d5ab048f47f4a0e342801a9c06b7894ee83ec9cbc6578f265378d5dd705a452
BASE_00006269	baseline	k141_19286	1142	c10eb2cb0e43c08334a3c109cb4ba97ade2888363edb8f0302f0dc5242e4f974
BASE_00006270	baseline	k141_26519	1247	87cc35adebb2a99580988b3bb0e0b2db9fff49fc92d1d686a42903256ebc5677
BASE_00006271	baseline	k141_12688	3661	461ed3e2673d3a470eee42bdcb4f7caafaf6b9947fc1887e58662613a003b52f
BASE_00006272	baseline	k141_26520	2127	3d3076d480edf76b9e250a9bf6f9e8493dd79c0f09c5535e54871df7ea010eb5
BASE_00006273	baseline	k141_19296	1282	d74e49438802329e95f8939f1f310eb53644793642391a1b5a3dd14583e32207
BASE_00006274	baseline	k141_12691	2223	0eb7cae50b6fedfc91b15074bbd811320bea7d4ce9a3dbe06c1a4a1166c382fb
BASE_00006275	baseline	k141_4921	8701	88fb6d6e01e933d92b8e89fbe2fcfbe3b25154c0af13d742f9d176ca93c63947
BASE_00006276	baseline	k141_26522	3148	986c77def0a8d6620266c72edf70af2b3136cacda844929f8d9bfecf8c3854c8
BASE_00006277	baseline	k141_12694	2258	eedf84166199cc2cb7a386955339f6e8dbf5dc06332036cff563a2eb34326e7f
BASE_00006278	baseline	k141_19300	3254	7695e8b2294e23740b572b6da10a61263fad3f6993ae86d367f1e35622e6bfa2
BASE_00006279	baseline	k141_12696	1008	3b0cea8fa02ac84962c4c7abd8775c3f4b545589c07ca1e660cbe2f6766f9195
BASE_00006280	baseline	k141_26524	3164	d8be7784d0600fc24c7280aa00a3930f7809b3a5807c7be5eae48d10ef435d0b
BASE_00006281	baseline	k141_19303	1061	f25e6863a467f4cf49d7ccaa5359d09767888a01cb4cf089ec01b52813583944
BASE_00006282	baseline	k141_12697	1812	060aa1c675c66fb94f9d42c761c301f1a5283d4fc52e7e60cca9511afeecbc54
BASE_00006283	baseline	k141_26525	2683	3648c056f3001c173613f771438552e054f7342a8083a8952ce6929f796a402c
BASE_00006284	baseline	k141_12699	1027	29985c200e6df710582cc3edd3be2e55c336e3b0928fcafe0b26e423d115c222
BASE_00006285	baseline	k141_19306	2103	aa1893e48a8bbf95e0e88c71da8f03edacbf48902ab04c5eda93f3839ff85db3
BASE_00006286	baseline	k141_26528	1995	c6611fb22effbcbb1a7ac03b93be5abfcb92e1235dd4c5d9c023325667fbe3b3
BASE_00006287	baseline	k141_12705	1436	956f9316804d4fb58108c70b359e8156ca38f9c2739c1b30c9990fc6a66ef80f
BASE_00006288	baseline	k141_4925	11005	8bfe881276cc7c7f40190a70de33e8190a39f4b1bc231b912bc39261d1f7a4d2
BASE_00006289	baseline	k141_26532	1247	06a807c23353e920bb33fd9b8f314d499f2f90fd304d0ffe28a5817ea00f31c4
BASE_00006290	baseline	k141_4926	1060	c067add1463c47fc73422f5da833cd4a891370c723b9cd14b14ac4bfcf001d91
BASE_00006291	baseline	k141_12708	2160	fc71421b42fcfc4a3bb2d6c74f29918f08bdc17bd7161ecf0e711da3fb986d6c
BASE_00006292	baseline	k141_19316	1357	dff2f648b0c9453a5c04c051d42b799edd2b4a2a582d5453c3a83d84fd5c8561
BASE_00006293	baseline	k141_19317	1085	275b0e27db015a1f976964c52da81331a67dcba336103a879612d1376ed6359f
BASE_00006294	baseline	k141_19318	1495	632f85c5e451b8c3c4c186b328787f69ad56198b75c655f51ce2e7d8af8ba2e8
BASE_00006295	baseline	k141_12714	2642	a677a48fc39626336545e42c1a044b522c1efdf03d0bcdc4e9ef0c117fc13a3a
BASE_00006296	baseline	k141_19319	1749	a02df64f898569ce0d60f3ec4c5f69ea8493f186c12182e4a52cb7056ffd77d8
BASE_00006297	baseline	k141_26533	6238	d3349bfd70e371ec5e93eb41768af38f60ae56cad4b7c249ba75ffb0dcd5e474
BASE_00006298	baseline	k141_12716	1071	4deccd96557ef53078234f3733b49d3995015523bd0cf64a4d5c6c24d9bd8ca2
BASE_00006299	baseline	k141_4931	5294	3545c20711f8dba5e17240f3d04d161e43565b3b4f4d3cbb9cc5c3d48d9ef356
BASE_00006300	baseline	k141_26537	1122	542cff268ce0ff2f7173005004ae26e67ca66d38c7833822d347cf413570ccf5
BASE_00006301	baseline	k141_19320	4374	2dea745cf26098a676abbdad45b37fbe19a958363e7bd80262eaacdc6a78b8d1
BASE_00006302	baseline	k141_26539	1887	9e681d458bdea047b35f80d29596d33037b62280fe3d2f05f4422024d4d284f4
BASE_00006303	baseline	k141_19321	1349	ac3096941a5467ed4553d6473dc011fc39970892c52a04887fbffadb3e7e27ad
BASE_00006304	baseline	k141_4932	3888	a35f31132123d940199b4b4e8892af45fa8e4bbbcab82454400386285bd594a5
BASE_00006305	baseline	k141_19322	1134	2340e472d159079420054e7f01522e5a42bf931c3c9340908142a6505c754184
BASE_00006306	baseline	k141_12728	1280	1923d89e68df2435babe2f9eb745a535bf301cfcd383e42ffeee96b8ca424728
BASE_00006307	baseline	k141_19323	1120	cc8df9a64e9404b6a81a5901ca8bd18625367840277b97d4d4232f1e63c0a3f9
BASE_00006308	baseline	k141_4936	1235	a6b03da05d9b65bf24b422586a53b92dc237d04e798967891b7720be27553327
BASE_00006309	baseline	k141_12730	1849	34b4913fd202e16dda75e5f7549589d13bec01fa550e64f115bd6091320b783f
BASE_00006310	baseline	k141_19325	1736	63bcedc3c0289e980e1a0a420424d801ebdbd61850459abde5097baa1b1b18d0
BASE_00006311	baseline	k141_26547	1721	a28f8cc8e347b30cc8b7ea4686b0553579866089635e708d758fd7512d17d375
BASE_00006312	baseline	k141_4938	1934	4ebf6f79106f0c3bb9aa8afea8bba175e92a631f3c86ca5216c5f0d1b5e39116
BASE_00006313	baseline	k141_12731	2167	5c7b971ac8f2b5dacd69fda9289f12191d1342515dcb1c7c76936ec176abffc2
BASE_00006314	baseline	k141_4940	1633	6add13fad3ea2752809330dc99b976923e495b80e5e250fdc7fe3d076cfba2fc
BASE_00006315	baseline	k141_19326	3690	ebcb222f0fd3ad44054ddf7da7d351546688b739d7fa8a7a6b97b34f44db2a68
BASE_00006316	baseline	k141_26554	1187	9904d8dd5755e5336c047760a39bf988c6e673f856008ee6f4ac82d8f42b4640
BASE_00006317	baseline	k141_4943	1074	d6d861ddaacf3fa7c023ce9820536a8a9dc9204937735de203659815b0f86214
BASE_00006318	baseline	k141_19328	1376	495965b3eb4484abaf48eaa6d6c8f3ac2c698152e3f5b3fc7cff5ff921b5c425
BASE_00006319	baseline	k141_26556	1239	2fa47b8bdd68ce97bfe85c0bbb45f9b5b761f99a37c8564d959bd53a1e38becf
BASE_00006320	baseline	k141_4944	1282	247382fe160d15badb3cceaa4ff2c4f36a59746e82f3a93d291a19381038b63d
BASE_00006321	baseline	k141_19330	1179	93b0987544ed3ac428a32b5d2f41473397212e639c79a203ea7c7ff11aa6955b
BASE_00006322	baseline	k141_4945	1021	18dc02bfba3cfde36e76f01955a92819ffcb6ed27f2d748baf3ee948976c988a
BASE_00006323	baseline	k141_26560	2204	23e01f796bb3dcffcfcf4e6c32f5ad2024d2155a167fe304cc24f6f9b45584c0
BASE_00006324	baseline	k141_19334	1446	63e570292217b8c7b00db10451b7cfcdd1781e3cfea6a2d4a8d07c7507006dcf
BASE_00006325	baseline	k141_4951	2541	aed578602f2fa4c2912d218079cb5732027a1a8abf9ca8f43b0369cb55fc1447
BASE_00006326	baseline	k141_19337	1713	6b79bca34a9dcf4efc04de8de3e0e842dfa86334207ea541794efd974cb1e869
BASE_00006327	baseline	k141_26568	1590	52a325d6e18a79396c01b9c0a27f7b22a5d63a36d46c3bec7d3f356cc7676c71
BASE_00006328	baseline	k141_4955	1697	f9332e06096d02646a52b4a69e782ab5d8e4feae35e4ef110d0c4a06d5f5f43d
BASE_00006329	baseline	k141_26569	1451	351faa342f2b15b571fcb4153549f53567b6c3e8ed537a603fbb7ed7510b77e6
BASE_00006330	baseline	k141_19343	1618	cb5859b951ba7b2ad14c99627e1dffdb1e3d4d7f5d3f40da22085ad2d2184c22
BASE_00006331	baseline	k141_4956	2179	9f5f9e22766911df39e6c4b83997a90e10c5086c19a47bb482c199d786bceaf8
BASE_00006332	baseline	k141_26570	1134	25640ce963f21a904dd6cbac77d61d0ffd5ec2455e6b4f9a31fe3cda540faba4
BASE_00006333	baseline	k141_19344	1857	f0c0674e350a7164f3fe9474ae7bc9329df1a9e57db345d92244bc0c164ea9bb
BASE_00006334	baseline	k141_4958	1224	d93861696f612e3409e2d36fc701bf5bdb673f13e54b4ca08ab44172b000dea5
BASE_00006335	baseline	k141_19347	1877	247c05eb16a9fd5d8ef29c816403e09c58bff5d7c0279edfb8fe901f4f347245
BASE_00006336	baseline	k141_4959	3641	16321d538d5f79e99df49c83bdaa87c17ec76672ab345beeab7ac08abae9f14c
BASE_00006337	baseline	k141_26571	5569	75ae3fd3bd5e93f59b9bf4fd9946609e14cd5ac4e18c66f2e88d41c05957b8aa
BASE_00006338	baseline	k141_19350	2297	6d591ff0e2f6bfab37f163f75d62f27dade8fb3a7fd5aece6265101245479852
BASE_00006339	baseline	k141_19352	3020	df17286693ba5da5c6b2f224f1a83b10f15d09d3f0d42d6de6eb084b957a7037
BASE_00006340	baseline	k141_4966	3621	d4f0553e018b460d64d80d1b12f39048af25409395ace23fb7ff51191f0e62b4
BASE_00006341	baseline	k141_19354	2149	46388a408bfc82fca53f071318246e526f67836b60d13d05cbf8649a233c915d
BASE_00006342	baseline	k141_4968	1088	4d0fc6855a56b8bb42948f5c853aeb5e04a2ce1f8ca50636998c5f758a73efca
BASE_00006343	baseline	k141_4969	1546	6cb3910e1b2aa5b67557120a34579abff0f631c1234c9b4c168fe6ab4b350fe6
BASE_00006344	baseline	k141_19357	2104	21f129782b3998778134e9137c4a3e359925c468113c1df265ea03612b2c99f9
BASE_00006345	baseline	k141_26574	10855	9d8f962c7e4be0228bd965171bf340461887710b283037cbb1822c797aa9d958
BASE_00006346	baseline	k141_4973	3847	72bea9d8d443fb6dea1f23fba34db04f50c04a72cfa2eb8d8f93ab6de080d0ad
BASE_00006347	baseline	k141_26577	2091	da155be158fb9050cad1c98fb04b04cc9700bd0a89fb2f7836f80ad3da6a521a
BASE_00006348	baseline	k141_19359	5257	7a1cd694849693146d0815ddfb83d703a83059ecd989d8c3f991a94c3d14234e
BASE_00006349	baseline	k141_26579	2798	82db4ca501d111d4ede2c00583ac132bfeb23662cda52336fc76983693fde0db
BASE_00006350	baseline	k141_26580	1161	fe2992cc9dcedfa6a89496850fe0ee588cfe8a84c8a8d59dc383b202fed49f59
BASE_00006351	baseline	k141_4984	1126	63ee1d4072b42e842b2028a10f680bca6ba8dcd79099af45fa03498ec2025da5
BASE_00006352	baseline	k141_26581	1057	c9b8c1edfabaa603747a735bf4fd30956b1a758df0a529686ee01d2cc814d8da
BASE_00006353	baseline	k141_4985	1192	32bcf4cf3dd02f2d20336d62e3c4bf860dbed8eed2361e9544ab2c514db9c301
BASE_00006354	baseline	k141_26582	1020	842902f900e7c8f0641815e26f503d9cd7eb7f34d6a3f5a4cb64271c5604bd8a
BASE_00006355	baseline	k141_19369	1476	1fe904ccc1b59c9edf63dbcddb7ca2591b6b2809ee9dc4060436e2d5ff87a2f5
BASE_00006356	baseline	k141_26584	3342	f0b046a45c71551b4bc452d0dfd27c14d5c0dd215d76ca4e213bf7acd6a8e1cf
BASE_00006357	baseline	k141_4993	1702	732be92af37c65b2b5bc0c78a83d6d87cd5e573b86bdbc5ca0065ad2c8c2612c
BASE_00006358	baseline	k141_19376	1218	69b6eb58039f7810f37f95dfd27e41ef19faf5f2f16ff5759fe29f0341655dd3
BASE_00006359	baseline	k141_19378	2748	de1490f5f530ba182508656091ddbc1aa0138c31ef31cd42c6c1253b04ea0901
BASE_00006360	baseline	k141_26590	1820	e9766d05a31bfc44995cef2a7726d711377bf8ced935d64aaf0fc08b0c3b7a9a
BASE_00006361	baseline	k141_26591	1120	d493fc90a26701a45e20a28638f9b65ed2278bbe9ed8365a56bf5b67f75e7390
BASE_00006362	baseline	k141_5000	2263	df2f108cfdfd993ec462578b61c16df636a5714886d4dd5a29b92b32964961ab
BASE_00006363	baseline	k141_19379	2594	418cf5046f10f02bf7095bc783a2094e22960b7ade52115d2c085790980b4d12
BASE_00006364	baseline	k141_5001	1423	e009962852d9f4e5e53e2811b48ab5e1f11687d579047b458e528a7d7aa1c035
BASE_00006365	baseline	k141_19381	1300	357b231b644399ded98dc6e46b1ece835edb8426f5390e5d10bba1638c35768a
BASE_00006366	baseline	k141_5002	1130	e048b34664c216a40148d0700e0ca77f0771c0a389307bc4eba81cf6afb812f3
BASE_00006367	baseline	k141_26595	1763	69ac0d082cdd23daac7897f399b2626f50a2d2dc0c0107f6a1d008cf6db779fa
BASE_00006368	baseline	k141_5006	1084	723ae3d56669d16d35ffc33e929c28a29ee71cda249d0b06e064b3a4f4b1a1a7
BASE_00006369	baseline	k141_26598	3844	555f41e4431c9cc025fa8acecdde0bcb6fc86e18ddd41503a40c8b3877435dcd
BASE_00006370	baseline	k141_5011	1618	16c23282378c30080688847388c7776c88c7abcafc1f2110b410d5e41b0ef2e2
BASE_00006371	baseline	k141_19385	6297	50122780e54991280f9d9195850f999d713dc0b0cef715c8aef13c5464af1f92
BASE_00006372	baseline	k141_19389	1513	47663175cc828921840d32bd86c9dd10b7d5080bac0669ea9b7bd1d3507f1b21
BASE_00006373	baseline	k141_5019	1286	f098780c97dba34d186cdbea8cc71390b4d4ef1670cf7061bc311e04138f30fc
BASE_00006374	baseline	k141_26607	3953	21ca513bf9fb9d9520c636cf35ce6d12a53493230e69ce4b8ede8936d2a3bfa0
BASE_00006375	baseline	k141_26610	1196	7cb185ece319b8b632143db99c3143afc6415a241cb7734af768e31d5e3067d4
BASE_00006376	baseline	k141_5022	3078	81928ffe3ba428f423e7203a7d9f093a6f0b09284c8b5bc7a75a5b33b0505398
BASE_00006377	baseline	k141_26614	1038	b1f57d22f34feca03428974a1526d509951344014b7c46ce119628431a45522a
BASE_00006378	baseline	k141_19403	1061	dcd42db0061926c4b2d5a5d5e23634e61a3977d5373abffc834dfe036482ad14
BASE_00006379	baseline	k141_26615	1493	0bad75b61f6831fb2ea4abe9be5276970a55136c3e31f8156839f7de38a5a60f
BASE_00006380	baseline	k141_19404	1703	021007772b6f8e0f79abe82764b2d60c916fa556de311fa6ba2ccaa0697c2df5
BASE_00006381	baseline	k141_19406	1195	3333a9544c3221bafbd82d32cd8026460fa80ae5fd8a166194897ca14a861966
BASE_00006382	baseline	k141_5036	1037	e264899555913fe8ed764c7718055a946f41fe410f221931b6c49b9542cbcef6
BASE_00006383	baseline	k141_26619	1663	6f9a16f5acca3aa44848aa62c85ae9db8c0ae2c476eceb4e9618610a5ec5c9ab
BASE_00006384	baseline	k141_19409	1018	8907927b432bd9459e7a04b08d439206fe8dfbddfcbb892603044e01f80bf882
BASE_00006385	baseline	k141_5040	2020	cce8f79e462b1a0a2e7a05d1cf867f540651d40f195fcd2dabacc5ca88cd7e75
BASE_00006386	baseline	k141_19414	4803	b28f3721e0061501f2d0eb810c1070717f546b6adc5fc2761cedc07842c8a3b6
BASE_00006387	baseline	k141_5041	4388	b8162951509fcc1d23746fc3a824ce95fbefb36c040b5a63263333169793389d
BASE_00006388	baseline	k141_19415	1837	e9c146e940d4fd4754f4780929d9d0b5cccab77ba510b23a0a26a6ccf5112882
BASE_00006389	baseline	k141_5047	1176	a80b49d819ac2a04e66f52c63130c80e3f84d9fa35efd69872f7c99498133a1b
BASE_00006390	baseline	k141_26645	1395	116f763b3b3e9e2af448f24155c9a3df24125c982dcbd17aa21f2fd509176c80
BASE_00006391	baseline	k141_5048	1969	1eb30f9aa1ff6d9e178bc716bafa7f4eb06272fd0c6ebc5ca1aa24f9f402cef4
BASE_00006392	baseline	k141_19417	4010	1f79b118566cd6fcdff13d2235deebb5768dec9e2bdbc1ac299002b7b9b42f5a
BASE_00006393	baseline	k141_26646	1391	5341c35b979430a3039aafca32629bbfe6c9cc141cf7d75f1274d3a863da8ac9
BASE_00006394	baseline	k141_5049	1652	0bce2d4015470e5c4d0ce37141a0cfbd2ec845604ec2e3cc3326541a8ccc0356
BASE_00006395	baseline	k141_19420	2020	7238f54010a8896d4c9bbc849c6ac72988f337fac39b884bf6a4da428427e07e
BASE_00006396	baseline	k141_5051	1033	b00ab726c4210836cdab9dea4c6863f807bc6eb9cdac8d8bd279ac7fe61ffb0a
BASE_00006397	baseline	k141_19421	1389	d278b6feb9f3f5a8f37793cc35b71b6872c050ac88ef83d585c731ad1fbcba01
BASE_00006398	baseline	k141_19422	2190	3cdffae7209406a4478485cf40e04cd971e00159b049169fdec454ffe4198931
BASE_00006399	baseline	k141_26655	2501	1d1ffe454aa4ab6f22459aa47c5324e37cb73839d041b6430fa98c937fb42006
BASE_00006400	baseline	k141_5055	2367	8768725bffa137ef4f5cf37028cde1d4a753eaea310040670b739da7f6646798
BASE_00006401	baseline	k141_26656	1071	7396bbbe62becd99fdce8eefa0ab028838cc13ca84b73187a3cc660e1c7004b9
BASE_00006402	baseline	k141_19424	2209	bc152eb0b700615d8d1e9f2c7af94dfade6176292ed1588704bc4fef98805667
BASE_00006403	baseline	k141_5058	1258	9cbdd0451499b0dd2481c530cd93e8bbcddaa2efba340ff60f3824b343cf42f7
BASE_00006404	baseline	k141_5060	1013	63c755d087c5db340778699816dcf24613622e40c36bc85ae227c7083c2d193e
BASE_00006405	baseline	k141_26666	1304	38cc4925633d516b10c22865269855c876851b8faf8e7cd8428cc1da8affbbf4
BASE_00006406	baseline	k141_26667	2327	e977ace9c81142978fe13e14e0609ec08777533989de06c00bb56b0698b1342b
BASE_00006407	baseline	k141_19426	7344	569b118ac86690221a10fc6a12c4cdf6a2b12b47e467d8229872f8bd755ae178
BASE_00006408	baseline	k141_5069	1952	410c9d5e0c61cda37affa5780c2ff68279151bf5ef380d2edc159d095b72ba17
BASE_00006409	baseline	k141_19436	1041	baad94fa3b1e437b4af20f083d14f52e1972f57147e5054d4339f4a0b61dd0cc
BASE_00006410	baseline	k141_26674	3830	ed53358fad9cca97acbc0d18e727394f05673b775c8d14252b493ee292e69f70
BASE_00006411	baseline	k141_19437	1194	5615fb7c4f73b5347b0b526404773ffe7b5dc955bf71eb1409b7a730ca22c809
BASE_00006412	baseline	k141_5070	7994	cde24735514df886d9f735a69022c642f173305900dbc69cac8c73873100bc87
BASE_00006413	baseline	k141_26676	3901	317b2ffd49d3cbae0685ec4341950e84131011168c2ffde060f35364863d07ca
BASE_00006414	baseline	k141_5073	2317	59a79f10b36bd00ec44f56e05e557342883d3b0167b9f330976acef464c06618
BASE_00006415	baseline	k141_19448	2535	a02cfa391426b3e2ca35a9d88c23c824ad6dcecd01c8e30979f0fa680453a71f
BASE_00006416	baseline	k141_26683	2180	b6bc594e477482085f9185916ff8b0b7d7d0cca4d8ba8dd2d11796b0616959b3
BASE_00006417	baseline	k141_5078	1812	c9feea6732d4a292d4effc1937d0905f09dc0af79f5d95ca10bb6b1902070806
BASE_00006418	baseline	k141_26684	1042	0a798777d44d99733c3b1162a43de1748d3ce90e0d20f9041f9dd573b42553f7
BASE_00006419	baseline	k141_26686	1037	acb2abf08846bc74c616532e2a3388d0c29bf62f59fad76a412953b9525afa45
BASE_00006420	baseline	k141_19453	2126	14b17b88e0a6305e9c9b2a4524ec14ecde315de1379a7f44b390aa2b5e1fac1c
BASE_00006421	baseline	k141_26687	3015	5a179bfb229345fdcfe2ca46305579f81c45269754ecb51767a941f5111a7956
BASE_00006422	baseline	k141_19455	2416	dcd3804d33f9228e826f0e142b234b43a536949bc342d03f0f24ef58b014765b
BASE_00006423	baseline	k141_26691	1039	bb140b911b7a2a8ece61dbba3c9e800b688a2679784aa6b0deb558d89a871e40
BASE_00006424	baseline	k141_5082	4844	aeadca680b76cf3810620456b9ee5531223f3b2a4f8ac540474db7f32198e797
BASE_00006425	baseline	k141_26693	1557	28e803286aa70f1fc7284214c3dff3b08c31276c418516e461b2fe7f95983538
BASE_00006426	baseline	k141_19458	3061	c66dd4f51af10eac35e2b178e31e99bf9fe6412120009fc1950b1773dcb6f491
BASE_00006427	baseline	k141_26694	1461	23cbadee1fbec5831a51d74de721e781b5188e8e09a734cfd125f0fb48234049
BASE_00006428	baseline	k141_19460	1001	bb536e6239587e1443bef800f095b88b2768cec2c3b83948ebbac0179a3c1407
BASE_00006429	baseline	k141_5089	1056	468a5a39643772fd650d1672abc3aaec87c6ebc32a467f6193c796ab56cb603a
BASE_00006430	baseline	k141_26697	2267	37c3bc1b6328a35ad29c81a11320017b076504ab874fd39a129c3f2f2e640bf0
BASE_00006431	baseline	k141_5092	1048	1a0041ca06866330b834c84d78c9658863f20b9e09e71aaa0915576bf433682e
BASE_00006432	baseline	k141_19466	1896	8c4c2c0333893d1661219ab31a8dbab08b5eb9e60202d8bf102642315e353e64
BASE_00006433	baseline	k141_26699	1049	03aed3866d11cab27907627188aa184cc6d2bf2a679dc7f35d941942873764e8
BASE_00006434	baseline	k141_5095	1198	d7cea81e47e911b97b23bb0ec3f83d023f0a8c831ede342100cd9352d3503e9a
BASE_00006435	baseline	k141_5096	1305	1ebec827c82dae197c73f0b244ff292715d913881fb8eee233c1590cf1f16d51
BASE_00006436	baseline	k141_19471	2775	86d18508a7f834e4f2aedd52fcc70959026995558587665bd08af53f2fc23539
BASE_00006437	baseline	k141_26707	1463	478b5792311b301a032506c68ce0c926781bdc644545d69d0459c4feb3ea6132
BASE_00006438	baseline	k141_12734	141618	ca3180b8afae4e6a3637aad2d01b5af788c0accfc0b1866d497de59e103bd872
BASE_00006439	baseline	k141_12735	1852	5c54ae4b3a33bc1c951c079522602dcb9f4099feabd4db1bf407161f7fe5b242
BASE_00006440	baseline	k141_19475	2808	29c2bc5fc42eee00d22c376f30fd14b218aca76f0fdf92bd888b3de58d6d03f5
BASE_00006441	baseline	k141_26710	2166	7a0aa49b36ba9c333cb21a3161b6394776049c0afa6557d9e074d6008b1bcaa8
BASE_00006442	baseline	k141_12736	1223	b277b3920358c280be58fc1c2e2fff6ffc8d1fc36b7bd5f98bd6dc738889f520
BASE_00006443	baseline	k141_5107	2155	9345cf07c655a18b1b0d448b7473d4e3f11a204d1042669a5d74bb8b73f4cf06
BASE_00006444	baseline	k141_12738	1347	14695b97dfcd5302a8ca7a99ff1a1437438de998025733a5adf0cc5375ddaa73
BASE_00006445	baseline	k141_19480	1183	72db13bd27a6206a87a8e614f188a98d590b9c5e59fe0288ebe64c36de13601a
BASE_00006446	baseline	k141_26713	2218	cb92ca4ecc4adb6913a47a3c802519912c5c2ab7f46800fdfe304594ac172f89
BASE_00006447	baseline	k141_5109	2065	7ec2af31a5a3b15fc51339eff70a529bf531c6c56f50f02b627948f7944f0a11
BASE_00006448	baseline	k141_19482	1814	c9464e3626d55bae55396bd623c1608e22eae67d872677780148d4dedad24178
BASE_00006449	baseline	k141_5110	2031	83cf023237b8d32fcb2d9ded94fd17b2b309560b15e0c3b24c93e76ed7cf42ef
BASE_00006450	baseline	k141_26715	2374	69d8dcca6e4788f749544e8ae62cb47daabac5a5b827bac7c1a9ed7b15cbb858
BASE_00006451	baseline	k141_12744	1329	e4ccddfae8a7935ecbd2a74c4b825191a29d0fc52d50909f07ec96434a3092da
BASE_00006452	baseline	k141_19485	1644	45fbc753da0a15e26821ae93d65ce973a3fbebc2aecbe03cfc188a452ba623e4
BASE_00006453	baseline	k141_12747	1021	df4d78c90ec5b15de2a92a2703fabc889382a34b8c281365d1eb28141dd69bc0
BASE_00006454	baseline	k141_19486	1241	fcfcd0e85a7c3cb08523c13dabca8b57c5b578eadcf06577bdba079aa3ef85d5
BASE_00006455	baseline	k141_26718	2045	b49153b41765548c63d3b393f26a363753591e34650dc0f49346edccef16a29a
BASE_00006456	baseline	k141_12752	1343	8463148259942f55bbc12ea0630079bcbde65ad70b0b7dd72e85401b31731bac
BASE_00006457	baseline	k141_19489	2017	77bd25dc256cb7cfc79b57ef2eb338d7db1fba7264b5a0637dccb5f5a965ff27
BASE_00006458	baseline	k141_12753	1296	760a4830e0f11da8648daaec0ed04387191f7d8087886f6e992ab4fc6e6a7f32
BASE_00006459	baseline	k141_26719	3292	1557a8f529a750bc489662e6e9251859f30ec879245a4d88d7721c621734bd99
BASE_00006460	baseline	k141_5124	1036	fab55a4432612084f722bb3524d912e53c7a3dce223410fa5f38bb8e4434614a
BASE_00006461	baseline	k141_26723	1331	35149d65d7a0ca84ef5b03d5a6c3abddbb54b3de43ab6a6f90e5e4df97d41387
BASE_00006462	baseline	k141_19495	1124	4e351f8ca4bfa4b7f6b87bfacd5872196bbc36d74493a38663836d23ff5c529c
BASE_00006463	baseline	k141_5126	2210	8e67ebca63f46b849d7b704a7e4ea545ee14b49b461e70c82969c0e19600d96e
BASE_00006464	baseline	k141_12758	1448	c6cbe34718baa2e18ff851f22fc9e8db4f52488d78839e71f24551229802116f
BASE_00006465	baseline	k141_26724	1750	0497034355ba84a97c57327295852fdd77b4bf20fadb82999b225d88409507aa
BASE_00006466	baseline	k141_5128	1341	1c2aa04f88765a8c0e03031b27d86a73eae6b55a081191915c9a7a8d10fdb5e4
BASE_00006467	baseline	k141_19499	1386	98ca649e5008d05eb44a81a3d0ade0d0a9c9c0471ca3a9a6f861d6fc2eacad43
BASE_00006468	baseline	k141_12763	1106	78c2519fc19894be8fbba0642e4daefeaae9df80230d3481f2bab2378a14d312
BASE_00006469	baseline	k141_5131	1876	230da8fe3a5f48fa9929f62168a59d396c12df4d39208edbf8a8b31778977187
BASE_00006470	baseline	k141_19509	3262	2961c077810f8188fa896579693cbed3245ea290d9a53101677dcdd9d1f800c1
BASE_00006471	baseline	k141_26726	7757	14675a977c723a8a4236729dc67bb1faa92977d1677bf57226c4054592f146ec
BASE_00006472	baseline	k141_12776	3153	ea57a5b13f96a2e1492aedef37e3a552b00e07ede91560f331cd98d5df091780
BASE_00006473	baseline	k141_5134	5982	7560657ea05228097a2a5437c73fe644318b4e9eacc83d060e6a126a532eabed
BASE_00006474	baseline	k141_19513	1054	4569cae0d05b46169691a6477b734c0ae019649941ae21d15bb5b64a0c290ca2
BASE_00006475	baseline	k141_12777	1291	643e6adcd22d8b5f957220ee6627aebefe2b27c8ab6ba890265b1407876ebdfd
BASE_00006476	baseline	k141_26730	1733	b4c1a8b47d3a25a6b512bfafba29220897061d562ae7b6063e54a0398a6a1f51
BASE_00006477	baseline	k141_19518	1321	8ce82f8306f696168484df13cf32c4a6763273752ddd5d1298c3d8990a68807b
BASE_00006478	baseline	k141_19520	1451	a0aa13dffaab74d819bb76c8c162758c508572206214fc91bacb4a12261c7290
BASE_00006479	baseline	k141_12785	1147	43dede80c83b49599e6c951faeca04d8f0ff1be5c71ad33ce5abf6c108782be9
BASE_00006480	baseline	k141_5144	1109	1b4bcaf49076ec99a867cabebf71d413d5ba4b9d2c900e1dfc3ea9f14634cb5f
BASE_00006481	baseline	k141_12786	1020	e8a29c254e5822854597c86a345513d36a4cecd3fac55e36525784804da12ee9
BASE_00006482	baseline	k141_19522	1600	a3d7076dc8e4224a0724517113db3239f195afba692d38179c3bf03b4125899b
BASE_00006483	baseline	k141_12787	1155	c7ff8de7d24db3c67b266d9ea5d8833cf84e919161ff82416b6b8730415e360f
BASE_00006484	baseline	k141_12788	2156	803d27e23c2e8b92d3e71d3076a6a5633620ad43873fc1fdd0963bb8005c0504
BASE_00006485	baseline	k141_5146	4034	4749888bcb02774e0b5ea1b85e7592e02f593f4e5415e63de962472050fd431d
BASE_00006486	baseline	k141_12789	2561	a59f8b7bdaee0a7c048be8e3d6bb83468c1f7718498a041f676f445263ae4b16
BASE_00006487	baseline	k141_5147	1264	c297500c31b5145b48eff0e2b65bebf7807e6d8196eed3c8bc16be20adb276fa
BASE_00006488	baseline	k141_5148	1036	76b3ff709d23c17157366160852b60f23a2a7bbe7202089d6ac33d75bfebd0c2
BASE_00006489	baseline	k141_19530	3329	dfc70c4a75e2acddafc46ea83464c279f248903e071c7b8f791c08ee61a688e5
BASE_00006490	baseline	k141_12791	2024	7b25ec39a1a2d114d4c3ebd19b67fd1a1cdd67f1ba83d3e066853ad1b3959b5c
BASE_00006491	baseline	k141_26736	11214	e7447cc9b14a7f176368b76001ac7cd9b40220238faa4e0dc06e6eeb25be04a0
BASE_00006492	baseline	k141_19533	1025	b13eee5b2c9b1ecd961cd0e9ca63d2482cd6d688e02fea94c2827ed91e7da251
BASE_00006493	baseline	k141_5153	1526	83a69a4312652c87b326a29b0f81ad09fd30154bea40e704c62b424e240c021f
BASE_00006494	baseline	k141_19535	1011	b67357d5600b6b775aff4c00f483ffe174b3f043288c3a6926236a921f410833
BASE_00006495	baseline	k141_19536	1238	8323e32e6f4a83d8d6e90d939fa4fa23a8c187ae93660a9c9d80c950d85b1a4e
BASE_00006496	baseline	k141_26739	3002	2beea831fdc6d581bc4f09913afc8be041018945445163268c70389a99022637
BASE_00006497	baseline	k141_19538	2142	33dbf65a9615e606c393e7e55d2081c52b590c2e083606c931bac6e1a13cdd4d
BASE_00006498	baseline	k141_26740	1207	7fee75f6acc3031f369744db1eecd0d8950bd90643a2ad9b478a037355c32112
BASE_00006499	baseline	k141_12801	1308	d794d1ecf3a37b4ec7a60b36b6be42fae7443246cc5189ec3e49bf0b75496d49
BASE_00006500	baseline	k141_5157	3540	ee787d7f5ee85f6cfa29a6f1d0ff7128612b9a01400ac3f6aefa24e4c57f9268
BASE_00006501	baseline	k141_19539	1201	8dd7e6d1b4735120b070898926a96b2e3ea981feab120f8a2e02d900367f5803
BASE_00006502	baseline	k141_19540	1285	ddfd2e6b47c37ad61d46621df185dcfcf2e6549a8afd8ede673c388b79ae47d8
BASE_00006503	baseline	k141_19542	1181	c888ca258139b6b4495e863d6d15455bf034c27cda16be01b0c24db6f623b0de
BASE_00006504	baseline	k141_26746	1928	82312480d78993926f6c140e63536c8a31b6a0f89e3126cc71a90636b4a4fc0b
BASE_00006505	baseline	k141_5163	1142	68ee030e1db4be501a260e57a77a0d777033f053da256e9e16316fe7b130c45a
BASE_00006506	baseline	k141_19543	1102	54b53764fd71a27a34b3772a74b6757d2df136fc1c955061a1513c99c7b47418
BASE_00006507	baseline	k141_26747	1354	219451aca90dc5c0e6802e73b4b1ae73381964b015a7447e1fd21202b015877d
BASE_00006508	baseline	k141_19544	1464	700dfa70b44dd16fb25fc3acddc8caf2f0e2b07bf3458e6fe322d61cbbe5ea10
BASE_00006509	baseline	k141_19545	1237	6b331b44936a95ec8bc70d6d85dee1c628da21557524aaeea470f0fa47cdb910
BASE_00006510	baseline	k141_5166	2123	0dee4f9bdefb972c665322efb05e63d9b4db851b877985778bf264bdbf106118
BASE_00006511	baseline	k141_26748	2628	bfab2700437f3139e66e3e25953df63f3086349f2156925c86f7bf42ba229787
BASE_00006512	baseline	k141_19549	1598	308ae714da9aa89bae96a82bdd3f2c0e1749f55ed226644520fa429d7e51e9ee
BASE_00006513	baseline	k141_12802	10516	3756a871a2261146a8fae8dedfb1a95f965117d442354fb884437f3975703c0e
BASE_00006514	baseline	k141_26755	1389	1d82adae333bd5065ded87b55787b4e79fa69c600af96dbab2f508268612cbc6
BASE_00006515	baseline	k141_12804	1874	006a3f93e2e7691303e80054653b4a94ae6a6273c3a68086a9108d2903a15250
BASE_00006516	baseline	k141_26758	1889	2e8de58a7cc5f3cfe8dfca9268b8978cf0baaaf0b3fd7741b75852fa06788037
BASE_00006517	baseline	k141_12808	1025	4dd9481841162f5c6f438b95c47eb989c35a498b60a566e1d679d72d66469df4
BASE_00006518	baseline	k141_19557	2381	7e39c834d1a72cf463d7bc9a1caf2f71207d947fcd288daf8874a73693f48eef
BASE_00006519	baseline	k141_19558	1560	dd8d043b5cc24424d0b15cc8b733ace1067fc68ed694b6f93b1cb0bb27257760
BASE_00006520	baseline	k141_26759	2365	2477943e2c11ed927f8fc89f0e671f6618c7c3c7ad6b5219373aeb7898b1ba1a
BASE_00006521	baseline	k141_12810	3029	c71d5dac208bb5b39a3eb648d3c980e1f0f5e079926f1d4c22fec4334dd2b776
BASE_00006522	baseline	k141_26763	1126	69775b1429b590454f3f016e948d805d7aaa7e22fe4fbc1c4c625c90e2966293
BASE_00006523	baseline	k141_5179	6627	de16089ef3a2c85183a8d78de4863ddb24c84811d7cea9054711124568951116
BASE_00006524	baseline	k141_12811	2251	e211db9af3d7fa30c574c8bda25f5b948fe3dfb9204a6649358c1bebb11a8402
BASE_00006525	baseline	k141_12812	1838	5ea740ded364fec65312a749a799c3701f8a1b3eef3664a23f976e7605c2af72
BASE_00006526	baseline	k141_19561	5657	a4aca47e1c86cfb7b348d2bf6dba6d4b27d13f6c52bee2652f3bc3f78c47bc0f
BASE_00006527	baseline	k141_12814	2221	30d1acca3a62d3808262049c364da354426eccdf5012598966a44f020ae95b0b
BASE_00006528	baseline	k141_12816	1350	cf4eb08cfd9e6baa4ce852bd59fe609e3df71582bea3ee70ac8159b197f039cf
BASE_00006529	baseline	k141_19565	2487	805baf042059a50bcbae6df1599517127440299cb69db10a2ab01370af7dc837
BASE_00006530	baseline	k141_5185	5705	a8046b55abb0180ac1865380ffd4b72b7e7fbf10b0faa4132cc6ceb7f87848b4
BASE_00006531	baseline	k141_19566	1394	20b152218bdb3573680939888b2101c4a7b741370c19b39da4cc635f5ec99b5d
BASE_00006532	baseline	k141_26765	9338	3afee076f8caa62db1bfbabc4585c0092f39806e9c62108c2f07b98c8be6045d
BASE_00006533	baseline	k141_12822	1786	03fedc269bbe5c4aab98ad99befe14c864322c913d50ab495d3e01cc6867cf5a
BASE_00006534	baseline	k141_19570	1559	52f3b6b84c16e09328a6498ef048647e573215101289a31f09e9562adf8df912
BASE_00006535	baseline	k141_5186	2799	2295608182a66533b7c1a4727e8cf191c5835a2c22276a986c0d4fe8cdccca2b
BASE_00006536	baseline	k141_12825	1709	85f9f9390e91629c9c35615788cf50da24c647b0fa036bb05ba1b9d47dd1f71a
BASE_00006537	baseline	k141_19572	2285	e3628420e9860bc7547c0027aafc06d508d291a6483bf0fbfbb0374a9c2e8f56
BASE_00006538	baseline	k141_5191	1078	fbc9f80a9227daee235b06a0f5c951ce514ea46f3d09d65c328494109211276f
BASE_00006539	baseline	k141_5192	1338	b6df427d0741118351245277100a5f6d3cd4e435252034b9bc33b4fd0110ea91
BASE_00006540	baseline	k141_26766	6659	03bce16660e96ce766a53e5119682ffda1c5f72405e7902e59aa21b75e44e904
BASE_00006541	baseline	k141_5193	1077	0c397084ad36906430dbe44e243acadf5a12ca689688f6524d317fa5defac616
BASE_00006542	baseline	k141_26767	1178	f24ddeccf0a3d7dd27ae3c2656e1430f504bcb53c4f844deab229796a3e4e4f0
BASE_00006543	baseline	k141_12832	1377	62e621b0decfbd9093b0fe46f9cc359383f50761abad437bd031776477565125
BASE_00006544	baseline	k141_5195	1016	3fe64c2f7d688074eee44336234198af0e37e94ef5d53e4c67f851f86ccee098
BASE_00006545	baseline	k141_12835	1335	a7b5b44c2a69c97bd54982b6ec3f1c4f0ffc87c8a43fdf293e1f4bd1bba3be44
BASE_00006546	baseline	k141_5197	1027	7d64869799280496b2f15d883b355aacf145ea7865d6e909c4f9f7fb8e901d6e
BASE_00006547	baseline	k141_19575	5642	a37e374ba9af739db6207cdf4fe42a31d296d8dab72254445c717a9432d185b4
BASE_00006548	baseline	k141_26770	3202	08620299af6c3b89d3679145129c7d5d971950defff2908aecc42f3f00dc805d
BASE_00006549	baseline	k141_12838	1131	6bcc5011df45c8ee51b77138ae274a94430210e91313082bcd39d79e0fcc7e2c
BASE_00006550	baseline	k141_26772	1006	49466a0fc75c4453ac30fbda661bf131ab61a334132eec5b4a8bb335eab384a7
BASE_00006551	baseline	k141_5200	2513	6ba0bb48e7ccfe130bd58e138c9ae87bc7b0411b2c7ded08e5b8f13e083e4f28
BASE_00006552	baseline	k141_19579	1061	04a4c28d208cd1846b69364e2fdac478a81c07eb8a918c8f77fc66ecf4cecd86
BASE_00006553	baseline	k141_5201	1041	fc766333de2e9ba6741193434109ff72652e6496ba4e61ac2adf0794b4bc4447
BASE_00006554	baseline	k141_12839	2650	0f76627e8860c7345f1713f3cf803ee75a9236dca1118bedee8042e3e575287a
BASE_00006555	baseline	k141_26777	1700	4673e69955b47c89011b1bed16eff9f567ad8f3fb152f48d18e8c4dab1fcfe65
BASE_00006556	baseline	k141_19581	2048	f06040c557b66ac888ed3b69fe3fcdd712ad29379ba91d308d6f1e45ca93f6b6
BASE_00006557	baseline	k141_26780	1021	e311ee006139721490530a2cdfcc24e79ed59c9d2edc11f829af0e96ca2af9ca
BASE_00006558	baseline	k141_12843	3231	d98a001d0b32528b74e3599b829ad1be39479846e3606e0a0c736e674e808dd6
BASE_00006559	baseline	k141_26782	1069	bbd860d958c1636ce1ec1966052bc7157112636368ac022276c7dcc25b6ec56a
BASE_00006560	baseline	k141_5205	3671	fa9b89e23ed1f9655d6a479a107f05616494e82a6f7f12970715e0257efb3f85
BASE_00006561	baseline	k141_19583	2627	ff16d024c1148aa1fa813de62fe43f37f2a2ffe4b38692cd1472ab326116d6f5
BASE_00006562	baseline	k141_26783	1369	16e3df0cd850426cdd7627455fe198144c27fd71196d00bb6f40f68bcf9e788c
BASE_00006563	baseline	k141_19584	1022	393ccae12c263871fab2102cda87878d44d8a6ac4bbec6bfe15c6ae2047bfa1f
BASE_00006564	baseline	k141_5206	1597	9ba5f47ab328aba4bcaf483a3420519cfa6d17aecfc206278ed941bb9100376b
BASE_00006565	baseline	k141_19585	1542	5e7f7e8c92cb54ece48e1e0cb4a8bb17b317b6119874a9c16d87e026353d28ae
BASE_00006566	baseline	k141_12844	3399	80184fb71d3797d95bc39dcb1f03671270dc403affa5d559d0ebd8c6e98f8a03
BASE_00006567	baseline	k141_26786	1385	5ae3934b715da8741a323ed69a841461e72426d2c31bab352cc96490cdb4c73a
BASE_00006568	baseline	k141_19587	1779	fbf986aa6b4885ac5e36e04beeff5381732926feac550222b9b6848e6402be8e
BASE_00006569	baseline	k141_5211	2415	ab1b8b4915f963d9eb2823afd15fcf10d9de7874e40031877513a2bca7867c0d
BASE_00006570	baseline	k141_26791	1293	35ad93e3b96daf5d8b06d1ff80fa86e3efe395999c76f5a4233488e5d9c5a9b5
BASE_00006571	baseline	k141_19589	1769	8c477c5dbc8d4be2732215c48baae30f6a1bc3141832e9ac6245a359f33765e9
BASE_00006572	baseline	k141_12851	1608	37f9e3b34009aebe928bd861286c0e58ac37c1064171aece192b4e2219191fb8
BASE_00006573	baseline	k141_5212	2467	99c741b49e3169ad075f4c57ba865c047b13a28a47f97b38873c53ad83e2c030
BASE_00006574	baseline	k141_19590	1415	454f2ff75590296b76268147435e26b5d493abedbbcfec178b9356589cdf99d4
BASE_00006575	baseline	k141_12852	1409	51c08eb56b423b2729c1d94074ae16e335bf38421394f35a4a85b3c30a3a7bc2
BASE_00006576	baseline	k141_5213	1221	1025cfa0d6f794873e11d02c68a6190418fd77019501d4e762f4117ac6035069
BASE_00006577	baseline	k141_12854	1338	6db5a7160b6d62ef3b46693cac8900996b3dc95e542909d57523abbf729a263b
BASE_00006578	baseline	k141_19594	1039	ba604471f559dfe4cc81d202b33bc504dcf4578b36490dee774026446e0b59f9
BASE_00006579	baseline	k141_12855	1053	a5f524f30a0a6d3319f072a3c75113e3316e747eb93413d07d04b86533df7767
BASE_00006580	baseline	k141_5219	1690	4807c30ce63338bdd4d3cb58db828c0adaa20a3f9a1913458ddebab9d41cca5f
BASE_00006581	baseline	k141_19598	1620	d47d047c654c85559f13d5e55e416626d306b75d01134f398a156e4b93810ad1
BASE_00006582	baseline	k141_26796	7014	acbc3bf9bbcacb8006ec6622d0d39d960c5e5ff469282f1c3439a985e03948cc
BASE_00006583	baseline	k141_26797	1030	d2861968f228e59fa79e9873d834612ab5ceabd50ec313f61b2cd7717eab863a
BASE_00006584	baseline	k141_12856	4974	d32992125c40dbcaa6a50036982fcd7fb820ad1028ccb7c80aa02a21e64a500a
BASE_00006585	baseline	k141_26800	1642	d27eb9a8846dbd3010c4ad5212dfeb421a98440aaf38fe5f6d9b09b445ea492d
BASE_00006586	baseline	k141_5226	1512	11a375391de3dbd1db5d8daf62d045d4527d895bb1dcb9aa96b1b30bd17e75a4
BASE_00006587	baseline	k141_26801	1630	aee032498bcbc36991d4d6dba3a6cd1e5a63ca16fb6e5f2f3e16429745086220
BASE_00006588	baseline	k141_5228	1838	d627b4720ace53578fbbe192e185f651b70897ce9920ca6feb033dcfbf8a717a
BASE_00006589	baseline	k141_19600	6667	21fae362de41b578a543822b744d2e472229a1fe25b52094690b31f166b4f426
BASE_00006590	baseline	k141_26803	1953	3d8ffd97cadb66c21245d47798880c2cdb8f86b96e28339454a19dd6d347c62b
BASE_00006591	baseline	k141_19601	1237	a0940228b12c02ee72e3d2c91be793a8bb25a0d6836ed2f042ae6d14d3702765
BASE_00006592	baseline	k141_19602	2026	fbb548c19b2d3c2cee8f341e5b14898464a0df7c9c62fa741400a2aaa9b6b790
BASE_00006593	baseline	k141_19603	1030	53738933c764316c66001b30417ea0f95ab51bf9223767cbb03374cb3929ac87
BASE_00006594	baseline	k141_12865	5252	83a0b9ec1ba5a1bb6ed93d05e08497dfff62a7838cc9132ba53aad23ecd70296
BASE_00006595	baseline	k141_5239	1002	59b6061876b31fe370d10cc9cd2e3365bf49514546d0c301c339f4e04eadbd1f
BASE_00006596	baseline	k141_5240	1027	ce2a47bb8503fb3cf9bdfbe104ccd9130c5088a29c186e168cfd717325442320
BASE_00006597	baseline	k141_26812	1135	b07cba161838df3857d161c53bd75180743dd01f667448aaab1a5733bde618cd
BASE_00006598	baseline	k141_12866	2063	76bd670261118a7f0211928935cd6fa1ccdd27462b0e5b2922f8401a7f02ff1c
BASE_00006599	baseline	k141_19607	1142	3bd2bb370c46cf59b1f26829096548081289fa94dac875e1d8f5a0a212a6b11e
BASE_00006600	baseline	k141_5241	1945	c3a0ef03956c4f85bcb2fd944c1044d2d44ebdcb98c3541db20a3b6c3b50645e
BASE_00006601	baseline	k141_12870	1607	839f3785e3c81553b5ad4a97da78b18a55a40cbee5f2bbb5b49d6952a7022941
BASE_00006602	baseline	k141_5245	1257	edcc682d3a33861ee68854207c76d453185cbd0b35c1e9d81732ab2858ebd244
BASE_00006603	baseline	k141_19612	1609	64d41ceb3066c17f76ec50a1970bdc3a1bd1c8fa210f0cc6afd72ba292cb4df9
BASE_00006604	baseline	k141_5247	1720	76777c12e7b45fc871334286aa716bf2c803686173fa894d91ef983b88b59a7f
BASE_00006605	baseline	k141_26823	1066	07d6a6a41af46f2cd4c11866eb9d793dcf1b61d51eaa1d6bc605764db0066f9e
BASE_00006606	baseline	k141_19614	1192	ee0ee9d0283f84732c013e747b7a35250d4753f2d4df4ca2f58d2831a933730b
BASE_00006607	baseline	k141_12876	1336	243493df6b219a134ffff82e5325ebd3c4f64c99ba3581d9aef011fbc9d2f893
BASE_00006608	baseline	k141_12882	1023	c21cfe281f6b9f6195896eea3ca68d33bf1b134e527ab7800cef150ce52d8caf
BASE_00006609	baseline	k141_5252	3593	7d0f1f0b7db37975044b4990417f9adced5f445c1848e8606b2fba64a691b700
BASE_00006610	baseline	k141_26830	1940	56cbfed309d02ab2c6c13ae5b42dc56f8af5bc378cfe2ff97c02ec20f2314d45
BASE_00006611	baseline	k141_5254	1831	f0658802d2e566bbd3ab64224fd301dc53cdbcbefe648fd442cc634afcc693ab
BASE_00006612	baseline	k141_12887	2522	c16308d15da546f2f19ec84f3bf1883bf544566df07e1bc5227b97fec2992f14
BASE_00006613	baseline	k141_5256	1166	4e5c74622728222dce49106e11883cc8359fbec6486879a35bb2cf53665d5a56
BASE_00006614	baseline	k141_19629	1475	70ae33d63cee61485fbf9f90d6b8336dbaac543c3c06098aa852fa43266261ac
BASE_00006615	baseline	k141_12889	2103	fc98ecdcf0d27f92bf3ae42cbf3598a8cfacbc4a10c199cf5eaecec695ec39dd
BASE_00006616	baseline	k141_26832	4869	29985710542fa14a85cba88382c1b52738e6d387895d15d5f3f65c2b03c0b27e
BASE_00006617	baseline	k141_5259	1708	37132f7da83f54fe77eeb3e9ca7375cbe33fc21e9d41a3b6547313c090554e70
BASE_00006618	baseline	k141_19635	1693	909a03082b91015e5a49821ca19ae1642d1525cd25583c0aaca26cb541b60023
BASE_00006619	baseline	k141_26837	1099	087ef358ec0e8ec588fd41aea0d4296a127bcbc5e1167bcecd59bfd43672e40e
BASE_00006620	baseline	k141_5260	3708	7440c734193d3358a8a56e814d2d164ca5c96de908c3e868c5cca7f77e2a7d52
BASE_00006621	baseline	k141_12898	1823	c6b0b8affa0e55daaf3d79aa50466594dc19d145796b2c6952a295a5d32da5fb
BASE_00006622	baseline	k141_26846	1545	a1fc654a2104741ce1781b71cc14f089893bf3b979204cdb3950fd283794984c
BASE_00006623	baseline	k141_12902	1648	8f96844b626ce1d6bb8c08bdd6f2e378202c5ec373e70defc93347e01b856a8d
BASE_00006624	baseline	k141_5266	1291	2ffcc115788fe2c84f02cd18df892a245a327682c978726507f72744f74af493
BASE_00006625	baseline	k141_26848	1142	4877c33c352ca2b3f9b0928015aee899c0e5df7c6ec8faeb2853e58499092c27
BASE_00006626	baseline	k141_5267	3665	d842660d390b1721b21310b8284898099b2eefa125cf691307a22c619719514e
BASE_00006627	baseline	k141_26849	2939	49c70862bebdffab797befa8b4d368f8ca7fba6a00ed02073077b973f122c46a
BASE_00006628	baseline	k141_12906	2360	34fb18923ec2567d3e0461e0da42920bc13b137551c3365e7f59ad06747f10e3
BASE_00006629	baseline	k141_19639	8094	fc16244981ed9de391f6ffef225b7e7b93ff33378ffa815a8f3b47ca4f7f5088
BASE_00006630	baseline	k141_12907	1183	b749e64b8f9f6757fd9633c4696fd5f0add8bba91f9eb79a59f956d620e478f9
BASE_00006631	baseline	k141_26850	2814	387feb5ca295093ad2dd44ac3ba491d9907850b1e6f6156a2d1806ad915919ff
BASE_00006632	baseline	k141_5272	1359	9693ebdf8d5318d03af0e1a561f6ca1f9c12409813c2d197097eea03b3dab6f9
BASE_00006633	baseline	k141_12909	2718	ac74f347a8451cfd13ac1db460dc6345ee8234b74bb25fb0e6c36d8fbf8ca405
BASE_00006634	baseline	k141_5273	1043	40e113e0976fca7b33c16d32674a326f666fdb750b4dc0209543095693af7cd9
BASE_00006635	baseline	k141_26853	1539	bcc4ab7b782ea14e68b98c2eb91e76371267297940363f5eb957fdfb691f6c1d
BASE_00006636	baseline	k141_12911	1182	03d9be154d6cc174a1442fdc91a4c0f9d156480d63679b938ccf3b3a4a6d8f61
BASE_00006637	baseline	k141_5274	2251	882f63321139a1e98a4cf0d7eac620a53a153ea4c31a0ce2d15565a9de142ed2
BASE_00006638	baseline	k141_19642	5165	d5687e41cbe1fa3755aa9ecd7332a86b4987fa08647d3a3be560a17b867201dd
BASE_00006639	baseline	k141_26855	1425	6679e43d421bc6f31952fe28054523ceb0790d46408ca661beb13379e909c6b1
BASE_00006640	baseline	k141_12913	1214	8724ac38411de415ea2c57aa885c5ead256d1a0ada25082a1375923628ca3969
BASE_00006641	baseline	k141_19643	1424	7239509a4b784ae5cad04886039e84143c1aa6c53dde2b4947cca6aed3a3b6e1
BASE_00006642	baseline	k141_5275	2843	67b38741829f623e5fc1e7898a11b6ae6730e8e813c78aafd4fa9082f8d036de
BASE_00006643	baseline	k141_19644	2710	b1efd2f6b3ee089b10a2fd6c48b7d6d618f4c592e662353d2b988faa631564c6
BASE_00006644	baseline	k141_5278	2219	4b74cf83bb46f328bfd4fe64ca47de8074a30787119013ab88b1df80e67a7097
BASE_00006645	baseline	k141_19645	1829	ec3394573a8c334e3522cfdb50b37f88b62b89fd8e232757145ed71fe9a1ea3c
BASE_00006646	baseline	k141_5279	1221	ace98384114375168363e7becb5ab0f7d12bb408131103598344e605cf459419
BASE_00006647	baseline	k141_12924	1557	28dff1972572313be94a8a0d120fdd268c9e3c60cde5d4a925f40337b4a31909
BASE_00006648	baseline	k141_19649	1725	a5a2407e206bd688756042ee61a76ee5cb6b8a8957c3ddad7ad538b123786f7f
BASE_00006649	baseline	k141_26859	6156	3be1c2f00c8d40c417a405fec29a82881fd2355d98b32273fb3e99e5e5c010f1
BASE_00006650	baseline	k141_5283	1097	8cf4007926cf8cfb1147f61e2ff61ef9f8f03706d2b0cd4fa073c199f49cdf5a
BASE_00006651	baseline	k141_19651	1111	83db5cd0effa752773b4a70c06c72a0d7ce3e6245283d48ed0d0fc6138c4f297
BASE_00006652	baseline	k141_12928	1307	0b272f2320c7ef902bafca30ce8749f8867604bdde7dcf5eb6ef1fb37417aecb
BASE_00006653	baseline	k141_19652	1228	19d9c3b472b62a5144503bd230bc2bb6cd0c5ff86d55bf8049a7cb0e70a7c1f5
BASE_00006654	baseline	k141_26862	2937	2903bc529c3bbaa0e023e2eeb9e4bd7275550e497159636b6a28b075d5935a1b
BASE_00006655	baseline	k141_12931	1754	978eb06fea3b06986d5f2e22919506ed09202f9b0fd90c25335a37d254b8a5ac
BASE_00006656	baseline	k141_19654	1537	13b42b0551ceb8c9718c8917060ef0da7912b266bb950d4227754260a05c4db2
BASE_00006657	baseline	k141_5290	1776	3c1da2f2174aed07656954be54c2ec9916e454b119a95c17e93485480f6e1d29
BASE_00006658	baseline	k141_26864	1005	a9754d5d7735b6024ac44e80e98bf538e4fed618fbc847197b35fd0fa62ed6c1
BASE_00006659	baseline	k141_12932	1396	e415e975ef60eef7dfdef02ae2ccfb22ae642cb9713450c553269fcf95a516ac
BASE_00006660	baseline	k141_26865	1141	b6e07dca3885d371f6793c8fa25daf9057ac395fd8698f188f67f7d0b629d18f
BASE_00006661	baseline	k141_5291	3016	8fe8d6de986e4ce709b5d32690c39c4c9ed7ee56170e7115d8ed2e89c82c9f1c
BASE_00006662	baseline	k141_26868	1036	14b2659c00450eb6f60da528351f542e168540db9f70334b8cc823fa4a25fd86
BASE_00006663	baseline	k141_19659	2236	df7f87347044a2cbf7127e4fc58fce05cbb18d78cb58cf906298c93fc6c372e0
BASE_00006664	baseline	k141_12934	3761	148673213e72fd222eaeb5b2654417133e80cf20dd8d792657db03ddec51fdbd
BASE_00006665	baseline	k141_26873	1207	645ca29d22e70bcb1f8d4708259ac38c8a04663b109e16c5b0b9617517de3a77
BASE_00006666	baseline	k141_19662	1631	d1fa97d0266d47693917b867de8ab9d67e91a9a4a3bcd02c8b7347e00e03b515
BASE_00006667	baseline	k141_19663	1047	c2d9b287d44ae6acbb57efe4793740046a7d342338c35e0b39f6ccae8b99dc36
BASE_00006668	baseline	k141_19665	1445	928fdf07ad862b027add969c29d3b22064588e727a1c93509b030404f914a3fa
BASE_00006669	baseline	k141_26877	2508	7ce7d4a475956d15dc65a9dca18508a6967e8bfe370be151baa1463cfe56f63d
BASE_00006670	baseline	k141_19667	1288	c1ff6ccec0cac18204261f58b3dc1714bac1ceb9bda1adec2f73a27fdce0bf40
BASE_00006671	baseline	k141_12937	5530	ca9dee0a7eae4199c6879201bec879ebb4a2cdad014e35a2604d71b630c36af2
BASE_00006672	baseline	k141_19669	1286	3bb16db2dafbb59830c9ecbdcc416022ed9017ab1cd2dc727015ece7c99fe969
BASE_00006673	baseline	k141_12939	1011	eadd7719625966d5a57aec11c0620da00b87d129db985de9eb4fb1d89331d3a3
BASE_00006674	baseline	k141_26880	3133	7da8870cabd97c1770579615ba6a013a94bcc5e14517cb6b43da89506fe05629
BASE_00006675	baseline	k141_12946	1474	1e7d2b3f1d0fc322dbe7bf1afe0f1cfa1d7a2f8519398845ae4aa5240d6ff402
BASE_00006676	baseline	k141_19673	2615	ea33bc85ae2755c8c44439ea4da71d67a344151c93cba12c42efdd4ddb0d93c6
BASE_00006677	baseline	k141_19676	1342	fa6e6c016a1e6305360589b875060b789861e1f3fae57366101e36ae215c81ce
BASE_00006678	baseline	k141_12951	3296	054d8c94acb5d96c0c4efd3a6419b7c66a838f713888faf9640f1eb488561119
BASE_00006679	baseline	k141_26888	3907	3ec10451969af7cd7508c9ef2cfed466c6e03a560e348ceb05a1d1f1084ec079
BASE_00006680	baseline	k141_12954	1024	66355f2ee727798bca894f0452ebf4d37c5da64748089cd5286bfa178fa1ac0b
BASE_00006681	baseline	k141_26890	1580	b9125f2df1d59430892f455c756da83f8396c686a0713551ea1c70879377a6a9
BASE_00006682	baseline	k141_19678	6522	26010187135ecabfdef8dac30fe3d019fb2a855a965cb306a4a19587d8757e87
BASE_00006683	baseline	k141_19679	1879	f1a4c41d536dee5ec44d25b12dd42a444b2ef3ba6f20d9f93d38376ffa22849b
BASE_00006684	baseline	k141_26896	1573	9236ccab2fc321edcc7f38218b0d904bcb3fa29fef872c1872baddfa2c00202d
BASE_00006685	baseline	k141_19680	1064	55a720315a5ea168386047e452559bb45eaf5376e5da7a76117bd22ebf64522d
BASE_00006686	baseline	k141_12956	5123	17a67b966cdde00de8ca1989d406c51b78d3d25b1e3f259cd38eb3d827c77532
BASE_00006687	baseline	k141_19681	1557	f8c80677d10f152df4cc942b4c11769242632798b98190342cde536422e5727d
BASE_00006688	baseline	k141_19682	1000	5ff93217c8604069151d1b64342e3d25761dbecf13a39ce565584368dd960342
BASE_00006689	baseline	k141_12960	1310	a9a5fd96ddfb8f4cc3f69a6f7657541e18d5e7d557ff144d88526b500f40de07
BASE_00006690	baseline	k141_19685	1562	6ffedcf6ab758219d2183bcd6c5a8ae3555100360af8b25126262678325b9b3a
BASE_00006691	baseline	k141_26903	3379	c208bcc0f181192566613d6c8fa0b04a31799394abc1f9ab36b63552d4788f3c
BASE_00006692	baseline	k141_19686	1018	55113f52aa3c9a89dcfd6e6563a97fc47b39387847ea12fd4085390a83cef266
BASE_00006693	baseline	k141_12963	2095	f8b3005094c8a87b3826d537b780c4275f02e05d34a48790ba0f7a42c202f2be
BASE_00006694	baseline	k141_26905	1961	6b87b00f2dce08f5802934b83b331adf393e35713a1b761ab81ae0d2a4ddc3b7
BASE_00006695	baseline	k141_26908	1577	111d73da715ef74dc1c36677e241226ff93ae5a30ced0f47bd1129e28d7e5004
BASE_00006696	baseline	k141_12968	2456	a0fc418e4b1ff51f27511d2467310909ef1352f3c0c9d562649952873bc0161c
BASE_00006697	baseline	k141_19692	2162	01a5d59b02c8beb796a4d3e683a616ff3888d2bf4dbe2d0af15edcf1ae4783d9
BASE_00006698	baseline	k141_12971	2445	673a8697ba65eaa7f5fb9950e9b474a13d6f82b37cf552c7e4cc62023766628f
BASE_00006699	baseline	k141_26914	1361	9a5049342e8a246b9e0bad5625c15f33ce0782f20c32efb5f620b36fb580f19c
BASE_00006700	baseline	k141_19695	5434	c4b761b90a08cb0e960418d93ff4dbbb912e7748e71e1e46d2ecf2bc959cee34
BASE_00006701	baseline	k141_12973	3433	d70c549a84c0df226f3d6dcb348ad7a5e3d2fc54d6a5a967f022d1f5f2f5a0a2
BASE_00006702	baseline	k141_26915	4399	545b062a338c56b92c8cb39b73b59cf497d2121f5868f47744f7cdf2c79bf73a
BASE_00006703	baseline	k141_12974	1283	a3abeb7dbd00f09ecb2c223969cdcfd474bcc149e1a09ee5b7b2ea260e6a64c5
BASE_00006704	baseline	k141_19696	1881	0db4b4e519f95f578b134bcbc1c747763331668ac4944304f8fce5e1c876c96e
BASE_00006705	baseline	k141_19698	1221	ac528684f161ad174ae06283f884c6b1f9f735049dfaa7721bac13e6559a0319
BASE_00006706	baseline	k141_12977	1523	6d402f2597a132eda5f99eda9a47bfb45343da7d87ba1e2cf05e8034c9a93813
BASE_00006707	baseline	k141_26916	3752	4202c7f67f4f7c293e170a3a9a7174431e3eb4c02ef86fb47e1a39357160b79c
BASE_00006708	baseline	k141_19702	1039	46f980e0e2f6c6963fe2bc73a554d46805a84332f3f209ddb9c37c1cdef6f9fb
BASE_00006709	baseline	k141_26918	1703	fdf339481fd69b19768292ee845989a7509b9aa6ecc78b666f6c4b9fbe868062
BASE_00006710	baseline	k141_12978	2934	20fa24c0f5a5ef387d32157bfa448aac9572494c4d38d64d1025e5320c29e5a2
BASE_00006711	baseline	k141_19703	1010	ca147fcb6dd1e365aa075f1731d2b9c46b63207f45674ef8009335cddf812169
BASE_00006712	baseline	k141_26920	1188	34cf52c605f7dee8a68e6822f4c1ec79d5bc35540bb848b252d2b81563bf19d6
BASE_00006713	baseline	k141_12982	1273	7747fa5c7ee5dd24976e45d8584f1b290458834731899bb8fcb241ba18aa51b1
BASE_00006714	baseline	k141_26923	1032	ca88789858da843fefc66fdd4f5f95ad3bd765af5728154b1a79f33af4b676b4
BASE_00006715	baseline	k141_12984	1282	608b909a94a500ecfef1a285676ec99c4400998faeb8c023303830a1fbf09223
BASE_00006716	baseline	k141_12986	2447	7299f697d088d2226624d7694f53e76eadd113123671d4deccb18546aedf0f07
BASE_00006717	baseline	k141_19713	1192	64a075ae8867f3a87da5edffe20fb9709eb4341af03ec27985ad5d2280b894af
BASE_00006718	baseline	k141_26926	3812	cfca2e09e0aac2b5a56265ca222d5271444b46e7378fda5d9249e803b91927e0
BASE_00006719	baseline	k141_19714	2279	0accd370a1353b311343b347b145be0a2d0ed587b705bc09b86e2223db069383
BASE_00006720	baseline	k141_26927	1172	42ebfe9cf3ffa07de29feca849dd6336d7f38034870598ebf1980f18e379693b
BASE_00006721	baseline	k141_12989	3663	eab10ccf80ce0005401c749bc2156fb8136a54a211e254c1c483095639bad4a7
BASE_00006722	baseline	k141_19720	1043	d2533f2986d6e32d6ef146a5673c66afef4e068c1955d0fabcd6d00aa5bba805
BASE_00006723	baseline	k141_26932	1402	7207f3a03c05da8df59be9bf79d1cdc3fd810afd211c2c0005873f11c8e1b224
BASE_00006724	baseline	k141_26933	1539	4d7277413d17169da23397de6035342ce9c4540b1580e8d999ed0a3a5947086d
BASE_00006725	baseline	k141_12990	3678	6a3f0f29a3211da988488549fc668e59ef4865491a9a44b4990c976c29a95d2d
BASE_00006726	baseline	k141_26936	3058	182649e27993c53cbd0feb22e95b5f2f3da319c8b8a95ee541d5bca975c2ae1f
BASE_00006727	baseline	k141_26937	1631	b032d687efc81a014e80f868a0b3df1944ead8f9f14b472610c48f2437653cba
BASE_00006728	baseline	k141_12991	5032	49cb7e3b2cd16466d9dbef3a4960fbaba38254fc740f55a572a2b674345f3ae8
BASE_00006729	baseline	k141_12994	2284	f5c3e33dbc9494d67435d9ee6d730c9444108fbc8ebe2dfd55f123745be030ca
BASE_00006730	baseline	k141_19722	11230	48d71a1509473bc68618990740177113fee73551397f84c3bc34b2a9e83623fa
BASE_00006731	baseline	k141_26944	1391	7f44ccf4ea86faf6a028db60fb2cba45faa593dbf48c87304f90c4bae791de82
BASE_00006732	baseline	k141_19723	1244	d512f602b2dbebc12871ad50f34e36169cc16ea201db80976c302eb7ba8e82c1
BASE_00006733	baseline	k141_19724	1090	87f325e0eb49001995b840cc623a7c3d341c2620d7d7a1e2da877c8524d61f84
BASE_00006734	baseline	k141_12995	4236	33bf7eed49ce6afadc50740e788c41074154ca173240d52523727daaebae117a
BASE_00006735	baseline	k141_19725	1755	9596270d68b3d389189f608cef21419bf19bb0948ace8cb84e53b38647393925
BASE_00006736	baseline	k141_12996	1351	b02343195c39c8c4eb261b79836f130b6db4cab7585ddc1f7540bbdc394a7199
BASE_00006737	baseline	k141_26948	3937	d04beac9bf27f484e1941cbe7efa55909a924181733e8879948aeb7017fd12fa
BASE_00006738	baseline	k141_26949	1166	53b4f6caee67bbae810507c05722d194dff26240c9747b806025c0fedb2e193e
BASE_00006739	baseline	k141_19729	1266	6458301c0cb46ca6bccbd841821ba1cb54a630e6d8ccd4d9dd01a7f17d06484d
BASE_00006740	baseline	k141_19733	1366	62a296c2f5e6527cedc9e677c3f813f52bbd051f35610a8c4dcaed30bd7765c6
BASE_00006741	baseline	k141_19734	1152	67e9002171a843d8505ff9c3e38f3cfb5b2cf81f2b19f86b0ca9e63b966088b4
BASE_00006742	baseline	k141_26958	1111	03716c9e23eb53ec09f1431932d49b978ec6981d7065c87600fbb7533bef0e79
BASE_00006743	baseline	k141_19736	1351	055fe9fd2e6b11f5fe011a4b432a6a94eaff258a8797ee52e3fe64fe9ad3005b
BASE_00006744	baseline	k141_26959	1474	4aecb1e46686c01e529d2ca43a054561c295bb50d41277e7fc8a8a753651bb15
BASE_00006745	baseline	k141_5294	86926	9286e7a3966da1923a0645783f428fa850bf1c014bb24350a283ed092d465894
BASE_00006746	baseline	k141_13007	5701	3c707482dd35ee4b01a6075db8d341a9e0b6682831823ae2e6216b6ecaf54083
BASE_00006747	baseline	k141_19737	2039	439a4b0df09eeab253fe7184b0a1855d4f3d24fc5976ba71a1537f470fc1e2a7
BASE_00006748	baseline	k141_13008	1635	31a76a30bf633a00dcf00111b5b496bcce49a7da72913abdfe4a284f6f8fa991
BASE_00006749	baseline	k141_5296	1344	c858f0dfa7ec028693817d81210db3a675335b3f3cc37cb4342af85b4c278ef7
BASE_00006750	baseline	k141_19738	1323	ddfe0ef6cc5bfb96954d714468c30e9812866056c60df6d12e98c345287662e7
BASE_00006751	baseline	k141_13010	1129	43df471a387928ab30262bdb01d3d211d00625f346f9fc817d1d5073f5802db1
BASE_00006752	baseline	k141_5298	1156	f08a001a133f8d0a81c2105645657790e2779a694159d9bbe26c4515b034be13
BASE_00006753	baseline	k141_26961	6094	29c4a709b1fa1bf90ec8eebb0a2005b1c92579c41919b508c1248ea5b4165a94
BASE_00006754	baseline	k141_19742	2304	5bc5653de14b077119c045c02873373059b67be75a8de791ed7641d607a03af2
BASE_00006755	baseline	k141_13011	4477	4652613fd10605214461e5aeae1c19c1162f07f5862ac9f9a6533292272f7759
BASE_00006756	baseline	k141_5305	2065	a9a569a65012c61469df1a70e149e1ca25e5317ac3892a52d861d0d8351dc795
BASE_00006757	baseline	k141_26966	1848	f1f30582fc2664b7d1cae87aca100b982b0fbf89a1fdc639bdadd34435bc9c84
BASE_00006758	baseline	k141_13016	1171	6c9d49bf85da8312b9f616147ac58d68c78cca45165af7312d9704ac18f25446
BASE_00006759	baseline	k141_19751	1456	b7a6fbb0f5258b775b061ae95986142db1c1c25a0e925ee77cd111518b537059
BASE_00006760	baseline	k141_26969	1123	44119f9d7176ac9df90bbdf84c291365d478de8bdea0520d7670b271dc5bd314
BASE_00006761	baseline	k141_5306	5050	a879a1fe448b1ff04d03527eb5778ecf48a15aa2110fa63765cf94ddd66766df
BASE_00006762	baseline	k141_26972	2403	047328cef68b1996fb779634fd44a1bd3d70a2a5cf325b66b1aa366c69887a3c
BASE_00006763	baseline	k141_19754	2299	67ab624f969dceed8ad8b25919e663e8f35bc280ab13c81572c8c8bc57895dae
BASE_00006764	baseline	k141_19755	1003	a3f4089ecf2be061eb656d06ada15d6c9fbe1bf7be86c8cbdd82ca27686040ed
BASE_00006765	baseline	k141_13022	2220	8d8b6d368bbeead68e87b2dd4f8b761c21fb179514c09286ccb87936fc78461c
BASE_00006766	baseline	k141_5308	2146	22c9c1793e462b13838797e97d33949fc12f1bd8d224073580deee606aac0fc1
BASE_00006767	baseline	k141_5309	1080	baf37a1e71b798ab2b5ac26dd77e9b9a40df02b16c8b8f25369c308b929ec036
BASE_00006768	baseline	k141_13026	1003	cbc6876b284342929b56ad98f897424ec4fdd7430150bcf6eec9188513149d41
BASE_00006769	baseline	k141_26974	4825	83dd28aa2ec534f0560fc14b24fbb7a13dd9467aedc9ae5a29cf840629b36c79
BASE_00006770	baseline	k141_13027	2614	0f4121d50c68ab27eaddccd5d25acdf6a8184c853f474292026898adfb5feb17
BASE_00006771	baseline	k141_19757	6158	4292a65ce851f5ca34313e3b8006672f66136949234f1cd3d6d64bb7e6570c70
BASE_00006772	baseline	k141_5316	2641	2d4eb0f6d8dbd75f590fd7bb8b991b1d0ad1a3c7fcf3a2ad7112787030a057f2
BASE_00006773	baseline	k141_5317	1075	cbd48718a8ef73b9d0713321436c2cbbf23e182166e6da4b4c722c2855993fd4
BASE_00006774	baseline	k141_13030	2916	af69abddb6ba46133f495133fb8156ee9a37ac858c3bfbe08ca78cd1bbb497bf
BASE_00006775	baseline	k141_26977	4151	496b423e1f83bb8e733a21c049b966d8035d4bb59508c3a58c266a48fc11024f
BASE_00006776	baseline	k141_19759	2376	e91a38ad6d852396a6b08141c10bfc6f0ba45435f6cb4953c1313738bb81446b
BASE_00006777	baseline	k141_5318	1425	7524f4df173a3d5023735237aabeb2f12b93e3e281319b448dc3bf9e2d1d1b14
BASE_00006778	baseline	k141_26979	1041	26665ab280ccd88d57aa62a7cb2e96ecd23dce91a66319a7d995e55e99cd0177
BASE_00006779	baseline	k141_13032	1643	1655dbe0a12e05c9951a441171c4959e12948376d626f414b1a1962ce8b081f4
BASE_00006780	baseline	k141_19761	1132	5d8b05388836ff8c0658419eb7e4f61f8189992f5d7ef23281cc96f902356ce8
BASE_00006781	baseline	k141_13033	1219	86ea8c9aa4a531ef501d348391a7ae24a42d718d088d202c3930646dce195864
BASE_00006782	baseline	k141_26981	2359	dfd682ed8d5c2a2409a9910c9893e22fa1f1e80451ca1877f4cc9ac01f3fa50d
BASE_00006783	baseline	k141_13036	1445	1335c17383c17f22b5c88b8d6cabc82d10181fdc3425d86fafd4a18314b74999
BASE_00006784	baseline	k141_5323	2378	3d2470c961eab2dc5347295c3bb73da1fc1d65320b540cb396fb99b5df044190
BASE_00006785	baseline	k141_19766	2075	5c880d99257c9f5822c6cdaaba2ac6d7de5e737cbf859df5bccf129d6e616ba2
BASE_00006786	baseline	k141_5326	1095	100d6ac9c4cce0033ef9be905318c76e930739dc4f1d1efd6d8ab0a763cc6b88
BASE_00006787	baseline	k141_26988	1130	f21442fe0d646c34a365e1b338b78d829cdaa05de4d2285c44ee7ba5a22e93a1
BASE_00006788	baseline	k141_19769	1393	eef3eabfcb831a5a066e53716c86e882016c9c791e7ce07f7c769459cd07c3ef
BASE_00006789	baseline	k141_5328	1252	e2bc3e1125a8b475d6e7f7af3cc12315a3b37a9d67507582dad3152a3717044b
BASE_00006790	baseline	k141_13042	2344	ac5b73f9ebb34419df73cc4ed054344fba9f3354556b0b0e3e18538dc87d2d6f
BASE_00006791	baseline	k141_26990	2712	58b73f99f000731c7f75a5989cd4664f8a244a9cf7ff427ba436300e79982e84
BASE_00006792	baseline	k141_5331	1091	55bfbbb04c73fb6dd84e13af393e84020dbbb3ab3073399fde6c95c33bc0209f
BASE_00006793	baseline	k141_19771	3862	d6281ef1735cee573e64530a39c74a7c6cf770c4660e621a8a0da7f8f04ec2e7
BASE_00006794	baseline	k141_26992	1782	6d8574e9a17d98cb02c4947c700770fc5326a7b09fb5ec913d90a6f4298edd1b
BASE_00006795	baseline	k141_5334	1987	61bc0bfff699dfdd76d473b335c98b6758afbb15eccc68e3f45b691b5a6f2845
BASE_00006796	baseline	k141_13048	2821	34bb298df6e67e96420d3f2fd7ee675e98863fd51ef902a79617eebfd3590709
BASE_00006797	baseline	k141_26995	1885	e6ebbf93e4d0d82c56ccbe47a9b2d77c69ecf98ddda1d60c61e1b9db44514978
BASE_00006798	baseline	k141_5338	2662	5542e1c99b7fa68b36e11cfd081bfade593d655fb08c8818fe9f3c6601c1ab1d
BASE_00006799	baseline	k141_13049	2617	e173421835d97d76a4f40ded3feb713caea811aa4d93e37062ab2d868428e2af
BASE_00006800	baseline	k141_19777	2821	3ab176675b9bcd1aed16a240321712b072da6b97ecf8d56639f04ebca733b0ca
BASE_00006801	baseline	k141_13050	1161	35ef0f10f0f62e4f6ab6280039308d9da9fa2633cb91251847754b5ab8826536
BASE_00006802	baseline	k141_26998	2528	c0a800891755b100f56bfe12c8c850a051c655e7441531b7af133694919b1ab4
BASE_00006803	baseline	k141_19778	1146	8d3133a310cbfe67e32731b0aaf02b3b1a8673ccc2e84c06be1082505910bfbe
BASE_00006804	baseline	k141_27000	1103	afd45a932629acad774061ebff52b5569052dad6963c8e4b0b7900549a1ba52b
BASE_00006805	baseline	k141_13053	1737	37a25e5945b50386d62a847386012ffbd0bc85c6d4735cd1a882c3208d97ca18
BASE_00006806	baseline	k141_27001	2719	ed7c8545323cb8e644eee819c447ee75d246ced0c7e79c6dc769a0ae9a797c49
BASE_00006807	baseline	k141_19784	1270	865ad83d5e83e7910ec6a9e0f5d022229601dc580cf765db1ab24feaaad1db1a
BASE_00006808	baseline	k141_13055	1366	3641c6db1c8a2a05a39957e345de8714e0b058373ceac992c788f0950072b6e0
BASE_00006809	baseline	k141_27002	1534	b16698fe801c33883d4a659fb0931c6330f504624b4ebfbc1c66727b9591eb2d
BASE_00006810	baseline	k141_27003	1050	c6dcb52d8f7d1b18315ae304e4074c8d6484d064cafacbf06357017ba08b8dae
BASE_00006811	baseline	k141_19785	3659	7376f495ba5bea0bb3c9443a844bff409757d0722b4126e7206f87b979e7cca3
BASE_00006812	baseline	k141_27004	2460	224744cf76acd7abf1c1ece30978b2e320eed7a547ebc992c790943cca5738ef
BASE_00006813	baseline	k141_19788	1395	9c48f6e5aee767320451604cf121759426d481898061c5ce586e6ef4210096e7
BASE_00006814	baseline	k141_27008	1579	09c03f11c78befa74aa974ee510ee91e7c7bc81cf579123a8a32a5642d3c9fdc
BASE_00006815	baseline	k141_19791	1392	c75c97ab5b5dd0386c29e20c8eafa65f72b4a7586d083dae44a80606833f56aa
BASE_00006816	baseline	k141_19799	2387	a697f3c62569cfa04dfbb0872768faabc6ba5811a2134b4b9e754d4010a12948
BASE_00006817	baseline	k141_27011	5972	a5618d022f05df5310d47ad8912b1104a86f16ca71783f40c591616de6de8bd8
BASE_00006818	baseline	k141_27013	1704	401f4dbaec52c3268f794b2068ad755884534c62be016abe4ba385e7d3dbe0b8
BASE_00006819	baseline	k141_19804	1084	fcec4f995e8d332b9e3f72c8e8482f42a4abe674000956b7ac92bdcc4bb0bb1d
BASE_00006820	baseline	k141_27016	1564	8b2f10beed243c1f4be7012a71013275f8f7ff93cb02a47c1042ccaa8777113f
BASE_00006821	baseline	k141_19806	1303	fbc54913911790ae008af544d84937869c7b9d57d24cf930ea2df4c78eebb0f1
BASE_00006822	baseline	k141_27017	1466	32a31c25178c2a62948e7815d0dc36acd0124974839b2df3e03471e386796fd7
BASE_00006823	baseline	k141_27018	1854	e1a6b702b3696a5b4455a14113146127f812a09749fb7a9a11fe87c519bf8678
BASE_00006824	baseline	k141_19810	1826	f2fc11734adc4a4ca7f2e1b7b94cc3e39685f18e5be1b470dd76e9733f5d7df3
BASE_00006825	baseline	k141_27019	2074	d89d5f5bda98d67198ec8a830f19f1c5b4197f887035ee5589cb350109e4ba30
BASE_00006826	baseline	k141_19815	1125	46ff8c56c17d71736cca0bf579f1d5498a16e802db073bd67de2368fa7d91a47
BASE_00006827	baseline	k141_13061	23185	58907c562e5312899b3dda13c7edc4a03ff0ebb948bf54436125ce3027b7ddc5
BASE_00006828	baseline	k141_13062	1150	55c316b67ae19b13a4150d8955c5824667ef358b70a2fbfb04c1106dc3069e63
BASE_00006829	baseline	k141_19817	2099	b46c6eb6756251741d4ff08df998a5bd0716ef083c8305ca1ee090dc3d18ae25
BASE_00006830	baseline	k141_27029	1496	2389bbf52a7ea1e0ff5a3e2eba1137541068f63672ce931e98419cc3656bf2de
BASE_00006831	baseline	k141_13065	2761	e9026724bcd064be7651e200720a32daad7315586212102817cadc9bd57d4a66
BASE_00006832	baseline	k141_19823	1084	cf5303da628bde577df5795f078473290def402fa6ee48a9c6334743de210d74
BASE_00006833	baseline	k141_27033	1962	9d96bbdaa3e5a506a22b314cd2e3890ece02786da2f36e01375bd3d76dd8219f
BASE_00006834	baseline	k141_19825	1002	baf02c56703844c1ecc42c80bddeb80d10f00295a1681b9e6a1091d4f241ce66
BASE_00006835	baseline	k141_13071	1770	3b184435e5b14af9837e222403e9456e2a3f5fb0f179e45c2b29b1fd279a658a
BASE_00006836	baseline	k141_27038	1100	94420d2fa2fb7965e9ab324f55a49b881a14253a5a975c07464aba4d17b731dc
BASE_00006837	baseline	k141_19832	1754	3e5419654875ebf5c1d967a890f9a44d42ad24b3304204279a35f03095225f62
BASE_00006838	baseline	k141_13074	1489	03941aa947d161c797a147d5d0155e2205885060ee3a94a9114f5164a2c44d32
BASE_00006839	baseline	k141_27040	2015	50c26144b231519cc4f2a7ab9a680f6576b4c3c23360fd0519b178603edb750d
BASE_00006840	baseline	k141_13075	1070	b52cf5ca965246e8b772a974f4496852efbf081398d6ba4701667e4cdc38d04d
BASE_00006841	baseline	k141_19833	1468	3a69758bda0859bcfd92d58b107fdf7ce9240d717bf97aab61342d68d06335d4
BASE_00006842	baseline	k141_27041	1842	9ccd32f3447cc93e34fbe50c1cf3781fd6d3ca8db81002300f8ce64f95cd5ce4
BASE_00006843	baseline	k141_13076	2342	de3140d439aa99169bd973a3615f1aba17cd414acf5f41fe1b722ead2f10703e
BASE_00006844	baseline	k141_27042	1128	7f6af8db2450ea9f6404681dd660d7da07fdd2f6f71e9c126f692d38ed51b8b2
BASE_00006845	baseline	k141_27045	1096	863546dc187519ee25e08e39f13752a3a4bc06b873d5e500a6e1a07dfad7d81b
BASE_00006846	baseline	k141_19836	3461	fc380a71db135b887e29db68d8bcdb2304187036798ad6764664637a2b3a1b78
BASE_00006847	baseline	k141_13079	2243	f3e21fcaa35119a318e104eaab3d999e5c856574ec049e5294f10ddab43ecfd1
BASE_00006848	baseline	k141_13080	1702	a16577fb76d835333245be2f845d13c628eba4d538bc7c296467c48f2c4996f6
BASE_00006849	baseline	k141_27049	3092	acd524c4671fe013e54de67ffb2f4acb98d42aafa160cb0ff771d078a7622d7d
BASE_00006850	baseline	k141_27052	2118	d320ba6a66e705e7b78829a30f59bc76a076fd7c7e9f1d4cb5f1306e87f63936
BASE_00006851	baseline	k141_19841	5312	9bb00030b3408cccc740411ef3284c72c407702391f84d6bc02d9bde13e06cb1
BASE_00006852	baseline	k141_13093	1344	e0870b69787443ceeaebb08851f49208d6c05a1d55cb95b11d1bf0be41cbca87
BASE_00006853	baseline	k141_27055	1260	a4ead5409ad2c10b37aabc641eb90cd1bd3651c03437c935e4f834e47da34320
BASE_00006854	baseline	k141_19846	1531	b6b47b43cd1966fec48f47957789b9b29de05fdcfee4563efcf2ec72c297a249
BASE_00006855	baseline	k141_27059	1246	82cba8b26741ceea50452745c3ff15a97e09d3ca797022bf556b87dcf17da33e
BASE_00006856	baseline	k141_5340	61643	53626a430297c13c1cc3306d5593a1c7b37cfa7400386c4f0109558d5659323d
BASE_00006857	baseline	k141_19847	1520	57fc866a7f991c267e083ee7d5bd3e9ec97ccc5435bfb349602ee4cce23320d5
BASE_00006858	baseline	k141_5342	1253	38a7013d2ccbf9d253005711c81f659965c8cfa0fb8482d4b54cb729bc8a2be7
BASE_00006859	baseline	k141_27060	2867	1ce4a9b2abf31feef6e5442c5d5cf630c38cebf61866f017731e523ecca9e59b
BASE_00006860	baseline	k141_19850	1861	01f9c3de0440bd26153e5d2a20ca8bed2d5ea4975b22741851910b65fa1c8cf7
BASE_00006861	baseline	k141_13098	4831	cd287cd3d3c548473de9d4f92efbd0f68b15044d85faf7aca7f03d0d428b156c
BASE_00006862	baseline	k141_27061	1797	651a36e6438976a90386eeed49eafccb9340cc1320185c68037582d624b5e5ed
BASE_00006863	baseline	k141_19853	1927	928be108e6067b6206ed9ad1b08586ee8ffa0f6e65f221df0f79e8c540f8478f
BASE_00006864	baseline	k141_5345	2683	4b8f39460ddd3394498c1fe0b32dccad5f18d6c58bb2462443b4b70e3390fdc4
BASE_00006865	baseline	k141_19854	1169	d335cf8ecb523ff2c8cced2ebc7863f7830dcdf3b23997c0e6c128c95268d7d0
BASE_00006866	baseline	k141_5346	1185	6e981bdc002a5f1769c3f953b4dcecdd2ae40b7a4f5da562884bcf970fcaf51f
BASE_00006867	baseline	k141_13101	2626	8457732c51638278f6f9b8ae2791449f60464dd15155df486484b5f7feab8685
BASE_00006868	baseline	k141_27065	1970	29016adbd3ee618b27a6be080a4abb6f1fb81eadd77038d3bc057a076f73a5dd
BASE_00006869	baseline	k141_19856	2523	f69c1c4eeb85534d2d53261da86586558a53ffe7b67b4b7e19af3d742dc663b8
BASE_00006870	baseline	k141_5352	1597	4282b479076d0c9372a766bd5e89fae7967575efbe853467ef8e54d4b427da09
BASE_00006871	baseline	k141_27066	2906	73ba8e4984c5f70a89eb95570cd7ce75b8f2f195d8de616ad890ddccafe50ef1
BASE_00006872	baseline	k141_13107	1266	4c57d1cea6bee5cddfb022a8d07b3f71d4cc428f67f519064e8cfe0dc6491605
BASE_00006873	baseline	k141_27068	1205	1991f14708265fc31c61a00a7a8a779fa5664538d780b51b3c1ccfd8fb9d8070
BASE_00006874	baseline	k141_13111	1117	3a5d87a057aff381a246679949f2c5e430e2e92210e840ab476198f8bc94bf16
BASE_00006875	baseline	k141_19858	3810	423470b152c3a2e87429e8fb70a8a1a9c4080e32d33e1b81d5800937b4583119
BASE_00006876	baseline	k141_5355	2874	2fd26cf689179af90cf8eac5b1727b8b9e9e3bc3d9c10ccdbc66b80ca7d6c5f3
BASE_00006877	baseline	k141_27070	1424	70ae0680cc42cdbd96432cd782eb1a20359324f318f94bb89f78d4d0ca40a709
BASE_00006878	baseline	k141_19862	1114	d0eec2a495720ffe34246037136968a70a205406a1da06a8fdc9bf9069402b34
BASE_00006879	baseline	k141_27072	1209	136d59121b1d5fbfdad9debdfd25921d38a67181593655a3546fb89a6d3ca3b2
BASE_00006880	baseline	k141_13115	2787	df1ebc7c571995acc31c068ce112546eac3fe2665d2530600f7c1904cde6351d
BASE_00006881	baseline	k141_19865	1253	83901d95cc5cd716e77b3bc984cd5dffa0c49db56f27ac79ff53c7aa2e8d886f
BASE_00006882	baseline	k141_5357	4727	3a527e113412d9736fc9d8ce1c30642acc0e2f1078cdadb77f8ea4ca384bcb6d
BASE_00006883	baseline	k141_13117	3698	f0fe749d29fdc07312ea996621af2ac873ca3ad854abc4ca33022338d2440064
BASE_00006884	baseline	k141_19866	4043	cdcf8fcfdcc8dab0da3aabcbc37079fdff922299b2095cc2a66e237a63fad6f8
BASE_00006885	baseline	k141_5362	1558	bb4b299ff9f89d0e0454b130586b39c646f120cb5a3606220589992e70afef52
BASE_00006886	baseline	k141_13119	1453	e7074b2e43ffc4a6a0beb18e143bfe824bce5fe2263f5284598dd1045e7985b6
BASE_00006887	baseline	k141_5364	1198	f68e138977585b2ad54df2d1fa90c72bdd39c609874d3abc9cec60fe2ce5ad03
BASE_00006888	baseline	k141_27077	6494	5d8fdea5b21cdc309bd871f78c3921f5218874e0b5f9ebabe858418c791c3fa7
BASE_00006889	baseline	k141_5366	1231	54f76b2588b369f0498ed105a465000cac64bf0f2516b5afe9156dec3ac43667
BASE_00006890	baseline	k141_13122	1292	bbdea8ea848e4b0023ac6c7d5cd308f82cea8c4a11d26633a05ead7c6618ebdb
BASE_00006891	baseline	k141_5367	1081	c40b267330f67034d63cc192c63f445a4d5ada939443870bedbc68ababf96652
BASE_00006892	baseline	k141_19867	6036	fcf98e600a0c67178ee5f3186500070ea555ad043847bdd5281cc1dbe8004fdc
BASE_00006893	baseline	k141_13125	1931	3d340d827aa69bab97a618891b3f3ef8987f135059e3f1ba08c1f380df6b0e71
BASE_00006894	baseline	k141_5372	1007	5a206003b2a35b3a2242155a3b175929235561536cc4e63ef27b2d50599d2178
BASE_00006895	baseline	k141_19868	1471	51887b1a96269f455e3e34be1f6a5ed81c1dd0d1829aa7c368f44590a84991aa
BASE_00006896	baseline	k141_27086	2133	86ecbc5127b0414f08db152cd43696af7a9a75a9e6b17fb02d1961c5419e0843
BASE_00006897	baseline	k141_27087	1054	cb2651c60cd02dfdf94b21a1c67dba487d93b8110fa344b736c65a77666d18af
BASE_00006898	baseline	k141_13128	1268	28eb2ef1b9f025d3fbe733a61e4751fe57317676be2a97042349f420624c8184
BASE_00006899	baseline	k141_27091	1827	c3577db6c29de2372ec6e975bca87aa5bd176c811e4116e14a9dea1c4717ffc8
BASE_00006900	baseline	k141_5375	5527	5b1b8327a4d2cc3ee1ce4f73f6b3c1cc14429af63faccca5b8661fd7a867c9bb
BASE_00006901	baseline	k141_19874	3301	c9d1c1a49ea3e5dfa004c00072afe2b236a9f99d24da56ee0e0b8287d2a52bbb
BASE_00006902	baseline	k141_13132	3442	ca5102f47e3bcff22ad19d71d069b92239432413a33fe06b5d2bd2533584c04f
BASE_00006903	baseline	k141_5376	1434	261bd1e18f1ba1bc3bf16ffd34b95d436626e9c81bacc77f98cd5c77d60cc6ab
BASE_00006904	baseline	k141_13134	1027	1b9c93f5f1d10df19bc3b50495f81453156a840c276ab76f737a05c034a2a65f
BASE_00006905	baseline	k141_19876	1902	a2c6ce9370d35be66825c9092c6b9b4915e8b0dead3a846b71d2610411f16d44
BASE_00006906	baseline	k141_27097	1162	d8f10c2c802e4feac272fbd1a86d4ef425dba04a1ecb4271677a75ee28b21f88
BASE_00006907	baseline	k141_5381	1276	93483a0e9c39c7cc38c164c79d93fee90e49f10b0e328cfc954978879550a073
BASE_00006908	baseline	k141_19878	1938	a714599268407bbbae4947ee42b74f945fadb54552b4afefe829f2e7edc6c653
BASE_00006909	baseline	k141_13139	1677	b05c94af5d3ab12831091bbd97d1d2c0c8d973a820e6b70109ff1e66be53e92f
BASE_00006910	baseline	k141_27101	3042	a19db1c5da11f00ebcffbd186d2f0954f6093c7254fbce9558e43776d4ff9aeb
BASE_00006911	baseline	k141_5388	1165	53b78d9c7470110a7db1226ecbbb71825f444819312881ac5582915773ef7996
BASE_00006912	baseline	k141_19884	1263	d0f5326060d1e5e1911063b4d0409a96de7727d4965f273841820885c295b1d4
BASE_00006913	baseline	k141_27102	1422	abedc049c167311c7bc876b6e539cfb8247a1ebd49515f242a567333380ccb66
BASE_00006914	baseline	k141_13142	3049	a0d260382d7d8991f6a35204a4ad083c375f5bfb5b483c2181d514ca17c441ce
BASE_00006915	baseline	k141_19886	1124	c76cb01b405ae62139d1b818bda16caee9f1fbf4a1deb1f29648f326325974a0
BASE_00006916	baseline	k141_27103	1552	94fe7cb16d02f9296792688f39b26493283a9896240b9fa283eaebf7ae88b240
BASE_00006917	baseline	k141_13144	1082	ee0ee921204c68187fcf27f5417bc3a19e6e89b164df66d82c910d3489fbf5df
BASE_00006918	baseline	k141_13147	1365	96e6b11f367b6a25a27b0364c55d3cb856f96d3226eba077417f932143558495
BASE_00006919	baseline	k141_19888	3190	4cd5991f1da5b56d02ff62b4cfde7e8027f1d094f94f7a2a3ded255d8c990332
BASE_00006920	baseline	k141_13148	2348	377ec4cda530a0952fe7b96d948c7f82d7040dae81bbad4af392eff1919635ea
BASE_00006921	baseline	k141_5392	5935	01a2375b05e5eafd189b98d0262b885d9ca795b9f754bc9f31cf9c26fcda4a50
BASE_00006922	baseline	k141_13149	1141	66d63cb646ea0c417b4fb47ca0ebbaef5a9d0e215990238d9d4bcb33aaa57d0b
BASE_00006923	baseline	k141_19889	2048	289f1f593f12f990249ee04f9d25f1a99a5e8b1c42d6f85e88acee1a76f0161e
BASE_00006924	baseline	k141_13150	1152	57fe089947b76a137689441c60a342833d04475ef538a4c627006e38344dba47
BASE_00006925	baseline	k141_5395	1020	938f5cb3a924b3fde7c5940d7889f64cb6d6f7c496a78a7b381e76c08d23a507
BASE_00006926	baseline	k141_13151	1342	442a472163f24b1d5a062bd4a18714d839c363ea2de4f6c97e9aa7cc40deb103
BASE_00006927	baseline	k141_5397	1026	a75034645b5753632387182f820fd4618bb639c77d4100212f7f0511ffe71d31
BASE_00006928	baseline	k141_27117	1161	6a9a5d306e87d65236628a122a004a7230d854b8024f955b13bf1238b5fc5f95
BASE_00006929	baseline	k141_13152	1461	57577e8b4d8f5ed02b22ba1a0ef47c6f18cf0f4bb76ecd9d0d43dbc2e1c9ba5a
BASE_00006930	baseline	k141_19892	3293	c3a0cf9481f1e6c15c49421b06f0beb169217f542d0d2493045e7a26c3dc6a85
BASE_00006931	baseline	k141_27118	1414	18ff795c69dd19afff0757249a77d07dec0ec96344ec623cf9c21fa5d8c8614c
BASE_00006932	baseline	k141_13154	1649	84db9d3da3b7e438d2484069fc88ded45d10c81813bb29443aa5adf922c6d360
BASE_00006933	baseline	k141_19894	1216	b107f7b36612677d666dfb09511578eec48e8b474aa67fff11f57e75198bb8fd
BASE_00006934	baseline	k141_5405	1447	1ea9804db5adf65ff5923a16d81442447c77e28c84caf67ee9250ce9d9377d3d
BASE_00006935	baseline	k141_19895	1855	a400a1e7eafbef86ca9585ee628969d4ec401d6a23d84e35d542ed3432eef774
BASE_00006936	baseline	k141_13157	1492	0905248ae064536a24047ea0e96c011b305a36e72d8c537a7fe03e01db695278
BASE_00006937	baseline	k141_13158	1170	7585580b323e870878fd0fbabea0a5f52a8334c1952d179c0e23235b8db66d20
BASE_00006938	baseline	k141_13159	1083	6eaae033e5fa70344e57e3cd8780859321eb05296807eea23ac90faa43f9ffd5
BASE_00006939	baseline	k141_5407	2605	564967dbc76e3675706094d75f1880a8015b4d756c963750d49efc64e7aba5b5
BASE_00006940	baseline	k141_19897	2745	ed5b6410db069cb0e17b5de4d9646759caea0073fc17704b7fc3a6947a52ce16
BASE_00006941	baseline	k141_27131	1248	91aed442a28db5fa52758aa06616a06ac2c66b69bd76600b5d8a93903d82cfb7
BASE_00006942	baseline	k141_5409	1049	fa7fd0f2af7c6eb1fe4c3b5350d7b1eb1bb4f5d8113bd6631c66c924762eb66b
BASE_00006943	baseline	k141_27133	1358	6a20ef1354d4dbb272c5d1b5978ea56fe38f0ee8ddfc3a317297fe207274bafe
BASE_00006944	baseline	k141_13165	1046	847325c41477c1f572d7195be3caba6f5b7b403414d154c32cfb92d583224a3d
BASE_00006945	baseline	k141_19899	1853	30dc12d069a1d99f6f34d62a159908e086b738724323f3983ea5df0a98271630
BASE_00006946	baseline	k141_5414	1238	c36aecba7fc77b552880f53f392180a015d33dbdec9561e320ad65b10142a56e
BASE_00006947	baseline	k141_19902	1751	54b0bdc2a0a497e7a1b3f19377951d04a54afd9ee7f686872dff902b902c2558
BASE_00006948	baseline	k141_19903	1685	8ca67860d28864dd219dd98e848e350b1b3328c14df1786a209091a46d07e62d
BASE_00006949	baseline	k141_13171	3679	4176bf21c1e1e7cdfda5abc20f531524ff303b3ca8fdcfa666d419b4a14b7bb7
BASE_00006950	baseline	k141_5419	1369	36dd69eeb0d6b3d7dcb7ca4c4eb8b2c7d2c61606f6f51f0ed400648f3a7ef012
BASE_00006951	baseline	k141_13174	1979	1185e8d0e0ec04bc68c52e685e4063dfcd7a7144c7cf61bc00409dd5e8c1371a
BASE_00006952	baseline	k141_5422	3232	f2437b99f0cd4d8350a0258d8bbdc8108b6564335cfda5ccba1b029a4a67ac47
BASE_00006953	baseline	k141_13175	2119	41f4a27ada6b98eadc7ebb6b21a2d40d2034515f6a1a72b127be6b25b7c4ea96
BASE_00006954	baseline	k141_13177	1340	609d3a0a227a4fda62a8d70e5441a929497ec0e4d55e4abd492c8427a4949f00
BASE_00006955	baseline	k141_5428	1178	e7c7a42bdc4b5b7a6340987966ce953f2d1ebd1963e6e9b1e47a4f3da28c0525
BASE_00006956	baseline	k141_19907	7430	b78ba19318b69fbc996a3caf0dad8911e50c40770938a59f4ca5beb97e068810
BASE_00006957	baseline	k141_5430	1093	13502566673457680149f30363028ac6042c28b1976f44b817d6d767d26c3995
BASE_00006958	baseline	k141_13180	2615	b82e5370e14dad0aa65edc6c89c0bb548a0388ca1594264d6aa5c400b44a0550
BASE_00006959	baseline	k141_13181	2105	6e6721bbbdbe16732eeb1b712e0c1b68dfd8252044f12eba9655bc1d915f9d1a
BASE_00006960	baseline	k141_19914	1122	000e85e4c693c9710bf7b9e0738066a8d6a0d0f75f1c1179c2d414f4835ce57c
BASE_00006961	baseline	k141_19915	2210	2817e8e6abc520de505965bd438a5052ac95313d420c6730c7c7fdc5aae88b15
BASE_00006962	baseline	k141_19916	1383	4418e2c962dba34c89411a680fdc5cfb5eea50f70f4bdc217e4bb49d6e3dbc17
BASE_00006963	baseline	k141_13188	1234	74883508c964ce003570e278b9a7021c1994e43081586c2c5e733ad9bfe6a191
BASE_00006964	baseline	k141_19917	1225	083c421a69979a8b767bbe071416a1515d973cbc117a83ca8ee55f79bb0b5a0c
BASE_00006965	baseline	k141_19918	1354	0a02256d707b4f876e32e555393432fa496af244d9129242ad6fa3a109b5a71b
BASE_00006966	baseline	k141_13190	1892	3ffdcf87f44f2b0b801e787bfc5a3e0cbf7ccc132210f0adc500ae0051134b4e
BASE_00006967	baseline	k141_27140	21621	dec1243e5de1f3aaf2b25830935b662902f525c463e26620d4a1e396894827f3
BASE_00006968	baseline	k141_19919	3215	0d82aead5c61e9a9524ec0c676fbb240dafc9e4d23c2ca0ce1b5a4b151ead5b6
BASE_00006969	baseline	k141_13193	2486	5e58c01d34276bb86daba0ae8f60de48b6c0f27a9f787bec45a4e4fe14d0ac42
BASE_00006970	baseline	k141_19922	2772	af768c5b189e8d462cc29f168bc85adc57ae4e580986313f4c8f19c45a47c6e5
BASE_00006971	baseline	k141_13195	4138	523cdeb92a107ee17083391ed3d9d6b6ceaa2b4f179e3ac2c796bc6b0168f97f
BASE_00006972	baseline	k141_19923	1500	e30c1cd5a72b62b601de1939a8fbf84f9047a1792b263c8d8e2fff55af0bde07
BASE_00006973	baseline	k141_13196	1604	0c6220d179ecf25efebf3c03670f81e3a508453aa3f9e4d4105b09059b907118
BASE_00006974	baseline	k141_19927	1237	2b9f085d15d9724cf17f3b6ce48237b0a0abb50d1d2c578ce433d572668b2b64
BASE_00006975	baseline	k141_13197	1474	a238ed6cd9fa8140894d7a2772d7d66e1c472b733015bd2510138a4b5d4e465c
BASE_00006976	baseline	k141_27142	9237	0d8ee96387567aa70288f985e1cfe7e2dc47234190f38ba1865471c3c5743e12
BASE_00006977	baseline	k141_19929	1663	f67a93c9cbeb4dff8bea3e99ef77057b4be28e57bbc95c5b6f9f23d196555fa6
BASE_00006978	baseline	k141_13199	1784	f28dfc9b8c42d26b40edb25de30ff21653225a91bf3c38ce7fe2eb93e56222d8
BASE_00006979	baseline	k141_19930	1004	13868fd18c17d8e8e63fcce589c088f6da88975f2e03a04673dfb8757a7b7a46
BASE_00006980	baseline	k141_27145	1239	ab48c2bcf96288ada2a07e2e0925064074cc2f09bd2698d9c921657425e275d9
BASE_00006981	baseline	k141_5437	21560	b529ea5cbecf7608f4b7669f100cc22dc4e42f881677a284de50542250709060
BASE_00006982	baseline	k141_19936	1348	45ed1595798aabe7b149eefb986782aa58da7ef0388d77845485c63dc25a1838
BASE_00006983	baseline	k141_13206	1065	ddd3dc0558e6285678197f474f41f5851084a2b569c783f19fc8506e11870cb5
BASE_00006984	baseline	k141_5439	2147	2c4f24694434a1f5a99edd61ce3884190fd7d098b466c95238d50fe43f2512dc
BASE_00006985	baseline	k141_19938	2463	77f84b3e305801369ff609a6bf04084bac39151ff23ae57f426471b790dfa3ce
BASE_00006986	baseline	k141_27152	1403	03b77604a00baee26010220153977a828b37718718bf0cc8e26e8546d1e70c67
BASE_00006987	baseline	k141_19940	1205	1b27286a1ca6f0de4ce632b524f14609698a258e4f6a66b399fee0644b21e65a
BASE_00006988	baseline	k141_19941	1031	a30dd43a99465a03229b887f2068f1a9410f0c5523a350a85c75647356b3862d
BASE_00006989	baseline	k141_5449	1067	db323cfc89d15e54f590ecf4f6714d70d00597aaeec3297f7d29b339998a7efa
BASE_00006990	baseline	k141_13215	2117	18a8e508067f54d021409b112ec445352ba59232f9c5cc355d34bf93939fc016
BASE_00006991	baseline	k141_19944	2646	a9351ffecbaf70693de9b34fe96a16cc268e4a731f5d945377dadacbf38d8915
BASE_00006992	baseline	k141_19945	1106	25c518679159431575e8fc9359d4fc4cd42e423905d379f904ffe41d9767d9e0
BASE_00006993	baseline	k141_13219	1304	15f1a7dfb5cba8cda8ae8a48355babbd748157d772c26acc3d0d3cbb4974253f
BASE_00006994	baseline	k141_13220	1602	344c14676c7ffa5447403528db109d3f8276fa171a4634d7e9fb6e64bb0e7314
BASE_00006995	baseline	k141_5452	4421	7afbbba20b7e23a509dcf4d69d175b7ffdea68ef7d2c86287c9c12b659e5694e
BASE_00006996	baseline	k141_19953	1121	56085b629f73a77d450dfd44e59bf3c6a1066eeda5a55017ceb6ed9a23a3f72a
BASE_00006997	baseline	k141_27156	9823	05236019599209f496b6fd9a93c54009376c4ffb01d6d95b76ed54968917af78
BASE_00006998	baseline	k141_13223	4220	6bde261926bc65bda795e2532e5adac0f08e8eec8c77d3f6990adb4c73b06a09
BASE_00006999	baseline	k141_13224	1139	574433d36b57aec64e1b5b459ad784e1d0a936d21ccfdf6ab02f36abdb4ade6f
BASE_00007000	baseline	k141_5453	6114	4f8945952241299d3889d95767ac1bf5afce5a40a3be87c7f1dcedeb76df7fc2
BASE_00007001	baseline	k141_27159	3003	18077a36ca313efa70f97023cff8d2b50b24d880a4cbefd0f8ccbcd6d39f7de6
BASE_00007002	baseline	k141_19961	1997	d8e212e77d7b289caf6a987dc7a9ffa3c9e4b78de91c7293d15bffff8a92aca1
BASE_00007003	baseline	k141_27161	1357	000c57c96225dcc19626175d0bf46f115f2a1ab121385fe9da49bbb62a2a7e1c
BASE_00007004	baseline	k141_13225	2437	ee35cb69ea86da5432e52dbfaf12cf8966358c85afd5469f52014a786a1252f5
BASE_00007005	baseline	k141_5457	1510	7e9945b9eb3ad6fe3a6b2440f1857aea186c8a9e3cd6e94c616d8da7780f4c8a
BASE_00007006	baseline	k141_13226	1496	9840be706d65af63e03911307e8f48e02f34183177e5843677f3571c8a17d503
BASE_00007007	baseline	k141_27162	1665	3023794c3a262640ed4fb5b99af2b26ec656a8d03f4cc814e5ea7f78ffe76c49
BASE_00007008	baseline	k141_13227	1306	a544e367169c97b11b1fceb8e4a21168c996df287b062f477e9eee2588c8e845
BASE_00007009	baseline	k141_19963	3019	aff5351e8d8b9d04fa7f5e00e0b717141618184d868642d6489eeeadcf4ef224
BASE_00007010	baseline	k141_13229	1331	3d01b34e07997ae1656fd4ebddc6eaa62ae2ed322e05b4167b4374e552005cfd
BASE_00007011	baseline	k141_27163	2664	e7ef0a9ca000080509cb4943ce89ad0dcdaf5002fd904f28360f11c2a8d807e4
BASE_00007012	baseline	k141_5463	3620	43bdcdf39d7699b0eceeed3a444260157b66aa58b0dabf6a29d07a566b1af4f1
BASE_00007013	baseline	k141_19965	3756	180f090eeac95cbc806114411e6d5907dbc83e579b7d18d99abaeca300ec7da2
BASE_00007014	baseline	k141_13234	2076	cb87272d9bb8153b399e682548a500f464be03ef944b973434f917f6d195248e
BASE_00007015	baseline	k141_5466	1170	c25f0263437ff0c1720068d31047eb46fd8d4e151e8b769df8ae6ad79151dc58
BASE_00007016	baseline	k141_19969	1749	e63b5ba11a2b31f7ee9faecf0dcd555867051d91f2e4bb34a175ac140763e6aa
BASE_00007017	baseline	k141_5467	1703	b3c125ea0c890448ad436e6297ec9e326d2a17bad5ddf7ff7caac7fff6490a9f
BASE_00007018	baseline	k141_5468	1189	3b7ed76fadb0d78d8c40e61b8fab10cb3a098e2fd2c9872b837d31b73f964599
BASE_00007019	baseline	k141_19971	1601	84f74f219c659af04b6944389935602570828b175c3d31b07f9ca80f37c7487b
BASE_00007020	baseline	k141_13239	1901	520ea3104d97a382fb8459e137a7428055b4914cd4dca1e16ea637a366bf0fb6
BASE_00007021	baseline	k141_5469	1230	3860363a89c7d475b01fca1c772b5481440040fd1b59925fd4946a9b45180510
BASE_00007022	baseline	k141_19973	1012	267790a2f03d5dfcd350255a913f77d8c33090aedc10650d17e3dc15b943177d
BASE_00007023	baseline	k141_5470	1348	20a4d24977ff7ed5629eee69e8cbc92baf8fac752d6f872261d38d15fbd4f5eb
BASE_00007024	baseline	k141_27167	7775	071a74400485584da0be046707695f480ee9daa9ba4f8399a928b17b30df03b5
BASE_00007025	baseline	k141_19975	1044	d153ec80df28e6e724a5702cdff353cbb5271825030be2e33a04c911ca04eba7
BASE_00007026	baseline	k141_13243	1328	b899373d4b1a54c6f4279fdfa5d8d9feadea3ab9e7a3966f90ac826bb9073e7b
BASE_00007027	baseline	k141_27168	1513	8fd42303f7055899330ec80d073891c995a2ddd1d31b3ad7012eba61b21376f1
BASE_00007028	baseline	k141_5473	1022	028232c40b263316c16195c89a4cfce292cd8991ad2ee1028d41cb0d0a24601d
BASE_00007029	baseline	k141_5475	1052	60f71e9592ee07b60d540a9b4e8915bf5aeab78c6235d04db5fd64ba0a394b2d
BASE_00007030	baseline	k141_27170	1162	ddfac845bdc163dda9e59ac812295fb2a8fcc859aba1f86547e74983aabddffb
BASE_00007031	baseline	k141_13247	1622	e71ce5426aeee9e8d2d64cd70af44dfc0799b62f3f659fc9ccf82168d35e46a7
BASE_00007032	baseline	k141_13248	1363	938d594b0e302dd42e524fd3a0f72258fde2bce60a24579bc0fd941b131e336e
BASE_00007033	baseline	k141_19983	2560	91fa5d8c7b1a2b6021d39782b2584a1eab514097355b48d8e4705df3ddac036c
BASE_00007034	baseline	k141_13250	1550	d8d95ec60c6dbf40d35788fdf228015dae555da53e2ee16ac970bb0b7671db37
BASE_00007035	baseline	k141_13251	1006	cf68101e519b24d4cf60641bc4edda5573cfda6829adc3b43b481641f83ba982
BASE_00007036	baseline	k141_19986	1465	11058a1cf273995d96be2422d2165871f0578f7201e1e97f7660035e3229ff9f
BASE_00007037	baseline	k141_13255	1180	fd41efe9aa5a0e8e0f2824fdbc6f3f4ffb90f4ccc5f33fc021fbd28e80254a45
BASE_00007038	baseline	k141_5492	1290	e677a15dbb0644db06cd690c3f389f511b520701df42e7f1705a95c7e52d40cf
BASE_00007039	baseline	k141_13257	1240	1d71a649a3cb6d28769ac03a2b244ef2afc2858f411f323f62877adb203aa19d
BASE_00007040	baseline	k141_5493	1130	2f95a1441dd6681df21b0bdd64fcafb5eece6e7ddaf5137cbe6008ddedf7fc21
BASE_00007041	baseline	k141_19989	4161	c06a9af25827557b936eea01bcee7e6d50e5a2b42808d0b4e52dc50c30de4bd7
BASE_00007042	baseline	k141_5496	1586	20002f79f100c5e2acd77d99da3607bf0be0bcf43d7e0ea881e8c1db9e8a3668
BASE_00007043	baseline	k141_13262	1319	351feb1a7e721f84601a3759df24e205f0f7830cc5c54d17531a7a52ca94462c
BASE_00007044	baseline	k141_19993	1510	4a08ce232d58bf01a41063af52c6f48ad9d1c0c4338594237cdc9e098eec2c49
BASE_00007045	baseline	k141_13263	1749	cd9137a8df923ff51dd748bea328e172ecc5c11491f3ad4825f1adf61293100f
BASE_00007046	baseline	k141_19994	1341	4d556dfd2aaa9726916267b06fc2ace43fd18228685915e30e4b16cf28cf9790
BASE_00007047	baseline	k141_5497	4116	fde8943d1b772fe07d39c1d81de70dfc44571fd84a7e51e9c094de8a1dc4a605
BASE_00007048	baseline	k141_19995	1297	cd6645ef5fd4c47eae2edcf53bf552ef1ef66abb93d524e6478a2a2bd40381df
BASE_00007049	baseline	k141_13266	1263	6c3cfe29aa5e62a6a9ae7e13f05e38016b8fb34e37866c65861e3f3e483827d0
BASE_00007050	baseline	k141_19997	1333	cdf6879897dc2cd76f3f0bd5331a99420275d942731ec124cab89f9d2e3468aa
BASE_00007051	baseline	k141_5500	1603	8b0080c14a4930deb5008cfcf15ee125aab56d113bb75e92da2b883c2511db2c
BASE_00007052	baseline	k141_19998	1066	0287a5f0e78d8893cd5217953105f825d323c38932b1346131a7ddfdf638cd85
BASE_00007053	baseline	k141_13270	1413	4784b0a687506cbb6c2c6b905d1e78a8a73e2ef606ea41bddfc0dc4dbc3adde6
BASE_00007054	baseline	k141_20000	1208	aa4ad1348e114e9ce322809160ce2e477b2c9799a2473fad8459784def7b1f42
BASE_00007055	baseline	k141_13275	1003	63e1680a726aaebd2cec3acbf1ddef5c61fc2ec46ecac1cc3a584c2286842642
BASE_00007056	baseline	k141_5502	3726	4bbd9a2702d0a93d29b2964bfed28e1f600b3fb9881a919375c464abb4e06764
BASE_00007057	baseline	k141_20004	1022	9723360481593878aaa2b2b95534d03da02cbd68e5c9ebead85c5300cae13cff
BASE_00007058	baseline	k141_13277	1520	dd1c12f4b07a9d0a5f93ef504314a6aacfefb4c25d62cc5061fa6d6b60574c3c
BASE_00007059	baseline	k141_20006	1507	dc6edcc83246f439885f9d43b73c1cc201b0acbcece63319eea22d71459945df
BASE_00007060	baseline	k141_27172	24572	85d5d8e702a3850d2e1b1e6c13e403e7fe3aa1bc137af77a3fbe1585842ee542
BASE_00007061	baseline	k141_5505	2497	abdf0e406c13989e10e62f2580aa9c57c2c36ece071ad7a2dacf9e5a3b37e10c
BASE_00007062	baseline	k141_20008	1123	5e8c73a6f344ed6e7b183b005d7d5e65190b736e451acb8bd51e340f75179c93
BASE_00007063	baseline	k141_13278	2537	6a930479beda31ac740baeb6a94b79eafdf6598c977804b18c93a8dcac808a0f
BASE_00007064	baseline	k141_20009	1210	50f05862e4979268af687c09aff7b49c5ee94863d62731969c5dfabe6a5cd93c
BASE_00007065	baseline	k141_27175	1058	d12c4230c31fc4308cc2bfedf2de8817969fc7f812fe651868ab4c49d7fb51d2
BASE_00007066	baseline	k141_20010	1069	9456251071ed6ae1920bfcb51f2f84ac4d46a8b41def58b4ae7ecc5fcb688a85
BASE_00007067	baseline	k141_13280	1561	9b2ed30f1207e9cf170b600e0639a5bc40f1a1f3232d464b4952a8f3a96a9a2a
BASE_00007068	baseline	k141_5506	3679	268f581ebdb72e799a49a23c4ada337ca3445b0dd98eeb5302c43d8c90b188d5
BASE_00007069	baseline	k141_20014	1648	7bc4f7b96a46e2f0abeb099f8b45b782cf81772d0a12027ae1f3e682bdcee250
BASE_00007070	baseline	k141_27178	2697	76ad8a5907c3e8dec9851e28b61dce8e3337f11db83aa719285c1b83f6360e18
BASE_00007071	baseline	k141_13284	1847	1f215ad5377c8a23402bf948e7c7c7ca455833c335248556a495350b8b3c626e
BASE_00007072	baseline	k141_27179	1139	eaa1104bfbd040d9220fd45140a343b22b227d3e68b1282a7cba7ea19c9f4154
BASE_00007073	baseline	k141_13287	1149	eb5aa28eb7f2baa17a2668ca3eaefa1800eff3234d63e2908e677f86150923ef
BASE_00007074	baseline	k141_20017	1086	3833bfe248006c045d6e03476896cbd10059b05fc2d2ca71da2cf0931ca3ac0b
BASE_00007075	baseline	k141_5516	1119	34c945d433d8dd17121352736030dba1bebbbea8f6337bd5063ec46be4f26771
BASE_00007076	baseline	k141_27180	2395	96b76cb291f0df6b34cc59a56e09595494b747570264946d8e408c5b4e4eccd9
BASE_00007077	baseline	k141_13292	1010	139f4ac3c11d03fa7ac489f2872c240fa6acb5940a89092f0b3cabb431895094
BASE_00007078	baseline	k141_27182	1785	3ade57f8658319c916ad5854a13e87623eb3639a883dc33163d537a86798f1a8
BASE_00007079	baseline	k141_13293	1697	c3047a10baa4116f468dc027e5cba6bbdcfb4c4bee2be9a5a8634755556be298
BASE_00007080	baseline	k141_20019	6510	215df6415d096917f2872d883b06bbe51ebdce178b653398e2d5594b9b6e8a09
BASE_00007081	baseline	k141_27187	2580	15c97f7f51d94f0bc5a9152ecbdf82d1b6fc658dd3fd77b7113bf79ba827dd2b
BASE_00007082	baseline	k141_13298	2332	4c35a04cac0255dc6f1a463f701cab4c8e59dc7b45eb6cde0da5c23754d75dbd
BASE_00007083	baseline	k141_27190	1197	807a41255b5c4725394818d887f799b54177ad7d3c4b392edd751e833f20e007
BASE_00007084	baseline	k141_13300	1189	ff457e2976390057e62337f8e9306c1a2209b4363b57cb7e3234dd70410a6210
BASE_00007085	baseline	k141_27193	1206	660a2356089b71ba163f50bc2bf366781f86333d9e0575aa368590a21cfd3c2a
BASE_00007086	baseline	k141_20022	3273	c64805400602a171893ac93220080fd329659128e3f2831c84e017ae4ba5a9c9
BASE_00007087	baseline	k141_5530	4529	6b380d8402f80d6b7701a9505b776bb4c535528ee677340cf1584661d585d3fe
BASE_00007088	baseline	k141_13303	1044	a07dd80f0fd4a1942f8c4237716b21dd5aaf2ef0a3b509ca0fa4a082b70bfc27
BASE_00007089	baseline	k141_5531	1292	6eb56c71745795aaea73411465a5b38627c34eccb81246ed9e90c5f2128201b4
BASE_00007090	baseline	k141_13304	1487	b8e1cbeec07847e60fb88be7f8a43bb49878ea601150958dc4a63e517399237b
BASE_00007091	baseline	k141_20028	1260	fb9d5de27b06f6609f28e2286b0975eec22e01d3e6f655d61881145ac514162d
BASE_00007092	baseline	k141_27198	2162	61ef0111f158d29f07c2c5c65c38dda5d77d388f098b546a9ebd800bb56c6ad1
BASE_00007093	baseline	k141_20029	1509	1150acbbad4fed18b7ca5b9b70e935ea896e4525ec286706b96d862af9780bd1
BASE_00007094	baseline	k141_13309	1249	a3c0e9e6e023f3b408c1cf864c3f55c54d4637fc893299a2d33bd68848219cde
BASE_00007095	baseline	k141_5536	2081	ec1658596467dd3951ea262bcea8e1f7b9ae5779266056ddeaadd0bfd170347b
BASE_00007096	baseline	k141_13310	1043	607a441f7a97eaebde27c410f363c4bcf200f729955efc239a3da670bc5e1d14
BASE_00007097	baseline	k141_5537	1154	75e438a38f913b751f95b949d71477f3aa7f444f63c8e462a4da851973b675bc
BASE_00007098	baseline	k141_13312	1236	2ccd43f149357ad113749f01137f39aa22c94995ae2683f899eb378fe3fc1eb5
BASE_00007099	baseline	k141_27205	1765	7898d12d3f95456db743bb495b4901706afd8e8a0c2ca7716768ae87b9c0a6d9
BASE_00007100	baseline	k141_5541	1043	0a447ad35fdd448baba331794a5b330409a0e98943518230afac71db6cacc043
BASE_00007101	baseline	k141_27206	1407	816b30272d715a962d21042d4cef715b757af33d966169a750de42d884bead5a
BASE_00007102	baseline	k141_5543	1674	a2644d5234df4cc79fb6e833175017ef78f13ebca3af61b062490f470183297e
BASE_00007103	baseline	k141_13314	2725	08c272d2885427cbff243203ef15b4ff409040bb42193b09266e05497cb1a6e3
BASE_00007104	baseline	k141_13315	1025	f0446654d2bcf2a270d340e294f79d872a7c9407e407c4c04e8eff30affac5d8
BASE_00007105	baseline	k141_27211	1405	29b7889630d8146e3c66f86106e7765dce2a58ddff587e4f1dd9fdcf4a63fc40
BASE_00007106	baseline	k141_5547	1272	ed9791245111f452d4bcb51bf65c2bb9cdfb1bcf43ad083f7a004e7112956c30
BASE_00007107	baseline	k141_27212	1125	32b0d86704e5cf69732426061a531e4391aa7b9e9d75d3f00fe1255e4334ce3f
BASE_00007108	baseline	k141_20042	1839	4635ea7d9f0a2a692a391c310ebff8df63e502dc64a639a55c0d0d656c731a96
BASE_00007109	baseline	k141_5550	1317	7fe291bcd196bc17fcbb4b8a73c4673a16324b586f8375fb81cedd9339386b5c
BASE_00007110	baseline	k141_13316	3754	903bc0049d35c33794566f600ad04334b8d41d34f976240f4ae2e855eb2dfce2
BASE_00007111	baseline	k141_27213	2711	c42ce487a1af67558dbc588d88e9f7eb626eca9c83111f4ea19ec7f45d9048d8
BASE_00007112	baseline	k141_5552	1427	c767c312dc0f68e425dc4dd0342ee1043d2e905208b61b21efef0408e6bdf4ba
BASE_00007113	baseline	k141_13319	1580	c852029a32eb07ebf841580fc9a3637e6eebcbf72f884ccd24d55cb526054d9a
BASE_00007114	baseline	k141_5556	1182	abf12214bf7e325de8c0ede50a077b0593f87953a238bb021ba1a21ee676b788
BASE_00007115	baseline	k141_13322	1165	7cdeb3522367187229023553d17854b2efb4038b43023cdaa794881ddbe5169b
BASE_00007116	baseline	k141_20052	1388	e96087bda09933a14ebbb34cad3159d94090a5b556f95b6fca2f08cc0ec7d792
BASE_00007117	baseline	k141_5557	1101	04af69262ebb40b017032d211aa67ef31c4af89f6d9d8454cfd56853c92bd37b
BASE_00007118	baseline	k141_5558	1355	5fdf920b4fdecd523195124777f440e6fb864ab7258941f1481f1ca96228f271
BASE_00007119	baseline	k141_13323	3406	efcf6c251fcb958bf1da96ffb8c038085b1921bcac4e75be4a29bc32e5740e42
BASE_00007120	baseline	k141_27222	2971	23def81ebd640b66184a2cf535ce7e8a0b5735fd58cc9e0a32857f96127d358c
BASE_00007121	baseline	k141_27223	1056	01f5722d700a87508cb210634c5656892a65fde4d62cd8151d28075a3f48071e
BASE_00007122	baseline	k141_13326	1677	dd83b19b94f91cf6e52cb580ddd7934b1abc36bc0002835fc57c5629b54c4119
BASE_00007123	baseline	k141_20054	5108	91b0fce39088579f818ce08f935353e2f5b4dc60200e52ea51db6d1b6a16bc10
BASE_00007124	baseline	k141_5563	1849	fdbac04e4e3fe977de3ee85b45b54bcba2341b802c891828bf8887ac484a0294
BASE_00007125	baseline	k141_27224	1966	a8a61e0d9d8cff6f4e7c1e52081ef48fa8417c709153069432556352f2aaf714
BASE_00007126	baseline	k141_5565	1138	d292120a1f30b03de146915a38c55d12072c9e287d0e77920705faa19e094fd3
BASE_00007127	baseline	k141_20056	1382	2ea5e5516a6b82a21bd1544588be8d659a5056466d1ed26f2e7d0799fc8ee31f
BASE_00007128	baseline	k141_27226	1069	68d78faf092759b888d9c3f65343cf891b8d7711e4340276922fe73b934b3bfc
BASE_00007129	baseline	k141_20057	1473	ebeabb413b5e021ba3d9541adbcd84c391b1d0a59912732e64a2299cc7f0b765
BASE_00007130	baseline	k141_5567	1874	d3f2355f364d6682599b391a9da196a80a578da776b0e07ad8659897cbb1770c
BASE_00007131	baseline	k141_20059	1418	8a15140f27b4940418d4be4afbfeaa0d2fca6e9439d65e90e481c50a46978cfd
BASE_00007132	baseline	k141_5569	1442	117e0abd8726ba95dbf1f8af23901b5603dce7a30244f72713d04ef91dae4e49
BASE_00007133	baseline	k141_27227	4970	1f86a7ebe5bf2bf15792fd2ebfea8d4e2443b359890fd7d5f59291d87c7eb99b
BASE_00007134	baseline	k141_20065	1519	cfb064469d67a72a32bd9b321df2a37d609b9c78d0d2253f6da4a03ba46ac2e6
BASE_00007135	baseline	k141_20066	1113	b3a9e86fa5e91610ca4b1247c4c8aa0911ae713a20a9061d3a2f132ee43967a5
BASE_00007136	baseline	k141_5574	4541	7b79c056d53dc18ed5348c52c6c4a6207386787d6eadf7a2a5fd7031441b149c
BASE_00007137	baseline	k141_20071	2561	e6a42476ed2a4dfcc311d914595f3f0a47dc4f93a3405569e07080747ebb60a1
BASE_00007138	baseline	k141_20075	1027	185ed4645a822a30b1f484afabb4677b65e1365e1d6ec778684a3429941025a4
BASE_00007139	baseline	k141_27242	1834	47bf0258048b41ad5bbc45d5a0f8126838ff1ff5817252680f0eff4a9b7145eb
BASE_00007140	baseline	k141_20077	2541	2c7c75628a14e6ba748dabf17ba6d4f116e119eea13cbe5249dd9f961bea2b85
BASE_00007141	baseline	k141_5575	6684	b92708264c9d2465ebb6d2b2ae079bf59063de0844ee7b28cd0583dc47835a63
BASE_00007142	baseline	k141_20080	1272	f489b7db6dc0af0c2e6a9f5986b01256ce21a6bf4e9ce428834e5ef703bd272d
BASE_00007143	baseline	k141_27252	1286	caad9d9f027c83730c9384d8b98dede714f15c2aade1ed086655910df9c86e47
BASE_00007144	baseline	k141_20081	1200	37ccef05accd076162b10ce4a6a19883e6dba94c7141591aa1087c05312f916a
BASE_00007145	baseline	k141_5577	2075	7a8474e24fd5ae7a6fb70a28983a590869de2ed6c03cd42b9e2c64fddeece9b5
BASE_00007146	baseline	k141_5578	2038	56930807b203bc5cd0e069790da10e1ab32953d017a3f30f412a44bfe3fe314c
BASE_00007147	baseline	k141_27255	1566	4a2975a0b0358a31a2053353d5d28bc17434bfa4237c5f9ab29a9cc21f7c50c8
BASE_00007148	baseline	k141_5580	1005	4da0320d0ed30111b254aa37b2ba8c0f5b547f6b9671b2415816796e3e20b07c
BASE_00007149	baseline	k141_20084	3373	8844bfc10af12e7abc9fe8e43a2f7f34f0502e7fcce080455f658c4c8ed61a3b
BASE_00007150	baseline	k141_20085	1554	1db251eee785d648dc807ea4ea41bd5bc0b82013d297e3f2e29a97542a827c8f
BASE_00007151	baseline	k141_20087	1193	a97668dcf606ae19592e7fe79ad3a8f5a16ec7de6c06f7813da792b0a59f2b42
BASE_00007152	baseline	k141_5587	1474	7527b337973817f83e3610fbb80e5f08a77375c8f0959e45880c0f2345c4831f
BASE_00007153	baseline	k141_20088	1014	dca5b016efaa3aa973744f73ff31b755086ca19de4765aebc4ec6b204c2a0a45
BASE_00007154	baseline	k141_27265	3152	27b3959ea660e9ddb6cedfd4af6bcfb8dc026f2193446bcc5e8dfe5fbf0da934
BASE_00007155	baseline	k141_20092	1122	cdab308dccc8490560bb5925d54bedaa52dced39db90c82e84c25d05ea15bc1a
BASE_00007156	baseline	k141_5594	1019	c02de9c5188d8c85c9c08db4b8c31fb26787b392feef74dbe04f0b1d422918a7
BASE_00007157	baseline	k141_27267	1161	8aba2f72af9706bfbb6e733b2f38c1bc4ddd7f133e3fdae632993b8cc761fb45
BASE_00007158	baseline	k141_20094	1954	757b784a65c1ae739f6b0571448914b34034d6513e89c5bb102ab19129eb32a0
BASE_00007159	baseline	k141_5596	1286	1ac07e667609ed6fd987e5f8dee2f646a77867da3f5be5b57c793397c16c6de2
BASE_00007160	baseline	k141_20095	1893	e4639e0707a7ee0dd806543c129974086db499973445eec393b3aec44fb5da6c
BASE_00007161	baseline	k141_5599	1283	98151bf1bb8a1ac67661446907b16784f686898d34471f4439260a657ab783af
BASE_00007162	baseline	k141_27271	3620	9d72b0bdd4b93201fbbcdddc6bd4152d1165433ad329c267366cf3901e519b5b
BASE_00007163	baseline	k141_20100	1420	cd3454fd4a1022f671be1a831409ed02adedac251fe57f787eea57a8636db5bb
BASE_00007164	baseline	k141_20101	1032	72c0272595a27009c64c49fe8aeab71b6e434fe0328c26cae2008c23a31c299c
BASE_00007165	baseline	k141_5600	4810	0142c75a9866909aa2924ecf7f5cc7fc5f59e7e25792bcf615412ea69fc0ab62
BASE_00007166	baseline	k141_27276	2598	9324c9d5e1ab14296855465fb1b51355ae5ab557d7f098e66d8ac0202e566595
BASE_00007167	baseline	k141_5604	2025	2914dcc240419f2e1d965ae7547f8e2b13b2b0263f5e575b2cc67ab9514c42ac
BASE_00007168	baseline	k141_5605	1069	087130e038b8658b51228bbb16290c64315f9d4f743ca9f0384216d95e110434
BASE_00007169	baseline	k141_20106	2447	61d8058a12d2c241d9aa460e5f3bbfc612c3d48209793572cf7c9d9b2c3be3bf
BASE_00007170	baseline	k141_5609	2167	d3bf0593bc001089b3194468ef70f6d15f7ee155bb75fd7998ff3e8501913229
BASE_00007171	baseline	k141_20109	3524	24228e3e1a5d84170989934cb6e7806e14b6972510aa76540b6afbf190249700
BASE_00007172	baseline	k141_5614	1961	bc5bbf58db350cf3f60bb3e95af44d4bf92c839eee7f6764d8e120dfba0b09eb
BASE_00007173	baseline	k141_27280	8013	c6cbf5048778c88e345ba5b3ff52af53b8aa2a04181228ffc022e874f6df625f
BASE_00007174	baseline	k141_27281	1116	99b0c670bd9b7903180006d6014497d265141d889be89fe7583bc401d219e4b9
BASE_00007175	baseline	k141_27284	1059	502a9b5fa37a55ec8a662e08077ac4fb9b9be742541621d3662ccf229aad887f
BASE_00007176	baseline	k141_20114	4890	68a177111a691cc16c388b1cae91c00d61b4a554f73348dc7b1efab0ad5b2d15
BASE_00007177	baseline	k141_5615	5340	09288374c620d3491aae25899f076a14b0206940f4c2dadd115108c049518b54
BASE_00007178	baseline	k141_27286	2302	f18ee354c2d077b933c27cb3623c8f1083e269382b1cd9e5817fbc14f3baad0f
BASE_00007179	baseline	k141_5616	3130	88f6576ac40bb7ff17ab77633dac15af5075c806fa6e7f71da407113a5a95974
BASE_00007180	baseline	k141_27289	1126	23cab88912920b4913970c169a2b5481e9b532e7b91d06ec2c3b7d3f1dffb5ea
BASE_00007181	baseline	k141_20117	5991	5af13ba9613c061d00a572ffb30b784ef80af3d6d2aa8b132ba9fbeafb8adc3b
BASE_00007182	baseline	k141_20119	1170	66a51381bb0a006528946bd3fc912bc6d1f66bf3e92c49481a60a7a9c6f428dd
BASE_00007183	baseline	k141_27293	3770	93530ca4a2461630ed24c38ec9fa6f0b919786b27575c31a2396ba3fb0b278d1
BASE_00007184	baseline	k141_5628	1215	74e462d12f0abaf7e8755158e55c4d0c9118b986635cb4c6de46f2c0b30a615f
BASE_00007185	baseline	k141_20122	1505	e54ed44b536546a1c030ac7094e20a424b59d0039a814a728ae8537dd200295b
BASE_00007186	baseline	k141_5629	2256	54213df693d9f2fe635406e9b44a48b0edfcc74307d8a10dcb337dc8f704c46d
BASE_00007187	baseline	k141_20123	1919	b980ab07c23e8b351b3a28f195369db612a1f9b8da08d54703ef69cee1bccbb0
BASE_00007188	baseline	k141_27296	5680	9f288de013f040cc1e908bacdae56e6e9f4d95e0c3b4a4e73dc310ad19f932ae
BASE_00007189	baseline	k141_5631	4193	8f51aa3a1ff73db16fbf0bf95544d49d1dcde2354622eb3545e626f8baa221d5
BASE_00007190	baseline	k141_20130	3051	2091e21c84066284258e0e4d1f0e2ee43eccc82d53a99b704cd9751d7e301299
BASE_00007191	baseline	k141_5633	2822	4a7d9a35d14c43e4fe1895a541f2c911c604ed6e4228ddf5986078344d4bab80
BASE_00007192	baseline	k141_20131	3709	805b27e9c91a3bdfe1ad09a1ce23a1aa6d5dd93d1724608e2bb53066258fedd5
BASE_00007193	baseline	k141_5636	1045	298c964aa67ef49149f42d2f35d0e25e866a8ffc3dc69900b5d83b7f600820ef
BASE_00007194	baseline	k141_27297	9073	89b1aae9da2108e69f3a5c9673a13bea16c53a50f9a5648cecc2a86341e79b0a
BASE_00007195	baseline	k141_20135	2238	3fbf4ac8ef8d0673e28d7009e7fbec3dd6620c7464c96ccd691b7272c93f4f37
BASE_00007196	baseline	k141_27300	1275	ca02fb61ea14703b2b5c8a8910516274ca09aada45b0f88896439fce44140211
BASE_00007197	baseline	k141_5643	2151	e45391d674e9dd389638eb3350b6062775b8acb542433a88a51abe5d630b1a22
BASE_00007198	baseline	k141_5644	1738	02006958ea644c448999551598787d4e3957916f74fa3e331d82a2782434fc2c
BASE_00007199	baseline	k141_27302	1430	4a6d63a9d8d9295c2bf86d66a9a2a59530506bf0336403c4ad209ac8987503d2
BASE_00007200	baseline	k141_20136	4289	57744cf7ba2b7741eddfe9a988e3a7ad95228b39e79827cf41b390a5022502ba
BASE_00007201	baseline	k141_27306	1019	daf588adef699500554d0f27c3f56ca76fad9aeb7af9e20f0594d763f71d4a9f
BASE_00007202	baseline	k141_5647	3155	1e013776923f7eca8b9647a742d1732841cfc85b9e136fbeda48012cbd71577a
BASE_00007203	baseline	k141_27309	1104	757b41d023e5b1aeea59cbc54f2e99cff5d0b528df707c6b176a4fd27f4f60a6
BASE_00007204	baseline	k141_27311	1728	106945d03d38acc646a7d4c3dc6ca4f9c8ef24006e8b1071e08b6b92483a289f
BASE_00007205	baseline	k141_27313	1064	774fde2a262c73e66c3d1c894ed6b7971bbd0309aa092544cc93fb97f0a6391a
BASE_00007206	baseline	k141_5648	4734	fe588277e105acead0c8d669748e242ead421d1cdf59db601280840cfefb7a90
BASE_00007207	baseline	k141_5649	1831	9b3c8d17a9fa1f5ca3e0084aa68a701704a58b810a1e657ec4ec82fd5f922741
BASE_00007208	baseline	k141_5651	1116	ca85fa2b3c1e0558b53cc925e80db653910aae97146f2227cbe9b6c084267f21
BASE_00007209	baseline	k141_20143	9279	21e25c76c61a17ef71c43e446bbf9b0ac63b1149b5ebc5b2433df9f001877177
BASE_00007210	baseline	k141_27315	3662	88877ddc9447008f01342dd929a57775e4dc38f59b56945d808700ae5221da87
BASE_00007211	baseline	k141_20144	1520	b5c31633498058879b92a5c89dd619e6d52d9baa094edde1399a7c3140e4e1c8
BASE_00007212	baseline	k141_5653	1402	54a7a87ce44b0ee02f6953099292228f5d75e60b1a1d223e5753822d0ef659f0
BASE_00007213	baseline	k141_27316	1100	d6aa80662bf89c185006e53628438c5411e56438697744d403ec05c2b47f9fc0
BASE_00007214	baseline	k141_27318	1007	f6d358a3045cef01b2f0b6f29ac3fa8b35dd7c81f8b92e5e167b4e994b2af8a2
BASE_00007215	baseline	k141_5655	1392	9b73b97da612bfa964fb2223bbeccec488ffdb0c504c6badfddeefddb2e75508
BASE_00007216	baseline	k141_20149	1109	1487adb19ed19b3efa619fb00945c57a53f14ff53a78beec313ad9c607c93f0b
BASE_00007217	baseline	k141_27322	1177	acb71158bc8ecd3196d1b6999e0c08062c1de8cafbe6e383fa87c77a5ba374d1
BASE_00007218	baseline	k141_5658	1307	3ddeb9ad6d94b93cc06455c1346790c5543adf63e9fc6b2fc5fdc792ffae8aa7
BASE_00007219	baseline	k141_5661	1205	fd47f73fe7cbc4432ed565eac3b893194c0b3446951db65cd8a7c7c15bef3ae5
BASE_00007220	baseline	k141_27323	3117	ebe6549589dbfa466ca13213b65d5122b5977327cf8476a1310f6de1980f99de
BASE_00007221	baseline	k141_5667	1005	a5c5843307265509127e7d2ad5bd165c57901bc36d5b18bbf360673a1a23b897
BASE_00007222	baseline	k141_20154	5235	3ed507ec0b321033eb5f19d75dee3d6b1fd24bda092d06856ca7d997020dd0ef
BASE_00007223	baseline	k141_5670	1048	75e56fcd14fb762510923600172062e3dad3151209f73b85858918fd588b82ca
BASE_00007224	baseline	k141_27330	1702	a8fca904ae93cdbd796baaa1803f1b17aceb45edb823a29e41f7632da63f7c6d
BASE_00007225	baseline	k141_20156	2101	38554f46262d1da541c61761d4420dd6e53dafac1af4d32091e990a42b4262f5
BASE_00007226	baseline	k141_5673	2411	5f762f5ab9392a4f71bea02290c4abf5b103c2f0ed3f722dc05bd3a1b2949744
BASE_00007227	baseline	k141_27333	1097	e94aebb41e4bdafb797761c795a13c57dd61a41d292dbc04b299bfd0bd46f747
BASE_00007228	baseline	k141_5675	1456	65523e9c6fb3ee29ca9e848c6d5afb0b25fe85be421ba222e33b334287a460c1
BASE_00007229	baseline	k141_20157	4444	73431c8435d9f7c1ab89c96ff2b608bb3c93137d8221f812ee8f9802bab8b066
BASE_00007230	baseline	k141_5678	1940	54acbb50ad7782dd9c825e99b2a00eae51749b7f2dfb294557c7a70a4a4a77fc
BASE_00007231	baseline	k141_20159	1155	69a303cdf6ee79bae0133435864b9cd95c63e63414ee636de42ce41bae8a23ab
BASE_00007232	baseline	k141_27343	1135	ac367d5113855d6e0c07ecf14ca0ba178f33b0b88940781d3994d12c31e229f7
BASE_00007233	baseline	k141_5680	1094	65305eae698f7f49efcbc14323826b5f54da58d4a644a005881b3d4252af8306
BASE_00007234	baseline	k141_20160	2757	496082439812a939ef115bf680c156036175222293a106ba5c6e52bc6a677f30
BASE_00007235	baseline	k141_27344	2016	1b4164ca0849f8ebe186ca971bef7591655d3c6992aeac9db208352b8c0e9057
BASE_00007236	baseline	k141_20161	1134	b48fee6134a9a2e329cf829000d0ce1d23b1d2f16e7b137c6e3517356bdab078
BASE_00007237	baseline	k141_5681	3041	662e3af92be008b007c2251be2ed59d080b62d125424f7a9e9d73b17fe20007a
BASE_00007238	baseline	k141_27345	1699	179049f6b5151613d8962602a5dff2298c19829abacd1856fc03c00f05c16c46
BASE_00007239	baseline	k141_27349	1065	423d9e9244753b361de99cab8a0d332a4f3e9bdde806987e5971258bf8565a73
BASE_00007240	baseline	k141_20167	1185	5eb8dcc3ecc6b0b4db4f23676803a8a3a3154f21ecebd3472bf6c47b44ae54a3
BASE_00007241	baseline	k141_5690	1333	cea53972b1f3e846fb1f31dd20d0f667aeb99077fe27e22773b3c40c9e98a116
BASE_00007242	baseline	k141_20173	1017	a8d3be804154f0917acc51a5f46848f79c74a1dd672a26c103fdea5ccdd884d2
BASE_00007243	baseline	k141_27352	2690	6a16b565e44b948b05aa7e6af834ca97baa628181729ee7172bf7fb2f278687f
BASE_00007244	baseline	k141_20174	1503	de23cde733a4abae20552295d00ebf885aae34bb8800b84d344417c2551e72d1
BASE_00007245	baseline	k141_27353	1638	36c1e46e7b172c1fdc32745e25eddffc7b948a19fb2d593672e3d6052c719722
BASE_00007246	baseline	k141_20178	1229	590aea7b83c2113e09d5e037497611b32967833eb7b9912bc563a9a1d8b90ec1
BASE_00007247	baseline	k141_27354	2609	f1e5d9c7eae8888de4a6b3afa267624af44ef86a16ef524e639279dfbbbaa348
BASE_00007248	baseline	k141_5698	1129	aa247ba5af7fa2ec468eabccaacfe18363ab97f7b7525087436055b3cd530103
BASE_00007249	baseline	k141_27355	1322	13b63f441b3692fad944d3c3168f88789541af82d71a51c14b48c064382709a1
BASE_00007250	baseline	k141_20181	1117	0d920770b446f3211616285861e94a0a37799c93011aa790053921c7b537512b
BASE_00007251	baseline	k141_27357	1216	1d58590426bd4517eb60a34d9d553078620c5d28edf6df7faa0e3729661a1c46
BASE_00007252	baseline	k141_5705	1084	6beaab9f4a1424ff98a66fff4d007c367ccfa6d07760bdc1f95fec42828329c2
BASE_00007253	baseline	k141_27358	2078	444381b5fe5b26419ebd2a3f00d21edeed945da4ab7034f59efc814f449b8047
BASE_00007254	baseline	k141_5708	1110	5459f6544b939b6694b1c676c3df1fc34d6a215ee802a152b6fee6b79a12a37b
BASE_00007255	baseline	k141_27359	3822	ebdb854ee899386c63c666dd9117afb3e7e292be0aa44c33ef42f82fa24dccf3
BASE_00007256	baseline	k141_5709	2057	9f590e71c2d35b3b8d6d1f7d20d42dfcd2aca771f1cccb32f83414575852fb3f
BASE_00007257	baseline	k141_20191	2871	08bd2b7d7e9b01725d85ab3d5cb85ebce26c2739c9a85f20504915d310eb7be5
BASE_00007258	baseline	k141_20192	2838	5c29cad33536a4b2f1354497d2a015ad2d53e3386389ea182bd06f90f62623a9
BASE_00007259	baseline	k141_27369	1600	ce07847ed50033ae6abedb0bfd734f2d10e487a3423dd4330bc4ac29dc31a808
BASE_00007260	baseline	k141_5714	3189	6ae2e542c92faeaeaa81635a480f074526ee219b8d1b4a47de3173731dfce64e
BASE_00007261	baseline	k141_20195	1571	1559c9f373c076916bd5cd8b68faed539612bebb2209f2d5d21fd57d7c5690e5
BASE_00007262	baseline	k141_5715	1094	17045978f328d4e6c7f08f889e6716922f1ca729cfdb4ed01875196150e58eba
BASE_00007263	baseline	k141_27372	1040	273e61fa351798d8f3ad4e5b9905561c2af55461c91eb71aa5e43e2693b2c8ed
BASE_00007264	baseline	k141_5718	1094	29b10840289e3265b8da6a131372f0fa86fdc1497a83526b4aebb0d24162bbdd
BASE_00007265	baseline	k141_5721	1477	d2f06b0ebae7d2a9233215750231ffa1acfcf6867576e0589addf99163be1905
BASE_00007266	baseline	k141_27374	2773	a544c8c60b4ccf466dae9a8e282ea5c9111b25b54bcdebd7699659d7ea29f3ca
BASE_00007267	baseline	k141_20197	3937	449b6499046e84accd2f31388a28297552b077f42d5c748411cdec93d4218aad
BASE_00007268	baseline	k141_5722	1431	328c104df5bdee9e18c06330468a74eba0f80c972553d9d532f1dc407ba5a177
BASE_00007269	baseline	k141_20200	1322	461b7d8a8bade9b55e49bb50fdc7827659a98eb4d2a908d8d4e6a5691253967c
BASE_00007270	baseline	k141_5724	1978	f050ea5ba96071526d62e5a567c132acb1558e6b51e478e6f813f82d0270eb08
BASE_00007271	baseline	k141_20203	1315	d4d7adad15a2a97ef4fb81db7b18df1537e328709c0c4460bfc830799ab780d3
BASE_00007272	baseline	k141_27381	3492	6f1c2d62717cf8b9fd0b48489922cbd45869eb1c42ecdc7953ec4c4682288ce0
BASE_00007273	baseline	k141_20206	1443	50e436905a68e7b5471057cf1ba14d7746b6842cc6d6b47acfa38bf70cfa71fa
BASE_00007274	baseline	k141_5730	1403	81ad4c317faa8fee787ee892406d9638d16cc58e46a5662b597c466251afb9fc
BASE_00007275	baseline	k141_20207	1554	e100677dcbcd07905b0a948a40ea5338173f20d247568a6d7752848c9bca239c
BASE_00007276	baseline	k141_27383	1867	7217e6ac3e8ecc7f9609b593c28e8d1245cec9555b7bf64f20238ded6c82d9cd
BASE_00007277	baseline	k141_20209	1445	a8264b9e8928dfb8cd5cbf05916c811aeb74eddacd8e7e6381baeeca6dbc0176
BASE_00007278	baseline	k141_5732	3615	f39794681af8612ee2d8be649327d4ea88e1a3b249a8ae3b9cbb6dac35984bfe
BASE_00007279	baseline	k141_20211	1629	141ad2e63479edef61594d80790a1ce2f3da12e010b2e4cd8fa85e4cdcc4c8b3
BASE_00007280	baseline	k141_27386	3172	5785006a6c9565f987516010ab63afa9fe395210d71ef1bfb520bae3748e16d0
BASE_00007281	baseline	k141_5739	1397	da56f0e7cbebbbd7d60ac741113990395c432ee9c7c69a6e2739c0ceaff10573
BASE_00007282	baseline	k141_27392	1251	2548fa176852e5185deed52829c32d5e3f301f899db83f6ec5c1cab98fd29250
BASE_00007283	baseline	k141_5741	1118	428881e47cff3301539da18e296bafe02d52cbf9d49d26b8a42305e2fb771f9e
BASE_00007284	baseline	k141_20215	4801	8609291cb00ef8c1133b5519c9f3bd0ccf4c42b44c2b3e4f88666b4722050003
BASE_00007285	baseline	k141_27395	1733	438168da3dc579a2fe0aefacbbbce5d4df5a8388c5409645994b5b80a9cdb288
BASE_00007286	baseline	k141_20216	1753	b355d1937d1be88d08ef8165fc468fbd625d5e52dddda7fbfbcba62df679590c
BASE_00007287	baseline	k141_13329	172957	a2c7ec1a51c9fba152f34853b9ff4ad4063546da8be318ebed4860f4ac6bbd48
BASE_00007288	baseline	k141_20219	1673	670a90a3c5f3c6eb39429fc553328a48427376a3e0343d4489025faab9cd4c48
BASE_00007289	baseline	k141_5749	3255	c9bb50ac5d11833c58a8f26887d8eac99be141442cd40eeae6b30dfff7014dbf
BASE_00007290	baseline	k141_27397	3887	ae99e0de1ede9a8b421b06c129bff62835d5d8b7670495940bbc441b2a4652fb
BASE_00007291	baseline	k141_5750	1139	2e5fe175d47cb2dfa545985ffd2298110fd094316b0a49b41a52edce7c315aa7
BASE_00007292	baseline	k141_27398	1154	877d9f32ea54c8a5961dd8514384b49a670bc6e29a69d8694e03555dc092c8ae
BASE_00007293	baseline	k141_13334	1422	cc655df0be8d2c7ff5666c47e971e38dade2785a09b6162911cd18f6ecc5afad
BASE_00007294	baseline	k141_27400	1034	3df0c7f1785e664ba461649692ab398b66c55c4ae6fa5512bd90a5b7ccdfc993
BASE_00007295	baseline	k141_20226	1019	4f856f647ef0bc8ddee753255027ac5fabbd71ad609242e3c6260a7eea027231
BASE_00007296	baseline	k141_5752	1889	45cbee95ce01c503ff42d05b615cdbac768e3de7250beb4f744aa3566854d2f1
BASE_00007297	baseline	k141_13337	1714	6a2d95248516451af97919a2b478a3942c0f04cfe7f1f28e7b0083e24566dbe0
BASE_00007298	baseline	k141_27402	2021	23740171976e5ccc2cebb36eaa5357d66cff4f45026864bebf745d484ebe9003
BASE_00007299	baseline	k141_5756	1152	80dbbfedf80e12e679e4226bd67f0172c4ad4cb3fdac0a4186349f638e1d41bc
BASE_00007300	baseline	k141_27405	1265	b6634de9d9affc5cd73a7d9cfce5f5cf11413e2cd77304a2776fccb757de5f6e
BASE_00007301	baseline	k141_5757	1599	bcc3a77094c0ab0a2dd01a0ba10ece412ce1aa642d5b6c3bdc40d50e6163e592
BASE_00007302	baseline	k141_20231	4071	5670d07979b138bef39f9493e5ccb0720a36c5e07023b0d8843f6887b024ec92
BASE_00007303	baseline	k141_20234	1550	15daee1d375cb17364d63435a1f9331e1e8bd7f6ba6facc7055e085f930404c9
BASE_00007304	baseline	k141_27408	3433	ed16612d7dd07ce14182405cc922d26b10a7f99d9363d2c62ae2581d9cc4d9aa
BASE_00007305	baseline	k141_13341	6735	1bc5a60d855e74e634a0bbec1899bc58095e29fc1111a7892f8c50533db22a97
BASE_00007306	baseline	k141_13343	1804	5f8beecc3f4090cd6301eb45a0d3ba4d2681640676a750b5021bfbbfd58cc1e8
BASE_00007307	baseline	k141_27412	1111	074c27ff6e57c63553105298fa57e8bc795010abdeb06cff34dd91bf8a4d6f60
BASE_00007308	baseline	k141_5763	4388	01b154ffa7bdcc91b8dda168d688c35af838bc218fa0a427ebbe3f845daae79f
BASE_00007309	baseline	k141_13344	1793	48ecaba54bea5258d8a1dc343ffa13a7d7aa168bd6bfc00ece2864f76aafb1fe
BASE_00007310	baseline	k141_20246	1324	bd406565b5b59c5913ea293be6c6a02015f7b157ff3f2a7c70be2a6968019b59
BASE_00007311	baseline	k141_13345	2898	b10f7aa76f086df5ab12a09da95c7cff1df985125bb3a569ff6617f7905b3e2c
BASE_00007312	baseline	k141_20247	1336	4fe3740c04b3d0b8d09f965885854422f984598a6ccde8aa80ff236ee5e682b5
BASE_00007313	baseline	k141_5764	6227	e9c32a200bb988d9563c16318f4a78cca3925d69b001805de9f0fe1daa25b45f
BASE_00007314	baseline	k141_20250	1869	95ce54698772fd8d69de9bf8dced263a9f1253d1b2ef046cac88f9f7b9f8931e
BASE_00007315	baseline	k141_13350	2007	de996cbf04c4cbb1ae68c9ceef4a9c2938199ce644c895b05b978eebb19fdc65
BASE_00007316	baseline	k141_5765	1153	2942f3e027068709caa163365e26a0834d8f3308ce1a0d2befcab8d6eaa81acb
BASE_00007317	baseline	k141_20252	1208	a4ffa4ed503aa1be3195e0fbccf5e2cce5dbfca162a95e57928f66dc2a0d5b5f
BASE_00007318	baseline	k141_27423	4855	069c3c9a682f8c05f9d668b8775e1cfe3109196058539c92539add6545c483c9
BASE_00007319	baseline	k141_13354	1425	a1871db5f73d1ec547317715bc8165c77ae6f216fd07ca9317059f7f7cb6d021
BASE_00007320	baseline	k141_20253	1260	d7c1e6700dbfad125491ac96c8b62722f5f22796c4229e6d00912c8745c96332
BASE_00007321	baseline	k141_27426	1518	cc74cc9603f7267937aae5ab4a03381ff2af7f0fda0ff082744f13ef4a894daf
BASE_00007322	baseline	k141_5768	4311	80480cb242604e9dd26febd64d13e4b73cf6acc75ec1627506f318f8a968c246
BASE_00007323	baseline	k141_20256	2764	9dde5458e754a343bec294497d2d2f7185ebfb5cd1e13acb7292680f717d7016
BASE_00007324	baseline	k141_13356	3711	2c2d354d4f66235b480ee9cec700447fae133517ef6efac2c4c3885afb59d3a4
BASE_00007325	baseline	k141_5772	1450	cf3fc62984a1f1836d39eb0410cf4f3aa37e4d65cd2759deea9afc6d1bd8e054
BASE_00007326	baseline	k141_13358	1466	b5f98c01a1531831a147cc985b23fa2fa0193944229783b5e5430bf687bfe023
BASE_00007327	baseline	k141_5773	1025	5b129561a34ea15c5d73beb83bbea3b22571b719d67cd11272af3bb04bfc7a49
BASE_00007328	baseline	k141_13359	1995	d0a78a2a22723265c8fc69a608540353e7da999fd1385a0693c258b8750f2b47
BASE_00007329	baseline	k141_20262	1866	2ccff28ed7e9be63053e4917e1b861e3550b121a5457958a19837aabcc53a437
BASE_00007330	baseline	k141_5776	3270	e6a448b5ac2e7198b18385a826fe6c27a4196fa0b07f6494212ec63307e631df
BASE_00007331	baseline	k141_13362	1992	f4d66554ec1e5d793ef6f1e167277c9b0584302b2a867a013328fcee5545e52d
BASE_00007332	baseline	k141_13363	2334	620ea22e8b642d93a61cabbec7ae2d7f0396348d904296362a34ab3cc42a82d9
BASE_00007333	baseline	k141_5779	1568	97a28b4c0ba260798bf62bafcda9c9f8584878067c8efaaa2b78eeaafbf3bbe6
BASE_00007334	baseline	k141_13365	1256	8fad546ecf57125fbf272aede21bfab04ba4bc3a8d67d87f9365441f84d316f3
BASE_00007335	baseline	k141_27428	12861	b89b8c172ac8ab4dddf7d1efd04945836e5f1af18f99fc91259e1e9a2bf4cafb
BASE_00007336	baseline	k141_20275	2406	c5f0be807b58b5ae24b973fd7f1302e6b6296b91a029c43d2a1ed442849ce53a
BASE_00007337	baseline	k141_27430	1107	c2bc089a48c2e5772ba488a756dd5b95b749e6b6586cc18cff4446d8f94cea67
BASE_00007338	baseline	k141_13367	2408	e4919e78ad6451ff5c4ec20be928d89ca104a376dadf7d508a5a674e7724fb1a
BASE_00007339	baseline	k141_5784	3652	bf67a7a51537a49c5d59228a65159a3e93aabf50c55999c791f3004ae9267937
BASE_00007340	baseline	k141_20281	1449	794afc53dafd60de5f18873302f753b0b76cf2b5743ca681742af30a9486f530
BASE_00007341	baseline	k141_13369	1379	05e8bf5e434a6ffd7306af232567d5c36295b845f52a28299b7d100e8ef16a1d
BASE_00007342	baseline	k141_5785	1690	bb138e6490d8e9665d9ed1310b3fab84005db412784297693611fd0fd49f9fd6
BASE_00007343	baseline	k141_5786	1019	fa90bec541f123d0b91b6097cdd3b9a78f58145bf55ec441fe7f89316587c84b
BASE_00007344	baseline	k141_5789	1970	c2df3fc8d9db0b0d56f25f072c8f28ce9b4be515ff2df0a6969d57b793386ed6
BASE_00007345	baseline	k141_27433	7206	6eb9a87cf73587b07ee6cf0154c7864cb1b64774ed6e66e88e238afc2aa84001
BASE_00007346	baseline	k141_27434	1786	24334a51f629d66642cfa3c2fe25491f847766389b5d2eebd2b4bf69a77ada47
BASE_00007347	baseline	k141_27435	1398	0627bd6a59ff54a59b29d91b1d6cf4e6900f94712d5097d31303d9df6ed9fd04
BASE_00007348	baseline	k141_13386	2295	d854716fd9ef90a970fcdbe06ccecf2b23ccb117b0fea9cf2e2d73791257382a
BASE_00007349	baseline	k141_27436	3167	52a1a99f43f6a74bd98ef10afdc05d36354bf44cdc8190958f14a8c89dd29213
BASE_00007350	baseline	k141_13388	2028	4fb0b4ef22f8e491171e7a8c6ee165fcae861246d662a296df36af21c67bf43e
BASE_00007351	baseline	k141_20282	12459	7775ed1b7d1bdd0db94e6caa22a853721102bb13c545316b1887dbc1cab46e6b
BASE_00007352	baseline	k141_13390	1094	e75d306d100b9deac6371775b12c9f891f1ba1d24da2612bd018ffb74502fe40
BASE_00007353	baseline	k141_20283	1815	5027b3a9801032dcde9d4dd79da3e5beca976252473202da5688e6778668a310
BASE_00007354	baseline	k141_5795	8476	65477648e2d1b22ee16301e86ce963d3515f36ef18ee527641422b968de26450
BASE_00007355	baseline	k141_13391	1725	cf1224191675953b9ecf8eef84b64f6fe524555189ff2b7bdff77eaa9011011b
BASE_00007356	baseline	k141_27443	1181	48bb6f583a5438ebc42a90c136fc50c4322d6bcc7ee318f7bcefd09dfd27cc87
BASE_00007357	baseline	k141_27445	1145	066ace2c0f71531565aff6760d964b17814f1dfdaccaa537354033b792cba283
BASE_00007358	baseline	k141_5800	1195	2d28523986a0ac7ce4126b391f38732cee05530a0ed06d96d9ea84d64462e950
BASE_00007359	baseline	k141_13395	1604	695cb1b7e87aa8ff193ed9bfd0cecf08cea3b631d135e1a3a649bc6c9729984d
BASE_00007360	baseline	k141_5801	1060	60730009fc8f809dace87cb0dd19bdd0c283b989c21ad19ef487dbeb621f5867
BASE_00007361	baseline	k141_20288	2816	4fc1f18a6f32d2796f76a05610e3b051d365a3de236664676be6b1b74c4024be
BASE_00007362	baseline	k141_27449	1271	0bcf713b1ed472ec5b3662c82ed44addc08928ba26a73f3468639300c491e299
BASE_00007363	baseline	k141_20290	1308	72d36c3983e39f8a4f9ecfad360c7ae3f5a6f9440464d62e619b878b96d1e808
BASE_00007364	baseline	k141_5803	2073	5125ca8ad8d639e75f3192a9976ac43eb9704c52489b1ef6c66ead5bb2819db5
BASE_00007365	baseline	k141_27450	1640	4fc7aaeac9698e9d1583c2eabffb6e79c5c8dd8f9d964b5e99f96ed19519074d
BASE_00007366	baseline	k141_13397	5610	5b523c8022bb6929c08cfd52d211b87e0ddc85ff58c84db0f85b3cd517deeda2
BASE_00007367	baseline	k141_13400	1023	39501ebbf01258691aaaed8cc17dafdfe1ad488eceaaf9ba091f425c2b30c962
BASE_00007368	baseline	k141_27452	5365	37c39b63dc201f69182399b5370bdce36f4d687f631cc2c58824090f3981d044
BASE_00007369	baseline	k141_20292	6623	032184b4760332dda8d4086d98efcbee34418496514b442f2492c7df0dd9add4
BASE_00007370	baseline	k141_27454	1593	8a9d425b8c85ffaf320ff0120649d0f34b6e8fb05059a3a10d9c7eeaba1b277f
BASE_00007371	baseline	k141_5804	9666	e75e564fc867d1a0c5509a4aabeeb30cfeca3b29a55cac2dd6784963d39a15be
BASE_00007372	baseline	k141_5806	1020	973ed2d755de44d0f0c5d5246be62ea4b1f4ccca246df5e2c18c0f28515be521
BASE_00007373	baseline	k141_20293	5545	d4b12cbd15279c231b7ae4c5c3c71e836b1061f2f6643261357558488e104a0a
BASE_00007374	baseline	k141_13406	5199	422f8e42caca14e9d450a0af7fa39a14fdd4ded37f458cdf7510aae52b643c49
BASE_00007375	baseline	k141_20295	1348	50dacc8d20f0e42eecedbd17a97c464a0036d8896e633b355815e1e149bf9472
BASE_00007376	baseline	k141_13408	1282	3774d5db81d68778c84632a2e2a804f49624b8fb026ef25faccc6dd1e0ddf540
BASE_00007377	baseline	k141_13409	1272	f3950681b27ab9b4cce358d117a3938cbd0bfca7dde3620b918122816bcfa36c
BASE_00007378	baseline	k141_20296	2503	57695332d4a1dfc49f90415ffaa2ef413a94d7c020e9da81557abb098aac027f
BASE_00007379	baseline	k141_27455	7879	3cbda2fd14ff4c22cae97a2faca29946fc761d5ca0361840dd66b8017563f334
BASE_00007380	baseline	k141_13410	1078	d46178eca4512c37bff67ce31378733f5b9aba82d63d7b21f844098a562f4431
BASE_00007381	baseline	k141_20299	1692	82b70748716754d17c4100049043ddac61d047815f7c6aa36b0d9d2635178079
BASE_00007382	baseline	k141_27458	1789	1468b3275ca26dc6d7b3e114ea3f84eaf627e8864a0ea8054a435574fcf482df
BASE_00007383	baseline	k141_5815	3680	0f290110732fef2b77e3b0f2a2347ee975fb9ecd7154c4f4702a4b13d07f5ad7
BASE_00007384	baseline	k141_13415	1397	67de4b9cb3bfab2478c689abd0f44c06f517e9efba6c4499d5d96ca1d74aac3c
BASE_00007385	baseline	k141_20301	1389	cdaf08d58a8a01e3910286c78283daa68e4a65a01e6dbae33a2bd6012da943bd
BASE_00007386	baseline	k141_5817	1220	0cb33dbfb2ae529d1d898dc0c462b7451e04645f739348d707f9d1d789249fa1
BASE_00007387	baseline	k141_5818	1455	030e9cf7068b52e3f75a289b8a8c5ff82c601a5dd1186bec3a20367339a2ee86
BASE_00007388	baseline	k141_20308	1036	2b011b49e8d32931b2781ad1f1bd577fdb33dae6e79df60ae35eba80fba52847
BASE_00007389	baseline	k141_5820	2396	d9f69b69735b1989b8299b8633e0ca52694fb001452d158f21f655fb997f543d
BASE_00007390	baseline	k141_27459	6091	8f310f77bf130a73dc4f64a977fb903f1663b89e5ab77f3c7dc1d7b80ecb76c4
BASE_00007391	baseline	k141_13426	1856	f0f887cdaf52d155e45eaec2919a4f7438396d03b5889984428d2ccb184bbb10
BASE_00007392	baseline	k141_20310	1781	c82bab0dcf09a0647e14960a131c1d7e2e1389a4121d16a970c716d0f4e3690f
BASE_00007393	baseline	k141_5824	1172	d21d759d76186849f172b6eda3d23a67353225ecff0d8e547f3400f3ffda3bd7
BASE_00007394	baseline	k141_27461	1864	6f9d4afe96ee46fa35f3ee8ea93f41f62579c70b7dcf53c5956581bfbee6ca09
BASE_00007395	baseline	k141_20312	1391	ce30c7878b751ca89d2c8eb04b73088b0f880800881ad3d98269df59369a9776
BASE_00007396	baseline	k141_20314	1514	d9000d5e8b0e51a72f4b03b378e207cfd3f996b581f375c29153b2afff093279
BASE_00007397	baseline	k141_5829	2682	d0448c69a4feb39b2c2233f0ef9b86d1cb7e9f8d21a9f0afbce22e2552e21db1
BASE_00007398	baseline	k141_27468	1459	6c08a63a649333704e40b7041d321cf24883c752904ef5c936fac79f12898134
BASE_00007399	baseline	k141_20316	1322	2ae179509a6b14bb1e9cab46c80de77e802f33242013bdd23ba933d6479a2fce
BASE_00007400	baseline	k141_13439	1173	20e198e304d4b6a3ca97acc494a3d5a078bc14feb3bbb082cd7d02c1ff190222
BASE_00007401	baseline	k141_20318	2312	4abd49ff862464d2635ea371407279db2a21ba129d0960999fdec82d77054b92
BASE_00007402	baseline	k141_5830	3912	dcc8fabd119885334352a1571310a00c4a2587dde043046671ec3a918f5af3e1
BASE_00007403	baseline	k141_5831	1681	19d1c451a40b52758d3525cd7adb9286fe65ca69097633d3a0f3699f8f82e006
BASE_00007404	baseline	k141_13445	1042	d417a7ea25f9b550cbd65e122f7ebb3961bbdd812b2aa2ff483f56f596bc3be5
BASE_00007405	baseline	k141_5832	2083	af209ad5bbff857add6b02485ce242f61d0c08ef8446074a5bc89cfb2480114e
BASE_00007406	baseline	k141_13447	1556	bc4f5a683a814bcaa8d59e9f3630089daa9101d112a342d6a7f08049681d2feb
BASE_00007407	baseline	k141_20322	2739	2929b469eebbae6a5f2df15d433c3f0accaf59571a96b232d77855f24bb75c52
BASE_00007408	baseline	k141_5833	1528	1d70fe48a1405a2bcb9aa02989023b6cd9777dc290d96278d994fe53ae2dce65
BASE_00007409	baseline	k141_13449	2332	eed8b036dfdd080b77b0d69d2c51fad5af2d243732d697d0c654c59cb7f437f0
BASE_00007410	baseline	k141_13452	1030	8d1b220cb4d13433db982c548d6bbcca7cd8976e3278e257dd337eb0654e98b8
BASE_00007411	baseline	k141_5834	3613	139cdc7d6cdd97cae051c61788e9f67fa8c8002a579a8a595e7413a2ab273948
BASE_00007412	baseline	k141_13453	1707	33e0c4c46b7fe394834a287b1ee7fe8262027426fd1ba67f9dca24af2c28a10e
BASE_00007413	baseline	k141_20323	6309	f81ff5f001c196364903c99b53478898ee865da46e7130930a25575276d697cc
BASE_00007414	baseline	k141_5836	1583	e51e74bddc5a9e04c564b8eaef5864f7ccb00b0fb0193b3be1d7465586d08cfb
BASE_00007415	baseline	k141_20325	1650	8668d08740b016c2513f45ddf74dbea7a2061a248b192d7a6177f1327a44b869
BASE_00007416	baseline	k141_5839	1283	f593d56283e2955543bde5ffd2a0a9a1e84978fe5e74fb7b90c87f234ef4caa2
BASE_00007417	baseline	k141_20327	1173	4c68a56ac8098c676f1329f1c35a97795cf9d11493d3ef95c8fc44c07416f34d
BASE_00007418	baseline	k141_5840	1522	9918f405b967afbbd18c37fa398f84d16fd7326a7f5101f82990db9f1f7fc76d
BASE_00007419	baseline	k141_20328	1815	aee3701fc26e7baeb40447f17564839bf9f1d78c8a3df3cdfa59b26282fd48cb
BASE_00007420	baseline	k141_27471	18444	a37a15e67293c495e73870aa4cd9a63aafb599893e3e7b1b634aeea3bb30ae04
BASE_00007421	baseline	k141_13464	1361	4aba738def8e2a7ec9130c5f5f4faa884f15391c21dc65525d602ada544931aa
BASE_00007422	baseline	k141_5844	1306	90a27aaf00345247a40fcd15cb162cefc1b8b34b0d5109ab4793ee926b2ea5e9
BASE_00007423	baseline	k141_13465	1018	9b8ecef3d464fae8fa7ef1dc96b5dd442cd0f335ea3e1697a63eff7c3e5aeafa
BASE_00007424	baseline	k141_27472	1827	1ed61f7515aa2c0295537c5fde59cdca91c5659ce808026ea3ceda5815ed4040
BASE_00007425	baseline	k141_20331	1654	f66a54e8d3aed163aed4988a37d3115497c8e1e47e43cde4a4fa96faa9765724
BASE_00007426	baseline	k141_20332	1154	42971bd36f0f375b21f5a5e302ac8c0573f60d53896c7baa8ea68a30aaf8b6d9
BASE_00007427	baseline	k141_5846	2280	0f25f98242c2422319387d6f02b8205d21d7aaf84da2cc5b70ee90e8a441f919
BASE_00007428	baseline	k141_27475	1093	fead5ed9215518ba1c621da57f178ea41acc1d31f57466f3da5a4c45f209f2f6
BASE_00007429	baseline	k141_20334	1008	a443421eeeeda3eedc3aee15642b382bc3c24bffb84a6b801611a395886f4b3e
BASE_00007430	baseline	k141_13473	1383	c5881b6f06627925b1709a3316843a7522985ab960ce61f34f4d7b800c6269f4
BASE_00007431	baseline	k141_27476	2497	f709b424e077c5a6bfdfce26bb7fef0d217a36d66aba35c45621ae1211131bbb
BASE_00007432	baseline	k141_20339	1257	cba92a7bfc6402fc367396b22c09f4728ca01b8f0741d105ab9d2296aa4f0a22
BASE_00007433	baseline	k141_27477	2101	4d7fc4f1fa94f19e1c3e3fba3e1abbf8c1840b05d2b03718f05bddfba9825663
BASE_00007434	baseline	k141_5847	4905	f7aa20fd6c234aa5563984ef9a039ab1e87d57cf0685223d31084f71455b83f9
BASE_00007435	baseline	k141_20342	1124	e741e8ab9626124873e028d010f6c3a8d07f745ab73de130b359cd37830b5ee4
BASE_00007436	baseline	k141_5848	1873	7378697d9439a4e43c1d206cce6ea3039104b5f256b81b33bce7cf9488b598c3
BASE_00007437	baseline	k141_5849	1126	0787e160609126799956758a73b07d9413473162439a78c7bd92d3c0d301bd57
BASE_00007438	baseline	k141_20344	1294	b02da9ff5516bc4484d72b4b65abb7e49a91783b34bf96f067256d6a2d749239
BASE_00007439	baseline	k141_27481	2306	d789d03e1c2319ae2276d0d54208dd0c5730cdda0c109fc4c6853a85a8a6bf7a
BASE_00007440	baseline	k141_20348	1696	3ba3c44184fed6e6cb56e4cac8be0895a37d5cef1cf70c8ee5328334e135c497
BASE_00007441	baseline	k141_27487	1344	7a8666fabb637feacde4a6936a54fe06bbbfc96db0fa92b17fe0476786e3b19b
BASE_00007442	baseline	k141_5859	1344	78c9728fb0a65a7d57f1a4f890ddca020147c155cb230b410b1299af1e350a23
BASE_00007443	baseline	k141_20353	1293	49c4aa0555e298386a2c1d972553c3874b7ca8978d7a00902535e70519591fe8
BASE_00007444	baseline	k141_13475	13952	3eaee1c0ff97bb7d922eeb8c00ccf8d2f37d840a7807e31891a02206fb136157
BASE_00007445	baseline	k141_5865	1013	0acca7196bb3ad2f6829ff44b6d150ef1918490f95b81f8c093411aa5f412f75
BASE_00007446	baseline	k141_13476	1197	4bfd02daf36110d37a0033c8997390bebe66a1f06d7571b2f76c07d22a7a4296
BASE_00007447	baseline	k141_20356	3411	6eebf34ec374c9f18c63bc0bee3ecfc7a17ed9eae8149836aa4f4db3e78c1b91
BASE_00007448	baseline	k141_27494	2854	b8ad0b92db8e4a6a65cce3fa50336a1febf70b48da299a7ec46b36b1845205bc
BASE_00007449	baseline	k141_5868	1177	1d0b6b16bee4c90be1bd6a7e077e5a1f615e343c540f7ccc8344d5b47af74245
BASE_00007450	baseline	k141_5870	1134	c0302e78367db8e3c0b4f9379fc702afbfe84e68e3079c43bb3654d5383f01f7
BASE_00007451	baseline	k141_20360	1089	773fb02e718f84c1455ab56929914baa03dd72896401abd9ce94fb6761d3c97d
BASE_00007452	baseline	k141_5871	1020	813353220d43b72e4757a4991dff7075698ecc1412498b308e8dc01815ebe1b1
BASE_00007453	baseline	k141_13480	2657	c217e538766f99f97ab8d084d0bec69518052d17cd7e29e2df7b331e55d19f28
BASE_00007454	baseline	k141_20361	2005	7633a6929be6cc966eebf280c65033961263b05705f53af57f14319866a6abad
BASE_00007455	baseline	k141_27495	4164	03fff5d8620e7e229707ca1a08fb2250f008ab9ec804e1e9197f6a3277b03ec9
BASE_00007456	baseline	k141_13481	1967	d1cad2ead628d3d7b454ace87c8a6d264a19e27e59cd0850232ed58db8c71e34
BASE_00007457	baseline	k141_5874	1439	e1b90359bf38e6af959fd68c8af6128ce36d50b56a10c9c6a22bef83db3d5070
BASE_00007458	baseline	k141_27496	1603	575da2b6c47d2e33f9d534e0595ff265b33d7d201ca1d96e71515ce5c40e5173
BASE_00007459	baseline	k141_20362	1623	ef2ab7374e73adfbe05066368388b5a2e4bb5fd1d42eafc9fc5c65cb9765130f
BASE_00007460	baseline	k141_20364	1262	af789dd33deaf180f3ec1e4abb44b7d77c51c215b4e411d151a600167ca9e167
BASE_00007461	baseline	k141_5875	2032	58fad93eca67d32ebb49bdd27e3be39ef6020853884be62d71ae0316e94828ca
BASE_00007462	baseline	k141_20365	1126	0976aff95ca1bbb6e2259443891843cc5547cc821e027026cdfa4dc7bfcf4b9a
BASE_00007463	baseline	k141_5882	1056	ee125876f2b658308cbde01340454e681308121e1ca60b529c46858d35d9b4a3
BASE_00007464	baseline	k141_27504	1984	ff9541e0706003325f93c393333fb1ec42324f1beff2d27a534183be4139b9cb
BASE_00007465	baseline	k141_13491	2054	f5dde7b569a8ebbcda131574541b5ef2f7981d5941712179e048ad320e19de7c
BASE_00007466	baseline	k141_13492	1310	b7a2376367250e3c159ced9e3c2cf3d5110370dcf15c01ac1e1049ca4a5340bf
BASE_00007467	baseline	k141_27506	1060	b346bb0acfcc8861ac39e8064c12831a7cfdb4693ef87b0ccc0c80671546cb57
BASE_00007468	baseline	k141_13493	1276	b4afafaf109021a06344b36bd413598d6dca366b8a17f4eb5de59852262d0185
BASE_00007469	baseline	k141_13494	1184	d6cb3db22c0c04f4686f49f5789b074a110d8039611ee6d82cdea6b708b104e1
BASE_00007470	baseline	k141_5889	1289	fc510bc0bbb905ea4b5c82c7e10018d763961b070606ac9b84780db66da3a11c
BASE_00007471	baseline	k141_27512	3306	402357aba79089bce04fdcf3b2269047e6b81493c56c19dab82bcda427b1b5e2
BASE_00007472	baseline	k141_5894	2219	098490ce334551c4ab4db2d7504cee3b4f67e9fd4cd342e5298cfcd5e39871c7
BASE_00007473	baseline	k141_13498	2431	aa8176394467a6fc8090d12939f95bb5e1ecc7d9cc9598749b575116814996fb
BASE_00007474	baseline	k141_27513	1176	cad7f30d8f43aa1aa42e873dfbb3672dca3b125e39e285af4ab00f9891006cdf
BASE_00007475	baseline	k141_5896	2098	fd000c83f1e9f8fd5e9aa32fe66281ef6bfe974b564ad6fcf8258c3bbd52666f
BASE_00007476	baseline	k141_27518	1234	de7158ed3a735ebf8eca1fc34ec0dcd5ee366529e56d64b8b39c9fab1f0189bd
BASE_00007477	baseline	k141_5897	2206	5daa0f5bc31eebcaa847fd3ecfbeab69340f25310a2d34c4ec0db971bb458ec4
BASE_00007478	baseline	k141_27521	1922	70cd57413d3e1c9af8ee07cdb4fc65ecd1b665e1fa2e54dd7fd54b653669637e
BASE_00007479	baseline	k141_13507	2525	c1f26fe04367481c9618dec6ddfd829afd8b83932e67cab51c82254e032c4d80
BASE_00007480	baseline	k141_5901	1457	93e00865869352925df9c417127a002bab2205a800c9fca8f2eaba572084c436
BASE_00007481	baseline	k141_5902	1344	02f8b54257f3780e2c1c55d7ff742cf44a1f360b4e0e8b5b84bd758bf57e0e6c
BASE_00007482	baseline	k141_13508	2349	e99fdbbaf6e645c0d0bca377b99f05e50347caad6a2f81a789c231e111f02e38
BASE_00007483	baseline	k141_27525	2188	bdd18be85047c4b5eb032b49864043aad60626f90753387272c99f79ce8772ef
BASE_00007484	baseline	k141_13512	2543	c214fc7b8b8110b3fe299d7f9aafca3c486e91b60b644af0c04260ebd5c81536
BASE_00007485	baseline	k141_5909	2077	3ccb5141e8b5c4cb1c5e7b059785e4462d27c0f8c8c9e706a450ed56f2aed4c6
BASE_00007486	baseline	k141_27529	2312	99ae2ecc8c498daf26fca1560bc4b979dc09e84ed1dc8e7fc4bd6e70ef25ebbe
BASE_00007487	baseline	k141_5911	2826	483fe92eeedd3bddba18070eb3a212a2581678d2625e606ea88b5fceab8db04d
BASE_00007488	baseline	k141_27536	1131	e24b4439ca5e1319a372bc6388dac0a8c31be2a03eb71e9d60b6c4134704740d
BASE_00007489	baseline	k141_5915	1163	fb67e6cb063949dd077e794faff0949f9ab5da8de0ff5cf9dd55c8da63bb52b7
BASE_00007490	baseline	k141_20369	27386	8efedc8bbc9efd44611975a449c3ae4fe2fee46f55c6db8a824b2366f6aa696e
BASE_00007491	baseline	k141_13516	7279	00ecad0264934eaf3e1ee7bc8269ca5aef999814a727c3f662b26d856440d592
BASE_00007492	baseline	k141_5917	3373	53e785f7946cb1a509768d5ed7484f514e31d3c5ec1c5b881cea46ef1c2c02c8
BASE_00007493	baseline	k141_27543	2214	0121c613404bfd576e413a3f29acaf34ab68912612cd50ef5af9075340cdaf41
BASE_00007494	baseline	k141_27545	2081	803ece8c23dc75d948b8b6998df28897c8e05c403f56ab671f57eb73d776f628
BASE_00007495	baseline	k141_5918	4860	fcbf34191e37e4cd028f8e102d78d0c8fa21fcb7ceb16cef0531fdafcfc06df4
BASE_00007496	baseline	k141_27548	1704	e68cc8525e0cfb73f407b968e60513f739d7f7ce87b30b8ce71b6ab14cb7f3c6
BASE_00007497	baseline	k141_13525	3470	4e1cbeb16520e40b55b9d0fc68e49a96d5c5b999b92f93835565bfd47f73543c
BASE_00007498	baseline	k141_5921	1033	e6fa6ec1e7cb124bef86be5ea318c2403a6cb18e434b67170acbb6035ea81482
BASE_00007499	baseline	k141_13528	1018	d1e5cd8d633edd33e41168ad8b3284f7a83cb548b2b1dd5e1abd0a805c8b004a
BASE_00007500	baseline	k141_5922	1877	a38f08d9eb27db2061d6c17e34dfe0328f8c0572f24e774c111c9d28d08a7061
BASE_00007501	baseline	k141_27550	4859	b319f389524b50b157ebab7ee379fac52c9f369f7743d991c457064f33487964
BASE_00007502	baseline	k141_13531	2093	2d1f1e9f6f66971eb248b4cd31d63c2e7a08f11e781268447019af9ebf9c5c74
BASE_00007503	baseline	k141_13533	1133	88a9bd2c8db1863e647022bb016ccefb42237a38e39c0096228d1bcc294c5be7
BASE_00007504	baseline	k141_27552	1538	c07a9ce2bd031440de1dfca09c95bbf0a0ac192416600d63293dab52c564980f
BASE_00007505	baseline	k141_27553	1000	aa6735eeae7d5a471bc6ec95de386e0a3f72a2e07cf5c2c3226fc66ddd0c28e5
BASE_00007506	baseline	k141_13534	1767	d87ac328ed844231dcbf6c27d68302f6fc733813a59caf9c36681bfe3e574c96
BASE_00007507	baseline	k141_5925	6444	2286f9f76b17abc6472c70a036552a8cc60352938c007ca901091b858224416b
BASE_00007508	baseline	k141_27556	2001	3711bc4b6adff9a5c39bb1ea9529ba50fc22d6cd570b1fc4161f1b968e11b5bc
BASE_00007509	baseline	k141_13538	1564	4eab718e2d3bb3b66531fe41844988c132ebd43d6f7cf2c308605efb3f59079c
BASE_00007510	baseline	k141_27557	1192	6801fa3679e13d461368733a5b5d402f055d97f05aa1d8fc96bc13b92fb7e1b6
BASE_00007511	baseline	k141_27558	1133	6c399e03546dbc11e443d2070ea1b230fa5428dd6fdce4e1e58b2f6fc2d876ab
BASE_00007512	baseline	k141_5927	3411	82120b49d5a420a5505b09496359a930543d2da566035efe31769b71b47417b0
BASE_00007513	baseline	k141_27559	1412	1c40d9cedf7856f130a52853c72845467daa83c2fa714806698cd2b43c7a882a
BASE_00007514	baseline	k141_5929	1776	ab265cb67ced14831ebd9ce534a56a267c6c6154a5626ea439ac7bf7780c3c81
BASE_00007515	baseline	k141_27562	1464	9f7bec43f387471dc744813c7122a9c6fa3f7de4edd04226c44b14476e15473b
BASE_00007516	baseline	k141_13545	2276	8306b353c812aca6dcb442b2250b829da67f7e151c58787880890e5443a1482c
BASE_00007517	baseline	k141_5932	1049	670a2a17ce22fded1099fcb4cbd469885c23e46f966e1a1063540d6427634e24
BASE_00007518	baseline	k141_27564	1449	c6ff66f4467779937d1c2cab45424e650cdedc362ec7aa09cec6a9b237872bb4
BASE_00007519	baseline	k141_5933	1460	7a65146d18edb0865cd3e31ad72086784695f0a6fd58f23af944d29d3df5c24c
BASE_00007520	baseline	k141_13551	1765	09cc5fa097beaf2ecbced192f745165dbf3cd66d0ae62e726a870be8e5da6681
BASE_00007521	baseline	k141_5935	1669	f60607315cb7f2c98b562cfe5dd2c4ea0c003974bf02338a56cb9b59bc4c0d6f
BASE_00007522	baseline	k141_27566	2851	59c21395e5df3b5c2adb8f2b9bc8f142de373b6f7df3bce97aaf41d0ac68feb5
BASE_00007523	baseline	k141_27567	1464	e11e8ca52847724a44d39e9022ffc90fc04aa5287bf09c6e806210b572a4908c
BASE_00007524	baseline	k141_27568	1313	1a3e4a267d939f26859b99d261fe70df89e507f2567c6a0358d02497131d7ba2
BASE_00007525	baseline	k141_5936	3474	55bb50b5715bdfd1d2dcd7be552ee81155aea7a61a6bc6b3cd7be5d21ebbac6c
BASE_00007526	baseline	k141_27570	1414	b76e24865108e2c729b9e1a62ffe1b9ab8f43ae2dca9714dc30960226adda9dc
BASE_00007527	baseline	k141_5938	2179	8e867373eea312245123180bf21b06520fd86429499a07c7c854ac0605e8b9ec
BASE_00007528	baseline	k141_5940	1189	cf1c7d7414d0c3c0f992baa0e561df237fc049df84714929dee28188b20b15e1
BASE_00007529	baseline	k141_27573	2032	6b8b7309bb8db054f75f4f3be6b5364464f187482018e201e4bc900c66820f21
BASE_00007530	baseline	k141_5942	1089	5846abd1b6c8c3138c01d637d8e408ab03fc00c54e29b9002071d35756c4e831
BASE_00007531	baseline	k141_27574	5131	212ab0249b9b2ccb864beab1449509ed14744c89b1ec5f470e7dfbcec278d268
BASE_00007532	baseline	k141_5950	1066	670954a3f6705917f22cf220919a68238ff37779db7d3567cd93175b257a8ff4
BASE_00007533	baseline	k141_20373	41114	3ffcc52e1d3669094736c17f24e3a715e1519e77b2909f71fae95fa809957f5c
BASE_00007534	baseline	k141_13557	12023	9db7c16a1db05dc559161390fedef13016d71382567cd6d0b4ba0efa44512e1b
BASE_00007535	baseline	k141_20374	1461	44f083fb381c4e7c8c8a8e30e6755d35aad1d619ef8ec418135590c93c0d32d8
BASE_00007536	baseline	k141_13558	1160	7950c046195733888b1d3bf5f447213ba5ed3976312431d09914f8d2ebfad6ce
BASE_00007537	baseline	k141_5951	2314	63d1f19c95323030ef15caf1b620fc8c1be57c7136eab528f6d069bfc6fe98d1
BASE_00007538	baseline	k141_27581	1018	d21426dfec6f8124c42879b3fe27a49c203dad63d0d62fa30c92c1f1c79957b6
BASE_00007539	baseline	k141_27584	1081	65cc274562c0504cc3ef26d91b52c1c0852bea82f76b5c39860998984fa019f4
BASE_00007540	baseline	k141_5954	3016	09b32f0fd28aa6fbdce9c5d94d79000f1917cc7317f3c830f885c2ce329339ab
BASE_00007541	baseline	k141_27586	1207	310bdc3ad29ea873c7fb6beb4b0a4fb5d3ee7ea354db10ac96ff58cbd31bc230
BASE_00007542	baseline	k141_5955	1342	df0c9192aa3e3492d187f277553fee2b118b99b7c7bb50a937c5c719202b8f75
BASE_00007543	baseline	k141_20375	6650	621214e8dc85a402383499b78b8983f26be865c5ecb3b8abdedb3bdc052cadff
BASE_00007544	baseline	k141_5957	1583	0fc8730cebe6b9802b2e0d2ccaa51b4f42a4a4f0e84720ccfb62c5190593a931
BASE_00007545	baseline	k141_20376	1078	45c47300c05706937fe1942d5a63bd31758a9a982ef704313f185d65560f1745
BASE_00007546	baseline	k141_20379	1765	5489a7ca7bd102d9c215b6ef8e65d28b3fb437683f3a39ee0b14e679b670efe4
BASE_00007547	baseline	k141_5963	1584	a09c22c44bcb8bd68b0e4b5bb6fd316e294aa8b668a309335714746441108125
BASE_00007548	baseline	k141_27589	5308	74e93353b4020aee021f20dd9f3f292e89124f4602f2cd97fb87641d2c5f33f9
BASE_00007549	baseline	k141_5964	1287	678423deb712894ad3f729209390748e42f9a2294d7737e096761dff0463d2d0
BASE_00007550	baseline	k141_13560	12200	93fc40a84141263122e75fba6525e81a697c8f3be56450403b206c1f97e2b312
BASE_00007551	baseline	k141_13561	1141	05c36804905c454d2836e548bf3142aefbac684c3354509a8bacf121433d55bc
BASE_00007552	baseline	k141_20387	1287	f246bb3aba1f64c73d142ddf2f7988dc7e2f4de90176a256eaa3e62a1d73e8d6
BASE_00007553	baseline	k141_5968	1280	63ee1431eda273cbf8cee2c880da60a530b9327ad6f830c28c297da6d6f743b7
BASE_00007554	baseline	k141_27593	3011	83d0d2af2cf3955f155f92ae0a618a629030302bef93e2652961b50c96f6ef67
BASE_00007555	baseline	k141_20388	1281	a74b71f0b7360bf724b443c4b69aa098b9853793ea519886c71b89f94f4ca784
BASE_00007556	baseline	k141_13563	2120	617501275a17f1c0e055c834baeb4e024f6474c1341ede89316312972c43d836
BASE_00007557	baseline	k141_5971	1129	23ca12bd73d77b2373a990f546ae2cdc79cbdda3628481c9f981c92b574145c2
BASE_00007558	baseline	k141_20389	1082	239292c10dbc9f11ca3c71c4213b599d7d4f09142c269805cf9858ec3b406e1b
BASE_00007559	baseline	k141_27598	1082	1223b678b6e208991b5964ad18f60692756af13c36662e7eba69ae31ad658447
BASE_00007560	baseline	k141_13565	1028	ab5a499ce35857b9cbb558f76c788e25c1bf9706a8e76c3fd10eee35de0d6a27
BASE_00007561	baseline	k141_20390	1811	ec2c1690dc96f6258acbb8ce635293bc21dbe40d56795a8f30d4b3f5ae0771bb
BASE_00007562	baseline	k141_27599	1161	a339f511a63252ea475e3ab5cb6b82bf30fc6570bb188c9c4487a2dc0c936b80
BASE_00007563	baseline	k141_5972	2611	cbcb1350298f7fa3d0aba95e7ceaac1a388c280da3b0d278eb25dc7bd977a471
BASE_00007564	baseline	k141_27601	1956	8769ebdf943dbe96442b4e862cc9748141a4ea8ab9b238659926c926ff04a9ad
BASE_00007565	baseline	k141_5974	2093	aea50eb07f309da362a92410f6e79e31aa4f6bb7642a6b9d754e29cdf8db09ee
BASE_00007566	baseline	k141_20393	3166	3114a8bf2b96f83278aeb021953ef742b8db869bdb104d8957407d3c57f259a0
BASE_00007567	baseline	k141_5975	1064	12c9e392fd3c08bd1cda9244adfc8d247b2491763bfdbff809de187bf9729f02
BASE_00007568	baseline	k141_27602	1571	6740aeb1e06b629315469f7698b425de298a3ae99cee4a0b069549b7a05d3107
BASE_00007569	baseline	k141_13571	2754	013f97acf6871efeb2253bde492a922ce326bb8d01fe7b5a62f0020cff2c012a
BASE_00007570	baseline	k141_20395	2069	a3e5ab387780a6499a0f7f48f35aa1ced2980ca90646cd69343ef130163acec5
BASE_00007571	baseline	k141_27604	1825	e7cf95123764f0a1579da7a15cce67b29999e6cca656e93e110b87c7cf467cee
BASE_00007572	baseline	k141_27605	2087	7c69533ceb0461e9e5f612da1a25164420f01678dae0fbdf85ae3de13c5acef4
BASE_00007573	baseline	k141_5979	3643	32e910a5fe6ce373ffc3c2274bc220b0ef91417b4f3f1eea7b161e76e0a0d4ca
BASE_00007574	baseline	k141_13575	3599	c6667edf4e70669694b1f76976cddd906d67bc6e0855a30e533b4081108bff1c
BASE_00007575	baseline	k141_27609	1185	20973d3554c0a0e8f46d3bcb03c89bb90e7efc287db36e42af1ec0c30370d0ac
BASE_00007576	baseline	k141_13578	1199	f05733010a7bcf0a79986abc25b221de72daa47ff5b125ba769c28b38c95753a
BASE_00007577	baseline	k141_20401	3527	7fbe5d71cc17cbb7203771d1317c2f281352077770718645cab8e13c1b7a60f6
BASE_00007578	baseline	k141_27611	1425	2c310fc439ac0494fe5211ddb02244709d0dcd25e1f19d8b208d477ff62224ab
BASE_00007579	baseline	k141_5985	1767	7cfcc285fc07411161b1c92c072a41657b0f9fc200eaaf3eecb60fc7d2c6c309
BASE_00007580	baseline	k141_20404	1167	69bed03e04c7b1dbbfce5e2940a8a010ee0427639261d547d73b8bc17dc1bc19
BASE_00007581	baseline	k141_13582	1324	df1f8a03beb80b2088e7613bd33cc8ba29c5df6fd86191938e2543915ef3f35f
BASE_00007582	baseline	k141_27614	1797	44467103aac2b7f503eaa06e24aa46823aab3941ef98742225440e5e8fe8d145
BASE_00007583	baseline	k141_20406	1048	b4164c35a599bd67b4e3503783af1e0a9e6a228670d21095a34f65828148f8bf
BASE_00007584	baseline	k141_5987	2440	b0d547838ab1a59a04a2cb66d718e0c2ca2579fd5de57f0b806c9b0a5732440a
BASE_00007585	baseline	k141_13587	1218	3a7da61eb9b17cc822438b2de995e527df9dca894d77330cbcf742d7ff086e66
BASE_00007586	baseline	k141_20408	1840	800123377c83652d93a8b2bbc81471d8f0baab13e93f6e178c28c86727c6f9a0
BASE_00007587	baseline	k141_5991	1088	1c6435b6e768ee64bbde79b72be43702f3266a1f027632df3606bc7faa7e4d94
BASE_00007588	baseline	k141_20409	1215	2862353407d16613614fcd5c7725ebba2ab1adcf7907d58ff6a3050552f3b48d
BASE_00007589	baseline	k141_13590	1225	f139565a11996fbe1ef90a12d4a3b78458d94fb63bcbb651ce6b4831a7fdd1c0
BASE_00007590	baseline	k141_5992	2134	60da0658da326b1c2b333bd9c415612df5476b935c26a906040524e4cbfff9cf
BASE_00007591	baseline	k141_13591	1681	b06dfdea86feb5b1a77a3f837f328ed62d1878e8294c321c2d5d3176e68c7049
BASE_00007592	baseline	k141_5993	1529	dd4e39dfd5dee1bb94896a746ec2f829708b77fa40617a75782c4fc224994d54
BASE_00007593	baseline	k141_27617	6524	1a8d875de5ff38efd564c759f26ee4b5d6647f62c32d5d467256bc1c0f2fc998
BASE_00007594	baseline	k141_13592	1941	befa83922e8eb92062634108185fce263c91a9751e7760368845fb5b797ac177
BASE_00007595	baseline	k141_5995	1134	b8e61c81c33ad4c41f11919f36e5a9a7237b106e182ad542b68949098a31df4e
BASE_00007596	baseline	k141_27619	1461	39a88e4782b7d863949e12edd101207c510d2bda7f2f5ebaf86c528516d7f90f
BASE_00007597	baseline	k141_27620	1215	d49a64c02978f0291bbbe257da1d94cc94298888b3b3d58fe95a2e0248e4fe31
BASE_00007598	baseline	k141_5997	1597	739872ca97e9e049e80febbcd645d6f3cf02eafa1db3ea111281ae8641bf8541
BASE_00007599	baseline	k141_20411	6318	b522941f0cde6c83e922856509a9ef8bdb63b4ed65201923e4075189c9066877
BASE_00007600	baseline	k141_5999	1065	d4a603201f2c898708be82b36a7299bd747b567786e42b433cedc7759172848a
BASE_00007601	baseline	k141_13601	1441	fc216c922d265d52958c7ace6d0f76fe485958bbd4117bbd3378435f80474849
BASE_00007602	baseline	k141_6001	1105	066ba0b5bf982fc73cfd63c884b38984bd94bd16502fc320be184995964fa707
BASE_00007603	baseline	k141_27621	3481	f56b14f5bdf0da5c7bfc73592b9346e76faa2fc980f1bd404c8cf1c30ca17fbe
BASE_00007604	baseline	k141_13603	1413	a12071a1815fc092ce15836f622fc545f400fa2eadf47eaadf710a5491caed3e
BASE_00007605	baseline	k141_6003	1162	3e57104faf37c97281e89ca8afa045d677a8ba3c2cfdd3d262256b6b2a8653bb
BASE_00007606	baseline	k141_6004	1773	3fb8b0aaf0518b08c164bf26925a342a0365e4f4fb03ceb1162fab43d30557ce
BASE_00007607	baseline	k141_27624	2269	aa6dceaf107fcd875940a373d133cf294e5565c660a381a17905adcdec0f2f43
BASE_00007608	baseline	k141_13604	3816	ff8143e0b4ce596cf1b6ba2c8f358b372746d8729a2fc3f60d789c8f943ad0f3
BASE_00007609	baseline	k141_6006	1423	fd9d09177e3a4a457e12c0d8059f3536fed35b222fc83d830ceb175fdc3f97a5
BASE_00007610	baseline	k141_13605	1290	e0450834d07f53d7df00b8a7247c0733f595b147f60a9b2a8fd839e9004f9418
BASE_00007611	baseline	k141_27627	1371	badb014033723da4dc94dc86b6883ba32e0d262988c6fc8625f7d2ba933e82a5
BASE_00007612	baseline	k141_13606	1075	84a28cb81f72dcd0cf0bc544039a433002e33ae77daaedf95e202b8e2abcb03b
BASE_00007613	baseline	k141_13608	1692	d0d5b05b15f293e0c088cb8e2e72eaae82fb02f0a1bd45779e3e2be5ac9025f0
BASE_00007614	baseline	k141_6007	4255	0dd2548e03b916d557fde18ae8ff482340d8e02c9e566f18942a4dc86371db08
BASE_00007615	baseline	k141_6008	3591	0b54a4dbb9d380580f9d4dbae8031e63063b8cb98263d7f4b550cdb80205308d
BASE_00007616	baseline	k141_13611	3039	0a644e8e217f7292631de835152188af12c01004a06d0b79e24da2adff1852cc
BASE_00007617	baseline	k141_6012	1458	12d91b822ffe970406e3f912300f79799a309ff282aa23716063649920af9b07
BASE_00007618	baseline	k141_13612	2697	c498bbbc2e2b7e700a73c81bdfbe40f147b131cb9717ee78fd1b184e7ab50fa7
BASE_00007619	baseline	k141_27632	9146	960f7347617ba52ab88681ce7ea8c3c9033ba64d50fdf790e276708c9039f5f9
BASE_00007620	baseline	k141_13613	1457	5b5ee909ad1b4b2ad76c73807298b91ea3c3c04e13c8e96dc719fc94e62eaa66
BASE_00007621	baseline	k141_27633	1043	0e82cf95db92c0c638df6a0a1c0b10618b481136a2eb8efb7c290df2fadecddb
BASE_00007622	baseline	k141_13614	1205	4b3e376816274b73e250755f7f1dd0a8ea1850dd27f912aae1d721fd6a14c63c
BASE_00007623	baseline	k141_6014	3649	5a5a30910aae47cde5b2f8a8947dd9af077dfbec773b3c1032fd2b6757370b17
BASE_00007624	baseline	k141_27634	4305	9ef5b23e6b78a3cafb9a506cf0134af4f81dd42c9f304fdc17a77476c5f1b994
BASE_00007625	baseline	k141_6018	1507	081468e72217cf4f1e0b28dcdb1eb4532888f51de7bad5a8c1c4df486eef8d70
BASE_00007626	baseline	k141_27641	1169	880f4bee030e0334d29ff6a52a0dba9e5bff7bcccc5120c650bbf7612a7a29f7
BASE_00007627	baseline	k141_20414	27692	9caf08c0ffae39ecaf2592f144eb446ff7b1e47b7ed59eaaa7ea89a59fd23a44
BASE_00007628	baseline	k141_13617	7550	df2f05be6bd3ca932ac39a8ec12a218c3736db4009dbb4f10cba2033bf57ff95
BASE_00007629	baseline	k141_27643	1457	39a9be4d87c311a30463b2259573735c97f80cf7a5dfac5e014746f41e423f58
BASE_00007630	baseline	k141_27644	1741	69172cc963ea50ca93e7349e7f37da52d38cb0e2349f24232842a1690a5fb110
BASE_00007631	baseline	k141_20420	2274	4582471b96618ead5f54c3595d388131ff78b4e3872fe2c5b6f5a59272f66f08
BASE_00007632	baseline	k141_6019	7931	47a13e8abc741961645c2c6ea00379b4d8e8736a5be817b1c5202965e14928ab
BASE_00007633	baseline	k141_13625	1041	11fecc94240a5d5dc31f9d36d5a8c70f5eb31f80a73bd982a433349a1f26c281
BASE_00007634	baseline	k141_6020	1301	081a759037d631c0dad119b799746061a9e7b3c4a382fea23f4939c148cbe51f
BASE_00007635	baseline	k141_13626	1527	667335291eb8d32dd43055578646b88765035dacaa7d385e9c242388413784e5
BASE_00007636	baseline	k141_6021	1035	cdac218c1ec026999efca285073d7e7bc4c7fa41121dbfd9d2c8d5450a0b399b
BASE_00007637	baseline	k141_27651	1431	58faf18c120d851cc58fc0b95dbc4b40d42174e747aa8a3c9a88b8d6121704cb
BASE_00007638	baseline	k141_20425	1325	3b2555e92fa4974d0638e095bb81ec453ffcf82cfdee8c23fb173a053f951b1f
BASE_00007639	baseline	k141_13627	4257	43f0a987d358af5a6c6ce582cb6f07db27757ac3358818523027073b1ed17a71
BASE_00007640	baseline	k141_20431	1411	9555c7ac22760f762da25f088a9d5ca9633a487909acd324283a42e9e9d083bb
BASE_00007641	baseline	k141_27658	3099	5456c51c92f32d548014667a1167eb211e42a71866c6cb2d4a72ead9eedf6b91
BASE_00007642	baseline	k141_13629	1447	c056ba02cd784a645e862a3c3e0ad2b6750591d24e225890832f51cb170db7d3
BASE_00007643	baseline	k141_20434	1464	8067a1ed09b698095abfd02177dc55155cc08f88d8421b5f9b42631a669d448a
BASE_00007644	baseline	k141_27661	1117	95ce895c7eb384896a6732970a5e4945ff29ab60fc28f258fda91de9ba62ee1f
BASE_00007645	baseline	k141_20435	1697	12380a38504080076d13a0a1d7d91ac4d5a29708107c2ff069963750be9649e9
BASE_00007646	baseline	k141_20436	1082	6b0e949c0d7dcbf61e8b28c4cf529b754aae6b2ef02f80acdb3281db8166b3d6
BASE_00007647	baseline	k141_13638	1743	ec26959322f2e96c351f99b22db76370b53bd1763c3e73650a92ce67e44794d5
BASE_00007648	baseline	k141_13639	1182	ef981147e1ccd036af5233718e11b85057ee04d304271715b6dcd13c09fb4584
BASE_00007649	baseline	k141_27663	5868	86eb9de532035933eedc19fe86617fb658f8cc733f8468d51e27c240d2d2e039
BASE_00007650	baseline	k141_13640	2153	cc66c9b691da4f9b6af2972c9c34465d29e5a0f8cdd693951b73ed34f1b303c8
BASE_00007651	baseline	k141_27664	1475	edf3e0d90868111eab74c69c6504563c6d71074fd0260f417ded2726529169e7
BASE_00007652	baseline	k141_13642	1129	f5db3f3d1f4be4bb432f1f2763989387a31135d19097e4b88488fa8738ea011c
BASE_00007653	baseline	k141_20444	2333	d976a86d17d23e7f811d244266fda734b3a19d989948fdf704a4137b0e129cbf
BASE_00007654	baseline	k141_13643	1602	ebcd30d267e169d050d61a2eb40b271d521ce71b7e7830277f62c63360531962
BASE_00007655	baseline	k141_27666	1482	65e7d03a90dd1af5b5ca6d3e958a22a8096d022d634b5f55980a02227bd18c50
BASE_00007656	baseline	k141_6029	13914	8cd0e4cb0e3bb2019f496fad4caafd96567249fea0f08c99af3cd9993367c43d
BASE_00007657	baseline	k141_6030	1322	54371391105e4e3f5c1bf4936e8008b6c42cd73bcd33ef0ed6e20c5a0cc09eca
BASE_00007658	baseline	k141_20450	1074	4dd71a6325ce5d8ccb71c324aef549cc8a848961839d3736f02315571d5b52b7
BASE_00007659	baseline	k141_27667	2783	f19ba1e8d50f57444d63b8c1f83ed70c3d272c9ad5809d3701c4b174e7301ee3
BASE_00007660	baseline	k141_20452	1451	d646b74b9cb80f3a110745397e4706f1366c475d190b79e2e01e5d19dc5a865a
BASE_00007661	baseline	k141_6032	2129	cba585e814724c062b2dae61905a99427df223e2d5d156a9dd61ab75fa2cb402
BASE_00007662	baseline	k141_27670	2273	03c55fe5cbe2e5110817dbe65472eb0d330955d3ca400c5b0fae42daf1cae6a4
BASE_00007663	baseline	k141_20456	1418	a91b2b78d4053cc71f82eb5816f7c2c90ae7be716ccbe9a18cc12ecda6e486d1
BASE_00007664	baseline	k141_13648	4787	d90fc82ccb9da4a1bf77a630fd28856713451490665e1b889a7cfb34a4483ec5
BASE_00007665	baseline	k141_20457	1069	5347ffeceb05241baac0d66981c9885d7cac15f95fbd9f97db162079b82873f5
BASE_00007666	baseline	k141_20458	1504	b3dadabd90988cbeaf6ade9c77186c34aeac42aba4653822d403d7b926a2a994
BASE_00007667	baseline	k141_6036	3521	598370dd4883df52cc154433efdc8394d9bfb72a5d319778fbf4a4550d9167db
BASE_00007668	baseline	k141_27672	3517	6f94a7c6f601743c2ff6786ad2d8c8ced69134450305a273ded02d9e853e7ab1
BASE_00007669	baseline	k141_6038	1332	feb22d93a0fa83f2fb667c8aad2e57a9fbeeae8e57bb1197c63509df2188bf52
BASE_00007670	baseline	k141_20464	1200	deb949143ab189dad91ea30a58b404daa0c5bf2588ef75faa6fa4001f4328eb2
BASE_00007671	baseline	k141_13658	1007	15fc7f442ce6fb68e486d56eda5d026a3912d5c5d3e82dd7396074e63ca4c8e5
BASE_00007672	baseline	k141_20467	1073	399cb22972fd490149e94b1931c9ca990a37eb34d6bc336c8a492e3012141319
BASE_00007673	baseline	k141_6043	1722	1e70b940e13cee37d69ea67eed5cf4e99abf575eed2dc24ee2be23e36f7f3100
BASE_00007674	baseline	k141_13659	3562	c8576d3033c5006127a8efc521e6b1efcfd82da55779d147ea4017e82bad57e4
BASE_00007675	baseline	k141_6045	2129	4dfa20bd7d3cd6c4ae35ff874d36a85febd41b22617a86638cefd0447900d4b7
BASE_00007676	baseline	k141_27684	1313	a27bc609fed926f7f67de5b542fa045341c5ba54e6ad81c4a3f2b2ab8e5a7e0d
BASE_00007677	baseline	k141_20470	3082	81f900abf2ebae9d1f45a32afd258861fb5a35918c7cfcecaaee70b39d3dce31
BASE_00007678	baseline	k141_27686	1044	4aa85f5035ad8cf7a52fb55999e80a6c9b8f45bf32df3fe9bebf63c0b2ee262c
BASE_00007679	baseline	k141_13662	2442	aa6860cee4fa1b181db5b5b12bcbd62b92fc9fc021376a84bc28e753083ee420
BASE_00007680	baseline	k141_20473	2443	3717f7a6309f5d4f6a8b74f4cee6dd1db63805e95bdbe3bf9767f91a15bdba6a
BASE_00007681	baseline	k141_13665	1113	be8d0f7c71453a67e32cf0ce1c4108226059140e4e2a850e9d0f68bb4e5db1bf
BASE_00007682	baseline	k141_13666	1009	7bab2f7131b9aab6c82d6b9f7ce2b67099b20c46ba4bd2576bc05f4c8ba93438
BASE_00007683	baseline	k141_20474	2184	2f990cec482a20070e2d8995f087dba1c1ad69ecb863776e62da6fbd86601f8d
BASE_00007684	baseline	k141_6048	5442	551fd1e5292eb42b3f51e415790191b1f70d121d174aa9fcd113e8b27774fced
BASE_00007685	baseline	k141_27694	1327	09888c90982c3da6db3afec01335a2e3e46af806dba89e0582cbf47adc18b18d
BASE_00007686	baseline	k141_6049	1431	50958ad7169b6babba591626eb4ea8afd72c7c4e164008a46572969e8cb263c4
BASE_00007687	baseline	k141_20476	1834	da1e74412923ba8c703c14e5a108754276987fa59f7eadb27bfe22c6bd265fee
BASE_00007688	baseline	k141_13671	1046	6e325e4434b5181386c4e52ea17e48ef2767ca0e5395ad8df1446c322e86a202
BASE_00007689	baseline	k141_6051	1069	d07e8ed6f4659713f4e68f8bec7756fdfe24c3a6e633908ce33c6f1c967df050
BASE_00007690	baseline	k141_20479	1705	e68c77582855fefde9d763d3e7f48b20f974012f4183e5952cc53022d03b7780
BASE_00007691	baseline	k141_27698	2060	2fc98b4805f1acb909832e6b77ab6f289bdff4e594c0c1b2961c83d0032d0fab
BASE_00007692	baseline	k141_6053	1612	119769138c813a612b98e5c27421b4ac3ab6f8ff63aa21a782f938efd99271f8
BASE_00007693	baseline	k141_20480	1082	e57e142fcea12b77a4e7f7e13833253760c0ce645dac9d36a63d095af5d227a0
BASE_00007694	baseline	k141_27699	2194	a8237686b01b13512151140d9486cdcd1fb75a0105f05cc3615de2223070a594
BASE_00007695	baseline	k141_20481	2198	3ecc471483f7d829b6bf9f98d1cb4768ae2bc3c49451ff2f9a6818786e04753a
BASE_00007696	baseline	k141_13678	2860	61037d3cbdd8c3c6a388ce6a85a8a020772f0d3fa8974e72184a14690431b721
BASE_00007697	baseline	k141_6060	1029	8a81d7a009e0d5f3f1ce114b8dfa62e20cad6c7669a597eb20e4b925837b0bd1
BASE_00007698	baseline	k141_20482	1697	0dba8e5cd670b1f9f6e41ee202b3a0521ac7f2fb4d3615d35c9308e633b3bd2f
BASE_00007699	baseline	k141_13679	1201	a7e0605cfc6a325bf1fe05a29853b20bfbe61dadd66026781f1e5b57bfa2fc3c
BASE_00007700	baseline	k141_27703	2366	aede0443b0f58f8899606dbf2563179dd9e65a101464acf000dcde1076dd6550
BASE_00007701	baseline	k141_13681	1093	b853d51a3b28988754579d1f687e4a0a10d8c2eac76b1cfc50f0a33e46b8603e
BASE_00007702	baseline	k141_6065	2296	3489cd8a445e8da3ad4bc2bc4743e0f0383de5885e3fd2561956763c8d9414b0
BASE_00007703	baseline	k141_27706	2374	7f2ab1289b0f1a0dbeed205b7f978c34b59dfdc82b712f3dc6774d854e281f84
BASE_00007704	baseline	k141_13688	1298	b3b9fa2c45c1138dc037e40d56b66dcd93e102ac8436dc92574e9133d4e082b3
BASE_00007705	baseline	k141_6067	1619	b92bc7a0537c074babf7b5ac3098f5e48aabb6481d5fb3a27ed126b911c59079
BASE_00007706	baseline	k141_13690	1296	96fa7e8c003552f32c6e749d3e14931769ef080848354ec170b08b724b10c080
BASE_00007707	baseline	k141_6068	1091	ce0ddea7c4b0a6b9150c8ef248649936b63c6eeca779e415b930ea274fa6e3a8
BASE_00007708	baseline	k141_20489	4103	4ad8f816f43d2fc9274e657393024af16dfc58c4f858b25bc35f04b8d02788f1
BASE_00007709	baseline	k141_13694	1020	7bda00a6911e8d9335bb058dcbc0fd317e19586ac438f0850808ea0d69df4b1f
BASE_00007710	baseline	k141_6071	1055	154b70be67b63b2b617c95b10454f37cb854ec686b298c61d304584ff22f67c4
BASE_00007711	baseline	k141_27715	1189	497d84db2c6f0b3ef1a4e0a8022acbb4baef9abfb1b55381ae8105a3ff434281
BASE_00007712	baseline	k141_13695	1141	a1da2456d3e5575182b4aee38116f1cda6555b95ec749dd259cf6787020211f9
BASE_00007713	baseline	k141_20494	1201	ea44bcf298e9ae4171a8d03eb356088e2144290000e3ccb2a53228efd74346ed
BASE_00007714	baseline	k141_20495	1591	559431d237f0d393ba1fc823418164002309861877b9ab4d4cfc770b85724e58
BASE_00007715	baseline	k141_27716	3681	85a57f44bf04f8482979d93907727bf6b6a2733346ba500e81b507ad315d5d7c
BASE_00007716	baseline	k141_13703	1015	9f9bf44e0453d330f9a5f7e28a3d4fe692e98c896c6c9312d6fe7ec271238363
BASE_00007717	baseline	k141_20501	1191	61a09860c16dbc4dc7542a6ae4ee176bc2cc19e64eed07695b6ac67c08447440
BASE_00007718	baseline	k141_27717	3889	2156325397555fac869e469f441fc190a69e334ed586b5a64ec53bcac58a8633
BASE_00007719	baseline	k141_6074	7287	2cdd5511bd48a33684d99cad897bc8a4c7707959b04498b6ed04f1eee101f2a6
BASE_00007720	baseline	k141_27721	1201	1fd841590ec7d18932ae84a45dace7b459e0c36dd6285aa5d554f7605369e4a8
BASE_00007721	baseline	k141_13714	1423	afa30d7d1cd11f1a0ff8233790b1ff34d33c5cc2fa5b407139879c24d80e99d5
BASE_00007722	baseline	k141_13718	1454	f8f07320dfaa626d45c75c37f4b7263bd2c78d037e0e35fa78314e825f0f66df
BASE_00007723	baseline	k141_20504	7499	ec3c19d7515110b54551d0c56b1581452d9273414f9e9aaa69977443b7d7a11e
BASE_00007724	baseline	k141_20505	1545	9364cef503d43a420754e1f37a031cd102768b7d654b817a3f93914865ea2549
BASE_00007725	baseline	k141_27733	1095	900c578442b7f953070c09be21cc5a56fb768644e7db753f4cffdd22f77cd326
BASE_00007726	baseline	k141_6075	8781	1a22265cd619094b5bc0a32d6301ac3d7bb9eaecabb52444ffb913eac3907bd0
BASE_00007727	baseline	k141_27735	1172	c50804f290af45e6d683c6c180e5a6df1b372a0af5b591b78f44bbe7db9219c8
BASE_00007728	baseline	k141_27736	1290	4c53c0db6e8d429984d66c5b61fc8a53121a3f6bcdcab5ba1e1733686ec50564
BASE_00007729	baseline	k141_6076	3317	7651ce7b258d968954b158a5c1a14e634ffa3ac9dfd1174af856f012d6996bd6
BASE_00007730	baseline	k141_27738	1415	e842545713e1ae086b9b6a1619f1d1396c2016ebf3c4f32b6366bb33a9641d37
BASE_00007731	baseline	k141_6077	1091	32d75c31051dcc2dd3692a23d9e4702ec2e87cc8877fbd070814a8b28c772790
BASE_00007732	baseline	k141_6079	1331	9337dbdde6785fc21435db916f5db788041d1e8ecac860bcf708369a32d62f2c
BASE_00007733	baseline	k141_13719	11186	aeec6b5d013675d09d14c801e25cf7dafa58cd029620a2dc74132bf4511913f9
BASE_00007734	baseline	k141_6082	2040	5302a0930b6989765f37b445d47ad0eb8f47e851b3ecf3d04443e61c1e32554c
BASE_00007735	baseline	k141_27744	3786	a7941eddc9493c2a0925b8f50823684c7c71fde24c9d11b0a8927979b6c8027d
BASE_00007736	baseline	k141_13721	1466	b551ac64ccb1d41f5c2f1521df2a04479a044251de6283dfc1053cb25111bec2
BASE_00007737	baseline	k141_27745	1084	a26fa43cd7e89da42315adf551db505139fff1c98b36e82df6d33330a12084fc
BASE_00007738	baseline	k141_6084	1470	dce90ace9bfbc1094c536a73cbf1f41b6780ca50cd98e742f79f09ea9ea7ddc8
BASE_00007739	baseline	k141_27746	1304	72f26ca8aee6ff8815df252bbcf586338b4d5c25c16ab3829629f75385df4521
BASE_00007740	baseline	k141_6085	3145	dbe72d4378d438dce2fcef32a9ee397c1448c632f3b07e26ef9a3a40da04dc2b
BASE_00007741	baseline	k141_27747	1935	63584620b2ad8efdaf144016504cc0b70ceccefc7fc5f8d42fe9aa6611fa8752
BASE_00007742	baseline	k141_13723	3516	8f1a83967cc0bf2ccd7996f4e4f24229b6f5c1dca90e10a780bd97e62241ea26
BASE_00007743	baseline	k141_6086	1736	f3f7cce302198aae6eacb65bf7f71eecc81530d78f81c0b637725de39228ae87
BASE_00007744	baseline	k141_27751	3409	5d0ce117166326a45d0ea8cb1322eed40a85c703d0e6a1207c443b02d0742644
BASE_00007745	baseline	k141_13727	3114	6c7b3402abb8b8631f8b6abd0b94853a9a13eeddf02afb59dc52a63f8ec246bf
BASE_00007746	baseline	k141_27752	1125	d0a8c33415691018b780bf9308a8acd975923e123825ce242fac26f15355e2d9
BASE_00007747	baseline	k141_6088	3887	32aa0687f1bfe53ac2dd95ad7e8a3498c75f4d868b547f1ee1bb39683b95eb2f
BASE_00007748	baseline	k141_27755	2340	4cebaf7eb443c5f9154a9fd90c2f98e63e75e7640972e7fdf849e4cad0f668e8
BASE_00007749	baseline	k141_6092	1994	9a2313d7ed8421d47d0a47ef0f556211d2e375e16e46bded2d576acb7aae842f
BASE_00007750	baseline	k141_27756	1068	fde272b07e6cfb0afe70e46694c8974bf17452d64e52eafae1966d69c32582fc
BASE_00007751	baseline	k141_6093	1326	f1e1d008cbadc62022eab2763647e9777afe28c1ac048755b197f8e73bce9a92
BASE_00007752	baseline	k141_6096	1186	05b7525ece0d1f292c2c3dea6329400154f06a46f4af75a7b5b5433576d5fcbf
BASE_00007753	baseline	k141_27762	1132	11c6f16d89deaeac069f035a3038b036352e868019f85deb2f9a47a2f7af58b3
BASE_00007754	baseline	k141_13741	4172	ec175898395041a4a895d069337db94059187ce7b74db61fd148c535cc2569e1
BASE_00007755	baseline	k141_27763	1557	2c64f66ceeb02dac957ed52a4daf791e958bb3f3e8c3b4709c49c8965e5ce08a
BASE_00007756	baseline	k141_6099	1550	b5966f53312bad3a86295e35d6874048835f15a34041a93f50a4256c48b0f983
BASE_00007757	baseline	k141_13743	1486	63259339680ad2e9e64dc7c50f96d968792ef668dbaeb140480ab8153efc35c2
BASE_00007758	baseline	k141_6102	1322	6817a3976d15fdcd1745e69f5fa0bb4c0e6c9d538b58d3d45ced0ee6aa6f9e23
BASE_00007759	baseline	k141_13750	1069	9f882f683d487cdc98671924ecbe96811967b1668e48c7ec611b25b5006b805c
BASE_00007760	baseline	k141_13752	1131	6e52bd840537d5ed4aeb61d23617209ce08f6f9c72dbe0e53a896a09743e5256
BASE_00007761	baseline	k141_13754	1383	29c86decb77fd29ff361fbd79f310d6d6320f57e87fd4d8106d88edc09be1afd
BASE_00007762	baseline	k141_6105	6342	868f9bcb0e30929439d10956fa503869d6cf271819791955646d72a7db596d1f
BASE_00007763	baseline	k141_13757	1217	58e1523fcab635b35c32ee5d47022a2a1eb13d21c3d8330c339c0932ed465058
BASE_00007764	baseline	k141_6113	1215	77989df27454bca0967a13b988ba7c146d897e84235ac464f23c2833a11d30f6
BASE_00007765	baseline	k141_6119	1355	fc192f8daf389c54d96d995d5e3f5a94fdb1f8c9366bb1cb4956cb5150b45aac
BASE_00007766	baseline	k141_13758	7861	d5464dd3414b79cf0bf0366bd7816853d53bc8f6bcb6a0229e4ca7806561967e
BASE_00007767	baseline	k141_6124	1139	a45e6f57b6a0155255711c9629a9a54e7395e1210359a55a499835046274244f
BASE_00007768	baseline	k141_13761	1644	6dacb5406c2c8172ef3aa40420c3d347e2fb10a510516a29d1f5f41c61730fff
BASE_00007769	baseline	k141_6127	1491	c6b1c96b4f6385908d86d66f4d759af4e2aa4dd7be75cf21511995fc307507e2
BASE_00007770	baseline	k141_13763	2556	533e10f132a306fe7e26348f4b8b80db823197dfd82947a58944db0648095de8
BASE_00007771	baseline	k141_13773	1221	1892f48c6a15f9b09e808c8b4b461c57750fec82bf75056ec4db853c4b42751a
BASE_00007772	baseline	k141_13777	1095	3b4d7971f72738da9bbadea633aebe260858c52e9379c8906450ec94b9782ef9
BASE_00007773	baseline	k141_13782	1528	7f73e270e08d4911243026b7fe519a8c1dd2fcfeefcfc86ee16b616053698bd0
BASE_00007774	baseline	k141_20507	70093	e169bac84bf14f02a859f91df7f013f44e30beb4117c8b4fe274c23fb90849ef
BASE_00007775	baseline	k141_13785	2417	86033f201b1d8cb09850d17aa75d57ac4a28f7166f216db705b5e4ed8aae4af0
BASE_00007776	baseline	k141_20508	1841	9e2839adc4df078b0c4dd2421558e4c6a71833e420ec0ddc10c21de1006eb85d
BASE_00007777	baseline	k141_13786	1582	156e2b1925ca87c219bb67222d8ce3833d17d8aa5f21ec1a6832795a66288f4b
BASE_00007778	baseline	k141_13787	1062	408af2e2fd0c385e26f7b72f86e0b393a68da30b9d6a1f93c55a3beff8b29281
BASE_00007779	baseline	k141_6135	17831	f7a13b412f7cced273370e69136a2ac7bd8f5fc504760373da90e1f5044bf111
BASE_00007780	baseline	k141_13788	2033	0828cf27a8bda381b9c8730597891f7311b6d4843f7899f8dc4b321cca4af139
BASE_00007781	baseline	k141_20514	1820	1282e06e44fec1cce5c69aa3238449c6bf20436662630aa1a95a6da41e12472c
BASE_00007782	baseline	k141_6137	1892	548755b003468737789102a1fc791b6efcb5f8ef80660f7d47744ba7c8e4498a
BASE_00007783	baseline	k141_13792	1025	053a50ad679866d6a1e423c11972ae51a428c4baa033c19bddae628533415c06
BASE_00007784	baseline	k141_6139	1157	28fd31f2786675d76c5dae364e495e1753f4c14fa85bbacf9f4c1c2586ec00fe
BASE_00007785	baseline	k141_20516	1966	a3925f8453ac78d49b461b5705493fcf3806593cdf31cd5cfddd9de1aa5bddbe
BASE_00007786	baseline	k141_6141	1651	b05bb7494360b9e130f45dee03e11a710a267e083bf18d116ef06ae161cb053e
BASE_00007787	baseline	k141_6143	1058	2ab9ecea45e121b4c45e8f98e25a234cf5900374ef5b2cbff0ebbaf064cde817
BASE_00007788	baseline	k141_13797	1473	0622d0e18a7170498a23f435da28292d7b6d765a340ed37ab6a3adcdc963007c
BASE_00007789	baseline	k141_20520	2274	40cabb184fed979020530be1a81c2d9afb1f4bfb54b2a79385e94753aa68271a
BASE_00007790	baseline	k141_6144	1047	aa6f2d0d07bb171fac9c0e476d082d35a1925d336a97e035a9570f5eb5a3ed7e
BASE_00007791	baseline	k141_13798	1553	f0590e10c9d976693696664b2893b57f00814011848aa334ae48668c49e8c9f9
BASE_00007792	baseline	k141_6145	1286	b62c405c28a46640045138941e7e03e40ac72c719204cb249131674a2604ed69
BASE_00007793	baseline	k141_20523	1556	5fead1fbcae97db51841bf0a6526cdcee09e245ea0f5e1c4e3464c2443f716f7
BASE_00007794	baseline	k141_6146	1491	373689227ea0bc6fcf61a438af072aa996ab3ec8d175d7edcd151095263ec13d
BASE_00007795	baseline	k141_13802	1053	a6bb382c1560c67c3db726516764e845647dba11b2c1361dcb89b1ed4f7388ff
BASE_00007796	baseline	k141_6147	1379	85107289ffa566178c3feeb35475b195d8e60bad0d010168e4e786f3c6feec8b
BASE_00007797	baseline	k141_13803	1880	6d555aaacb0b32879615cdef29a2d8d2846d3e0d6131ee77b18ad37b74a675cd
BASE_00007798	baseline	k141_6151	1127	e50155755784126c10f5e74d83ed4ca3acc8005f5c1a2c012953f78b4f0be1f9
BASE_00007799	baseline	k141_13804	2945	e57462f970b4a86f852e2a8262ca4f33f7c9b4c8b9ae9d7176a7fb49be2a233f
BASE_00007800	baseline	k141_6153	1088	1188fbde01d447d5bc01f194b0561cc3c5f9979ee51c472367f58bcf7889a844
BASE_00007801	baseline	k141_20525	6151	121173c8deea2bebe5cf4f03eed2d131d99670b970214049adde7bc51d92d3b8
BASE_00007802	baseline	k141_13806	2064	0ac78c3482637c7e247afeeca4891c66fda9a1a1ee13c073a012120920443c6e
BASE_00007803	baseline	k141_13808	1431	6f0d198b3dbba51e83d670c0a7e54b969ca21a1ac64f12dd74bdbaa52efde635
BASE_00007804	baseline	k141_6160	2532	8aa714cfa650de9de30802af93355e1c554fcc07092fd1c34f96abf03845a19b
BASE_00007805	baseline	k141_20529	4572	20dc1b28c32cf7e379e8f1b95e946ead28152a7d8b4b204a0c851b50e1da574d
BASE_00007806	baseline	k141_6166	1696	98648f8389eaa827a08bac622f9b40055e0aef9bc3cac2e48c34a7b88c343034
BASE_00007807	baseline	k141_20534	1202	c8d810d89c81ac753ee9c5d97ad75abdd38854b15e2d3c97af551f3598d080c5
BASE_00007808	baseline	k141_20535	1434	00d7f32abf94d1fbc5266465d1c2aa5677bb257fdbdbb7c0595730e6651bd385
BASE_00007809	baseline	k141_6169	1098	22ddd4a3e2c36cc31e0090eb7bbf90e505d289dc9949913070efaa4b41c55b35
BASE_00007810	baseline	k141_13811	5597	3910204125348317771531918fd2b81ca9a42241275dfcf0a940641adcaf8f2b
BASE_00007811	baseline	k141_13812	1272	6c302bb131426c49239a3789566d060610b4f37eeaa1b178ad71db8d54c9e343
BASE_00007812	baseline	k141_27765	77203	0cbb0b3b03a59094eabfef9644e310a66da6bc8078d55aa5fb8f49834a4a117a
BASE_00007813	baseline	k141_13813	1555	0c9dded19172a7530eea44cbe2a08d548e93fc048ff40607e9b5a04fa783fdaa
BASE_00007814	baseline	k141_6176	1096	70f418360f450e3ed534a8ed52593e0fd409959ab835dd1ec755e107dd11bd0a
BASE_00007815	baseline	k141_13815	1221	29b11ca2b3a8c0db48db2f29011b64ab78975fde64601c4aea55dd8d36e37315
BASE_00007816	baseline	k141_27769	1411	23ee87806b500620d51c107f1c37e9cd7c9185d5d9c8992cb8055cb5f9b7f28e
BASE_00007817	baseline	k141_6180	1081	8c874dccb7b22b604f61a27e756353a95ecdf39653bbce900463d1462d394011
BASE_00007818	baseline	k141_20540	4972	0670b318ca5469a3fe8c1e36062f9ad5ed57c4300874f29339a3009bdab7c4e6
BASE_00007819	baseline	k141_27770	2152	07d83fa0a69e7afc99a229d042922d0d39393a3f61059488e9cfa3d7a8f14eaa
BASE_00007820	baseline	k141_13816	3762	1bcdef0f266363630784308ed8ada7a5b71a26aede1b0066d6ea75b0226238c8
BASE_00007821	baseline	k141_20543	1257	4702dd2f2708d728121bc3ee6ba38e393551b951a0c1ed86648d24dea5bde9ee
BASE_00007822	baseline	k141_27772	1543	ed77e1991f5399e512db00d709265557408a9412a3c2dc9ba912a8f46a210c8a
BASE_00007823	baseline	k141_20544	1409	6ba2bf7dfe76f2334a6bf4d2a99f033dc99159e9572f82a8426bae38a462bc6f
BASE_00007824	baseline	k141_6184	2956	a0e427f092472e36af9c8ed3f01bbb1859b5ddea6966b4ed9f549f0c27f1b7d8
BASE_00007825	baseline	k141_27776	1071	eddfaccf6f285c489018d74103841b7da7def7541d211a9c7719eb73dff19443
BASE_00007826	baseline	k141_6188	1003	a41ff6456e482d584c5f2bcc0ab675fb0ebaec20e34d85fb0aa23fc24f2c8b2e
BASE_00007827	baseline	k141_13825	1504	d6ab2366c5448f36842ecb5adfe470d4370d0b37b5d021bc176278315897d6e6
BASE_00007828	baseline	k141_6192	1056	6dc041a7ec4890ac73f7abc7b4390916b83fce3bbdfc888df3ecba18c099ad77
BASE_00007829	baseline	k141_20551	2688	399a4d07a6d0a276fbed5bb0747515b2d28d4ef2b94b160a26c70398c62f91ee
BASE_00007830	baseline	k141_13829	2046	72d026464a1fd9073b620380a18ec853746ae772f567f106a080a7bf931300fb
BASE_00007831	baseline	k141_27780	4813	43806f8db5dcab022665ef9914ecfbd3dadb548141032b85a6f32bcc160a9c49
BASE_00007832	baseline	k141_6193	4714	ce061dd181eea57dd78d3aaac917cec976760608a35c185a2e2145f4f8e89658
BASE_00007833	baseline	k141_6196	1035	948783230b0c7b363ef77f91d4fad0a04c534ce4be1607696c2f8a19083189eb
BASE_00007834	baseline	k141_13836	1538	74917a9d8aed6e575b32258c8fd67fbc4e9a9957a24d8415d25136c764539b9f
BASE_00007835	baseline	k141_20556	5057	b721208f10f838c214229188c92d2f1c48df35742c15ed6a9e2399efe186c10a
BASE_00007836	baseline	k141_27787	1709	0dd55c2778e7bb9b20019723ea2428d72eae43acf968e60fbff12c9ef3d8437c
BASE_00007837	baseline	k141_20559	1034	c944e7b2c5b455dec5913996e690be689d2caa40f62e743e2bf46e4f17d581ab
BASE_00007838	baseline	k141_27790	2903	b56d86c81c6978acc224711d2f8891fed270f5ffbd8c794c61453fe4848849cb
BASE_00007839	baseline	k141_20563	1699	33c4049507dc9f1a57824a5f816c6f651ce2cea7cd80ee4e6d0023fc09e17dca
BASE_00007840	baseline	k141_6205	1846	82526adaf462f6964ee2be790942ccc0def9f85dfdb4d8ca540ab56a1799f590
BASE_00007841	baseline	k141_13847	1214	d284c6a05acf8991612902f84463bb26eb32d2424d981dcad71ea4021a21cfba
BASE_00007842	baseline	k141_6206	2387	7433f4a44991cd114c4278dbb214ebb7d78979fc79b0ea54d33fce72cac5ffc3
BASE_00007843	baseline	k141_20565	3210	0abb75a90a61c30ce10a34e966951d7f9b04a5dfa7ebb879f47771a36b7e451a
BASE_00007844	baseline	k141_13856	1581	c555bc491ad68e06a7a07b6c42d3bbc20f9a1abdd814ae09e87a94540ed94831
BASE_00007845	baseline	k141_6214	1349	a22214eed02ba66b62212facb153f299d495bf2df209c7bc80eca8c59511ec93
BASE_00007846	baseline	k141_6215	1191	a903a420af08e2411db7fc040042ad645df5306ccdf145a6ea9c5037fb9c315c
BASE_00007847	baseline	k141_20573	1518	4ca9e3039028585106153494a6123e35bee4dcebfe5b7eb6a17cfabcd5b743c3
BASE_00007848	baseline	k141_13860	1410	991a008ec240f152901cf161a6b6f14d314a8df459296cc663c0fae0efccb1ea
BASE_00007849	baseline	k141_6217	1349	ec4b0871e881c02a2e41df31988660d7c70577b01b73e9746c3995274e8e706a
BASE_00007850	baseline	k141_20574	1919	2802b73693b9aff1a73c1da048ff279d8754e9881690dd0ebeeab7ef6dcc895b
BASE_00007851	baseline	k141_13862	2168	e5a5039a1ab33d8654cf7d29f56aff1336a461b7559bdc21cf4247073fa2b928
BASE_00007852	baseline	k141_6218	2707	70723f07e7049fdc8796fc3037860cae1e65ecc4a5b112014195d62fa61965c1
BASE_00007853	baseline	k141_20577	1587	8a31b0ad2ef315ad6b17392b68290ac71c5b2372ca1209b61a81038a6a79442e
BASE_00007854	baseline	k141_13866	1171	2b72f1dbefc4533328d7f7b3089cc9d8ce8ee4b9c8724deae59e560db5a80262
BASE_00007855	baseline	k141_20581	1236	6f508ec9e2ae4a9caf8a2cba42c424c3cc4448653c3ea4e00a579311e00c6f1a
BASE_00007856	baseline	k141_13868	1961	41182f04c8eef60393cb5c574ba37997997204177577a9ef487424076f77dc14
BASE_00007857	baseline	k141_20586	1035	f8b69399ccc8a3c02d3cf13a90caee445d2cc319b2c2fb28992af8208575c67b
BASE_00007858	baseline	k141_13871	2298	6836793b18b634d21cd3194a8f94dab13d6ed52ea5945acba19e9a4f86783fb5
BASE_00007859	baseline	k141_20587	1111	b49bd1ce2e49ba3c7d6475ccfa7cfb23bac57295f776eb2b5beae8b90da4c067
BASE_00007860	baseline	k141_6227	4205	e085a53143003d3de054ec619bcb2c3a7ed9bf7b523b3eb68d572c080e0197ca
BASE_00007861	baseline	k141_13872	1312	4a996e918429aa57648327ae39d4189c65031cdca391fcb6df351898eeb21b19
BASE_00007862	baseline	k141_6231	1681	56f0f0cbc6b60078760d99f19428e0862b56da78b6f41a7e1c8c02b26a75b0d1
BASE_00007863	baseline	k141_20590	3147	524d21de61775554c4b5d145e61e199d69a874baa11745e4a71dc7240e97d1b9
BASE_00007864	baseline	k141_6232	1660	24d751ed3cebf004e71d2a272968936836d2ccab3616af53e324743a62680c02
BASE_00007865	baseline	k141_13873	6646	b46104bfae062feca401c2a40035888144356a5bbca5f13ac3b7cd46ad6a6ed2
BASE_00007866	baseline	k141_20591	3841	e418a08018d90b90e83531f68e7a9545edddd4c9cedcf9bd6114710cafc0b97f
BASE_00007867	baseline	k141_6236	1905	a9ecf3a567acf8c6eb7c659cb477d593d7b134987ae62d559296d60027f759a2
BASE_00007868	baseline	k141_13874	1161	191c6d630442d96286074aff6a1407f25a8e2c698d9be5e122a3c0a3bdccbef4
BASE_00007869	baseline	k141_13877	1081	e87ced7aab7f8a67e02a0f708ea6cf0a2ced03babda370fa684b2b6021ffa5f6
BASE_00007870	baseline	k141_20598	1273	ad53dcecf26fb2333152819a5a989d5cb6d3a289ab51e71f67ed01b0c4e14d86
BASE_00007871	baseline	k141_6239	4318	06194166b9dcf687a2abfe85d7c55d91b8955da01f76e5db4f1064ca7a0410b6
BASE_00007872	baseline	k141_13882	1386	2f1c7a5facd38c945f1298b03a67a718391c9af67f1a859a76df64b667b8ccbf
BASE_00007873	baseline	k141_20600	1257	8c083b1fd4e3a20f648b0487e1f56d92127eaf256ad43bb8b77f1ff3a0fb9488
BASE_00007874	baseline	k141_13883	2950	d72c370f38b223e80b4c38167393d5c0889755b15aeb92e926c87aef1d1937f9
BASE_00007875	baseline	k141_6244	2007	69b4b258d1ab95e2d43f8b9239139f5e6e3000b34193c2757ac0bb2eaec6c2ae
BASE_00007876	baseline	k141_20603	3671	7c97ffbe3fe32fd0f6a23b24de48e084813eaeeb3065c25ea0ef34c76e9e6ca7
BASE_00007877	baseline	k141_6251	1965	8c8117c0b9577b90a36e505e53afe422042fed5e4c9416bb8aa6053b701b0c27
BASE_00007878	baseline	k141_13885	4563	cb96811261964ecfc27bafdfec2380f199419ef76cfb588cde4ba5c2429191e9
BASE_00007879	baseline	k141_13886	1679	7b7270ec8c40ab7c645d3e4447d8b1c125ce392e1ab1df8c220e9dca77036079
BASE_00007880	baseline	k141_20604	4507	28385d258f230824e96a1319eb41f4c9449ec45ed7660e6097add5b34ed63fad
BASE_00007881	baseline	k141_20605	1033	cc87f62aa7a367f6614f3a8908ded31c1f42011916473a90d2f9e3cf1e8c13a6
BASE_00007882	baseline	k141_13887	1307	32690eddc41c37c4261f6d9d30f4f3fbd6190cf954550be3d7a85a4ece33a962
BASE_00007883	baseline	k141_6258	1314	451b013852c03ced55009bfab3c52ba0ee2a09a89546feca6c911a7430bb78b7
BASE_00007884	baseline	k141_20608	1107	13376c5e840f93bc1e006859e6761793075cc41fb2073552c327c88a5e606a9f
BASE_00007885	baseline	k141_13890	1499	de907665c3008353ab5f735263e387d029931d58ff72af39770bbf1d013d94a9
BASE_00007886	baseline	k141_20609	1368	3f8bdcefe056ccaa7fa3b50504741b0e1a9aa3e929cd8fa8de51349c17d9b197
BASE_00007887	baseline	k141_6263	1106	b63471f4a1b8d6c3a37716faa03d98ac2e99f41d46c761c1bd6fee9634b9bf7d
BASE_00007888	baseline	k141_20614	1075	d4c2f812ff178b5708115f87c98f4523fd807945658d15b8b4886ec2996e3d34
BASE_00007889	baseline	k141_13892	4255	39d1a79fd3fbe95b92b81986b06908823ba9c0cb24bdf73bbd0fac15c3b60b50
BASE_00007890	baseline	k141_20617	1537	c29674d1bddb13d37d52e95ecb03a860331c094b22d3b03714bbd24e2fd82886
BASE_00007891	baseline	k141_6270	1516	aa625e336cb8409c3d88892aefc280c463fb08dc85a1d035c11ec78e04180d50
BASE_00007892	baseline	k141_6271	1175	1b44090aa61a396d11beebf8faf3f7a2c343d72255aea71039c431402030bde3
BASE_00007893	baseline	k141_13895	2641	55dd2bd27bb636555390dbd1298535b5927ac1755469e919e1f6874074fdd0fc
BASE_00007894	baseline	k141_13897	1773	25b90da9e5ba3933ae08fbd81a7caeb591857f07083d891bb01f05ea35abbf15
BASE_00007895	baseline	k141_20624	2118	6f28169d550d8a58a22613de2d8b9f477f2b9d672f06bfa1e4f117392284a984
BASE_00007896	baseline	k141_6274	4456	d8eab94e7dcee7868ddf47955344a81da3cad1df13c7b25708cf42caca4e9d53
BASE_00007897	baseline	k141_13900	1673	d3849a978aa33946eec5b7e0e023c710939b9ec3c19e430b28cc85aa4dfb5de5
BASE_00007898	baseline	k141_20627	1025	b3fefe91b007c2933c255351a81ae84a881df3370ad96835af94cbf664dd96c9
BASE_00007899	baseline	k141_6276	1146	c8eeb975b9a61fcefb184540bbbd830739da106a07135e86e9c341c77980b5a7
BASE_00007900	baseline	k141_13904	1100	3c683e852cd9e9a79b267388709272a697fddf672f83aa3927bbbd42b3ce76c7
BASE_00007901	baseline	k141_20630	1752	96f29e9cb4ce76d0983860d42e53bea555a79248de16a9947495a92c1ee1ac2f
BASE_00007902	baseline	k141_6277	1859	4c08c165addcbb226bee765a6a645ce1c523b66ab7b946986a043e5ed1c0ae90
BASE_00007903	baseline	k141_13905	2178	911aa0b8900ada7ded14740645b870c86b1b7f0f5b7fb7c6b5fa740d91aee34b
BASE_00007904	baseline	k141_6279	1077	4e32876d14f4e92e084a20b44562c9e68fc081f4e91e2a7e42ff75bc19f56235
BASE_00007905	baseline	k141_13906	1526	c2213498e085c02d54b89374a6fb0c18326da5d395ad715c5786488111d7758d
BASE_00007906	baseline	k141_6281	1080	8e3c9eb7ebef157251ac1d15f6d937d8efa7a36b3ffad0626a462138f7c1dd0d
BASE_00007907	baseline	k141_20632	3631	294207d445c890854bd2b6efb1f5f14190cc5ca8d8d95db8a8c337715eff40c6
BASE_00007908	baseline	k141_6282	1059	0c8cbb33d0f8f248d785d224970bfb328ffe454db697589a615d315247f6dbe1
BASE_00007909	baseline	k141_13909	1660	06fc3dca0792876f6bf6d22142195a63a14a356f43dc59b7d6362687e069f668
BASE_00007910	baseline	k141_20635	1361	8ac0e1224918bc271df55210ce6d65b0bd2890a3c12429598d3e2a42ec62b032
BASE_00007911	baseline	k141_20639	1001	85372cab5ec5bdae6653c82ec595622561cc16e8016ea5a1f6247b1863e80dad
BASE_00007912	baseline	k141_6288	2797	9780054599637841ad27dc0935ec6fda6145662e537c2e7ca1f36db19b641194
BASE_00007913	baseline	k141_13915	2593	4c23ac014f5e89241c16cbafe9d78d9f4e42fe605cd9a0fdfb20de545d201056
BASE_00007914	baseline	k141_13916	2796	8e4a8cf18506820567b090f1e0fb985439c56559c1b96576be30b28c97766aff
BASE_00007915	baseline	k141_6297	1854	6599b285f3260087aa60962f3c8cc6e150c64878ea1ad8152b14d6125cd04d8c
BASE_00007916	baseline	k141_13920	1118	4cafb93e4f5e5baa38f6160a707202afa24bbed0a487aad06f0626f3bff7865a
BASE_00007917	baseline	k141_6298	1642	83558659cf2498ea53d17c90233880504063570d74403fb0ee80b4a7d879f8fe
BASE_00007918	baseline	k141_13921	1359	57283af0e33c8482591b1aaf053cbb7192a9539c63b6d410050002b7d5373ec2
BASE_00007919	baseline	k141_13927	1396	4f0d5015532afa93ba009d17fac3eba850b3566441cdef35c4c490866551add1
BASE_00007920	baseline	k141_6304	2384	2874a817349018b1aa6bc7103a1a45b19a0cffc82fc4a4e59859ffcdaf4ae471
BASE_00007921	baseline	k141_6305	1258	3ebd8ab81edc165696c7efc18cf97e0c03b3df936970844bab5487704711d2ba
BASE_00007922	baseline	k141_20641	15319	b1c3957f7dbdd104ebb6afc29ac9e8d6ecb6e6f97276a5a85ec961c9ba9b6c12
BASE_00007923	baseline	k141_20645	1010	b4e63415840593a71b273d81424f2a9e068c5b9c9e232ceb0b49382b23e56246
BASE_00007924	baseline	k141_20646	1137	1011a37c906140375ec90d907fec7b91ba2dd6a1ddfc0b4b9418bead57590b2a
BASE_00007925	baseline	k141_13933	3848	fee34994c0c2b55b40ec935c803b4eb65c7522ffe6c65023a4de37ac7549a52b
BASE_00007926	baseline	k141_6310	3578	13eed8ee89c734d316bbbb5e65b8a7b28ce9f9a11b6b5cccc42c37e773ab65e0
BASE_00007927	baseline	k141_20650	1465	3793bbdaa865cfa7ff2df64ab043e5399d13ede674b09221b9073f3179e5a27a
BASE_00007928	baseline	k141_20654	1024	3a8e9c04e9186f3e84246a75af76fd7e5062c3f2f126de0766710346d9954fa1
BASE_00007929	baseline	k141_13938	2692	1e3ced160cb295d1695ec170f5216e886fed6e4832f7526a61c0bfd5a5feb0a3
BASE_00007930	baseline	k141_20655	1588	94d5f74f0ce7a88621aad933470389f3b40109be6791dfcd366a7dc5b918897f
BASE_00007931	baseline	k141_6318	1857	6f0ab8bbac267badc9d32d52f9d1590c83cb418e5b3c9b04ec295caa4fe7bcdf
BASE_00007932	baseline	k141_13942	1087	db8a05fb925391366a9f2c617ce136d7874d3ca400225ccb019d74355801c053
BASE_00007933	baseline	k141_20659	1688	55a3f2f9a8cbf17b6fc65e48e4ccf42f5c97fb2cfdeb6bde2887e9646fa6cda7
BASE_00007934	baseline	k141_13943	1241	a613df572269fee91090ecde6e723e1d21b047107b27ae10858badcbb687ce15
BASE_00007935	baseline	k141_6320	2041	e38c749cb827229be783bee9e518085f840c7975b568daf16585017dd594cf03
BASE_00007936	baseline	k141_20661	1102	d35264b7086ceb548db46db7d293307c3f34a6737afff6f64568a9aebed6017c
BASE_00007937	baseline	k141_13944	1351	4d1b3a9376cc0ec91989257154347c31dcc579f7700f069648579f6a859e4005
BASE_00007938	baseline	k141_6321	1206	1e2626ba418ac1cdac5699dcda0d0fd446bf9d7a0bde23d7a09af60123d88307
BASE_00007939	baseline	k141_13945	1032	8654849c9320c87bc610798fd25fec0f461841e274d8191fa990794cae3e9aa5
BASE_00007940	baseline	k141_6324	1072	f961b707953f289a1672ff60734ccf7e716884c0cd3004e4fa11924e8bee3290
BASE_00007941	baseline	k141_20672	1703	de6c6948c7a3c092fceefe5b120d2078220de85379e19a98983f4e9b235504dd
BASE_00007942	baseline	k141_20673	3674	af99c5e1f4f7c5b494c55710b9ec5d3b085e582d75b57badac60fae15c60a970
BASE_00007943	baseline	k141_6325	8951	0db0f732b0ec9da85e23c9bfc09d99faa791bc933c54aca40c411398b50ebffa
BASE_00007944	baseline	k141_20678	1171	f4638f4b92b847f89b926778b46a143cdcf68dba5ce44584f66a96e4cebf2e61
BASE_00007945	baseline	k141_13947	12689	03f9dae121da5b64ae6af34e085c81738e7c5d5487f39eed90dbb786a34b3185
BASE_00007946	baseline	k141_6330	1687	b7a210a50be352b674d70907f08c0fe976ca03383fe71d3deb2d3ffdba9b7424
BASE_00007947	baseline	k141_20682	1811	ee3063bfdab1d36750293c226db040fc643bd223b1df4edb3b97c14609f0e2eb
BASE_00007948	baseline	k141_6333	1814	0a22a6b0076bd63d54be799a569e7c5531eb963ad0ee75dbea0b5972ff0eea96
BASE_00007949	baseline	k141_20684	1165	b79f09bf3f23538ee5c3cf7a8242b29539781d723ce973b131d52923d146c424
BASE_00007950	baseline	k141_13954	2547	78671817c09028c6d7a20f0ffd23efb1b53e5864796ac3b6fd260861403d1e61
BASE_00007951	baseline	k141_6334	1537	5ac645a897057281206656973ae3f7055694ea25dfc217f5d7aebe2a19964e46
BASE_00007952	baseline	k141_20685	2769	2051153c1cf256cba5b5284b0fb9bccb40e7885365a8a3367e61f05b792e8cb5
BASE_00007953	baseline	k141_6337	1402	9e0808c80e74f6aa8c4decd86f2defd067399f214239ea7b50edb21a1d629034
BASE_00007954	baseline	k141_6341	1176	5f5dbebb5001f13d05df29830aa65e479164b729782e61f7dcc873f2d8ab6c37
BASE_00007955	baseline	k141_20690	2029	cfa802f38379f287a7eb2ad02ea2326536aa6e763da2a5647b041ab0dab6e8f9
BASE_00007956	baseline	k141_13956	6403	0e9ee6be215c45c1a093ec7e49bd6f14545c008ebc017ff1a4aac5c6b06bac9d
BASE_00007957	baseline	k141_20691	1979	897df2e8e8d955ec59ac61087503530dd1937c07a3c0af44d3454a69967a1417
BASE_00007958	baseline	k141_6343	4771	6775b14145741682246c20b10e4fa16010ab56125f3cde7e754c090922c3692b
BASE_00007959	baseline	k141_13962	1137	a3b0c9d0512529e98e5e953a6cb4239844a962a93317769ca03fafb4b4936d29
BASE_00007960	baseline	k141_6349	1061	23024853150e5637db125e8549c86965c3e12343a83413fbb177860ec0c0216e
BASE_00007961	baseline	k141_13963	3494	47854dad64bd41e753850cfd82817926951e35287a3ee1cf0529ca3869f0da22
BASE_00007962	baseline	k141_20702	2005	629584037a3f2a4225eea33a0c4d350c7b5c55d50e5b43e07f6ec880daa9a89a
BASE_00007963	baseline	k141_13972	1054	2e3d2d7e1bf5356e89828e2a1e890aaceab5643f4963c3878ad6fb7f6a40bd23
BASE_00007964	baseline	k141_20709	1615	e5e8db5f084b19f391d403f854aa1020191e22cf1b10a810362f5f65fd8c2315
BASE_00007965	baseline	k141_13974	1277	c05c600e1d5b903cb4d1ddc853d878a1f10c04d6c7aeeb2385a3c7da7b38523c
BASE_00007966	baseline	k141_6363	1411	635b582880bc01e2e825a19c9d8110e810e6bafa8d579b72ee473d43bc2979c8
BASE_00007967	baseline	k141_20712	1906	2dfb6b44c66e5e5f86971bad0e1cb96700c4ba6c8aa5a1481506366578f1bfed
BASE_00007968	baseline	k141_20713	2900	879c31b279fd30cb415be7de91e86e4022aae0c6804cb15c263bc1695c680838
BASE_00007969	baseline	k141_13981	4342	0d0667328b9d56bed12ad8bb50c17fffb9a66eec1748f21a76347cbd5322f05f
BASE_00007970	baseline	k141_20719	1010	800d5281acfc7bf08eb812d90e3bc2f1e429b93a2002674071b89a0acf4d64f7
BASE_00007971	baseline	k141_20722	1518	babc924de1ffaf62c4bd7a871c0d47eb93c50bbba0e7523a1be67997e89f2b20
BASE_00007972	baseline	k141_6364	10400	9b8538a33b558ec4647c541fbd1be25f0efd061c9093be81a326a571ec525a7b
BASE_00007973	baseline	k141_13987	1021	5e5194fa871c8cbee9ce825be73120088628954a2d0dd04c9825b91af103b336
BASE_00007974	baseline	k141_20723	1343	5c9747d6e8df5c5a29c0a86ace23de3a95a36a450083a0d756820578e12de4dd
BASE_00007975	baseline	k141_13989	1548	1f277a80f000c9c171b112e7886956e8d0b89695d8444f7c2856e82ca0b71d5f
BASE_00007976	baseline	k141_20726	2008	ca6b78e0f391e266003723c68ae46a6d34de87939d069eea6f35396c386a8a48
BASE_00007977	baseline	k141_13990	1622	fd684e6c2f107837470d50e33188b3abd5dcbaab33f6f75712f4ad79f1b93497
BASE_00007978	baseline	k141_6369	2113	2c7ae070b54b3043f2d84c52579541cb6fa8b1d4c53615ffc0a726ef728eff68
BASE_00007979	baseline	k141_6371	2099	335cd8ea9a12009e72115f2792412c00ebf2f43fc2aba487fc8721ad3a8c62c5
BASE_00007980	baseline	k141_6378	2333	17399dc27a80eaf95aa21ce5cf2eee2c31f11cc138d7cf16adb894d4657bf1a1
BASE_00007981	baseline	k141_20732	5150	c2d8a075f9a5278963c8dadf6cd7685e40a19d5d4cefe290a3e2636f09dc3768
BASE_00007982	baseline	k141_13999	4133	c6266b7eb72519b0de154f4a5b3c6169611a73d1567ee9c155b2df07307c6c0d
BASE_00007983	baseline	k141_14000	2362	7ce57ca8386e0f2c09f6b06903b8c23d87f68aeb1a411815c8e68df522ab87d8
BASE_00007984	baseline	k141_6385	1412	edf4c8ee560a19eb3ae4e662c66d0cfd2bdb9aa3ed920b04234ca6466b7ffce5
BASE_00007985	baseline	k141_14002	1256	162041e53bc26f1ee4e03ee32180152c8aad4efd43e9cf47a983be8895075661
BASE_00007986	baseline	k141_20733	6102	9600e6d6a0a9bff4680f55434f6f3f4d395be585479ca42ff89f1b36302a3214
BASE_00007987	baseline	k141_6387	3313	e9e337b5af39382cc151c6118f64d45519be4edbc451c833334c5941e269418b
BASE_00007988	baseline	k141_14007	1372	4d0d6b4ff50b5bcc46ded49560312b12b436c3215ad71f4fade68469f952f4ec
BASE_00007989	baseline	k141_20739	1040	64e8c092664e45b2638a414eb189bcbe74f48e4b8f30643237463fda5c730bfe
BASE_00007990	baseline	k141_20740	1336	4c6f6ca1daeb63a2bcf9ab586d0eb7d9700054c9c533603ff125b7a43c747b5a
BASE_00007991	baseline	k141_6393	1041	18120bf5dc2a53a34a47081aba24f617c2434dedba292aaf6e8a2f4a76688752
BASE_00007992	baseline	k141_6397	1015	70e71f18ee452b3c3fa4ebf9a78b48fffbc61ea66933479759dd34f9a62d5b20
BASE_00007993	baseline	k141_20741	2781	89118944622af75cba7c8f52e21ec3481c26e0a499b5c3280a72b71729ee927e
BASE_00007994	baseline	k141_14017	1073	1a23a8a1e5a9387e1fa4cc1e7847d606b8eddba6ca31627733b46dfc57023d1b
BASE_00007995	baseline	k141_20742	1593	88993d45e34feaa204d6915a372a79cd9f69c0cb849585fc3d4dc884977e122b
BASE_00007996	baseline	k141_6398	2511	57ddae8784537d16a365c553e946ef279893594369679067c4c3b8c9a836fd74
BASE_00007997	baseline	k141_14018	2613	3f2a543d1fea1b0ad0b5636c818f07681c8c09cc39da86505b069fa22f242e5b
BASE_00007998	baseline	k141_20744	2315	3bca44dca0bb00d2ce2b5f23465938e933bc9c8b559f1bb3527314989ca4e3b8
BASE_00007999	baseline	k141_6400	1538	874bb68a55588ba6c8413ca84d03897033a0fc7dfa64fe86e740f273c4c63184
BASE_00008000	baseline	k141_14020	1581	dfe25ac0349d3bd4f8dda9837b5517c4333dc384e88e4a4bd4fa316e2a639e79
BASE_00008001	baseline	k141_6401	1426	d6dfd4f64421c8590a3f574736ad06f517cbc2837e7d3320d0e5432341a7959a
BASE_00008002	baseline	k141_20745	2683	39988515761c907bdd63b42b917fccde5941d60bb84e737273f1ab8e3ef5193c
BASE_00008003	baseline	k141_14021	2860	043e63d07fa264538d8c08e5c0d572ec8780c65449e285fae751b679a5936e32
BASE_00008004	baseline	k141_20748	1494	29cb65d27bedbe87e2d726ad74d320a3e511df0bba7f0906f5451a5a6fb3501e
BASE_00008005	baseline	k141_6407	1073	db49da340a2985fdd770d1116440ab0c038d139968f5a24fa418d562fb9365e0
BASE_00008006	baseline	k141_20750	1175	48d21c907ea760c66ee8ae42ea031058fa85b6e31a3702107d493c7f8d70a0d9
BASE_00008007	baseline	k141_6409	1117	5f793212782ed247a165d934125dcbbeda7c12f328be2e9c3848c7b9c1380d57
BASE_00008008	baseline	k141_6410	1638	be5d44160735ab8d11741f88ad49ceb2c3d121b9a352c78ae3cab03a7eff1865
BASE_00008009	baseline	k141_14027	3829	67cdd1b1e609ace33f9452f237e16283d955ce975986cd0a5a2da4f52d590448
BASE_00008010	baseline	k141_20756	1050	e1ad453915c2fb465cbda17eb1c08f1431ffe975a896e4ca09ee0f29b5b1b72a
BASE_00008011	baseline	k141_6411	2798	71e2b0952c34c032338787f512ef26351f9028255572e8f4f315ea07ff32bb04
BASE_00008012	baseline	k141_14028	2017	a4b4beceb21c0224171ee3073879b455546baa6e384c317a2887b17bfde97328
BASE_00008013	baseline	k141_14030	1182	40dea2b720968cc001bf68d869e5fac9c8959769e5bcb42939922a636e4d63f2
BASE_00008014	baseline	k141_20759	2485	124885499cd836ea9967dbdf4f0624c2331b3457a4503bf3aeeef616612cd974
BASE_00008015	baseline	k141_14031	1036	cedc88b3649174137f3dc768a26aa8c7e134c5e56ac6cc714752acc70c890d58
BASE_00008016	baseline	k141_20761	1237	59581cc6c7350df86f82795bee091c90aae09b86d99a76900904ed0258930810
BASE_00008017	baseline	k141_6415	1940	286b93b4305ab044e6184943fd482fd9e5b49d57831916f0ffc03415abe804e7
BASE_00008018	baseline	k141_20763	1062	73fc163ddb998c74c2faea5c0e4c8f169e8ba23367c6ef776fa47909d8d0dd06
BASE_00008019	baseline	k141_14036	1164	8649fc1a40b5aae28a974e34914c0e7a2947aef3ceefd187af1f3b6c4d29eff3
BASE_00008020	baseline	k141_20764	1174	090ba9a1ff7f6c604f040c33d9f50cd04c7db35ba9d6f3d8b6f895294157c34b
BASE_00008021	baseline	k141_6416	2905	6202151c863343d065c27d6c5d0b427c58da87d784de7fb502d9c616eff1eb43
BASE_00008022	baseline	k141_6419	1089	5549ccc6b4dded2468424fb0eb585502b22c24a8600d5ad588e2783bc67d4502
BASE_00008023	baseline	k141_14041	1298	c21a9b994d715b051b6813b3228cf45b920a1dd62970a0923790a019303e37eb
BASE_00008024	baseline	k141_20767	1729	c88c6b46d7e2fbe3e694c7a2524d7ea5ce8cb15d2b1cca3bb3d2c45036fde754
BASE_00008025	baseline	k141_14044	1070	cddcb8070c7a2b05ed03deac50acf5d9fe27517b0ccbd23f952f8f5bb0c00b6f
BASE_00008026	baseline	k141_20768	1322	850c0c9e17f0d6e28931b01c178f3a22584cadb1a9568dc377ed22f1a2927afa
BASE_00008027	baseline	k141_20770	1221	790e9fb18b18bab72b6f106199c0828e5d71bdffbf0ddbb2b84df12d9e50e063
BASE_00008028	baseline	k141_6427	1212	3f04ac0e7cb7d950801b2e0eff704611f83ba3fb020bb9704e73ca46ff556c1a
BASE_00008029	baseline	k141_20771	1125	e15ee51300c33ef62faf8e0701615ad2e16b1dab8415adbde4c17b7630da895f
BASE_00008030	baseline	k141_6428	1012	d8aa69722513c1e205f84277abb890e36821436f6e1139f99af9a91c06f457b7
BASE_00008031	baseline	k141_20773	1627	2a53a0bda83b59c0c437eccd4a851e176cd23f16df83894e8644053413b0bd3e
BASE_00008032	baseline	k141_14045	4881	c2b2ebdea7ef5aefb88399c50866f9aa89851cdbbb4e236c1acad67edb4c3156
BASE_00008033	baseline	k141_14046	1042	4e920628b71debcf62a58a4d3019b34d2519e7f67d067baf4a87e6fe2f63d3c5
BASE_00008034	baseline	k141_6430	2282	a0452daf93779b40a1aa7548930ee8f7c6cf784b7f119101b4bfbd97a75686f6
BASE_00008035	baseline	k141_6431	1759	b5244b8b104ba0f1545ba9b74b29dfea2745e5b35a7c9e985419859602a6e483
BASE_00008036	baseline	k141_6432	1002	d7c7d6f3290a1e742ad6fd9174da07ffa16bd180fbde09aaee48a009121b38ed
BASE_00008037	baseline	k141_20774	4160	f271b97f2535b01be04148afe06fd012206f0e5075a9332370085721953eac6c
BASE_00008038	baseline	k141_14050	2385	931d3e45d868822b302df768136e91d715a4416481398a2918a20bdcd249cf12
BASE_00008039	baseline	k141_6439	1016	442bc78850b18ae71f496bd39885456e923cf6cd6dbb74f8ad3c2abd9818d540
BASE_00008040	baseline	k141_14059	1085	256d0b28cd1b15bd073144acea82fde4c756caecf2d9f82d89f8e98083d4304b
BASE_00008041	baseline	k141_6443	1119	e11fc0ebd807242c065924c4594457e8b67c9601a33e82d258526fb3a1420ded
BASE_00008042	baseline	k141_14062	1207	35f1ac8a0fc9e316c9e76a9cecf04579bcf4848dee0690dfca9d6ea15ab011bc
BASE_00008043	baseline	k141_6444	2219	c08db420e1ea9e4d09b6363ac26d9dde6f9413ccb949ed33aaeda2c12b00bfcc
BASE_00008044	baseline	k141_14064	1674	d99783f527a29a380fc4f1e4edb18ffa91ed2198ec9c9980484e48cb07c7b184
BASE_00008045	baseline	k141_14065	2244	dbf5aafb2a97f540104bcfde38b81d05637aba93e0e989cb0430d9632b2cdaf8
BASE_00008046	baseline	k141_6446	3453	d2b0ae76cc2220694d380790d936afa625fcdc55ea249b1353bc6f1b9af98419
BASE_00008047	baseline	k141_20775	13770	36904ca7b954cd26f794fce2a788f83bcf8e663f00ad47f4d251ad2301fccfa2
BASE_00008048	baseline	k141_14068	1343	e3f64b7f15f9dd29d1978c231ef8a487d8130c12f9e4450a6d67b4c1dabf8205
BASE_00008049	baseline	k141_14071	1424	802a48d5ae47faff747a36821969316c969d37e13adb5aa6f86fbe8d2ea5d64c
BASE_00008050	baseline	k141_20783	1616	43eef06dc2807d6aacf543064141031d973659805c5a546c3c34c0729b3205d4
BASE_00008051	baseline	k141_14073	1658	76867cfc58ef85d25f21192710b3c4e70dfc50f52528193ba27e221192c2fdad
BASE_00008052	baseline	k141_20785	1128	14319508d7af6a19b60f6154a9eafe8ad790de0ce1f3f46082cd44eec97ce41c
BASE_00008053	baseline	k141_14074	2975	ed7cdcb270e1b488608c73884847fcf1e01d9445c480ff92138f96e2b0722e82
BASE_00008054	baseline	k141_14076	1744	0094850aa923a15ef054a63ebffec9f50752d59932a3ae1574b356aca665b188
BASE_00008055	baseline	k141_6454	7958	84d6d014eaea1c3c01ddf0da8c03a99559d42eb9e79e26c885adba00fc108c3b
BASE_00008056	baseline	k141_27793	234388	47723aee4fa28947c5b571b58050060d06df8069649a1414051af605d73e3fa0
BASE_00008057	baseline	k141_6456	2371	b0bf8053c3e1f92c3b83538c30f870b074b3b468c06604f073e77bba7ae00e32
BASE_00008058	baseline	k141_14077	4865	ede382ad671e6cfdca1e500c4d6369bf496880ba0bc9f02ecdd64c25c7e3ff23
BASE_00008059	baseline	k141_14078	1157	6acd6c54334ff1682a654d43120753cd2e3b9913121f2fbec29f938b5f280607
BASE_00008060	baseline	k141_6458	2639	7ab373a9d91ca226b5fcb9b8df5489fec1ca9321269f3e5798fa4b969be72e5d
BASE_00008061	baseline	k141_14079	2090	5056abdcbbb0b535a80385728f0e71dcf6de791a17fb11e9fae09b322ea7e0b8
BASE_00008062	baseline	k141_14080	1309	7a2ccdd8a6bd8869280e7a5c94ef10c8aabe86f96c453aef73a498e708c2540d
BASE_00008063	baseline	k141_27799	5905	4ee5415793a6c33bb95ca5d8fc10a3c0665add5dbc3783a405ad5755b5c43601
BASE_00008064	baseline	k141_20793	9313	0a773b5829404500fa32392f18b641d920ff368fe0f9ed4488299c5df2cd4e56
BASE_00008065	baseline	k141_6466	1404	604cd3b99cd784587cf6db494580ae5a4575a423c086a42152cdfb8f1fb1b88d
BASE_00008066	baseline	k141_20794	1300	a96807f240076b0e21a2ac608c361eb039c29539f946d2ef9ee48c790799f715
BASE_00008067	baseline	k141_14085	1194	d6b14f865a44921e31ead2bd6bdac51836fdb37cf6cba8ea173ab0b3a36f9ee4
BASE_00008068	baseline	k141_6468	1040	9a07c8eec9d759551eb1de1a0ad01054d71abae8042aaa816100c882752a3cea
BASE_00008069	baseline	k141_27801	3347	2b17947c7843422c3b9648607f8fe56f3690c143bc5f13de4e113c75ab3d9a4a
BASE_00008070	baseline	k141_27802	1069	1fca424f51904507bae25eb1229bfc8903924c0778d55fc16b4f12285e8b42bc
BASE_00008071	baseline	k141_6470	1716	836f7375d0493edefcd358c8ab1f316351c9270282d5010d22c4015bdb06c2e6
BASE_00008072	baseline	k141_6471	1169	9dd5a734a23cdbca0c8276c196624eefa93510b634a0e75585ff0609570a276b
BASE_00008073	baseline	k141_27805	1147	1d70cdc8882424fad271d425e404bca9c45e27718679f6142336224bde64f2be
BASE_00008074	baseline	k141_14086	5692	54d8b3152186550d20933cea412e83b7605a5ad4d5329a78f4ef89a91ba094b4
BASE_00008075	baseline	k141_27807	1044	a84a9977cfa4e6542dcdfbefb35dee88b624b3438ea1805d6f2f0b7c7a96bd1e
BASE_00008076	baseline	k141_14087	1631	0c5dcc32da250729f022e25c58b9560541f5d68ceee49e13546637533caff4e1
BASE_00008077	baseline	k141_27809	1146	1d1c31db29518f71bdb844172026fd52aa072bba3f36d6550ab1a9391fd32d26
BASE_00008078	baseline	k141_14088	1158	02840d161b7fccc0b45f1a40ecc181fe107025a1f604f081f21eb457e6c27d3a
BASE_00008079	baseline	k141_20808	2432	786d20c480434942fe09e3ee5d45cbcb57adc8ced2f04827ad669fab5b431ae3
BASE_00008080	baseline	k141_6473	5466	fdb6a40af4f3a82691631e17cf45ebe65e043c2a72af5d210338c376a4d1327b
BASE_00008081	baseline	k141_14091	1484	496b31513c4d7fe90f443f9814bec279c33618b3bfe2f83e25a9f45c65f3d5eb
BASE_00008082	baseline	k141_20810	1482	fb67fd755110a673aafe05d444fb0af7c28a8898ba17f20d37bf03858c912516
BASE_00008083	baseline	k141_27814	1274	e91a77435b6a215a43b6da44e2ca1cc43f56c9055fb3da6a11eeb2977fb01850
BASE_00008084	baseline	k141_6477	1208	8c6482ef25b0fb68c039355e009f8878798c67ee44a7a5e6dc2a5690eb983951
BASE_00008085	baseline	k141_27816	1008	23f789ede4f2f11c5b2e54535610500912903ca16507f9e2261d1b1aea0c63f1
BASE_00008086	baseline	k141_27819	1353	1e6c16df9d78917ac028c437ca44d6d1992e0c5825f5b4cf2c235ebdc772c3c2
BASE_00008087	baseline	k141_6481	2387	9e699a4ffeee6ed4a789e79b2903ed8155a043e3d938932a6853d970bc688822
BASE_00008088	baseline	k141_20816	2866	c5fad1b637b53496eb10c58f9339dbb7d38829eed5b306323ee46938f7f19621
BASE_00008089	baseline	k141_14102	2949	e4857e0501d9c65182e6d88c96831703856c6dfb4047a1ed345ad1dcfe130eb3
BASE_00008090	baseline	k141_6483	2853	183d8beb1006d9944909db02c9dd0ed1626fa241de88befe19807e4d47d87898
BASE_00008091	baseline	k141_14103	2085	37de3d8446ee0e4d396e9a91ae1873e42fcb199d67a8ba1026b4e0aac9146327
BASE_00008092	baseline	k141_27825	3997	fd0994def82ddec1b36df3d7b77c9d56f74a3eb4abce40ce799010d844f6415a
BASE_00008093	baseline	k141_14105	1459	5936f53b3351470e42e787ff66362e73d78ffbb6cab40e69a96a8ab791cd5d0d
BASE_00008094	baseline	k141_27828	1263	907012561da1022efd5a7f441dbb58d1bba01cb66192defb346c048074f1bd66
BASE_00008095	baseline	k141_6492	1022	533f9a5f58ba229c9eb255e238cd072703c5d9ccd33a1d9431b116d14a861497
BASE_00008096	baseline	k141_20829	3321	07b8139deaf49cf207edc96428c16803b4b0f4b101e604a532c09a6d50796aed
BASE_00008097	baseline	k141_14106	3441	4b7fed33884b3d2c07a0e57cf496b882edc28e66e0a13a5c28e47413340b6c3f
BASE_00008098	baseline	k141_27832	2077	ca36ae0677dda24fbd9d7d329352d0e5ad3df47d4e438bdf51eb8b338870f765
BASE_00008099	baseline	k141_20830	2948	7238f7cc459343bd432840ec2ab4b74b266c7224b9b00f781f81fe56c0f91e78
BASE_00008100	baseline	k141_6498	1505	c959df519020ca37480eb963027908ebe3214ea1ef13b7d45249ed96affc12f7
BASE_00008101	baseline	k141_14108	4240	90db5d29add1ac3a6580f73d5d8c3468adb906d06e053620ee1e2b5e45bfcc74
BASE_00008102	baseline	k141_6501	1390	22a32ea5270c837a26547aa970d552bb14c84769f28f15a6f974347084c78efe
BASE_00008103	baseline	k141_14109	1012	35f8a4255c2976ae4439d75d61644877efab63c940b6039135a6b8c6fe7afdcb
BASE_00008104	baseline	k141_27838	2607	dd6c6efdb9c2b520ed6d6963b520ef268fa635f7baf337323adc522f67ae95ed
BASE_00008105	baseline	k141_6502	1435	73de65b34a2e8dfad84b50594e336ac41638acdbe1072d86109178536003274a
BASE_00008106	baseline	k141_14111	2139	0ff47752435f6ba100f6e4f78f07c56438f9779b9c88d0889060619b7f40afd9
BASE_00008107	baseline	k141_27843	1508	26b98ef9e6702b337c943bdb099c0f3b1368dd9f872a8a250df347ff776897b6
BASE_00008108	baseline	k141_6503	3063	7a04e3b06adcff351f5a9d43962e8880ce9a31573bd5351991f1841c205ac51d
BASE_00008109	baseline	k141_6505	1030	eb5d83b33802ae147b0a8feac57c888cda3677ddea5e671b93e8d7b55948d954
BASE_00008110	baseline	k141_20831	7801	c36736dedfe8dbc1e790337c552dbfdcdf1437f2d62c4066bae2d0f2cd915646
BASE_00008111	baseline	k141_14112	2476	d7bd6805fa1bdd053ffa72c571e9db189fa4de6c28a0de28c1d5fed30909a048
BASE_00008112	baseline	k141_20835	1175	a3ea9ad254a023f600b156dbca7e7b26b862b5f41a5c0e7ea0978b15adae1b40
BASE_00008113	baseline	k141_14114	1614	0ac94c1aab72e5bf36953c92e3ab0cbaaac7c5c25b05da1d70527208531bc7da
BASE_00008114	baseline	k141_27846	3885	9f181fd8a3fbd72f22dd1edef48bfbf11e483646e56752f42965b0ba226900c4
BASE_00008115	baseline	k141_14115	1078	14a99bcad6a43dc10baee1aa161154f1de4f6b47d8336ab1ddbb80d8d2cf03c5
BASE_00008116	baseline	k141_20836	1258	9b1ee327454800219d21c44b7f7999b0eb3b910f446309403fa73afbc4f7320e
BASE_00008117	baseline	k141_27848	1586	59496f106d34f856a59342ac2373eda3f53fbe3872355bcb8a6b92ea68cda22c
BASE_00008118	baseline	k141_20838	1250	085b7c715bd596ddf47aa239259ac2be0717df901e3503715559e81120e4c7d8
BASE_00008119	baseline	k141_27851	1129	3948eee4cd764b26b84555506ccb42268d1b2bee7d39697f37008f72e8e332dc
BASE_00008120	baseline	k141_6508	6888	b66b60cf823845598b39da1386c0d269029bfd91ec36643068d9df720a6d7e06
BASE_00008121	baseline	k141_6509	1950	48108c628febd58f1084463f5cf9de15435f3102034257768c90694d4227b1b3
BASE_00008122	baseline	k141_20840	4502	8a13d8d5aae92c23601179813799e82483063950631c3016a9bc53e93bba5d03
BASE_00008123	baseline	k141_27858	1069	90a2b73e348fccfb0da8538a3ec8b4369c558c526d8ce4a04c744ff522fb049f
BASE_00008124	baseline	k141_6511	1585	dedf3d4261a0b08919511d3fed9ecf4240b3c05c1e8e8fc3b69f0bb74c5d5981
BASE_00008125	baseline	k141_27859	1018	def211d29fb5f6265e7e3be86b18f81d2201d159f105d54fc7391eccb251672b
BASE_00008126	baseline	k141_14118	9086	8ed3c5b4ef4b9b9087eaaac256827a8f3f1a99d919533a1031cc72383304b7c2
BASE_00008127	baseline	k141_6512	1483	f693cbd4fd906d8c69af1a4fb1e65863b36d6c7a173bcd621daffa17274159ce
BASE_00008128	baseline	k141_14122	2293	6d5cd644985853e7f27def579bf9dad7811b1302707fbdda659a94ca9adbddfd
BASE_00008129	baseline	k141_27867	1724	da1a8dfe9d719ff452edfa65908a2b32650fcd6b55b330e89a1f3bfa9f4e31a2
BASE_00008130	baseline	k141_6518	1853	90d9e0221f84e27ded18489d12d3145ed5139af32543d3a4d416046191a8fcc0
BASE_00008131	baseline	k141_14128	1392	29cf6affd15e558ff2cbf0470be55074779e2e2eee4216a726ffc2702d1b808b
BASE_00008132	baseline	k141_20856	3477	2f3024d434134f23576f5dae18f57b14ca8e6beb80ab7392390a2460c65dd127
BASE_00008133	baseline	k141_6522	1415	8ba00a519ba119a472967cc52ac7e79e1a7795a0644a009a4ba3929061079638
BASE_00008134	baseline	k141_20859	1212	89ed67f616eb8deb59f21a188ee76fd6528a14fdf730d28b441d7cecc6174cdb
BASE_00008135	baseline	k141_14131	2038	8869c301077a61e714b27479344dd74cb9628d02aa8a40ef364325e4894724ec
BASE_00008136	baseline	k141_6523	3204	8ea362680ad5ceb32fce3b89e43516c587972da88580a7de91c8129b4ccb5733
BASE_00008137	baseline	k141_20862	1390	dfc6880ea50fdceac7c085a85ad319f7220fa817d8ae5be104b3306ad63b5fbe
BASE_00008138	baseline	k141_6524	1370	9d6b814f002a3bab802ac3bc154b9540e4e9cc5d80e7ec615347b29a7888a1d6
BASE_00008139	baseline	k141_14135	1147	8b1305bcb13d5858871b3d4eb8a27bc88a5ecb27c9e6f0e9ccadfa45d5185990
BASE_00008140	baseline	k141_20863	1916	40926d194832d9597294e8e277f91c73d241a6a44072ecf87315d591b75d5752
BASE_00008141	baseline	k141_20864	1116	b735168c736cffadad26e43ba60ccc4528647e21655cb08dca222e1b7cae1f14
BASE_00008142	baseline	k141_6530	1689	cc3979ff9c04c5eb10f598032daf365268d46aa9cb5fe068cc5f1dcd91a716e7
BASE_00008143	baseline	k141_14137	3111	f0c1f409d3f0606dee6cac7486385dba40fb71c6c45ff40e4ce4a1490b0bb7a0
BASE_00008144	baseline	k141_27871	12749	1089940801a3d2a03b7a1939f14359815621537de9abfae0f7fe1197d2dfbc2a
BASE_00008145	baseline	k141_14141	1090	982352cc3a7e21d62e0dd6bb80b113e695363f215767d74f0b2299f0d3eedbf1
BASE_00008146	baseline	k141_6536	1229	9d8611a1281ec21aae4edee87dbdfa3e97e9193893ec43369cd5b302b74e90b0
BASE_00008147	baseline	k141_27873	2751	93f0425896a9c539f1432ac392e51e55b39c993829d5f8d182557ea4b4c784d0
BASE_00008148	baseline	k141_20865	7950	9e7cc381ad975284a3978b0e59764255e998f03bd7916d8c3ff79ca558c8fec2
BASE_00008149	baseline	k141_14142	4672	9ad1a3ee82f9a759efa8e02a0567cd754d4808b0613d9b527c88b9c452170827
BASE_00008150	baseline	k141_20866	2828	65bb61f408162600161be06099fcca7d3195442f5d89bc5890669907e8b98c41
BASE_00008151	baseline	k141_14144	1402	13b5aba1d82b25b150e5f8ae71d6afaff0cd44243cd552564cdd7dff7e16b4ee
BASE_00008152	baseline	k141_27878	2297	9a40a2d06adb6b51c2e4b9eeabbeb645a66596d5525c40be2a336b45f03d89fe
BASE_00008153	baseline	k141_6544	2958	8aba487f7e4967280873c39b4e93dfb922a545d207a9748b24f2fe39ec1d7be8
BASE_00008154	baseline	k141_20867	1644	943828bcf3ec2c95bf1f8c88c995844d9ee6e466331006db295937be405ed94c
BASE_00008155	baseline	k141_14146	1120	00b3b1c1e07cef042bdbdf264516c1ab3ba5097c225bed67c14928ca87cea31d
BASE_00008156	baseline	k141_6546	1180	9524b70eac15bfb16f65297cf2181857882db8d1764613de3b045a8c3a9772d5
BASE_00008157	baseline	k141_20868	1458	8f31a1ac35d9d523f4bede4e7ac031f59ed275689f5043da4a3797f6f510ab68
BASE_00008158	baseline	k141_6548	1084	22bac95613545d02490c487d85dbd67fbb03b057d5f217e290b3bca5afc4a46e
BASE_00008159	baseline	k141_14147	2600	ec8261a72cc7fd1b22a05b9fdb84175678b2aa8afec32f200df5ec16871eada3
BASE_00008160	baseline	k141_20870	1455	d0064e4de4fdd8e8d2585d93d12338875a298244703cfbb41ce65c3512dba0b3
BASE_00008161	baseline	k141_27881	3721	91ebe9bfea1781220718fc2b8b6a337422becba2e0122424eb679ba741c29a15
BASE_00008162	baseline	k141_27882	1353	9342d5a577a091eae879c15efb14dbb87e005224f199e482489356aaa3370555
BASE_00008163	baseline	k141_14152	1485	0c239d9d45d94424ec5ae2cee5cdacc58c8c95e72fe3f56b2ac431ce711b97a2
BASE_00008164	baseline	k141_6550	3064	d577c886e0538c1d2e7d013e8ee55257645cbe3ee4df1610aa94770b9192a737
BASE_00008165	baseline	k141_20876	1085	139fa9af49f634bc1144b0b9b8e5ccfcb7ea059a3ff00612cda08494c6c0ab8b
BASE_00008166	baseline	k141_6551	1273	3f537b0195376043db1f8bc2eba2a75ccc7dc65186721b4df0dfe6db88cd1016
BASE_00008167	baseline	k141_20879	1113	7b77d0450647e82a8f07c0d08edc3745884ed7d945d45648f8b95c548b826c64
BASE_00008168	baseline	k141_27887	1886	7a804afc0e6b6d3453303fecb00d889bb6ded84921c83b7a5a5d949d2da65514
BASE_00008169	baseline	k141_14153	4324	9d1a7d36202d92a5fb79cbb46d61239b6c816660f49efff49f1e09b6ebeba40c
BASE_00008170	baseline	k141_6552	3204	cc51a6c8507873ed6244325542e06ebb8ad6ab67d89dd1b13a9740d8b78a3a38
BASE_00008171	baseline	k141_27889	1061	8980d93f1e4805fbb27e7154f0a048db063a8f7b1982911df72da1778b4e5c81
BASE_00008172	baseline	k141_20881	1342	3dd25942e89bfe45b187193d98f9fd86fbb3742433dc7bede0d562b92770afa2
BASE_00008173	baseline	k141_6555	1178	c1eb8f501cd2dffde9c4d4f8dbaf451dbd768f7f933ba1a33e55c562eb4e1819
BASE_00008174	baseline	k141_27891	1918	9bbdcc804a51af332afe0a584817e31a0b793cfc2079c59cc702326150da37f7
BASE_00008175	baseline	k141_20883	2825	c5fb85a39fc23f8f0005262a7ad31fc4bd62342f40e37c166f4d7b2820c7d47a
BASE_00008176	baseline	k141_6556	2580	001c322ff98efbc5cface87f1660e59840c0049f9e6de9cc1d20d1efd9a64508
BASE_00008177	baseline	k141_20884	1839	38387e99d2fbf8222d821c930e0577099d7acf77abdf9029b6aeafc84e3fd07c
BASE_00008178	baseline	k141_27899	1110	59cfa76aa10cf146a27729cfe7daafb95dbb9052cbd9a8d1d495ce62fa531be5
BASE_00008179	baseline	k141_14165	2830	ffcf54778a0099accc2a31d483ded6ff012eb1a1a482118b3e5e8f0acb945e13
BASE_00008180	baseline	k141_27901	1617	dc44b4ec99dc48f2ec0569d277f26aa03b86e5fba47ca5fa1bc50cde26a47e13
BASE_00008181	baseline	k141_6563	1179	689bee17fef916d3c85144863fecca2cb96fecf4f0d98994b44137c87943e44f
BASE_00008182	baseline	k141_27902	1338	5bee825a382cf9c96405dbefec1adc370a9abf8c017cecbedb9f310ce7af57c8
BASE_00008183	baseline	k141_14168	1297	713f3e21ca4df24dd4a02b1ac5ad22c6b4c744e7479da48d8549c254734ece09
BASE_00008184	baseline	k141_6565	1418	f6e390de7b67f4961fc73596188110cc303c64f1c2817a356d1058e9d2a41382
BASE_00008185	baseline	k141_27908	1366	56fd22d60be92e244f9c9aade345b082da41f8dced5406bd9ad3fef80a7a8311
BASE_00008186	baseline	k141_20895	3199	3a27552409575ed72feedfa526b05dc5a2214dcbcaf3df8dd7df46db37bef186
BASE_00008187	baseline	k141_6569	2555	ada472b54d62571c1622df09c066fce7aaec7e4d9e9f14c2716daf7e384afa5b
BASE_00008188	baseline	k141_27910	1449	86aa772d141b326f40fb683d7552d1ef86e8f88bdf9c6b55324f2074d2a1c70b
BASE_00008189	baseline	k141_6571	1195	d4cd1c25f945dfa8bc4bd578ec3d543a8bf4b76ffbf9fd7bac01050eca9567b8
BASE_00008190	baseline	k141_14178	3495	d213c6a1f6cbc2388592626ffde78e9cf601876c428ba37beb6ca08e5e12566e
BASE_00008191	baseline	k141_14183	1224	1a040fb3f2a282b246f596c02da1cb36f4ec3ed80d7d8f1cba11dc1a801919b4
BASE_00008192	baseline	k141_6572	4305	cd1e236702b525ad333e65bdd14f411c5d56afcc214006004511f98fc2ffb8bb
BASE_00008193	baseline	k141_27921	1052	4e1e4b020b99df69a532c50c65900e3cb7bbcf463ce71cee4e7d3d089f13e7ce
BASE_00008194	baseline	k141_14184	3074	90e8ce4ffcb6031bee365952522c9e253d9ecf3a99ea8a54fd6cf658f618dba8
BASE_00008195	baseline	k141_20906	4281	f115bdf87c3b1fe8dca7ac0821cb2e23117cc2694646716f58411b7441dfd335
BASE_00008196	baseline	k141_20907	2287	8bf17bc1e86c7f5461d348b546eb64e378d153dc9c973fa3109347f3058515b8
BASE_00008197	baseline	k141_27926	2505	8bf41e582ea5e626f951e067e0eb1b95ebfbfcdcf7309bb1fb597bf1a69d2450
BASE_00008198	baseline	k141_6580	1981	8a64283a1c5ea87175ae1e4b19bdd6c1a94840e0c2e5704441270c0e2b59d1ff
BASE_00008199	baseline	k141_20908	1569	05b24b8c6cddc19dcd567725b13e6144eae7573c45daef43483aeff1222458d0
BASE_00008200	baseline	k141_14191	2856	6079973c14017cef56d3c703ccd27a7fc259e580c71bd00468e557d706a90345
BASE_00008201	baseline	k141_20910	2054	7d4b5a503a8f4e0f9549e3c1b0749ae21d09645808db4f98ec53172a1daa6a5f
BASE_00008202	baseline	k141_14194	1022	3097a71b9be463c93ca5a05d6578fb0e7346181a2e692d0447d4e17b45efd8e5
BASE_00008203	baseline	k141_27928	4272	6b35702df76205c54722944b7972b01141d96c9b626b312ffd3d4d5238eb9056
BASE_00008204	baseline	k141_20914	1400	5243ddb8d448a825068d1f1d6592037e9692745cd256ec1b9b4c73f6cc54e0b9
BASE_00008205	baseline	k141_14198	1034	8e8517dd616f7d602f4fb115cc13e327b2bed2e4688bf2210cf463c1cb07d5cf
BASE_00008206	baseline	k141_6581	8195	7a1b72f74f1506c621d7e0c51a755705a9a61d15454746f53e066d79ce624582
BASE_00008207	baseline	k141_20918	1211	9816e1ffa8a32f54c0a9de0f85a6cb3fed5c38e738e7692412ed0d5d907c58dd
BASE_00008208	baseline	k141_14202	1067	64215fc02944f6a9fb12c4e7516e725bb17377166435e7e707ba98bf83c3217f
BASE_00008209	baseline	k141_27929	5486	0e3c91e71b8dce0feed82d6f597abcd15d66f24210981abc3bcfb286efe19ef3
BASE_00008210	baseline	k141_6583	1326	dd856f549787a0ec20506b720bd296b62f502c45962e934889babd4568672739
BASE_00008211	baseline	k141_27932	1042	6be2dcd57261eaf2951147ef46531ebd433f4530228856a5db41ef244ce1fc90
BASE_00008212	baseline	k141_14205	1799	5b6186c53008749e59a7db420df42669789bd976ea32828f285c22249d48099d
BASE_00008213	baseline	k141_14206	2021	55b96b80983833881899590913f689ef0bb677fe5ac86b72f9a7f4257aea59f6
BASE_00008214	baseline	k141_20922	4679	69e1613e4980234fc24f78ee3ed27a0d5a778f4592048b7e86ec650768954ba1
BASE_00008215	baseline	k141_27933	2794	a58075bd65cddd7f45aafe5e59f7c0eb65743f9a43b683d39419e10312b2d74e
BASE_00008216	baseline	k141_6587	3500	125939b9df31c9f38d4517415deba3e9a51234a8baccd6ed81627f0bc85bb0fb
BASE_00008217	baseline	k141_14208	1516	f58c2f5de8f40a707004c0d16df847e264a86728306e90a7bfa5a5daeccf6100
BASE_00008218	baseline	k141_27935	1008	7d7f7dddc01900e4e119ff73a4d7ca91a97e817209135bb20b99ff1234e5e520
BASE_00008219	baseline	k141_20923	1843	5edb09a1fbd50940a95b5006a361cd127c3115827fd16698daf80c843d35e771
BASE_00008220	baseline	k141_6590	1007	aa2ff30cfc674c5c62d7db78be4018f5ff816ff453951d079318ad99a6f63c51
BASE_00008221	baseline	k141_14209	1350	dad33fc8807407b11be48e0cdf13eb608be8b9ce6df90fdcf911bde725f88381
BASE_00008222	baseline	k141_6591	1628	c212dbacacac859900faec178139f21b8991149e20746fcc36b9faac9e291c09
BASE_00008223	baseline	k141_20927	1274	2c71fd8e19dc7032980f48e936254b80f2b5b073152590af442478ae9cb2a83c
BASE_00008224	baseline	k141_27939	1997	6a7c223d1e3dd4e3803aed4b7e6d308a0fda1db43c44269d440246b8d2c2cd53
BASE_00008225	baseline	k141_14215	1224	fda22c82747bd6435ed5c0e2f4599f7c77d037f47762b919b0ad7288d36dc652
BASE_00008226	baseline	k141_6594	3141	281a4000f580ea3eec7e14a54d4edd9915ca59ef5e76f7cf1f524f56a027fde5
BASE_00008227	baseline	k141_20931	2466	c3f61f644ab1208b7fd5ec9fb270dbb0b97d322ed570692e809651b0a2b3a5e1
BASE_00008228	baseline	k141_27940	3958	7af56ff71a759befca0a97fdeb833453863a1513d8b2f8fcd67c743ca52c205e
BASE_00008229	baseline	k141_20932	1175	baf883ae145b0240d8cb2090f18a4e6c2c64c921bda4391c2349a715b76d452b
BASE_00008230	baseline	k141_27942	1094	ec8b060538440744e6d0ac5c5d62c4122e6f80999b9c052823201d86ac8c5ab1
BASE_00008231	baseline	k141_6602	1031	865b6fef9bf05572096c93cc535d41c6ddfbe621343e5483737ef36a324658b7
BASE_00008232	baseline	k141_20933	2730	495ea5d42a321ffb351f8b0b6d5fbc2b40744b2e5dc939042b4bbf23a63e2f58
BASE_00008233	baseline	k141_20934	1873	1044d303f372619d5b7f917573eb41715db994363e15538e9b60c4f864e2839d
BASE_00008234	baseline	k141_14228	1536	3cc556fea379274560a6e94248fbbe4a21761231e2d4e6cdfca85123ef8ad950
BASE_00008235	baseline	k141_27943	3949	5ff2b4247d948dd0d2460bd93a5d49ab8783036c3848db3d5c31fd2418bd6628
BASE_00008236	baseline	k141_27944	1293	7fa8c8b93e9b14a693114d90ca648f0e3d0f285a8190280961675a5538e4e259
BASE_00008237	baseline	k141_14229	1517	67d7bea7ace6eb32aa499ecc4c1145b9b9f165c95fd4535376057f7daa6f06c1
BASE_00008238	baseline	k141_6606	2340	5930bafe5f8c7e256711bb9f4558e3a75c89b2cb9a5f89e1c189c42f95a7e77c
BASE_00008239	baseline	k141_20935	2999	a4bd4a2e66acf5bb2083a46a1422754c75ff51369fe25a6bf52390f8aad31146
BASE_00008240	baseline	k141_6607	1090	c932e5eba559b4ef328e5994d5a31df0f4f2cd6caa987dc7536a7b90eaea3f1a
BASE_00008241	baseline	k141_27945	1842	6c22288298ea4c9f5ee320247620b6681d2689433c173440454843f889ea990b
BASE_00008242	baseline	k141_6609	1052	0b01375cb5f7bb0df56989e3934db627e6b54ad1167d5a7b4ae933fe3d5cecde
BASE_00008243	baseline	k141_20939	1034	cdbf26c69b6a4ec5d5aa8d8d4b874d0245965dcc642d7855d72ec64a0ae5286c
BASE_00008244	baseline	k141_27948	2326	1b5232235a98565ee9f7d2abe9c9c4e17c0244fb24118d6ec830b8f598334054
BASE_00008245	baseline	k141_20942	1170	c9426945f3c08a41e5cffe153a286fde0cc3a3b75adf037d2d93b414a1fb5fb6
BASE_00008246	baseline	k141_14240	1052	33b71036e2bc9e51e74e14afc7e1c715f54a379a670f15434c7ab655de41190d
BASE_00008247	baseline	k141_20943	1441	acc97bceedb8294396181dff12d7c64bb27a6effde81d0ff4f850cbb221ec358
BASE_00008248	baseline	k141_20944	1028	e441b04e8cc8236163b0307629f10d73591697e8217a1f6f472564b5d4ed6e09
BASE_00008249	baseline	k141_14242	1461	2c740698e3b0e8e9b69401f1a6bd67b4d212bee9c6940837abb25a644a3fe90f
BASE_00008250	baseline	k141_6617	1361	ce4561714ad32b8d58d457c387036d119e249dc6f15c76a63e64b5da3e945141
BASE_00008251	baseline	k141_20945	1241	ea5ce5b9ea8b48f9d1b3d694f94fd73988ff2f250fd371d2b4a036d47266a487
BASE_00008252	baseline	k141_6618	1043	8c021e8a7c8e7724a1ceeb6792db869a31025fd4aa98ddc1dd06d226e087bbd1
BASE_00008253	baseline	k141_14247	2115	1bc1563f5d21afcde516bf7dd23d9ec8e6874df6a9fee8bebfe365c993446c8b
BASE_00008254	baseline	k141_6621	1701	93a92393cfb8dc0b8c7fa776aedc0ed0119f8294f95fe7e93cc726307ec5f886
BASE_00008255	baseline	k141_20951	1287	4485b350f4a2d9259ebe56d29c2c57abb3ff833f12a97a222149fbc0239766df
BASE_00008256	baseline	k141_27954	4846	676f6200f8ba426bbc3a4d2ded545d5a8bd456b274013a74f0c682264b1eeb1c
BASE_00008257	baseline	k141_20953	2225	4389f11ff5b01a3112a88671860576e712daa92fb6442c72d5767ea86defed5e
BASE_00008258	baseline	k141_14250	1609	55689c6ccb70573c189bcae5b1ec5c87b9b7f4f61973d4add40ec9d38b4b8bb3
BASE_00008259	baseline	k141_14251	1032	83f60de58c1e3ecaff1fc63566d7746c61fa4e00726b33257d8539440f4a2998
BASE_00008260	baseline	k141_6628	1283	77a3a19e957de76be51f1bb87751e349d71581511c89f53d81a330ab103b0fe8
BASE_00008261	baseline	k141_27958	2666	923309083da393d94ec835702bf9f283669964c65de180952884b8aa49d65dc4
BASE_00008262	baseline	k141_14252	1816	05de9d6abf8ad557ee75343872bfc8369c102f96590ec95ab2f96dd3b2c8af64
BASE_00008263	baseline	k141_6629	1141	5b3f10562b925f1560f4d9d7692229c019e8b4ea20221437e87e4bc33917e7f2
BASE_00008264	baseline	k141_20958	1286	8d695a73cafdcfb47a8edf8e8285ce010b2b4ebb5b0244e16732628f517c82a2
BASE_00008265	baseline	k141_6631	1133	80e5c89e586a1fa69d2f52a6228246e20ec7888076b36f8aa683595bbe8353b2
BASE_00008266	baseline	k141_27959	2372	c835e28748b2e0b835ff63fa9afb43dd8633539890c89adad1fbc513815cb765
BASE_00008267	baseline	k141_14255	1449	01b6ef842da732f4a15acb295abaf93e6107cd801583eed52ef848488202cb8a
BASE_00008268	baseline	k141_27960	1404	b29337871ef408de3f4fc51a4cc37e5f67202c3e7281d68847e7b6cbcfcbab6c
BASE_00008269	baseline	k141_14256	1513	be353996bd2ff737b06a1f0efca1be579c0a7840baef6a1d9fbeea25cc190f03
BASE_00008270	baseline	k141_20959	3354	c1b86ef96d90c8f68ae13ace86f649bf14ad8d3002ef5a3ce30d198ec86b67b8
BASE_00008271	baseline	k141_6633	3922	02e8c41983e45c304d2577a8ecf55b7e67cfd7024c8118df14c9704cf24b0bef
BASE_00008272	baseline	k141_20964	1073	ce4cfbc5fb1360dc903e3a7c807b8f3c86efb913eb251936793e646fb94c1ed8
BASE_00008273	baseline	k141_6635	1351	91bf99cad18a6f5c87cf82a32eea2f37a76cb0fbf5c28a5b9ba5dfc9e05d3ee5
BASE_00008274	baseline	k141_14259	3981	634f7e89fbd3b22e1f67486662b1eb20816c196eba2ec11fd5e65b08dfeb93db
BASE_00008275	baseline	k141_6636	1845	acbfdd7e8210cd3f382bc50e2dc6d021b0cedc96ac0ccbb2e5039241347ad74b
BASE_00008276	baseline	k141_14263	1234	32d2e09a30dced5cd31870772f92bd092a97003b6c50422258df768d600f588f
BASE_00008277	baseline	k141_20968	2179	ac88ba8155c0e48e82ced533398a5999c181843db5c7862b537b6b650da7ad97
BASE_00008278	baseline	k141_14264	1033	267e76ed94df0d9eaf3074d3951215e0952d457497936b61feac1af78c1f599d
BASE_00008279	baseline	k141_6642	1831	3f416a1c6e8653f910fa8258121e38de6d610ee2dfb9feb4d43f282e2fb0f16c
BASE_00008280	baseline	k141_20971	1625	103634b2139890fb7e78326966c4466166c181ad612a6474ef866527e2f27188
BASE_00008281	baseline	k141_14265	2836	f10764f946b3119265ac3d8cf71eb35f41540a3a2f8b0a3c4050afc441a0fc6a
BASE_00008282	baseline	k141_6645	1813	681d9352bd7623fa21df8d19d718fdf2f26145e98de510ea23dd6f64f168127f
BASE_00008283	baseline	k141_20973	1714	d32ac092bf1d38443457c1afb4e1af88b652adc2e72bb96df25efc79a9eb5929
BASE_00008284	baseline	k141_14267	2658	ce10eafb579d17a3f0daa8f08d2f91d4bf8ed72c4f8c3fced3be3be6a72a148b
BASE_00008285	baseline	k141_20975	1148	b2f705ffbfb748cb5e2f028925a58209f1f086f8f0640ea5fe7078c5eff46d1b
BASE_00008286	baseline	k141_6646	3537	2d5d595fa9a44151c208d44424d3cab0b3b53f61a3ddfe885d84439fcff2443c
BASE_00008287	baseline	k141_20977	1549	0104bc513a7c67b8863932d07b34f1b3cb0bd71ad1aab16c819920fce31388b0
BASE_00008288	baseline	k141_27977	9443	8734ac7b2c5f056189237ec6b7988a655e6bf741ac428768f25f73a3f0b273c9
BASE_00008289	baseline	k141_6647	1473	e40f0970de17f7f19b8492f4fd1b5c96f644900fbca7387a0479ec02763c8a5b
BASE_00008290	baseline	k141_14271	3168	52238a5e330661c33cadeac981618edad21f50d227fc2e3356e7498ce2778fdc
BASE_00008291	baseline	k141_20981	1296	86019b635ce40f062cfd46193ab252cad68ea539cc4695f8f54f34b953e6afb5
BASE_00008292	baseline	k141_14272	1042	92b9f94155763a71898f62f820dc84d1d90194635dd5fffe04625507b285535a
BASE_00008293	baseline	k141_20984	1737	2482ab6ff0291f2ffba9971bead698f0eaeafa8052d3b4ce088678dead6ce8f9
BASE_00008294	baseline	k141_14277	1192	8050b774268e30e868ec49292ff8b9727944c9c60c58c68a21487579fa2427c3
BASE_00008295	baseline	k141_20985	1707	b5a8715f098ca0e6110e02670401a86d348fd4017eedc851c2948e7c996663b5
BASE_00008296	baseline	k141_27985	1901	daeda05d06d8f04a0595b821834ca92cd76c22b7019aa94b80b317d4712c90e0
BASE_00008297	baseline	k141_14278	1858	5f4cc80c72ecdf22a120670c85f73524108842a591297cde52a91e4b00206af6
BASE_00008298	baseline	k141_27987	1713	bb73e31ae77f6bddb61c36ede65aa586c88adbf560e6d6861f0b7ee62d464e1b
BASE_00008299	baseline	k141_14279	1556	5fa99dea5b5da968c159f97c8e547ad9608eda9cd0605f21bd1d43ffd601c9d6
BASE_00008300	baseline	k141_27989	1123	304879638050096f5e0309e966b94deee686f3336cf8d121e51f2f89e80c006d
BASE_00008301	baseline	k141_14280	1121	ce019003196ae9826453e410821e8770cd48ddbff8c5a23ae6afcd24ebbb6be0
BASE_00008302	baseline	k141_6653	8155	9fe956ce952426b854153e69b545ceb3bd8854182104c4a2b2f71cc091f1917e
BASE_00008303	baseline	k141_14281	1071	061ba5690477f83b2214970a4ad58d27f356b3f8ac287e26047ed4f4d42b973c
BASE_00008304	baseline	k141_20987	5127	ddf1c0080a8f75627fb62d78e3587cc5f1ec867a378a224f57831ad9715616c7
BASE_00008305	baseline	k141_6659	1285	99767249ed8241fef136ad3acaea55d187c9dcd9ec9eba84839c4ae28dec7919
BASE_00008306	baseline	k141_27999	1582	9b072ab49f630415c93f4d5d549aa8ff78a2923cb15f9dcbb7d2a49a2190e07b
BASE_00008307	baseline	k141_14291	1430	1aaeaeac6317fb8b6da39c6e4e8c8cfef1dd9d25f1a10c0ff440c1fd4b9464f7
BASE_00008308	baseline	k141_28001	2032	ea800ee3f5d3ea8516f2ab02dd6cb1f767aaed03d375ebf3a6b6dc55a3d5588b
BASE_00008309	baseline	k141_14292	3568	453790b142880ac2d85790db91aa02a1bb4576475e3357f764933b87b5f9c68e
BASE_00008310	baseline	k141_28006	1023	f7ea46c143b9585b50976fd30f174d12c2a43c6cd4375941b2a441ce33ccf206
BASE_00008311	baseline	k141_14296	1034	d1646e246ad92f0e699d4f032a3f6cd05b492745c64eeb44c471f011fb8a49aa
BASE_00008312	baseline	k141_28009	1420	06b11c6f386b311afe47788acb556120ca097bd27e2497c31b33b53947182e9d
BASE_00008313	baseline	k141_20991	9172	2d26d63a5718dba6a0ba5891b2d52dd5937cd5f5a393b2dee6bbfc6c6c47adeb
BASE_00008314	baseline	k141_6667	4840	9c1986ce46aa0e552c24e0def5dcc7a8237606b1d5df180f1451bb12d6dfbcd0
BASE_00008315	baseline	k141_14297	1148	2eb29d640c4dd77a124d57111cbbcb7c3b8588d44db8d4c7dd0a9b901bf8dce0
BASE_00008316	baseline	k141_6668	1095	cdc72ae686b2ac5bffea5c48d098b6c84a3e95bb9635b2be4f22f5db6c7ccd78
BASE_00008317	baseline	k141_28011	2029	caac76d6465e07d2646b5f981e4e3e644756f3c21d47a2d5ed3d4fa7752696d9
BASE_00008318	baseline	k141_28012	1055	dbe41fe72030d22e6ff6b419369903800ca874674575600be720d3b6204c68ed
BASE_00008319	baseline	k141_14301	1244	d5473664c8872184c3c2009cd806db0f5cfab3af23665a0b1f1ea4aed914f1de
BASE_00008320	baseline	k141_14302	1097	8ac00b6f613aa4d4f1e67ffb3cec7b7c124424730b31d40aa4f9f08303100b13
BASE_00008321	baseline	k141_6670	3104	b93e38003bb7fbf1eee95562903569ab5fcec34be1de50598762591cad0feba3
BASE_00008322	baseline	k141_20996	3330	765d5a0ac0fee0d986119b99b55050d47f7bac99408855e9f9044c655be1de02
BASE_00008323	baseline	k141_28015	1922	2d1fc04c1510eea99640c087e95275c76f704fd1594cd3d43c52c356408250c7
BASE_00008324	baseline	k141_14303	2069	bc53845f3ebb74f3c405c176b0c8aee10cf1c27f0393cb1e1a67f6b3b31992f6
BASE_00008325	baseline	k141_6676	1141	522db932a683a92ab1093b0b402aa6d0925f48f69ec0cedd03dacadd4580a488
BASE_00008326	baseline	k141_21000	1880	fdde598b2bbafdf8aef7be96ac3e6e5e342219571117f2e7d178b20c0c85cfdf
BASE_00008327	baseline	k141_21001	2988	bd82b5ce4d45ecf9fc04ec37724db8f6dfcf8cdd963311217e8deaefa7c1b8ca
BASE_00008328	baseline	k141_6677	3334	68e7626f74de347464d78c310741dc480990d494347493df086732ee65d6fb79
BASE_00008329	baseline	k141_6681	1983	28095ca9fb6bb22112ca7de1cf2938b99ee8c1b6a00dae1f2eef81e019ea7756
BASE_00008330	baseline	k141_21005	4521	79a5ccaa045f6a5469ba9bfb4816c9e8c20529787c707c99aae0f4a4280693c0
BASE_00008331	baseline	k141_21007	1502	3136e6c8feb88adcb33c848ff21a73c2f2c835891627dacb27de994ca8f8bf17
BASE_00008332	baseline	k141_21010	1002	17451c9ee796a170454d5a067a40d0977d159242424c76b58e9dac85dbbb381c
BASE_00008333	baseline	k141_6692	2297	991bc842e33129e272c79c35805027b513c83bb770fdaa28fd7411477b980d1f
BASE_00008334	baseline	k141_14307	16169	70fe22a18fa385408a398c1eaff249167911fe60cf5bfe9bbc8bece4b419b2dd
BASE_00008335	baseline	k141_6693	2542	b9bb71bb4d2de9a1aada05e3af0031f551b75f8ea4af7b5112f36f3883bb9eab
BASE_00008336	baseline	k141_14309	1204	aeda8642f975862aee2bf4fd68b99b62cecc74516ddc24b653f77dd9b13ab55e
BASE_00008337	baseline	k141_6694	1139	61b6d1a356a71ebea9ecc41078cfe2162fa24e5a3ed3dc37fd10b71db0f7cb09
BASE_00008338	baseline	k141_14310	2233	bfaf1f8660ee38b99898ca24d7c558f56ec46cfed1b766f5975c1724c4f6023c
BASE_00008339	baseline	k141_6697	1571	bc09f67e5346c3140d46e35ebdfc3a263a93b21f20ec34c100692098c63bd86c
BASE_00008340	baseline	k141_6699	1008	b8413382cb4ff89d8dedea0c207fd92575fd8c498dcb8fbf7b0a48d8176e2541
BASE_00008341	baseline	k141_14311	2308	bcb84e09e3a59fa50f6cc0504f7d4eb3b9a0cbb232a3cd08b5c93983b7f7e732
BASE_00008342	baseline	k141_14313	1196	9d3bf4a67b6785f6783e19ee96768acf6dc705b666b17a72c5455ba88f751600
BASE_00008343	baseline	k141_6700	1767	2b7bf06b73fcbf3dec33d4a8843b52db02cb33f40a0aa2a1915b2e13cbc174e0
BASE_00008344	baseline	k141_14314	1117	bf442c1031959a93676b8de10670e22c3e5f25bcb5364ad706911ef526de90ca
BASE_00008345	baseline	k141_14316	1156	f25a77947f0dd1df917f1d671ad0e26441c8fc89f6577d3e18489ad6b3092be9
BASE_00008346	baseline	k141_6705	1926	496be67d57be0e6ab266ca4b2c682811d54dee2daaa5bc697764917d81225cc7
BASE_00008347	baseline	k141_14321	1686	b27791d196ad0dc132de847101765a740739ee35bc40ff7fc6314e71c92c1e8e
BASE_00008348	baseline	k141_21011	18728	c56203a581e0622b6eba156559b582d0a0c5c101383f77a30dbfdc37a487f318
BASE_00008349	baseline	k141_21012	1632	d1021fa7c069a81efca6f35e3a647df2f9322c79317cb9fc5b1b6ba187d0319b
BASE_00008350	baseline	k141_14323	2839	8690760b8c77469a1afedd6469b4767ba4620f12f9811bc17721adc274dc1adb
BASE_00008351	baseline	k141_14325	1083	3290380bacc4cb3aca4cf17d2778845fa562f86dd8a84b5bad1b23a990302f6a
BASE_00008352	baseline	k141_6716	3038	bcd3cc664eaac061b69bffc76c65d1e4d019df28e0f81de678ab198f3d50d001
BASE_00008353	baseline	k141_21013	4977	c0a16b3df257ffb5c0ad7cf755da044e0ee7e643132a4f685443d23bf76d7825
BASE_00008354	baseline	k141_6719	1009	d5df35f197c4c09b7c59dc5eb09fa1081a2d7d2cb130190e99a0d4ce4194915b
BASE_00008355	baseline	k141_14326	3853	3961da2b9caa760af39f13955b5a686daa409d03a8b76ac01486f8fbbb9e730d
BASE_00008356	baseline	k141_21016	1000	e2966d7cbc2e9c28f7e3fbacff327429f989ca8b2de0d83fdddfab7f853cd72b
BASE_00008357	baseline	k141_6720	2197	1bb1c02b94c86c2d046ce95a409f23192bc069c9383cb1579777b3cd5c99b482
BASE_00008358	baseline	k141_14329	1683	01c12c2d898e183dd6c9971637c4136e520830b0cccd8d53ac3698496f181bad
BASE_00008359	baseline	k141_21019	2409	c92a9b10a126fc9c1ee5bb12381bcebe94bfbe4287a3e14b4140c99e1aebfb2b
BASE_00008360	baseline	k141_14332	1437	d64a85c317426750c03f5a3428ef1cb11a8e311ff2143f3b86daac8489d5efd1
BASE_00008361	baseline	k141_6721	3454	35cfd41c9faf7e58aa8c758bd8d27db46ab8093be8dc4e70566a28c7ce53d056
BASE_00008362	baseline	k141_21021	1485	ff5c37e2ad0684cb4299d2a57065e6dc866f55d3e10b2f5d718a06dfa947ece7
BASE_00008363	baseline	k141_21022	1315	02940bbaab15f53837498fc6817d61d5e5a1493bdb51173e65b2f1b37519fb32
BASE_00008364	baseline	k141_21024	1042	3633fdbc335e1e7de33d4c0df4dd7a0df513111c1cd7b77b843ee78db8c2dab6
BASE_00008365	baseline	k141_14337	2993	3a3ce1974f0a951408e09f3db44b3d0144f4bad32da6497fe98b5927cf45a38f
BASE_00008366	baseline	k141_6722	4787	3f036493b70b901f12bce67aeacb601264da7fefc0c1343cfa75d401ec6bdaa0
BASE_00008367	baseline	k141_21025	1387	8d80d7ceddedcba7a538157b0648302de89d5f787731043b1b0bf6944b05dec1
BASE_00008368	baseline	k141_14340	1213	429523ecb4313a195a36f6ea2bc39366b3d84fa00129120337fecc5a7e872b19
BASE_00008369	baseline	k141_21027	1427	c8588cf9ed58125a11cebd09df12437395718eb16df976b7d0968a8ab383de1b
BASE_00008370	baseline	k141_6723	4713	06ddb2100d02d1560564f1ebb67144ca39a6fca6dd0ee703dff98df10a485c23
BASE_00008371	baseline	k141_14341	4791	63f699949edabfdf6389c45e1fc27c22d8c56b0ab94b3c9eb9fcc71e926a33a7
BASE_00008372	baseline	k141_21038	1804	e61de6509491cc1be97981eb0fd095375f1e892ebc30ae59862f04a953999882
BASE_00008373	baseline	k141_6729	2271	28a7e450b43f8f45dd7cd0e53e276a80d3962a6526c4e277d65757dd37606406
BASE_00008374	baseline	k141_14345	1214	e6b01e5d146d508e6d9e0d81392ac6aee2d094c9445e66dafcbc667fa5382951
BASE_00008375	baseline	k141_21041	1207	2bb8978a9ceef52fd39d3a795e89032d85c4de27c257dda1ac6b5e3fadc7b8a6
BASE_00008376	baseline	k141_6734	1335	deb6411d2ffd9c4576f6496e94025c60823b2bcb9faf4371de8fd1f851467982
BASE_00008377	baseline	k141_14348	2323	2c2c646900bdaee23ac56194d25a697793e09e8f76de9f074042bb0ffd329543
BASE_00008378	baseline	k141_14350	1045	33a5b75c0962368beb038bbdf606758bc893b2b95dbf63e7080a88e7cb87bb92
BASE_00008379	baseline	k141_14352	1533	650b0eb589c4e58f1c040724599de830ef4a3a466340f1de55fc929db9f261b5
BASE_00008380	baseline	k141_6735	4748	ffe6e8952ae338ebd18a79337a68b9f9215ac22ed867c7ecf0360cb38838c6bf
BASE_00008381	baseline	k141_14353	2495	37a28612906d382e0b3e1b048f3910e2328eac78b1513928b6039dd70c099081
BASE_00008382	baseline	k141_6740	1527	4336ea55bad17091bdeab3511c11531a257eee292141f283b312d174e1bb9998
BASE_00008383	baseline	k141_14355	2224	fb14cf474f0c12e18bf2bb5354ebd9e85e1c858c018a47cdc6fd0dd97e1447c7
BASE_00008384	baseline	k141_21049	7397	e86a1e57aab9ecde39bb29f8c472d6ab4812334230fecf7c63b814a900711cac
BASE_00008385	baseline	k141_14357	1156	b07346fe168d5cfdb84e01ca9d6c3ea58177bc5fa87624a3d4e3a412132930f6
BASE_00008386	baseline	k141_14358	1991	69eead6ef1ffe7642d2530e3f69ef2469c4cd24228949b25ed72987df8746b9c
BASE_00008387	baseline	k141_6743	4060	2816f184d09d16bc75951a99fc180d889b0d38fd12303798f95b231f6da4d22a
BASE_00008388	baseline	k141_14360	1534	f1dc48b461f2b0bb3eb07900cb34071b247e18ac45d567e120de08f8b4f77569
BASE_00008389	baseline	k141_6746	2204	01eb98f2e4437666a148658ed52754a088d7ca6965afeff8270fa8fac44758a5
BASE_00008390	baseline	k141_21051	5574	7efb540da7df0d6c0857805c5cbd1f316616bff73e68e3717ad263a32f58a89a
BASE_00008391	baseline	k141_6747	1213	6a14b4263639f538750881749651a604b1ce0e5f374ba1f4e19461f07e08f19e
BASE_00008392	baseline	k141_21053	1226	7661199d9130fb665cb73e79174a84261b43207934b59595d90fbf142c9a3d60
BASE_00008393	baseline	k141_14361	3981	ecfd128a0bc59ec3282d929dd1a994f9d05676675b87bcd152f6ba97b58f2fa5
BASE_00008394	baseline	k141_6748	1821	19d078924e6a2c7b449e2f38471b3b346fbb15631e860646439fc6642682fbe3
BASE_00008395	baseline	k141_28019	81673	88e19c11153db73712389fde806b7215108f45e7ea72fc1244dc4b6b3a30d64b
BASE_00008396	baseline	k141_14363	1418	85b542092312a48c0ab21d2ab40ddc514d93b8d09ef6d975655876e6be2482ac
BASE_00008397	baseline	k141_6753	1157	cc64191efff33083ec720494cc911e0540268519bb7c59d699523064a7359fc0
BASE_00008398	baseline	k141_14364	1310	5938bd300978fede8687be8fa59f2c4ba6b0e4604ab084eeff5ca4db842b28ab
BASE_00008399	baseline	k141_6754	1196	560f00a0569865d6d23443b96f5b6c8731e3e7e181c2bd426cfb77a575422a5c
BASE_00008400	baseline	k141_21055	3727	978b8fc23760c134718268c69d33358de556d8d6dcaaec382aea8e7477eb4ef2
BASE_00008401	baseline	k141_14365	1468	4608cd78db4f4124cc8b9a6f7a556c0511efbdf538c0af2bcf226c3bc4915f37
BASE_00008402	baseline	k141_21056	1381	a338087a155fc1d6d58e4aa8dedbf1fd24f1bf8918dda43e15c18261dd357359
BASE_00008403	baseline	k141_6755	2024	9eb4fa677baedc43d6f80f684f0c271d4b072c600dbf965e8c6488ed2643d345
BASE_00008404	baseline	k141_14368	1302	ce604f6cf42535eadc27b54b380f4abeddb484323986a612a2d3ac55b4d1e62a
BASE_00008405	baseline	k141_28020	6723	f1e9a7b201e06f723ee1165d5390506ddaa2b910bd002048d0d2017f44e3359e
BASE_00008406	baseline	k141_14369	1325	2cbe1a907010522ccf4b74bb2b9ccd2edc651fe051f5a1d78b697f000bde7a5a
BASE_00008407	baseline	k141_6758	1050	f18c969f90a32f73caee1b2f251e342093a1f810da4bd99ac6fd8b9db06e84a2
BASE_00008408	baseline	k141_21058	2323	f6ba3e2500a93a070483d670b602917f8fdc6042574e64fd8ec426ee0c6bb8c8
BASE_00008409	baseline	k141_6760	1306	b81db43b0383ca1d0aa555637b911df8178a555ed6fc9bdac63751191408e92b
BASE_00008410	baseline	k141_21060	1305	73884ee83f57399ea1fbb755a14a3b952e040a1043463dbd033f0c99ae59bbea
BASE_00008411	baseline	k141_6763	1034	0de13fe07e1879c6f77bfec3c1575aedcaabc8d1b77bfbac61ec5a2b495e3f7e
BASE_00008412	baseline	k141_21061	1585	4e8e5b68b807deb98824e4b00b75112482c2d59de193bbc14954c52ec96a43b2
BASE_00008413	baseline	k141_21062	1024	ebd7c436710423040cdba10357ba023f06b78c5da69b488ee1818e6883c59cb5
BASE_00008414	baseline	k141_14371	4802	8048544b0e02cc867d0d2fcc5aa6fb3a952ab5634282d05cd5669c533024129e
BASE_00008415	baseline	k141_28026	3665	f4acfa4b1cda46d85a3e176cfc73299e55b2d97882436a46568c0527551a302e
BASE_00008416	baseline	k141_6764	3644	985599056f60416ac1b27648ca4dd5e4fef397c1d7974d5e685982531c97a0b9
BASE_00008417	baseline	k141_28027	1003	56d0ef819e31a8df0204bf7891f019490e911402e563bea4e5adac9347f2bb30
BASE_00008418	baseline	k141_14372	2072	76fe09d5885f7695385570e4e3f63401a2a6175c9f6cc33037381e57e8bd10e8
BASE_00008419	baseline	k141_14375	1012	46ab1c8db9c8d0ef351891f9997cda3522d730f636ec3020a9eec909902a32e8
BASE_00008420	baseline	k141_6767	1497	63bb9e878cc0fc6f89c2af3747f3b1abcc999071d637766eeaa0ed426d456173
BASE_00008421	baseline	k141_28031	1206	dcd6b4c68a6012508ce645c9d8c707e1a5694ee20cbbf2d7622f8050214df933
BASE_00008422	baseline	k141_21065	4550	409348c57abca853fad90cf573aaee1b81d9005ff1d3c832c89691269b9ac4e9
BASE_00008423	baseline	k141_14376	1243	1bb54a6aa5003eec67b365a10dbeb4931995d266002873faeb1855e2cd4919a8
BASE_00008424	baseline	k141_28033	2107	1b1e14df849692372d4238fd87b001349d3f5af91c6448901d72a8b9889fbb2a
BASE_00008425	baseline	k141_21067	1559	bc98dfe7ed7859dd0497729ea7ce34e1a3601aa1bc72c34f68d7fede33432586
BASE_00008426	baseline	k141_6770	1874	bece05c2c54e9741d805c3b437b6a931ba1b04a39525ab47ca2f13a88781b259
BASE_00008427	baseline	k141_14379	1135	8d638ca47106816664e3768a4306ebff5e4a984444a3324d137690221e9d5b40
BASE_00008428	baseline	k141_6772	1051	4f084458fa38770ea67c24f3581ce9bce7d8297232f203df7405a54d80e61064
BASE_00008429	baseline	k141_28037	1108	3bea295b26ce4cd0701ed85b758208db458a67c0cdebc4fc2abb26b9908892e6
BASE_00008430	baseline	k141_14382	2432	f7a440906e34e1f25b979412ecda92895936e85c9ec204154c42a74f87364f77
BASE_00008431	baseline	k141_21073	1247	fcc08aae473f4799d794c9958bdef4023b5074434345b87f4d8f19ab0bb78fd8
BASE_00008432	baseline	k141_28038	1715	3602ba21cf277a9453fd896853bbfc9f5b791284e7504bab6e3208d53cebb1fd
BASE_00008433	baseline	k141_6777	1153	ca892a882d7a2b3d91fd90b5a7c4d484547f8a0ffeb838950ec95d2361e794d1
BASE_00008434	baseline	k141_28039	2683	e1c8c0bffd2ad9706b89ca35db0f3052cd7aa871286341ffdbbee4358a39fd5b
BASE_00008435	baseline	k141_6779	1050	9c0b7a3ef81cb55ab2122db1e29dff4aca1c5b4ddb0791ad2d8b7dd71e7a1f46
BASE_00008436	baseline	k141_14385	1939	1e2e0d909ce1478eea023707c6950bb6b828f8774de1ab53f10e82a273de16b6
BASE_00008437	baseline	k141_6780	2141	7916a2e8f85cd1f425ac6a038ce460dc0accd773996f8c8095e05135f805ecab
BASE_00008438	baseline	k141_21080	4004	92ef030039029c4b64aaadc08160795224274e6de66924c9819ba1bb13bdb417
BASE_00008439	baseline	k141_14391	1047	ccda9aae3984012451c022cf42c79d53cdecc254016ef1001a47c9d5653c86f8
BASE_00008440	baseline	k141_14392	1038	9d9c4087f771d016ff1ca1c0a7df58f5e9d4cc4c7a6af93306ca9b6a6cd6f7f3
BASE_00008441	baseline	k141_28047	2430	3bc0393f172c32c92dd23a39c25fbf6cf3d1aa4a4fe81e01c8b2ab937742d119
BASE_00008442	baseline	k141_21085	1299	fd2952ffd0a7f17e05652c89c0d4e1a9b9602d5ab66e0ac4502a3648f9186dcf
BASE_00008443	baseline	k141_6789	1272	b783f8e6f298728641b0a0299cc55e0235619ea4c3c34b22d1f7cdc01b34f1c1
BASE_00008444	baseline	k141_6790	1072	efb8322253b21238cbf4bd0f717f4487ccc12cf207587f81392c23dd8ee13775
BASE_00008445	baseline	k141_14395	1983	cf2d903bbda4466afdbbb4c076eaf0f9af8f4a8b11a0949d18e4fbf1986b54bd
BASE_00008446	baseline	k141_28049	2330	5cd3563d200ba392c100a72bd4ef9277a948cffdb050bc6adc94265e4e2d37a9
BASE_00008447	baseline	k141_28051	1348	c85b2c306d444c58577b7f42e80f848db916abe47bc7b12ce737c7f9702818dc
BASE_00008448	baseline	k141_6793	1633	84247cdd66f37448578ccd3a2337ef79b0d3009b40d9c38b5fce8c5acda3aa4e
BASE_00008449	baseline	k141_21090	1754	a89dffaf58a1c3713b14255d6eebf426f6338145a79ec96222d57837d38fa986
BASE_00008450	baseline	k141_21091	1416	7c45875fc9762e59c6edc90d39b626238472e78370d7a65cea6a211354c7552c
BASE_00008451	baseline	k141_6794	1724	12e7bbaf6936935ca2b5806d9e44348af78b787537b938f0f9dab04a8527d30b
BASE_00008452	baseline	k141_6796	1089	25ca4524389fdf0247bd24818b44ee64640aec462f268a9e130ebedeb779a038
BASE_00008453	baseline	k141_21095	1049	38c88e481491375a8d99f7f625e26dac4eb3cdbfd6d180656a642476afffefbc
BASE_00008454	baseline	k141_6799	1007	e7422998f90ab482b5d84658ad4e043478bfb7eab30a77c280750608b670851f
BASE_00008455	baseline	k141_28052	5680	1f4051911bd7fc2215823607c494c265eba226ae0290254dc91eb47d681707e0
BASE_00008456	baseline	k141_14396	8128	fad677513122417a1bf80370d3290277a086dc66bb969db1eb95522682cb1d69
BASE_00008457	baseline	k141_6800	1137	f7b32c7abd513cb01dd33bb1b51740907f6edc0926b1226de0fa35fc096d6946
BASE_00008458	baseline	k141_28054	1156	fc34e82c2bc1c52064f2e93938b5cd82cbc198b48071667f8715af3daf95c856
BASE_00008459	baseline	k141_6801	1905	d3f57bd8a35a60a28f2627e340789c46dc9f5025298561f4071408eb22793d88
BASE_00008460	baseline	k141_14400	1796	f644ae936e9caac3dc22e1dded26bd25fea8a19ebe3a1b3696eaac2b5a9c1659
BASE_00008461	baseline	k141_6803	1148	44548e383a7b10f064ddd672e95d1154a06c316656b5398dcf053929db356c85
BASE_00008462	baseline	k141_14402	1721	3ece8dfda66dcc25e217c6efc5162b4371486759f3d288a653586b2ca936f6df
BASE_00008463	baseline	k141_28056	5184	befe1444004ffba558d0487138a0dde74351954441f6d450bf761f4c8f73d245
BASE_00008464	baseline	k141_6809	1103	cbcb6c6bd2ed27d3dd54149c7a93517d2fb391a372742916cb8d34a05173c2ee
BASE_00008465	baseline	k141_14407	1101	cbed4d8ab31cd92810e2b22cfb8639002b79de4de1c7d50a7862635f22d50b5e
BASE_00008466	baseline	k141_21115	1454	45019184a955060e207b52e415e4c22ec0e13ea2b2ff721e34213936927ee772
BASE_00008467	baseline	k141_6813	1184	e4d4c04113dd71235c142f7383322c34f17b97cef870ca263f8d03157113a694
BASE_00008468	baseline	k141_14409	1002	6b8063702264a7d2f842bdbe17e896433d44d6a566f6c6c66d727232b2f92dd5
BASE_00008469	baseline	k141_28060	1895	86ace92f7ed236666d893ca7ca992fc3265fdbb358a1e2e3f2e120afd4e60154
BASE_00008470	baseline	k141_6815	1573	0a152e6034d6e42ff8261750a108fbb52eb147a11f2d0e6fa64973d4e6309059
BASE_00008471	baseline	k141_21121	1153	3b5814656ce437ca2c2bfde1bc3555b1fc1c72bb90d19dc34354398caf058bd7
BASE_00008472	baseline	k141_6818	2242	8f52d643c03b4c26563f575f42a497e6fca93e987ed92c80fc895f1d389a93e1
BASE_00008473	baseline	k141_21124	1582	034e2e18f9d88e13f7a112e6fee09b7c1662b63258861b568eb3ac3eed6230c8
BASE_00008474	baseline	k141_28063	4325	707cb7cb669468bc8fb69875d87ce053073f24a42026cfa463c094431863cae1
BASE_00008475	baseline	k141_6825	1929	69ca1930425899d6fbb009a1a94a0b7acaaee72533af6bf47c19f12bc1080e88
BASE_00008476	baseline	k141_21130	1636	eec3deee6a944574989d53394dd78cc061698d3f83db5bd9680833a9d59ec38f
BASE_00008477	baseline	k141_21131	1051	b82896fba4f0a57979e9982c18bcafb7e62aa9ca5b432ec668831bcb37abb90b
BASE_00008478	baseline	k141_6833	1057	fa4baa8fdb0111db68713c32a37a740032261be857cb0cb27c2a366edb4560b9
BASE_00008479	baseline	k141_21132	1628	ef2f4739ca6d4f5bbdad79d2945d43035b72366aee67740585b4a84ed9b8de8b
BASE_00008480	baseline	k141_21134	1358	9b3a7c9bd148411647ff93c8758a60f09c7d89abf511b4b8f10e248f35445138
BASE_00008481	baseline	k141_6835	1730	56c0316a4e82a67f9a4f21631666fc63a361c05b717ec9090ec5c3fa96fda701
BASE_00008482	baseline	k141_28069	5399	8620eec3d39242374da54fa9b37212b84c3b34b65733a72b34ddafd1d8391ca6
BASE_00008483	baseline	k141_21136	1728	6335c6a4b5fedf7855df01840bca9119bdf5e83dd1928adac529a922afd3a770
BASE_00008484	baseline	k141_28070	2981	544cf5f3fe351d228a2131a6c994135f522ba978584cd2973a6f002be1010571
BASE_00008485	baseline	k141_6836	4183	91c0d11a74a43fba9f80ec31b199f42b96a87c7960069e0f9076ad005746f56d
BASE_00008486	baseline	k141_21139	2592	d5e385c9cb7d72fcff26a1a21035270bd906dec7e37aeea9f8d74554b8a81846
BASE_00008487	baseline	k141_6837	1643	11f53c2e402b7a64a9e18e5828f1d8070661319428c529693071c1482d6ee77c
BASE_00008488	baseline	k141_6839	1071	c681c0d42ab86cf274be6742a2a0a4ef2465db2f8858aa13f3d562616f1c9753
BASE_00008489	baseline	k141_21141	1473	7824fd80e862f80cc92494d19a7747450db12de0b83975beebd68de4a1216395
BASE_00008490	baseline	k141_21142	1141	a51a3c0bc5689b9bdf92d328138c64399627770ce27948510a9a18c470ed142d
BASE_00008491	baseline	k141_21144	1448	111c477390c025ec534e8851050c339110d8b4ce413940487672c7add90f4a04
BASE_00008492	baseline	k141_21145	2060	934fe5e7a29cefd9e9e4c3692073a7714a60879db19debc8479f129d601c5a70
BASE_00008493	baseline	k141_6849	2054	71049817267cbc45798a9c0abe7b38f8f2f139dca233bb093f9a556b527873ae
BASE_00008494	baseline	k141_28071	10301	a457716ff03d200ec580c5bf53891bf03630ce10eba6a3df1d1ffef963f28304
BASE_00008495	baseline	k141_21147	1752	e43f32943e83ffa095306b93b4704b3740de478f9fb8fd07dc0350e35204501e
BASE_00008496	baseline	k141_21148	1067	3f935cdba0eca5ea592c9e2f794b0eb227c83c779361a87fca9ed97142804265
BASE_00008497	baseline	k141_28078	1097	5301ceba3c7fc0b2c7f0ebea1f453a8ec15403ca2222839191afe50e1632e6cb
BASE_00008498	baseline	k141_21154	1156	13144098e72fd0a79a45f1e99484dedb0930c15f2152db61f5698baff311ebd2
BASE_00008499	baseline	k141_28080	1095	353ef38e636392aaae0dff030ce98c666aa5b3e9b5f07962042bafb0c6d412a2
BASE_00008500	baseline	k141_28081	1114	61cfb0d0eb007da588f036469bbfeb0e2ce090ea4129028f31529a264152354a
BASE_00008501	baseline	k141_21155	1941	0260511edcd3667dbd80fe727733cc316f9017800addc795f255c1bcbde5730d
BASE_00008502	baseline	k141_6863	2007	3f58d2e6d0016ca4816d28558bc23fd6dba87629883ab345d863d18fc12ed2a4
BASE_00008503	baseline	k141_21158	1963	467f9b78a4f3e59800ba0c4ff100ad66c75ed4a538f2f5f17799beb2cad1cf29
BASE_00008504	baseline	k141_28082	3083	5d7562b1027f76a325b876a594248d2b1ba4b1dce6efe3a3e063d24ff0b812af
BASE_00008505	baseline	k141_28086	1062	59bc8dd9a7ac0a1b3d08134ba643e32ba9b805bef34f52427f3ec0b8890d052e
BASE_00008506	baseline	k141_21159	2521	0bc98e35bd016ad5e84f8628d57d87016e731c5c9e9487d6a321a530d7c555c6
BASE_00008507	baseline	k141_21160	1665	41ff449ed7b1eca60a43bd38a1bdf4572acfce9ffc923b449e4691eab0d0ba3e
BASE_00008508	baseline	k141_6865	6315	7326f43e52e853d3bc0ed80741b46719c65b783dd6a56fe3006cec5f690960bd
BASE_00008509	baseline	k141_6867	1080	abe0bf2afe546cef8a8e7bcaddbf55d92bb9d4b4cb2d2cdb98f6a60036c70f57
BASE_00008510	baseline	k141_21163	1568	19b04dea951791d251016598257e9fabbb4b5043b96813711286bf36b1f2a8f1
BASE_00008511	baseline	k141_28092	2802	291552fe9fc550fb0285ead079fac0445f876e2ca571431be441b720a1492f17
BASE_00008512	baseline	k141_28096	1674	6dcf0a5bc8bd2a0a619077c565f5803cfd321bb2a63269fa909fb9bd73050400
BASE_00008513	baseline	k141_6871	4157	5abac7819c3e8eaa623eb30bf3e3cfa365f987e7b4d9d2520459ccfaa02c320b
BASE_00008514	baseline	k141_28097	1388	f645862258bf7303f5737ddfaeed5b70503e68b519d2512aacb00118c1da2d9a
BASE_00008515	baseline	k141_6874	1090	78d6bc506d38ccdaf2c151651ba91d6a28257fe7e6cf3b129eac9edc1bb60114
BASE_00008516	baseline	k141_21174	1067	b2d1c6206e9c2df7dff04c6c4a4967e8885855e4c59dff404d760d83ad1f4a5e
BASE_00008517	baseline	k141_28100	1248	92669b00c5e9a82eb6c68ec45aa1e4dd808d2927f02bff827aed9034892bdbb1
BASE_00008518	baseline	k141_28101	1853	d7403209b0b991f6a47a073edf34fb858161063d9caaf16f2efdaa4f26c98d5a
BASE_00008519	baseline	k141_28105	1635	fa916a9a16d53eb1222ee27ce3d40b59bbd66cefd50c7bd9fdb08d8e14c078d2
BASE_00008520	baseline	k141_28108	2655	dc5df14e7f682b7f612d451f0a99d3b604a3a394f9edf83e8532150b32b67aa3
BASE_00008521	baseline	k141_28114	1049	5b8fb12aa24680a88c34d360df1c23392a43ccbeeba323574bd71ffdf1ee6b38
BASE_00008522	baseline	k141_6877	14985	06904a028cf4f14a19720f400ba7cb95e6b11d651dd7fbdad456b10c1e0b5260
BASE_00008523	baseline	k141_6879	1428	f58cb406bd3256a57a9c39e02cca170b61a281d339d84863fea8b5b3bb2a133b
BASE_00008524	baseline	k141_28123	6294	ee943250900b2b51cb7d121d610f21bb9a1cf2f1c94e5f4c09f86642e6acaa81
BASE_00008525	baseline	k141_6881	8484	edbf554d60cb5fae9f790900f7a28781e1341bae18d128fa40b67e4a8fd4b183
BASE_00008526	baseline	k141_28126	1880	1498630c34b55af1dfc43edf4c2a7912155a5887d79e183012d855903679e82c
BASE_00008527	baseline	k141_6890	1156	b55bebf839c9841242eb3a6891fa4cb50d1e0544d80c6b38f1594b6be7e722eb
BASE_00008528	baseline	k141_6891	1364	b46925a21d691a21aef56b22d3157475a81c41402aad09a7020e4e085bcba048
BASE_00008529	baseline	k141_28132	1166	0241a13871247291d87144dbaf48c5370fc05c8625cc1eec4113c57c3186f266
BASE_00008530	baseline	k141_6893	1672	21abb6574a41aab8ff54095f20836eb6913953a6122890976c7e2db65cb0b77f
BASE_00008531	baseline	k141_6894	1400	bbf81d32e9ad56cb9b382690495bf02ee86c1f73d9bd835ed8471d9511e0fbc3
BASE_00008532	baseline	k141_28135	1295	602a8e285a62162e93c4c972e8e14c7b804ca553840cc9e3996907b3c0d52527
BASE_00008533	baseline	k141_6896	4318	89268d38b61891a4553cce9cffd6963e7129de9fa3aeed8981ecc6d9ea9f2dd9
BASE_00008534	baseline	k141_28139	1993	1dd677ddc655c4705bb8b904356c48caafeb9aa3547cdcb77bab1e3c243b5676
BASE_00008535	baseline	k141_28143	1838	dd42515143a61f27f11ea8d5d85b8c991ed2524314d97e1babe35eadf4d95813
BASE_00008536	baseline	k141_6904	2574	4cb7302b7b22d9a6c2cb6702e847f8122a5ed5648f80f4546725364e76e172a8
BASE_00008537	baseline	k141_28147	2082	10c04c19c0306f8769c1985cac1705e27d5326aed48bfd94cd8baf7ce8829eae
BASE_00008538	baseline	k141_6905	2353	5faa683616443dbb390c630d5c7efd1e95ac85103cf3ac02bd4b4333909f422a
BASE_00008539	baseline	k141_6906	1067	02f29eb2052a626c6f4314af9fde9ad642a8c5230b97a251e89d59487b81ee5e
BASE_00008540	baseline	k141_28149	1511	504af1a921a9201add91c00e28d0a5750f5064bb988a6f4dccf8fe963492e699
BASE_00008541	baseline	k141_28151	1018	08980fe2998daf3acea42e5e349cc10ae1be8c1215d7b83a6441b676a80fe3bd
BASE_00008542	baseline	k141_6907	2412	32a1507853aa039d288d7c63682d41502e4db322133833fa52e9945a2ca369fc
BASE_00008543	baseline	k141_6908	1694	4f64e7f0c82c75b27ba11e1d9df1b2acd7376e55e89a17cc9a4cbe7747cc4acf
BASE_00008544	baseline	k141_28157	1144	94280fcd0f07206355bb586e6bff74e667ab7321aef7b0a7113655c3733a1f12
BASE_00008545	baseline	k141_6909	3654	9e45e52d6a9b936e48eb9a3717a7161f800bd419bb0bd614abbacdc8dd88ae1c
BASE_00008546	baseline	k141_28160	1948	fbfa9a5e9dad01619c98f73a2ef095a222741973e03207969273b4cef58aa762
BASE_00008547	baseline	k141_6910	2881	ace30a20017a46b99c0b0fc2547f223682fd2b4146590e42433906ae2f81e798
BASE_00008548	baseline	k141_28164	1265	0d347fb7c9ecf38a4c59aab80e0c1ef8e675afdf1d756b637bd00ad1df43126b
BASE_00008549	baseline	k141_28166	1721	00a1dfd9eedba837412ef37674c5788137a0e8197c6a8c565bff0bd6a4b33cc8
BASE_00008550	baseline	k141_6911	4531	915ac4d1d39075ff71f02ffe8bd025faff16d793082bbc858afa811318913e17
BASE_00008551	baseline	k141_6915	1350	4e0b2cb6fc795925e48cd492ff9a0cfca12ce0e2da3eb69dc35f8144f1da5852
BASE_00008552	baseline	k141_28173	1086	d56663d7bc099d80e174ebe2aa75918405b9249d82a6627aba3d86321ee5a3cc
BASE_00008553	baseline	k141_6916	1757	ce0f8bc680fd545f20bac4ff6b20a7412a8fe305dd5c08fc31aac076573fa09a
BASE_00008554	baseline	k141_6917	1135	3435e0484d4babd0d5cbf42d7362484885ee62fd48ea4b2b4e0b0c16e0ac964b
BASE_00008555	baseline	k141_28180	2942	06fc8cf528e9e0f7788b1715dd993e3ce601d92210c2edc097dcf6f47c1efb43
BASE_00008556	baseline	k141_6920	3800	d132aaf04c263b492a70b7b0f7aab8777c2a89fd093bedb867d9f068da49e823
BASE_00008557	baseline	k141_21176	68526	6441956715bafbf942643dcc53df3697aa48131107fd48c825125b9ebf359eae
BASE_00008558	baseline	k141_28186	2794	f638277056b74f5aa7afca3c8be98810b1a381b74d2f7162834c5ef070ecfba3
BASE_00008559	baseline	k141_28188	1202	df225b78d168015f899d6c339367f559d6312d1f2718344b5d532edf24c882a6
BASE_00008560	baseline	k141_21178	4638	8038e000e91d0b9288825c210908c7df429db4bacc97e90f714a7201ed5e0c03
BASE_00008561	baseline	k141_21181	4018	77271036ddb0427028fb15b7a4e760d0a517be9efdfc98702c08d2f0ea03528e
BASE_00008562	baseline	k141_28195	2548	738617b82ad9475909747543d1edf3a48aea2285f77e5a5bee29e083b500e2ca
BASE_00008563	baseline	k141_21182	2263	809f4f731d5f6261c4b9b41d0efc7a5c79d793c377f75a028faad8a10707106f
BASE_00008564	baseline	k141_21183	1430	9d08ab67ee84c8468dd439e1f334533612ae0dc8b90836763dd4c41cfa2f0d12
BASE_00008565	baseline	k141_28198	3774	b995410c48a06ec0c323ddf9d5ccbc0f7c6f31bbb2f3bbc0923b097586747f68
BASE_00008566	baseline	k141_21184	3560	74d2e1512e0cbae2860e2245b3d101eef11db25607722d7ef6e4ec6aee68ed6e
BASE_00008567	baseline	k141_28206	1749	df27f2daf91ffd9734a99e53de46c181d68738f5956daf83bb441c3f2c6be5a7
BASE_00008568	baseline	k141_28209	1614	6c87adc043ee168d3ffd9f4c9205eb87e5a5c64f99081956527ed33f599efb54
BASE_00008569	baseline	k141_21186	4795	c4c698eb8bddce91d6b14c80a6f9027b55c6b392f5384ff25b643c580f2ef203
BASE_00008570	baseline	k141_6922	26282	afe5dbed5167fe4ff1402a9ab347947061b2bf93834d4e3b47ad785ddf0503f1
BASE_00008571	baseline	k141_28211	1224	1aa20829fb1b291257e0ae4bc3bdf2b4b58f4e4898e0a516078b06b87ba3337b
BASE_00008572	baseline	k141_6923	1149	b3e0b0d254a30197d0853340275cb0b9542380aab913e7b1d82a1b1d8884c427
BASE_00008573	baseline	k141_21187	2179	bf5f25187694d4250f1728d50d5c3d8e66693f347b3cf224423e67f4cba70ca0
BASE_00008574	baseline	k141_28212	3221	8079a55c2962374aabbea13826bd50aa0fa4a63ece54299d3ac277b99a17c08c
BASE_00008575	baseline	k141_21191	1670	7d24980ea1d54f4217d544449a1802d3c31053e4c8c06560825deee407f63d20
BASE_00008576	baseline	k141_6928	2481	12da0b206da139b59ab9230bdb7be47a8bbc263d1aac5ecaf75edf623789fdad
BASE_00008577	baseline	k141_28214	1079	d6517425f91e44acc65cd6537e9e9fc64c2b285c3bc28a61234329b349061857
BASE_00008578	baseline	k141_6930	1217	4749e3c5fab019186be2c6a52ec23bc4d18a2f84cc77c2f3ac39c91f71711ada
BASE_00008579	baseline	k141_28216	1092	ab5d01a384e3c50f89435cfde66be8a35d466b611c198c61ff5f06f572c86c09
BASE_00008580	baseline	k141_6931	1550	101fa98bbc133914e6c3adbd923030434b18bd2be6434b585ad59c910e22b220
BASE_00008581	baseline	k141_21196	2547	abac8afff31d4cf3a1381c3d9e24d9dccdd394da78d58e5889cbb439bdb29849
BASE_00008582	baseline	k141_28220	1222	611e3879734f49d2f30c9aae89c1d10e742cd26fbe5badcc6828365b379879dc
BASE_00008583	baseline	k141_6938	1051	35b6ae7b1be0eb6dbc75374b032968fbc81f5c44b320eb7572091444520e7823
BASE_00008584	baseline	k141_6940	1462	6b1276137c6bedc3a7d650f888d38686f0354b1244a03b27d6b85740847e6c5e
BASE_00008585	baseline	k141_28226	1265	92fdfb1567a6e85cf50e4fad07249c170e10b36c0237b7d5c5843e9e7e2b046c
BASE_00008586	baseline	k141_21199	3429	64a8b0942ae8ae67e78b9a89a568b5916b259a9eb97291fc300a71b9f7036fed
BASE_00008587	baseline	k141_28227	1282	300b2120c8a2e11c631e6a1cb8a97b1fd68a596c59f0a446c0055d7076f4de02
BASE_00008588	baseline	k141_6942	1734	655e25ea8b49424d1fd596842c74ba570d05a9e0d7855656f3d6ca1ae1c5dccd
BASE_00008589	baseline	k141_28228	1146	ffd62aad8041a388646df1ab3782520ec89fbb66aac38f87467667d6d12da774
BASE_00008590	baseline	k141_21201	1940	d1dafdd71e901ceeed57e7c035ece6771e1492dd13a931d2df160e1810e73e86
BASE_00008591	baseline	k141_6943	1756	f5e8f3b205d570f23fdcd73e320ec012530c0f8cd01a76ef37390623b14694ca
BASE_00008592	baseline	k141_21204	1706	30dd860748df3f1b6429c7bd0d1f4a135d50b888faa275b5afbb9df7cd7b6e23
BASE_00008593	baseline	k141_21206	1189	bc5d3223b02331635fb898a5aa0d6e828cdf7cb1365cf89a3188d2cf0e047dab
BASE_00008594	baseline	k141_6944	4177	8b7871e296f465ffb61c1efb8e2f4ea9393895d47c1c49768baa5bc0b82c941c
BASE_00008595	baseline	k141_28234	3023	3fcc0bf3bad1a587a3a8ae18b1eba3e18f7e1a524298ec462eb9c32d45eca9f8
BASE_00008596	baseline	k141_6947	2014	98739f9688227fba62ee588671cbc401b749f17dde505c66d3c6c3a64c71044a
BASE_00008597	baseline	k141_6948	1026	07d7468af9a7efba39d4aef54fa275a64f25fbb121c84f4ab7adbe62c7e13608
BASE_00008598	baseline	k141_28236	1933	62dc59e99f2cf4266762353b262f135ea80134c7ae24194faf71976d7d49c477
BASE_00008599	baseline	k141_21213	1076	5e199267ceb1001e595d2455e9e274856e0b62792fc8a33a3b00a9c00ea09364
BASE_00008600	baseline	k141_6950	1320	d39a925998becbaedab717e299d85fdb6d2d8124d74597fe591aabe3c6f00146
BASE_00008601	baseline	k141_28239	1520	e94653a2526b1c7d2c2da3e44a3cfceeb982d1f721641373b78e00d5361d5183
BASE_00008602	baseline	k141_28240	1066	0fa36f94c1e7088411d2cfd0228cefa27d5cfdc9793a8d7d9e0ceecdbce2aa80
BASE_00008603	baseline	k141_21219	1135	5be0939434d39f1f17401b07e4971e3a9a0572beb0589febd72c709733a0a149
BASE_00008604	baseline	k141_6954	1586	e4876edf64256f7686d16359256350cffba54e7c64f94672c9a91a3324be5c47
BASE_00008605	baseline	k141_6955	1496	0ccb1188d539faf1a7da3e233fb0af3f1604227c12eb52b8b7ff8015abfcfcdf
BASE_00008606	baseline	k141_28243	1567	212f111f78f8c944da1896fdfd28545599b9569917bb31a39f3b16178a0e2495
BASE_00008607	baseline	k141_28244	1475	b7d000a4bccf23158b8de8c444e84f2c94869012a7a8d075c4faa82e26949618
BASE_00008608	baseline	k141_6958	1960	34d96df5f3ba0e4e7733f6f4ce0e74625268afd22f91c818fce8c416d56c1dc9
BASE_00008609	baseline	k141_21223	3225	463b0d67e6f384ec4d7fe84ca00c5de8f0b02c2347d54b5d3861b21bc1de11d3
BASE_00008610	baseline	k141_6959	1628	e223d93720508e4356725b73b0b1e97a433580bf7973bf46e1a4fec16412ea41
BASE_00008611	baseline	k141_28247	2137	31d660c5a46c5b428ff461e5ae26600127676b26e46f3415d565f279b9d34484
BASE_00008612	baseline	k141_6961	1454	0e1e79ba9a5eaa721e9b008ce8a27c51f9bb8daf5c2645b2627d82a5ce3e3e64
BASE_00008613	baseline	k141_6963	1092	7a926d7c15be75afc3dcc8f89833e726a82c302f1a66e901bf55bbcf0af79d57
BASE_00008614	baseline	k141_28249	2492	e47e5665f60dfcb38cec5217166a22775169c391d52a1462b3d7b50acb171285
BASE_00008615	baseline	k141_21227	3523	9925c7dae2f588e171182d80b9420095b541f386c7ab44488f5e01caa695c108
BASE_00008616	baseline	k141_6965	1386	c63df6e456d6047476473f1292a1af5bad059c6f1054a89820a1b572257992fe
BASE_00008617	baseline	k141_28250	1902	01fe1f18badd5cdd941b7142bdef1ec6a33191bfd73d8a7157186fe49a823510
BASE_00008618	baseline	k141_6970	2166	4a4ef6640954328a6cbdf0e1803960b8954e0d9e5af362145e5d6fa5e80db72a
BASE_00008619	baseline	k141_28253	2586	b3d03703d8b65da3330d3a0c9d6085f2a63815e9660cd8b489dc04ea5f8be6b0
BASE_00008620	baseline	k141_6971	1596	dc0b14a861a6982acc367064c7638096ef4d07b7ce99df035c0cc8f66ff6cd19
BASE_00008621	baseline	k141_21239	2032	820dc0589685358e8e0364a92892c32482c8414b67951744f09a0489f6d7579a
BASE_00008622	baseline	k141_6973	1250	44092098fe5b3ba300953ea71b8d036e97bc08c07af7f8b13bb8c2ed9e60bebd
BASE_00008623	baseline	k141_28256	2304	c3b4f64f049a348ac7c09254eb2b317f6720a1c2c5029b767267dba32a9b013b
BASE_00008624	baseline	k141_21241	1272	1852e2c5b23962b1536b7cb8ca056130f4ba08f368964595e6f14d69a98bb8f0
BASE_00008625	baseline	k141_21243	1942	858d5a88c2c8d7201f7e0ef61ad518c328aee440e163b375d82757916386b1dd
BASE_00008626	baseline	k141_6979	1406	8b3e49ce8ac6ac7fa9cedcb292b7df4a06968a0c29b948590cbcd2bcf0ca0a53
BASE_00008627	baseline	k141_21245	1921	0d0dcd7046ef3c2e3b5cdf25f70bc087a97bb944ae983126226085d274793efb
BASE_00008628	baseline	k141_6986	1544	1833e31bd5cd6b941587c76f42f5e246bac1903369e8931a7d213c4a5c51f229
BASE_00008629	baseline	k141_28258	6039	e6f6cbfa4397d316991ef0cfe902ef81622ab71bcf300157a17a76928da1a136
BASE_00008630	baseline	k141_21246	4195	c2a6a1dcbb3673a8932f795c4a1acb686a77547679fe146401bb6aa2a65eed62
BASE_00008631	baseline	k141_21248	1098	96317698bd46c53bae4f858b6766967e6a1674efc78563ac939fc9728fcf5df9
BASE_00008632	baseline	k141_6995	1124	93d85901df6f9bffad9b1794c8c35cb10cd6e43e2415c919b29b76eaffc7cda5
BASE_00008633	baseline	k141_28263	2089	90830adabba5c0506aa8f12c4febaf331e698737da9042371bfb16f1d3cc6a7b
BASE_00008634	baseline	k141_6996	1890	92d199d78f72e9a77bd085d396cf916c78ce434448da3540ed666f4dd7e479fc
BASE_00008635	baseline	k141_28264	1694	3f0316965dc48c8d71d589e970f62480aa315d341e255bce5544a81d55793f0a
BASE_00008636	baseline	k141_6997	2376	1d4ae81ea0732e2c5a0c5a6a145e2e3dea2386f39cb6af3e49b031359785e74d
BASE_00008637	baseline	k141_21256	1538	113bfa69997a7a03fd7b690b016615c2e477e553c609d67848013f088b403c3d
BASE_00008638	baseline	k141_7002	1310	379bf5f559746dafd994eed861b750015b2dec40315beecd81e4c7621bfd9f29
BASE_00008639	baseline	k141_21262	1676	2eeacb420e06958c26df937d1846677b3364322ce0649b3704b985c3d62a0d5b
BASE_00008640	baseline	k141_28276	3114	8a061c996f2250fb7afa8b5fb5b7f82a97a23057443e1c8c9e63b201fb05817b
BASE_00008641	baseline	k141_7003	4269	cbbbc5c55c0d91df7a9c1eb3b20a4c4fd7d4f484fc24cd1fa618938a573189a4
BASE_00008642	baseline	k141_28277	1141	67921188e07144b1ef17ab10ec4a32a090d18e448d87ec9b4980f4ab4a6e5a60
BASE_00008643	baseline	k141_7004	1039	9675e2b435ab56e4dbd41ad9b2c299054b2050aa5919ed1f2d095e82f5982a65
BASE_00008644	baseline	k141_21266	2624	34a74e510e783bcdf2a2aedb0f80b80ba75fa42b798967afe7505af932f5cde4
BASE_00008645	baseline	k141_28278	1092	c6146e4af5d37068d8c85bd27c3969562e4001469d01b4bc5cb9b8f256de7985
BASE_00008646	baseline	k141_7005	1690	ab687177c910b2752061f63a52d2692c401f2b78af61337d1f2cb134ab1143c4
BASE_00008647	baseline	k141_21270	1439	8519156dce87e6ab50b2ec483d7b458dd044a96471ac2df4dfa1d04f80e60f50
BASE_00008648	baseline	k141_7007	4688	5d93a60bcd1644e600bd8751f7c17c3e9d96b24da116c74b681d9160bef12513
BASE_00008649	baseline	k141_28283	3998	3317ee21d9572268a2fb5d9c18170dc64c810a72b30e60a0602068b447eb577c
BASE_00008650	baseline	k141_7010	1044	e5aa907197c811ea1d8f7c271240e3896355e84f31c3b8f730d60dbcf6eead87
BASE_00008651	baseline	k141_21277	2066	06be00c196cfbe66d1502bd0341a196746e206b6b272f1f507c6a329e6f4c7df
BASE_00008652	baseline	k141_7012	1099	69a6ba453e21a1edd219049c1b31b1042d704589e8b05eda33f4f35fd3211106
BASE_00008653	baseline	k141_28286	1806	89b8f02cecaa731b87289596de62821146a36240b5ba1d1a24718870f80f0bd2
BASE_00008654	baseline	k141_7013	1115	bc36df3b1ec298fee189bcc279fcfa5be8248aadb28531d0ab992cd713765041
BASE_00008655	baseline	k141_28287	1203	0ecbd85ed04dba0e61827676570f798f2f88ef0c761e60aa73636c06a4d3f069
BASE_00008656	baseline	k141_7014	1311	6f86e24bb7d7ec9270776c59157bd75f3701400339344727bfdbf58abd435ae1
BASE_00008657	baseline	k141_21279	2378	93ed0d0fd801e1e6a4e71366ae0c2b7ec4308e5d4264e0e184dba779fe29a639
BASE_00008658	baseline	k141_7015	1737	0a7040389b6277625d82605988876df19c7f633f4917aa7c1647cf5de6aae3a3
BASE_00008659	baseline	k141_28289	1442	6810f49a08983e4e0533f91a4c083fdffb77347a92244b7aaffbd155554a7526
BASE_00008660	baseline	k141_28290	1130	f4a2545e7aacebab064867da37451d7745f786de967a099dc9ee91820c4d7238
BASE_00008661	baseline	k141_21283	3868	d3641767b7afa3dcfc7069462fdd1ea4593e401b3c131f99c0fac9d4439c298f
BASE_00008662	baseline	k141_7019	3941	85f7891c942b088e13b91ea95b83b879481dda5d09fb731bd244b08cdaf0160d
BASE_00008663	baseline	k141_7020	1240	d4727dcc3bab44beb72b52f4ead0caaa743afea0f33706c3ae2dfc1c05c7ae9a
BASE_00008664	baseline	k141_21285	1130	2b9ea1230f84ff0987ac0e479c27777750c2b5e830c9ac0f3e478eb18770c4c0
BASE_00008665	baseline	k141_21286	1249	368b028678517536003f4a75c6eaddead91fe663cfd086acc5ba5ecccd8ccff6
BASE_00008666	baseline	k141_28304	2280	1bdd7038408610b8ffd0451f848d34771dd74bff08796f5b1719c01ae0c770e6
BASE_00008667	baseline	k141_7021	5008	64343c2a55a26b6203f0baea6d6cb2a6546b34e39de15ccc93b8e5f2ed9dfcb5
BASE_00008668	baseline	k141_28306	1143	d44f917911bb7517621bb3a3ab7cd8268b36ccbd1ecc0509277c54d73acae29f
BASE_00008669	baseline	k141_28308	1172	9c412f4a93b088607d87df91922c72a80853dd7f5759c64c2b5f00931846806d
BASE_00008670	baseline	k141_7023	1962	e001ef78099623860b37e2e44f6df484c8333b2077bbc244fb718027149ab606
BASE_00008671	baseline	k141_7025	1219	f4e33f33f3eacbbbd80d0caa7757f40820873625981a1865176f06182bbb29a6
BASE_00008672	baseline	k141_28312	2281	0539e49029fc5a2be000d7c075997bca7c211e3998a313673400b05f8169c014
BASE_00008673	baseline	k141_7027	2322	9b538e290f41ba8bf0db36564a816e8a4b5797cb7bfb5efb1100d152aa910486
BASE_00008674	baseline	k141_21304	1169	586b268229e741f5d5609dfb0e7cfae0602e3a0cfd705a9115829de7280474e1
BASE_00008675	baseline	k141_28313	1473	ac3488080fd8c6e4b6a87a0fec0c3b8c9a6d5a2a5e4ff44094015d82f2bad3a5
BASE_00008676	baseline	k141_7028	1366	bbfc03da27cb870b31606cbbf6398d5f6ab82028b45fc4d6a598b59da61bdd20
BASE_00008677	baseline	k141_28314	1014	a578ea77fa4d54851afd0b567af65f5c4b703de4574b8a755fb7c0f0161b719f
BASE_00008678	baseline	k141_21306	1849	c09a979a68a4cfc16ed34501e7d1064a1ffd0f10def465c4c806320e9503be59
BASE_00008679	baseline	k141_7030	2177	43cb33703e524ed7578f6c840722dda562a24b34948acca06881b5b636ccfe0d
BASE_00008680	baseline	k141_28316	1729	2b5e287431f61365150029e7bb81a4ac5fcaa1a9341e52fd256d6c9692c5a4ce
BASE_00008681	baseline	k141_28318	1030	beea159b702786d1a44a2c8f23f6af0536e33f020e60fd526a219ab4588bd406
BASE_00008682	baseline	k141_21308	2387	3c96c8f48cc4d484cb7dd228270dc57937c1455d40c79e84fec4843e8a9f7c35
BASE_00008683	baseline	k141_7035	2952	47dddfdefe7525b06be2d2f35109dd9f980745d8f1df6e0b36b01d4c115c2194
BASE_00008684	baseline	k141_28322	1295	7d54c2b4af843abf5979b9963cd260d2a6870508ae658315044cbd69a111e3b6
BASE_00008685	baseline	k141_21309	3312	e6db34cd1a9f2c7a3e44f539966dabcd7553f57ece26136b2348038b2f080e9b
BASE_00008686	baseline	k141_7039	1304	57e4df3cbd82a45346eb81e02635f34860de588e24190111afb8d11e40a11a41
BASE_00008687	baseline	k141_21310	1697	f3da78c1f5fa44b401c35f22593cbf091251c228f296bd7f71fdc06190336de6
BASE_00008688	baseline	k141_28324	3407	d110679ecb03dc1715239568c5a249fd8852567950f3b5078bc08028911d077a
BASE_00008689	baseline	k141_7041	3869	1a470b64221c11a6a545b6923ed1c60a5ddece82078157ababe300cec9171897
BASE_00008690	baseline	k141_28325	1448	296424716778dc5f721751c8f2228283ce8d5ded31e1d15fb40153d1cca2c8b9
BASE_00008691	baseline	k141_21315	1070	965557a650f47b679808dd9d81b5bd30208df3fb0850e31232d1d6b7e6017e8f
BASE_00008692	baseline	k141_21317	1209	3bbe5ccd2eac75dffd587d3fa8890f800a5ac029185a152b03569ef9bfa5474d
BASE_00008693	baseline	k141_28329	1623	bca824c40fa26b631155b0d45d5cc90afcfb58070a1a742bba688e862b6a859c
BASE_00008694	baseline	k141_7047	1147	32b85f9dba0388ca05acb027b9feea223b87eac95f31ac18fcad8d0d5797b52a
BASE_00008695	baseline	k141_21320	1309	e237cb2cd33c53d87262c19e88163dc07902005dd2d792eaadd1ee6a17057484
BASE_00008696	baseline	k141_28333	1132	e141f5f306e734ab34218ef1bd6b965609337b8832a2220ef53bb253f31c3940
BASE_00008697	baseline	k141_21322	2487	707ef22ae713f74f250b88da8b5dfa64558bfa42f3dfdff3a047dffcea5c2eae
BASE_00008698	baseline	k141_28335	1232	a164d4b10352278bcc35c10b753136e8caa8dd07a7ef40398b1ce47d144ae4e3
BASE_00008699	baseline	k141_21323	1002	b37c3532375f0f3083dc791c2937ca8d20b59242a96c484e47d86f1ea8c5daa5
BASE_00008700	baseline	k141_7050	5598	5a381baf5ae8ff6d617b632307d084d8bd54dc5b3cd7dc3a93494324907d74fa
BASE_00008701	baseline	k141_7051	1150	bcb78cd5a4304c75e83efedcdfe5b18a391e4b6cfbda8568069778fb1f0bfd81
BASE_00008702	baseline	k141_21324	4265	83a244127c5e659c7a5da4baa5ee5aca6d97a3624be62bd33a6a9664609e95ec
BASE_00008703	baseline	k141_28346	1078	05de4aa583bc2aa08f92a5106da72aaa7a536b09aa72a4dd1619c4573598a9b1
BASE_00008704	baseline	k141_7055	1477	8978d410a88e8f7c13c4a91e3451fe4a67124fb123d86b19c8c1297a33336458
BASE_00008705	baseline	k141_7057	1007	6adc0fbfe1ba60857d6a2bf8ed94f7d754ee57567d38a3d254914fdf95c32927
BASE_00008706	baseline	k141_28347	2721	e1bf608461ffc021f27881b7a25093375f1ed694b87fe835ad8d6faefeb4d5de
BASE_00008707	baseline	k141_21327	2751	4df95cc2aa9647818c5beff5e75f55060fb905ab1973e1a631a62be2ed7ff019
BASE_00008708	baseline	k141_28351	2741	2a14363cbf8847b939d186aa7796ff6233bf3dde60dcdcb2487a62815ba11b5c
BASE_00008709	baseline	k141_7062	3470	2e0d521706685bc0f0072e1569bbec829b564248d17c57189e1396f996aae0da
BASE_00008710	baseline	k141_21331	4557	5f37ab2d86ba564b7261a3c3c361b3326964294cb56f3aa1e2cb1d60a7f9259a
BASE_00008711	baseline	k141_28353	2795	8b6ef535e26179ea2aa240d508f5c67394b5d05a7b97f8de5df3a0fe9d22891f
BASE_00008712	baseline	k141_7064	1907	826804caba85da161c22a94ee9044dccb7c9db0d72fde01dd15e72bcfd43e356
BASE_00008713	baseline	k141_21332	1133	b225bf5ae5470d7b280abb6d6361416098c5663fbc4fad50518a05390867df2c
BASE_00008714	baseline	k141_21333	1066	fac7282277b4d792fea4e82993b773f806acbf501ec8c12199a63cdd1e740499
BASE_00008715	baseline	k141_28355	1699	e1eaeee0356cb2a7960f4d55b64461822aaf340e112795eeb34267135c2f70a9
BASE_00008716	baseline	k141_28357	1460	5c007db08828d43d021a59d5e636f638ad87c967a13d5aee6ca47f5734623a34
BASE_00008717	baseline	k141_21336	2201	fc899a0bd85efe3ca465483f2673762471c5872bbff87c026d443ab110f28c81
BASE_00008718	baseline	k141_28358	1140	7aecf691b3a7d09bdb74f12cc594d96bef362d8c39be9b47b61c001627654045
BASE_00008719	baseline	k141_21338	1322	8e8a52d5a8ac6df6c3a1d2781a766df1b870576309c548085a0f1ed8eb145b23
BASE_00008720	baseline	k141_7079	1607	5aaf223e8087412186d9874da01cce35e49641be8c21ac3c802dd9f6965d7e59
BASE_00008721	baseline	k141_21341	1772	5b47b32e82e2df0435707b9c97bdf36693e22e005a0a1f2922e612c0b291c139
BASE_00008722	baseline	k141_7081	1149	d703cd7e95c30f7bbe2b62074e24bc3b98fcbb1472294f3c7e64d3097eb9fb21
BASE_00008723	baseline	k141_28363	3005	237fe41ee0517b7ad6adbf300ef9ec7641f0c2f94f66f06c9fa2f1a0bec67aac
BASE_00008724	baseline	k141_7084	1152	50383a871f1b4a389d8f9a0a71671698fd061e23b38ce3ba675057c4514b13e7
BASE_00008725	baseline	k141_7086	1586	f8e1b4d87f9770b804e22282bc908c8c705d9da37d9d80944e82cc6978790f83
BASE_00008726	baseline	k141_7087	1211	2d07261ab627405a231765f0799384eca77f80ba007f3ad320559b4445dda0ec
BASE_00008727	baseline	k141_7088	1586	0fc56b350de117e3b66e25a57b52f20246fd587ad9cc21a11f82bfa9bb9e4227
BASE_00008728	baseline	k141_28372	1911	0d6ca4e2daad8e66389b058f6eba6d07c02a97b519d959fe53d5a9142eb40e4d
BASE_00008729	baseline	k141_28373	1062	6dee4387a0e6b9a180de676cd65eedfd3ec58200f776eebf83fbe1972b922a29
BASE_00008730	baseline	k141_7094	2082	f2a0a43e29f1a1de21e6b67bd5ca21e909324541d3df87c4b6122083c6a0f58b
BASE_00008731	baseline	k141_21359	3971	cd30a023a4330abf1544de5761bad6db47613acc546b3f748106d980619db15b
BASE_00008732	baseline	k141_28378	1188	37315ec045e4b6030d00e71ffad81b300b407e8bf67b00d8eb1f8d925166fff3
BASE_00008733	baseline	k141_7096	2772	b78193295fb5630e7f80d12d19f61290c313d818f83bc909a66a7a85c343d464
BASE_00008734	baseline	k141_21360	1838	abfef768951a6217c3678984e00d660c688146a96ff35436f756e38e9fa47217
BASE_00008735	baseline	k141_28380	3263	ad42d74e78061b250622701711faa8fbd01c95d752c3af10ef71dd76c0db927f
BASE_00008736	baseline	k141_21362	2345	a6e322e890fdfd7ca210f73e45051f5848b752b4bb7854d45ee3dfefe485f472
BASE_00008737	baseline	k141_7104	1759	a2cae0c1e8cba03715d179f3a3452374fcac5ed4e77fcb2f06c85b8f9dc6b7c2
BASE_00008738	baseline	k141_21363	3060	933d5c8fe1a83d674d06a14b24027f149c0544452de74de5f2267f1488afe34e
BASE_00008739	baseline	k141_28386	1995	2aaddfad637b0022084708924fb44a1d4449e3cadfaa53cbc9c7a63a8b1fdd30
BASE_00008740	baseline	k141_7106	2623	c4c2535dd227bf1cf70e303252c576e84da7897bef63e858d643653d7702d6ad
BASE_00008741	baseline	k141_7107	1240	e83d00d45930adc5104c7947b86fdd612eda67842144ccfc26bcf65f12a816df
BASE_00008742	baseline	k141_28388	1360	a7d64adb07b9562cdb11588717560ad14c30fd35a97afb5fefa22c10ae57d223
BASE_00008743	baseline	k141_21364	2156	83e01db311c21807acf4804fd1bfdcf1c1143d7f7d0015df176547dbff80d185
BASE_00008744	baseline	k141_7109	1108	4f67d4c1e15c445b985bc3f11fd6fe52ff19e6181d07f5df2db40d97c4c5227a
BASE_00008745	baseline	k141_21365	1516	cc4d026da95f9a2363a05d60d2f175f1addb56e68fc64dda1a050961a4a4cb0c
BASE_00008746	baseline	k141_28391	1288	0cd22407842d4d0aca093e733222b1ffea2f986e2a81d93f261987df76398ea4
BASE_00008747	baseline	k141_7112	1131	f18d28330abd30253b4a29e2d297d1d235cfed9f7fe675b6842499b5faae0231
BASE_00008748	baseline	k141_21366	2894	d17f14d4a418db5e42fffe4f6bdd59a8537f841b5919fa214e0b85b4fdab573a
BASE_00008749	baseline	k141_7113	1443	99bb11987acd50d46ee1d43bb2cf437138e1b1111c0b3e03af3b1fd4104d8228
BASE_00008750	baseline	k141_28395	1973	387fb8ebba997d06ed8879de67e31e2269b3794f66e33783256e1d39d822a82b
BASE_00008751	baseline	k141_7114	1306	d58d381e5f80a7966cd7425536131a02b005fa255fb5971270de53b4819b1412
BASE_00008752	baseline	k141_7115	1223	7930ab9430501f1c68cb372ebdd3496d8d87804f577b431f6dbc3e1fa140df05
BASE_00008753	baseline	k141_21373	1655	6029cf600c309187b4166ad605ae02db705d1b0fcb619e458f2d69394f026cc0
BASE_00008754	baseline	k141_7117	2101	8740cfce26076b514539c809db31f3f22bc58cdaae941fbd63501a0c346c9ca3
BASE_00008755	baseline	k141_7118	1166	2bbaf65d8bccb48869505568747b4f790023ccbcc57d1d05852a5be2689b376e
BASE_00008756	baseline	k141_28401	2405	393cb0e729de8be819037e79197f54b4b449ed5941a678dd6d85438f0a69fa97
BASE_00008757	baseline	k141_7121	1051	b1b383b0e8a77a1fc14c2ab4ce904876e3133736a51b0b2ce8485cd4b1f5c95e
BASE_00008758	baseline	k141_28405	3768	725c6f2a6bdf79392c2d43c856fa7a6ef0cd76126f4b20edccd3615cc64eda18
BASE_00008759	baseline	k141_21378	6258	009473f878208f90a76b12b7b22f26bd9a6dd2528f7dd171d44a997b44d84363
BASE_00008760	baseline	k141_7131	1116	c87414d34b24a58322426c29088434a48f25005f22d64173cc9422b5ad7dfead
BASE_00008761	baseline	k141_28407	1902	de3913e25bbed04ea7d2ac70690ce3f6460f59256174d96c8c7e97857b7f5827
BASE_00008762	baseline	k141_7137	1028	e52934016f4528e86c785b73e23e80522be0e095318f2e88a8cb323a6c1ac0fe
BASE_00008763	baseline	k141_28409	1990	f2c0511f4fd6d2012a8f367c174af3926771e0d5e75331a057d2a12960e276f0
BASE_00008764	baseline	k141_21381	3950	a8b3511e4a8561bab4f0fc0b17443d82c857015d5f47121ed48405a1efb973c2
BASE_00008765	baseline	k141_28410	2569	91894d10c5b7a1215020cba3340ed6a85fce50c2ad7c237a46140c78a6723fac
BASE_00008766	baseline	k141_28412	1167	01ae356900485030776f1d4b0fcc5caa43280433db7ddcecabfd77b5abe128b6
BASE_00008767	baseline	k141_21384	1203	aadee51c3dcf76b721753a4cfc7b67af8c86a2c2027517f3c07c7fe2e57dfee2
BASE_00008768	baseline	k141_7139	4417	ed75c6f818a4e10f172f19fd935eff1f72692abda4d0f8f13a416766cceee87b
BASE_00008769	baseline	k141_28415	1339	462a2a6bd9108ebc5ce404682728bc808e9d8a3d9fa4bb95d7575b9bdc3001da
BASE_00008770	baseline	k141_7140	1089	fdf6d88baeb64f7b739c3336442c81ef7b609b6f4a715c68a986939d1ad90b05
BASE_00008771	baseline	k141_28416	1036	cfa481c8f9f647267df273127f8d2c754523d5d9fb8eb4574dea6cfb614b2681
BASE_00008772	baseline	k141_21389	1078	746df50276a309156733237fad517f70d8435d870204320073e7f7006a1c2a2f
BASE_00008773	baseline	k141_7141	1575	21615ccd28070a38a1e57034f9403e7d31829a9c5f2ea80a0214e7a5cb1a7228
BASE_00008774	baseline	k141_7142	1057	bd3318e5fd729403c4cf9538c6fce20692c7c7efb7268b23ba4e7fabf2f26e72
BASE_00008775	baseline	k141_21390	1450	fd96bfd94a70ec590b2ae0b0ce65a66c235bbcb1ceeb3ba5e07d644ffb7afd2f
BASE_00008776	baseline	k141_28420	1840	a60b8d70e520b368324988e5f935792e854e00ae5c733e03c1bdcb9a7ab795fa
BASE_00008777	baseline	k141_7144	1777	c299abd1bc44d04c9dc4ce76c75801ba57c761799c963b689dbfce30c5a6a0cc
BASE_00008778	baseline	k141_21393	1620	75cac06e4020945a2c0df7bb22d0245c629ca01f2f70304f650bda1b201c96cf
BASE_00008779	baseline	k141_28422	1819	acf3f34219d7ef70b2bc63fbaa75b03141ebf67720abad8d2d2c22b4eb2dbb54
BASE_00008780	baseline	k141_28424	1200	6653c96b6250b777d7bf787d0a664710d944c71b4c0e2b3325219299a880ee18
BASE_00008781	baseline	k141_7146	2960	1c5930fb882701198c12c3f7eb3bcf55669c3249f685610dbf192f5d03c703b3
BASE_00008782	baseline	k141_28425	1324	2f050a8424a17d2cbe95c02d13690a8de537de6c3e26b06e31d22764c4792025
BASE_00008783	baseline	k141_28426	1097	6b7b4d02e44fbb5144762b7c8a17f0dd85e7f58d2733ac595636e209236492f9
BASE_00008784	baseline	k141_21402	1770	9311fef169f9d883f051af63a249a0e25a323b6167cc7878d06c58d1708a4fa4
BASE_00008785	baseline	k141_7151	1315	eb22928aefdc57bac70af109928d6726c2749d37ab5fabd89eab5dd16a447d7a
BASE_00008786	baseline	k141_28430	1586	ee907baff642ae5c297acebda74aea599d4f34c9c86c22a9fab6de47823792f2
BASE_00008787	baseline	k141_7154	1107	e73efd4b257997a8bdd1996026e695c58c828a320053c29de48ddcc25d4e464b
BASE_00008788	baseline	k141_28431	1498	9a0924725bf33832bd0bbf2db203bb8f3562f79407b1cd3106b3f2b8da969fc9
BASE_00008789	baseline	k141_21409	1001	531fb04d1dae247682d5526a125b93a600e297fec8cc64e17102cffbb72c9f88
BASE_00008790	baseline	k141_28432	1024	7c555bb0fa9bfdeb8a78170409f4200a17a3232150cc0aa2bad7439e8790ee10
BASE_00008791	baseline	k141_21413	1237	584bcc3ab5df15d08eeccba4186eda84a592c35289bd68df6643bae9bfaef1c3
BASE_00008792	baseline	k141_7161	4114	c1b9e220267b67b16bf81ed3ac4a4aa6068c0f62193a42f682495a3e5ece04d6
BASE_00008793	baseline	k141_28437	3509	01d61ad3d3e946b5c4887ef076e03e7f3230a1a82333425f335259dd4a060640
BASE_00008794	baseline	k141_7163	1217	b8892b74d581ee37e0a292234800cf6d6c0f918b7636e22cc2770a7492f0d540
BASE_00008795	baseline	k141_28439	1240	ff3a3f90bd0bd2645b856312890d781163222f90b057bc5285388328651a4df5
BASE_00008796	baseline	k141_7165	1542	7aa1be97167d920f4c4b4341c02cd51f322844abc5054a8c0190c286c14b6552
BASE_00008797	baseline	k141_21414	5552	df1dcfc008f1986437996a4100a5fab575b801b89899baeb6e19181f31bb4231
BASE_00008798	baseline	k141_28447	1567	94e75cbc39cb004ddb36ffdeebfa494a7e53ca303bc64b6dd9cb356b046c5707
BASE_00008799	baseline	k141_7172	4022	e39a916a1dae8f584b49b2e9c9f71328b59e0a278d54bac30c62fed2a1ea82f4
BASE_00008800	baseline	k141_28453	1514	aa402e7e6e821c7e89d7c4f7ad5fc629ee8b136d1a14df35844a471b5511584d
BASE_00008801	baseline	k141_7175	3780	0176239b575e14e0df5aaa67d6050065ac915d5b78265199a3cb394c811c9000
BASE_00008802	baseline	k141_28456	3113	a806c2a355e4f1f66d2f57710d5c369e2996a8d958c09a603b19d1375a83ae46
BASE_00008803	baseline	k141_7177	1377	08a97f6ec9543b4ce453c6b19b0efebcc3123de764c15f4ee8dde2b1da24c7ff
BASE_00008804	baseline	k141_21415	11571	8d7c99232f64a84d3ecbd5c178f47be162b8854f28a7266255724f99279f4b90
BASE_00008805	baseline	k141_28458	1174	793d79fd6831076be767b4d2b86de29bd27bd1bc2db46d6c13f6fbd718eb4930
BASE_00008806	baseline	k141_7179	2971	f58d641e4cc722054c7b660ae37cd5244fd4cc3a136701cf2784578a0b0bca60
BASE_00008807	baseline	k141_28459	2827	333ae92c950d812ea0a4b10e30aa5bfcc53c2de7b721e98da6698529b4279b8d
BASE_00008808	baseline	k141_7180	1891	1b1eed84f20fe2187ea538806e86b3e85fe53ea51f99c01611cbf4d559086acf
BASE_00008809	baseline	k141_7181	2463	d4dd1b8399f164c8af830d5e96d2df8799dfb40b44d0b46e74ec3db17edf47a9
BASE_00008810	baseline	k141_28464	1302	56cca86d75889a4f3c4e0f7e7810fa1b6f09366f89f800fb2898b961d5591321
BASE_00008811	baseline	k141_28465	1420	72b6d1eee3b5bfa0eb62ca19c55543d7b02718bc5e4817ee8e7c9d5bd8a4daf3
BASE_00008812	baseline	k141_21420	5473	253cd4e46f6519f664ca21ef0122395599b337513d53ddd7c98f9b57740ba2a2
BASE_00008813	baseline	k141_28466	2088	b83a88a070fc41b5329e056b4876587fe14a81d8ec78a1fe132eeb9ecf544933
BASE_00008814	baseline	k141_21422	2739	685eea6f210554f177d0fb5b9cefb8bafab596b9801856b64c82f0caa23e705e
BASE_00008815	baseline	k141_28467	1906	2912a62f7379693e2936825f0e48d6f88f84765b98763da81bc79d3eb7465a6a
BASE_00008816	baseline	k141_7188	3157	0df0f4643ee0de6fa393b4cb5378410d7f18b16fbdbcfb86411aeff9a79ffda7
BASE_00008817	baseline	k141_21423	1992	bac7b66a2df40f3a7b6a5e4d7b4f310fc80d2ef0f3d1b203a89ee96d051a45a3
BASE_00008818	baseline	k141_28469	1052	f3b739f8ca18c90bc2b360843136040274f5838e1200d1b1c30b3738614c3c66
BASE_00008819	baseline	k141_28470	1027	18983ff0893e2c9c46654219a6ea8b478a2b929c50170b3da6741ca1a28f5080
BASE_00008820	baseline	k141_21424	1364	63715f5e9ce808d19fca80a15c9e03103d900b28f3c4a17ed2af576018c0b515
BASE_00008821	baseline	k141_28471	1288	44edcb548edca04f59da7060c36233dc5ea9795aa5c729838661c00ecdd350e2
BASE_00008822	baseline	k141_21427	2035	563b0301185e44ae643f7a5a8198c8069a2b7c29437cb85f2f2ce60c75c41c2b
BASE_00008823	baseline	k141_28472	3735	19faedf3469b50d2e50a82bf28936b395ed464e3486affb983bd6430573538c6
BASE_00008824	baseline	k141_7201	1106	6bf609710b3782e3052edc4da1cfc2e8d3a6f324583daabdffa5c38d041f066e
BASE_00008825	baseline	k141_28473	1179	5461231b0c7a827eae2ad4179a18a6e261f6f381eed56f8297413da99f8c1ab1
BASE_00008826	baseline	k141_21429	1652	c9f66542257853d6a109a2343bc39e0d9ddccda3e002c94c4f0dda2e2277af0c
BASE_00008827	baseline	k141_28476	1213	122a5c2225bb3def8b5baa01df517979e084aea1377db6e6fecd6cb4d02f1fcb
BASE_00008828	baseline	k141_21432	3036	465faa5290a25e92e5c5355dfa90d570bd86513e20b3ce7085f69044bc391a40
BASE_00008829	baseline	k141_28480	1475	5a43bd003ec766ffebfcbbbdc4c47cc417d768e1f08c3c4beba500be35d7b0c8
BASE_00008830	baseline	k141_28484	1349	bad5376a65b860d7435781f0210e1d1c943f15689d256d00f7c3f1a02a9ed4d8
BASE_00008831	baseline	k141_21435	4824	7cddf8421123908c6d9b85900cb0e6ab2df18bb0eaa2eaad151cfa26fa92c77c
BASE_00008832	baseline	k141_28491	2429	a6f4223def59447ed974821ab3876f7619c8e363a693a440944b5a40535c66f5
BASE_00008833	baseline	k141_21441	1034	453272fafe3a72e2c278a39035da0d88236e2a0fa39661ce4858e780685c5d75
BASE_00008834	baseline	k141_28493	1416	4f19f83a9f1ab89866ee2141c21f223218c0bb93e13ab921dfe3f4324eb712f7
BASE_00008835	baseline	k141_21442	1884	b97d23048ae7f1264857c1ce5a172599249e1e6360a981e9b7022a5c5f81016f
BASE_00008836	baseline	k141_21447	1613	cfe347bf481682158998a6b63fa9f6dd5f215697e6f27b8ca0747122945e501f
BASE_00008837	baseline	k141_28498	1768	0e882daea1ab725d0d91e1a8764cbaa3eb3ba46621adfde8736be033cf4a7ecc
BASE_00008838	baseline	k141_28499	1178	f2b004be5719bc71dd98c3d7d85be1b31c42e7e8dda4c9c485e70144da58e6f3
BASE_00008839	baseline	k141_21449	2609	13e94bf2fa0fdad030cf40e746eef97f4976be25e95b7acf9c5bc205d31ecb07
BASE_00008840	baseline	k141_28500	1098	d450d46912e19457572742db6ba6bd2dc48ee8a7501d2e13e9bc03e6c1327022
BASE_00008841	baseline	k141_28501	1063	d9ad4816ae5bc697bb2046617112dc043ecea6b7f975741e363fc9ebfa03327a
BASE_00008842	baseline	k141_21452	1263	75a8b52a5939a320b92ae6774acad7486b68650766f49b16879bc76281c5fde5
BASE_00008843	baseline	k141_21453	1067	8ad6059add60aeb43e9819d32588baf8754a0b84b475ce6dc1b40951c8c41dcc
BASE_00008844	baseline	k141_21454	1078	bb6faf40acb21327d70c9af146b2138d3bcd58919593a2ebabfb30e3aa6e3f1d
BASE_00008845	baseline	k141_21456	1353	043d20e023736669aa4103c01166e41cd6f2877356f745726b2a8b16e9804df0
BASE_00008846	baseline	k141_28505	4127	9c0f3e2b2b455a79a69ae39daa87b0ddad49749bdb44fec9d1c23b4450fd16c4
BASE_00008847	baseline	k141_28506	1609	f8a6261e0c3e61139e2291f401190d77d2f4fc8cf99f880e143d83862e5005bf
BASE_00008848	baseline	k141_28511	1608	d3706f5054e0e9cccc1ed897689233ba9fc5906a254556b19bdc4c9f359f9cab
BASE_00008849	baseline	k141_28514	1256	890e118ff6aa3618a8ef2154b8679599697747944179fe38461dfa52bf619fe3
BASE_00008850	baseline	k141_28518	1558	3ffba1194e9aeeb850ffbcb79368e451e9e0c148dce6ebec6a32f31651a01cb1
BASE_00008851	baseline	k141_28522	1320	87f229c2fd707bb93d9e2e68a53a2ff40e52ef1967a0da47b3409964e87c3b16
BASE_00008852	baseline	k141_21479	5756	c72a6c684b1fa2dba46a998f311b4912eff0e8b71dd2e13d760412ba4b7e3846
BASE_00008853	baseline	k141_28526	1244	9e7c412b61b95ce124880b64e4598e322a4bfe98a63a8bbe376f91997fec8ee9
BASE_00008854	baseline	k141_21480	1043	0b0e8d628780482c9da75c4a30b9b416fec051622f315f11e8ce357e2f3dc48a
BASE_00008855	baseline	k141_28527	1643	0f48f8aa1d59d8dbca9808838335829c110f2d8cb28ae9ca541fa836f78c7d59
BASE_00008856	baseline	k141_21482	1211	5aad71b5d8e655ec7cf118cc4fa33c744bb30f5ce8646a4f46cd35b03f53b5a8
BASE_00008857	baseline	k141_28537	1347	72020bb407e9065d6ff95fe48a32574af215bd729af3e03688dcf6d6e6d2e128
BASE_00008858	baseline	k141_21484	8047	3ca8ea298cadd410e5b38cdb176d3654bbaaf93adbac47e4b17acf55b5bec412
BASE_00008859	baseline	k141_28541	3456	2d6637b1651fba3e671a117100c06c25d7c7373cf0cddfc1b2bfd637f2442fbe
BASE_00008860	baseline	k141_28543	1528	a3a54b14bbfbe955a5c4cfb057b562dcdcb2f3654e4144fe8069cdb28e1365fc
BASE_00008861	baseline	k141_21489	1893	69bd5fcef43c9cbd5697b91fde2c8ccd9a39b06e187c9529c44da340f4c05737
BASE_00008862	baseline	k141_28544	1494	dcdc5e902be5b8cf82064fb0d8bfec24098381fa3ebd5157331597196bf00fe0
BASE_00008863	baseline	k141_21490	1421	68245750d684f02aff77126c3b6e8d86df104f7f43313b924a3614c51e33c7e2
BASE_00008864	baseline	k141_28545	1028	b0b7c76f890f367dab5420f6c9b8d85c08223f596b221ebc851d65294f0dc7ac
BASE_00008865	baseline	k141_21492	1006	31d5f4c22ac70517a06e3c6b92d069b43e79eca01ece320b02110db3afc90ed7
BASE_00008866	baseline	k141_28547	1585	9f390b992d1fde166073e3a4cde859e378b035296bf8753d6f855fdb23b3e62d
BASE_00008867	baseline	k141_21493	2396	e95711e1ad9a65fd6d22191eba0b3ae8cf0b2a4a853fc97900be7093d7da004c
BASE_00008868	baseline	k141_28551	1434	70dcf904dbc232b7a8fd033687d9aadd0f4ac288a885ffe3a59ed3dd2ce41e40
BASE_00008869	baseline	k141_21494	1523	d193852f047e8db2e9277c05925b8a2ba433b17929a83955b6795ce808c4e80c
BASE_00008870	baseline	k141_28554	1908	ca350f34bdebe2b72b3ccdbdc18635291649f768cd3ec7e2f808b3fc016e7349
BASE_00008871	baseline	k141_28555	1088	253b8a09b13635c5397bb5dd9d10d2f9f2a96f0938d89ac6bb458b37ed23892d
BASE_00008872	baseline	k141_21497	3056	eefcc57bca8ea25363114426d68c2e330c53accbba3fc9b1b2688716ce3467ea
BASE_00008873	baseline	k141_28557	1941	5ef2e7145f9fa76f7545cfbcb6aa3cd3b5df7ab969a091d428071b4d6e261038
BASE_00008874	baseline	k141_28559	1606	d199eb1b1629df4fb77eda4cba895ce53c3737f7d032c05226d563797b160c87
BASE_00008875	baseline	k141_21502	3079	fe92cd34756e0bf133d4cfdd14b5a92a215daeb8c9ed0c8487f4e2761f39e9ce
BASE_00008876	baseline	k141_28560	3268	45f2b07d42f74b44b898d767679c4dc2ea29ef9baafe62c8f01937c4cb29e4c7
BASE_00008877	baseline	k141_21506	2655	d04b881dbaf4184de6bc7ba921ea534d27481d4b97abf8c0ce6f0508d5b4f666
BASE_00008878	baseline	k141_28564	2474	3141900595c12f181f07a7441788706c09bcd3eb9333c353e296cfb7b03057ac
BASE_00008879	baseline	k141_21513	1086	b909afa6cfa0547b0ec475913704496c256c232f8f01513d5affde80e748eed6
BASE_00008880	baseline	k141_28565	1113	8338ab1de1dc55788887cbdd6c3cc6ee8f8c0c6147abc34f934648a4bb341953
BASE_00008881	baseline	k141_21514	1401	fe91063d2c1e78c9f43fea7248176898f5491e15219e32a57b602599d71ae706
BASE_00008882	baseline	k141_28570	2834	c9d9f632aced3b0debbcc5898ea21b5da2e2add5020f900da34734ee8d25b141
BASE_00008883	baseline	k141_28574	1546	64a10e29a041365e6d35a23cc0f36a5d832619754e2e76f476319ad245193d8e
BASE_00008884	baseline	k141_28575	1412	2e982aa338aac8e91e67bee52d92b4740e64b203fccdd6e1605ba5b8d6baefdc
BASE_00008885	baseline	k141_28577	1888	8b94422fc113942e0802c1559b72a938b57b259faf799da36c971615b25f8e0e
BASE_00008886	baseline	k141_21531	2352	62904a90f71010fe2306e3a1064037df60a2a0d828f1f1f8c6cc0aa457ee9541
BASE_00008887	baseline	k141_21535	1331	5c8d83634aa3ab6f67c88f7f0a3ead5ee9a46833d7a39b3dfd17a3bffda0bfb5
BASE_00008888	baseline	k141_21537	1064	5877ca0414571bce881004a6d40b6f7740e4a4988f44a5008495a3cf962c91a2
BASE_00008889	baseline	k141_28581	3087	4c00f8a918f8479517cf8f1292f01a552d0fb5dc7f9c75ea8b60149bbcaeab24
BASE_00008890	baseline	k141_21538	1703	fed86bbfcc9808b3b5f2add14846a77fc7d2d32b660ff506970c8b6eb3f3ac48
BASE_00008891	baseline	k141_21540	1783	44d5ac7dd829f145d647850cb6648207e6ac755d9ab59ad4cb814eb9b55fe0bd
BASE_00008892	baseline	k141_28584	4197	39d610d46c07ca2029f8a64cd23d9a99b56f3f053da18c791b84c0e97c4ad07a
BASE_00008893	baseline	k141_21543	1063	ee6b93e2260ede1af3b8a3694194e4f782ede9ce5ed34dbb7192573251cc034a
BASE_00008894	baseline	k141_21546	1043	8ada9878b5bf247fa9624ccdeaee775f5cae5b33a54b4857d94d2a33cf58724c
BASE_00008895	baseline	k141_28586	4792	83d23074043d2e441c858404462f3991f6aa30ee0202605ba4b727b67eb9fcb2
BASE_00008896	baseline	k141_21550	1584	bf3e283cffe178474768aaaa56362eacc5c3f793f6dfb2bf6a0fc2c7c8cee2ea
BASE_00008897	baseline	k141_21552	1663	992c9e0809fe802c2920b3487f0499c915b25cf5710a86d1b6f745008baddca8
BASE_00008898	baseline	k141_28590	1336	667d51194c637eabfa2280b6651564d7013e9d059f274657ee763c0773606313
BASE_00008899	baseline	k141_28592	1090	cdb94aa31ebbc1f0a96ff24fbb7dd6989e812be01e7a4752bcebfe2a6339e5cf
BASE_00008900	baseline	k141_28594	1344	f79e5f3c273fc44484c276f58656114ccad13c99238161137bee67190996a668
BASE_00008901	baseline	k141_21559	4678	634519a834ce3dbcd4327e46664867eb215a572ecfd14b093628c218716c7956
BASE_00008902	baseline	k141_21561	1392	3fe2d1a169d2ad290f4adf9b582f1a0bce75d272923c504332954dd18fd6f2e6
BASE_00008903	baseline	k141_28595	6813	a69c8f52bcb0b1db153a6dc8d40df3db36d5c798327daf0e04ecb95c228fc25d
BASE_00008904	baseline	k141_28601	1740	7be19fa2ecf73229f3b5f067551246f997ccf479c6f9b9eea2783cc84cea22ab
BASE_00008905	baseline	k141_28603	1183	4a482e07b34cb4d4421be342164148375ca841f8e5fa0d898aea94c85307d9bf
BASE_00008906	baseline	k141_21575	1059	5d3c645f6efbf9f1da1c440cd898ba6f748504ffdf142023978ec93867c12dce
BASE_00008907	baseline	k141_28607	2074	59a24164d002d9cd51e9d17b3283da65085058c71462cdeabe7ba0c68e0d5112
BASE_00008908	baseline	k141_21577	1695	5e017a1a7ed48c3098c7e4de4d3dfce401155dc52d566869f2b61b1cba5985bd
BASE_00008909	baseline	k141_21578	1873	a6b3acad75673d65e083bd70cb51209c6fc5e15a4138e85aa63501fd1e42d752
BASE_00008910	baseline	k141_21580	1034	744777f7ea198f06d83a082e3b2a35f9febba17c782ba2cb4de77ea7e13932ee
BASE_00008911	baseline	k141_28610	3453	627307003591342f046723c7aa6cfe70ba4be4e0fac506f796333c71d6001101
BASE_00008912	baseline	k141_21581	1026	dace767c2b86ef4016253393e1a6082311100b08aa4bdc17bfc3843b3aa06c7e
BASE_00008913	baseline	k141_21582	1916	c233b98d5a57166774de0d59b40aa5e585633df6fead2cf738b98bc2371afd4b
BASE_00008914	baseline	k141_28616	3029	3210b2eeb0618ef80891abbf538783b0dc4f23a8fc1b4c1b22292856f0439385
BASE_00008915	baseline	k141_21588	2832	d18ab9d84eb3d42d799e97b30e11a9df1311508ce2b45b104510b739452a7dfc
BASE_00008916	baseline	k141_28618	3835	10a2851f15432f865491c7ab49c35bbdf29cb1ccc8ed8d47f5de0da00c505a42
BASE_00008917	baseline	k141_28620	1724	b6489a554a0ac9935e99d1a26fcd3188b91b21693fcf39cd07f0670343917ac9
BASE_00008918	baseline	k141_21592	1533	81d20b1dd1a035459b996d512b31d1857e77d8d2c6af3db60ece025f8a942df4
BASE_00008919	baseline	k141_21594	1535	47ba085ae220fe679c3db50aca1c121d2e44efc70a60103f9c192aaac3e5e238
BASE_00008920	baseline	k141_21596	1096	fbf0f9a91cb0e695e40d272090d2b4bb4da0732945df63f5676f422e790a15e3
BASE_00008921	baseline	k141_28628	1394	2ff9cb0bc38f01b630aeefb24c83e670812c52300347c6906734d7ac9b6069f6
BASE_00008922	baseline	k141_21597	1470	5549991af3fbb6e9928fbd1103007cdc1c81053831f9c43f73e8800242cc29bf
BASE_00008923	baseline	k141_28632	1327	26c67f6092cbf2b2d1f14540bb757b8f22724927bcda4f3c81e584e0ed00ecef
BASE_00008924	baseline	k141_21598	2721	a09baf17808f09ddcc9bb0624e237d102e80df43e9451826fb418e83e7c755c9
BASE_00008925	baseline	k141_28633	1588	deb61bf9f33abbe68f600a72e1f8e15dc76936d6c6a610ebf8e05d8bfc8f32b6
BASE_00008926	baseline	k141_21601	1820	d6d347d7e81c9944f043bd9eb7eae7a4ef3404f62a918e7aaf3cf0fe74200b35
BASE_00008927	baseline	k141_21602	1115	f040ef513bfa73fcf66d87b114184c178bdfc62409d0bc62167cb668b004f566
BASE_00008928	baseline	k141_28636	1652	32e8f2216f85f7d0c5ee2b0b9e225657e39c1fe1bed41f1fc73d91b6c0be1ef1
BASE_00008929	baseline	k141_28637	1282	8970e34cf54e2fa58d6e648dce4c24763e05fb8f5bd8464f6adbe10cdbe06035
BASE_00008930	baseline	k141_21603	2323	dd692b0e1541c3e9696d732102743841da99900db8cc9d36bbd7b1033cb6e7e9
BASE_00008931	baseline	k141_28638	1230	a4cb3975594157654966690639c12cbb289663e93632ca48348ba5032f81f10f
BASE_00008932	baseline	k141_28640	1116	6df2850a6fb432cb27ba7afd07a591813755145a84497ecce70d7eddacd296d4
BASE_00008933	baseline	k141_21607	1932	be1e8449d7bc5a3dde675bb12ea91971ad055b9a7879813f14ee5a8be87e76b4
BASE_00008934	baseline	k141_21610	1505	f097de95ed83c4db098ed329b15dd310fbd1c641030735e35006241fbd0899ad
BASE_00008935	baseline	k141_28646	4519	88ecaaef1fa577149d6bc02401e9d51f9705b18e185d37895974f48cb1b02e92
BASE_00008936	baseline	k141_28647	2341	213c297fc37f5c968733ec881c9d152775c28e8737e52eda43d4f75c86e97e20
BASE_00008937	baseline	k141_28648	6496	439ccf8f475dd2afb0e5e3a3e9e7c3b1f6ca04ac75efe2c9fadfe980eef5a408
BASE_00008938	baseline	k141_28651	1401	d48560e5b1c747a1aa63b0d8161af959f704f229f9aa3817fed509c24b73ac78
BASE_00008939	baseline	k141_28653	1648	5817f04f19e67c200a4cb5f7160c0560a43ac8d7c2ee5dfcc2ef77d6041b0619
BASE_00008940	baseline	k141_28655	2597	47e20d9cc4c7cea29e8b8c0ec6797d5a4980a96c91cd830a9b2263d2cf231586
BASE_00008941	baseline	k141_28656	6593	9794ca08d3d48581471bcd07ca9c011b48a521b789e7d4f5771ca497a71948ef
BASE_00008942	baseline	k141_28658	1171	f9cc3713eeb2b72c0ff31e7d2632942a3f2f45fc3c1937d4e94d74d2c17df5ad
BASE_00008943	baseline	k141_28661	1375	34047c9d15deedde13cef6a9dfb681fec29b6ea3b75a673c72b0b91f6cc2c985
BASE_00008944	baseline	k141_28671	1279	4cd143cbb69fd1d272c7f3466fca645a2887afaf9756d4e6fab7b3a434325ec7
BASE_00008945	baseline	k141_28676	2129	cab614d262673629dab3d49ec8a6a237dcb8f7b7a987eb85e2e3d5ca0c59643a
BASE_00008946	baseline	k141_28678	5183	1a0ddbf5d671b8c7a1a311b65c0cff20708617954bc68dceb26b9458db22e68a
BASE_00008947	baseline	k141_28680	1598	9ee680b8365e4924610ba16ddf4ae79ef8fc2f6b82dc0b21671c8046078b882f
BASE_00008948	baseline	k141_28685	2530	deeb3b67ec8c0b62844d66c95ea55e54b8219f3ad03a09278c1eedc7a06e261f
BASE_00008949	baseline	k141_28687	1351	dabf212f1f96eab6f4cef8b0cbc3938f3567eb50ecb264adeeebd3556731f411
BASE_00008950	baseline	k141_28690	1553	0bb6b84eb9785272ba845e644a240b3cdf3f59140c0d1ca808ac7152fcc9de8d
BASE_00008951	baseline	k141_28698	1508	033657b5f96266c889376c0ff78572e06c565c9bdb082137db7a39463e82e8ae
BASE_00008952	baseline	k141_28703	1067	617f377fe4afec93cedcf83ace5de055e526e4192255c0c0a121e91643c78648
BASE_00008953	baseline	k141_28710	1579	0ee01da8c4c527cc144816f43923f7d81df46d791654b14dac469c4e160ed2bf
BASE_00008954	baseline	k141_28711	1131	de9ec30d78e5ac8fc917ba6b85162463da08cf6d43791dabd5b03f76942255dc
BASE_00008955	baseline	k141_28717	1030	0d14e136230b866d29ac2d651ba8507d1a6321bfd55e5375d0f4204720dec8d3
BASE_00008956	baseline	k141_28723	1488	a8212af784f60843d816962a7e891321717a89aa044f38b02c376446f5eb8606
BASE_00008957	baseline	k141_28729	1047	d318c5c66f8cfb0c203259fbaffff95f31a9d252e1f66f46f3eb09f4a489913d
BASE_00008958	baseline	k141_28732	2194	841d7d5b4f0250a5e2583a8c0d349117088b85e2967ef64fd15544dd67ff6973
BASE_00008959	baseline	k141_28733	3234	35f091fda3a0a458d5e53d8ad28cc93a587752a14862d5b02e515e081b943057
BASE_00008960	baseline	k141_28736	1727	2963683da91aed452cb37e4037bdd3dc18521296fdf937f96e9084d5e19e27c5
BASE_00008961	baseline	k141_28741	3697	d85ccb322f76159eef12156873c7f6c56a7618777403f65f7428de87f15b226d
BASE_00008962	baseline	k141_28742	1125	1f0ae45fe77cc1a18d01904f02246a1d644269e446d041f639a351e9be6cabc6
BASE_00008963	baseline	k141_28743	4832	50abb090f550812783f2a003786615335b9003d68870c33d1ff9dc223a2bfa83
BASE_00008964	baseline	k141_28745	1005	06e965b27b70cf9379c61a08498f72b445e1054b4f85ed2d924b588202ecfea8
BASE_00008965	baseline	k141_28748	1500	59df8ea171d5a94cc2fa5d4a7c05eeecd30f465ed5ea5e1c351648626913bc1a
BASE_00008966	baseline	k141_28749	1152	5d3471255960a6cf8db8ecd9031a8076121cd658ca46a0a491c0486e0abc4589
BASE_00008967	baseline	k141_28752	5966	0083e3a8482cfdee48cccd333f71b13ced33014bfda22c81c2a524baae94cf61
BASE_00008968	baseline	k141_28758	1483	31b8901452c1bec1246a44b8bd65bcb1ee403d23942f56d6f1501ad1c113cd89
BASE_00008969	baseline	k141_28759	1120	28c7885bf6585c411b92937a6d6fbb20738d1dba224e057c2ed0d05a6446a356
BASE_00008970	baseline	k141_28760	1126	42fcdcae21968ed34042f5688b87d5ad01de21c3bf717557825a75cdc5287dbd
BASE_00008971	baseline	k141_28761	1248	02d6eb683da8438d46a67648836dd32f49f126a979cc32418d88e897aaae37dc
BASE_00008972	baseline	k141_28770	1170	d2f02c683bc499af0a881b73f448fe8fa458f9525e1b064e82b0f1bcd0701ad7
BASE_00008973	baseline	k141_28773	1018	88ffecdd6ee5f22cb5576235649c3c83457b495fc3391c5a11ae90b82f83ee21
BASE_00008974	baseline	k141_28777	6207	b47dec465c035459632a89d8b1d77030f576624f886f3bacc5406758a7114982
BASE_00008975	baseline	k141_28778	1945	7d88d050922a09335dac78dedabab0346fd4f5f5b9aa2ba4c10682a8ea7fa361
BASE_00008976	baseline	k141_28784	1655	961a735dbef2d932eed9e941b393fdf7ab5745a3587c046c1e32fed14e42a923
BASE_00008977	baseline	k141_28788	2182	205ea67dacd5d80cbf8cf3a81ca530eb4d8a8f64cad86b3ba3bd1358ac782ea7
BASE_00008978	baseline	k141_28790	1682	d52a701820861b3a7669fe62c2a437f3cb988a7d943e49cfd49ece499917da74
BASE_00008979	baseline	k141_28791	2377	6c3ba985fbd081ff7b395eaa800eb2101d508a58e7991d271010f9fb02659323
BASE_00008980	baseline	k141_28792	1862	63a9fa13e6a5ed904e2ae5a00bb7fe47be20c32f5dbd85d5eda1127b9effe626
BASE_00008981	baseline	k141_28794	2235	d65b2b0ff1faaec398ea3d0af711834e81d2dbc85c1890456bf9fad2635941ee
BASE_00008982	baseline	k141_28795	1474	30629ce1f7214988af3d3830736aa25e166e19d6afaedd4aef6c7eb3ac9993fa
BASE_00008983	baseline	k141_28796	1213	0def925fce88451122910019ff25c448207b8bfdb2c0e625299f75615ddb9709
BASE_00008984	baseline	k141_28798	1313	60bc7b452539e36f0f9c15083659d27127f2c852963cbb29a055c62fc71cd5af
BASE_00008985	baseline	k141_28799	1077	9fe13308990eaaf173753c4d8d55fcf22133c4c34cce41a41afe26d17ef9d9f6
BASE_00008986	baseline	k141_28801	2629	7076ae5b2a2189c665e053b3aaf433bcbd1dd62446f82c56dd9523d8bd9e1b80
BASE_00008987	baseline	k141_28803	1150	3bc3a579d97b5aeeec0145ed732fea2442a5946fdbc202088ad5971591d86d12
BASE_00008988	baseline	k141_28807	7380	a042cb6f25df3915afe1ee9ea193fdaa873903b181feef0923fbd3ecba73eb9d
BASE_00008989	baseline	k141_28808	2728	d769b7f202040597ad61cf997ddab88551b9b34ac1b9de469871cea7a170da0f
BASE_00008990	baseline	k141_28809	1441	6bb4fa27ab55ead89a0cf438152e04c53b15b4e2fe468517fd6cc15acac2db89
