2026-08-20T12:37:31.735423+00:00	1	34	32369519543:LANTERN v7 official Toy holdout 18-19 finalizer v2;32369399578:Dispatch isolated LANTERN v7 finalizer v2;32369399441:LANTERN v7 official Toy holdout 18-19 finalizer v2;32369030791:LANTERN v7 official Toy holdout 18-19 finalizer v2;32368465029:CAMI III LANTERN v4 hybrid-backbone development;32368254148:LANTERN v7 official Toy holdout 18-19 finalizer v2;32368087436:LANTERN v7 official Toy holdout 18-19 finalizer;32368087422:LANTERN v7 official Toy holdout 18-19 finalizer v2;32366268684:LANTERN v7 official Toy holdout 18-19 finalizer v2;32366268605:LANTERN v7 untouched official Toy holdout 18-19;32366100809:CAMI III LANTERN v5 precision-filter holdout 14-15;32366100753:CAMI III LANTERN metaMDBG long-read development benchmark;32366100709:Repair LANTERN v4 holdout input lifetime and dispatch validation;32366100703:CAMI III LANTERN metaMDBG holdout 14-15 baseline;32366100697:CAMI III LANTERN additive-rescue development audit;32366100671:CAMI III LANTERN domain-specific SPAdes development;32366100662:CAMI III LANTERN high-depth metaMDBG development;32366100661:CAMI III LANTERN v4 corrected untouched holdout 14-15;32366100651:CAMI III LANTERN additive-rescue untouched holdout 10-11;32365847800:LANTERN v7 untouched official Toy holdout 18-19;32365761907:CAMI III LANTERN additive-rescue untouched holdout 10-11;32365761863:CAMI III LANTERN high-depth metaMDBG development;32365761503:CAMI III LANTERN v4 corrected untouched holdout 14-15;32365761441:CAMI III LANTERN domain-specific SPAdes development;32365761410:CAMI III LANTERN metaMDBG long-read development benchmark;32364882025:CAMI III LANTERN domain-specific SPAdes development;32364881967:CAMI III LANTERN v4 corrected untouched holdout 14-15;32364881966:CAMI III LANTERN additive-rescue untouched holdout 10-11;32364881941:CAMI III LANTERN metaMDBG long-read development benchmark;32355118921:CAMI III LANTERN v4 holdout 14-15 evidence resume fixed;32347334050:CAMI III LANTERN v4 corrected untouched holdout 14-15;32347333860:CAMI III LANTERN metaMDBG long-read development benchmark;32347331884:CAMI III LANTERN v4 corrected untouched holdout 14-15;32344919061:CAMI III LANTERN v4 corrected untouched holdout 14-15
2026-08-20T12:38:39.745511+00:00	2	33	32369519543:LANTERN v7 official Toy holdout 18-19 finalizer v2;32369399578:Dispatch isolated LANTERN v7 finalizer v2;32369399441:LANTERN v7 official Toy holdout 18-19 finalizer v2;32369030791:LANTERN v7 official Toy holdout 18-19 finalizer v2;32368465029:CAMI III LANTERN v4 hybrid-backbone development;32368254148:LANTERN v7 official Toy holdout 18-19 finalizer v2;32368087436:LANTERN v7 official Toy holdout 18-19 finalizer;32368087422:LANTERN v7 official Toy holdout 18-19 finalizer v2;32366268684:LANTERN v7 official Toy holdout 18-19 finalizer v2;32366268605:LANTERN v7 untouched official Toy holdout 18-19;32366100809:CAMI III LANTERN v5 precision-filter holdout 14-15;32366100753:CAMI III LANTERN metaMDBG long-read development benchmark;32366100703:CAMI III LANTERN metaMDBG holdout 14-15 baseline;32366100697:CAMI III LANTERN additive-rescue development audit;32366100671:CAMI III LANTERN domain-specific SPAdes development;32366100662:CAMI III LANTERN high-depth metaMDBG development;32366100661:CAMI III LANTERN v4 corrected untouched holdout 14-15;32366100651:CAMI III LANTERN additive-rescue untouched holdout 10-11;32365847800:LANTERN v7 untouched official Toy holdout 18-19;32365761907:CAMI III LANTERN additive-rescue untouched holdout 10-11;32365761863:CAMI III LANTERN high-depth metaMDBG development;32365761503:CAMI III LANTERN v4 corrected untouched holdout 14-15;32365761441:CAMI III LANTERN domain-specific SPAdes development;32365761410:CAMI III LANTERN metaMDBG long-read development benchmark;32364882025:CAMI III LANTERN domain-specific SPAdes development;32364881967:CAMI III LANTERN v4 corrected untouched holdout 14-15;32364881966:CAMI III LANTERN additive-rescue untouched holdout 10-11;32364881941:CAMI III LANTERN metaMDBG long-read development benchmark;32355118921:CAMI III LANTERN v4 holdout 14-15 evidence resume fixed;32347334050:CAMI III LANTERN v4 corrected untouched holdout 14-15;32347333860:CAMI III LANTERN metaMDBG long-read development benchmark;32347331884:CAMI III LANTERN v4 corrected untouched holdout 14-15;32344919061:CAMI III LANTERN v4 corrected untouched holdout 14-15
2026-08-20T12:39:47.022446+00:00	3	33	32369519543:LANTERN v7 official Toy holdout 18-19 finalizer v2;32369399578:Dispatch isolated LANTERN v7 finalizer v2;32369399441:LANTERN v7 official Toy holdout 18-19 finalizer v2;32369030791:LANTERN v7 official Toy holdout 18-19 finalizer v2;32368465029:CAMI III LANTERN v4 hybrid-backbone development;32368254148:LANTERN v7 official Toy holdout 18-19 finalizer v2;32368087436:LANTERN v7 official Toy holdout 18-19 finalizer;32368087422:LANTERN v7 official Toy holdout 18-19 finalizer v2;32366268684:LANTERN v7 official Toy holdout 18-19 finalizer v2;32366268605:LANTERN v7 untouched official Toy holdout 18-19;32366100809:CAMI III LANTERN v5 precision-filter holdout 14-15;32366100753:CAMI III LANTERN metaMDBG long-read development benchmark;32366100703:CAMI III LANTERN metaMDBG holdout 14-15 baseline;32366100697:CAMI III LANTERN additive-rescue development audit;32366100671:CAMI III LANTERN domain-specific SPAdes development;32366100662:CAMI III LANTERN high-depth metaMDBG development;32366100661:CAMI III LANTERN v4 corrected untouched holdout 14-15;32366100651:CAMI III LANTERN additive-rescue untouched holdout 10-11;32365847800:LANTERN v7 untouched official Toy holdout 18-19;32365761907:CAMI III LANTERN additive-rescue untouched holdout 10-11;32365761863:CAMI III LANTERN high-depth metaMDBG development;32365761503:CAMI III LANTERN v4 corrected untouched holdout 14-15;32365761441:CAMI III LANTERN domain-specific SPAdes development;32365761410:CAMI III LANTERN metaMDBG long-read development benchmark;32364882025:CAMI III LANTERN domain-specific SPAdes development;32364881967:CAMI III LANTERN v4 corrected untouched holdout 14-15;32364881966:CAMI III LANTERN additive-rescue untouched holdout 10-11;32364881941:CAMI III LANTERN metaMDBG long-read development benchmark;32355118921:CAMI III LANTERN v4 holdout 14-15 evidence resume fixed;32347334050:CAMI III LANTERN v4 corrected untouched holdout 14-15;32347333860:CAMI III LANTERN metaMDBG long-read development benchmark;32347331884:CAMI III LANTERN v4 corrected untouched holdout 14-15;32344919061:CAMI III LANTERN v4 corrected untouched holdout 14-15
2026-08-20T12:40:54.225417+00:00	4	33	32369519543:LANTERN v7 official Toy holdout 18-19 finalizer v2;32369399578:Dispatch isolated LANTERN v7 finalizer v2;32369399441:LANTERN v7 official Toy holdout 18-19 finalizer v2;32369030791:LANTERN v7 official Toy holdout 18-19 finalizer v2;32368465029:CAMI III LANTERN v4 hybrid-backbone development;32368254148:LANTERN v7 official Toy holdout 18-19 finalizer v2;32368087436:LANTERN v7 official Toy holdout 18-19 finalizer;32368087422:LANTERN v7 official Toy holdout 18-19 finalizer v2;32366268684:LANTERN v7 official Toy holdout 18-19 finalizer v2;32366268605:LANTERN v7 untouched official Toy holdout 18-19;32366100809:CAMI III LANTERN v5 precision-filter holdout 14-15;32366100753:CAMI III LANTERN metaMDBG long-read development benchmark;32366100703:CAMI III LANTERN metaMDBG holdout 14-15 baseline;32366100697:CAMI III LANTERN additive-rescue development audit;32366100671:CAMI III LANTERN domain-specific SPAdes development;32366100662:CAMI III LANTERN high-depth metaMDBG development;32366100661:CAMI III LANTERN v4 corrected untouched holdout 14-15;32366100651:CAMI III LANTERN additive-rescue untouched holdout 10-11;32365847800:LANTERN v7 untouched official Toy holdout 18-19;32365761907:CAMI III LANTERN additive-rescue untouched holdout 10-11;32365761863:CAMI III LANTERN high-depth metaMDBG development;32365761503:CAMI III LANTERN v4 corrected untouched holdout 14-15;32365761441:CAMI III LANTERN domain-specific SPAdes development;32365761410:CAMI III LANTERN metaMDBG long-read development benchmark;32364882025:CAMI III LANTERN domain-specific SPAdes development;32364881967:CAMI III LANTERN v4 corrected untouched holdout 14-15;32364881966:CAMI III LANTERN additive-rescue untouched holdout 10-11;32364881941:CAMI III LANTERN metaMDBG long-read development benchmark;32355118921:CAMI III LANTERN v4 holdout 14-15 evidence resume fixed;32347334050:CAMI III LANTERN v4 corrected untouched holdout 14-15;32347333860:CAMI III LANTERN metaMDBG long-read development benchmark;32347331884:CAMI III LANTERN v4 corrected untouched holdout 14-15;32344919061:CAMI III LANTERN v4 corrected untouched holdout 14-15
2026-08-20T12:42:01.666701+00:00	5	30	32369519543:LANTERN v7 official Toy holdout 18-19 finalizer v2;32369399578:Dispatch isolated LANTERN v7 finalizer v2;32369399441:LANTERN v7 official Toy holdout 18-19 finalizer v2;32369030791:LANTERN v7 official Toy holdout 18-19 finalizer v2;32368465029:CAMI III LANTERN v4 hybrid-backbone development;32368254148:LANTERN v7 official Toy holdout 18-19 finalizer v2;32368087436:LANTERN v7 official Toy holdout 18-19 finalizer;32368087422:LANTERN v7 official Toy holdout 18-19 finalizer v2;32366268684:LANTERN v7 official Toy holdout 18-19 finalizer v2;32366268605:LANTERN v7 untouched official Toy holdout 18-19;32366100809:CAMI III LANTERN v5 precision-filter holdout 14-15;32366100753:CAMI III LANTERN metaMDBG long-read development benchmark;32366100703:CAMI III LANTERN metaMDBG holdout 14-15 baseline;32366100671:CAMI III LANTERN domain-specific SPAdes development;32366100662:CAMI III LANTERN high-depth metaMDBG development;32366100661:CAMI III LANTERN v4 corrected untouched holdout 14-15;32366100651:CAMI III LANTERN additive-rescue untouched holdout 10-11;32365847800:LANTERN v7 untouched official Toy holdout 18-19;32365761907:CAMI III LANTERN additive-rescue untouched holdout 10-11;32365761863:CAMI III LANTERN high-depth metaMDBG development;32365761503:CAMI III LANTERN v4 corrected untouched holdout 14-15;32365761441:CAMI III LANTERN domain-specific SPAdes development;32365761410:CAMI III LANTERN metaMDBG long-read development benchmark;32364881967:CAMI III LANTERN v4 corrected untouched holdout 14-15;32364881966:CAMI III LANTERN additive-rescue untouched holdout 10-11;32364881941:CAMI III LANTERN metaMDBG long-read development benchmark;32347334050:CAMI III LANTERN v4 corrected untouched holdout 14-15;32347333860:CAMI III LANTERN metaMDBG long-read development benchmark;32347331884:CAMI III LANTERN v4 corrected untouched holdout 14-15;32344919061:CAMI III LANTERN v4 corrected untouched holdout 14-15
2026-08-20T12:43:09.038780+00:00	6	29	32369519543:LANTERN v7 official Toy holdout 18-19 finalizer v2;32369399578:Dispatch isolated LANTERN v7 finalizer v2;32369399441:LANTERN v7 official Toy holdout 18-19 finalizer v2;32369030791:LANTERN v7 official Toy holdout 18-19 finalizer v2;32368465029:CAMI III LANTERN v4 hybrid-backbone development;32368254148:LANTERN v7 official Toy holdout 18-19 finalizer v2;32368087436:LANTERN v7 official Toy holdout 18-19 finalizer;32368087422:LANTERN v7 official Toy holdout 18-19 finalizer v2;32366268684:LANTERN v7 official Toy holdout 18-19 finalizer v2;32366268605:LANTERN v7 untouched official Toy holdout 18-19;32366100809:CAMI III LANTERN v5 precision-filter holdout 14-15;32366100753:CAMI III LANTERN metaMDBG long-read development benchmark;32366100709:Repair LANTERN v4 holdout input lifetime and dispatch validation;32366100671:CAMI III LANTERN domain-specific SPAdes development;32366100662:CAMI III LANTERN high-depth metaMDBG development;32366100661:CAMI III LANTERN v4 corrected untouched holdout 14-15;32366100651:CAMI III LANTERN additive-rescue untouched holdout 10-11;32365847800:LANTERN v7 untouched official Toy holdout 18-19;32365761907:CAMI III LANTERN additive-rescue untouched holdout 10-11;32365761863:CAMI III LANTERN high-depth metaMDBG development;32365761503:CAMI III LANTERN v4 corrected untouched holdout 14-15;32365761441:CAMI III LANTERN domain-specific SPAdes development;32365761410:CAMI III LANTERN metaMDBG long-read development benchmark;32364881967:CAMI III LANTERN v4 corrected untouched holdout 14-15;32364881941:CAMI III LANTERN metaMDBG long-read development benchmark;32347334050:CAMI III LANTERN v4 corrected untouched holdout 14-15;32347333860:CAMI III LANTERN metaMDBG long-read development benchmark;32347331884:CAMI III LANTERN v4 corrected untouched holdout 14-15;32344919061:CAMI III LANTERN v4 corrected untouched holdout 14-15
2026-08-20T12:44:15.981925+00:00	7	29	32370296647:LANTERN v7 official Toy holdout 18-19 finalizer v2;32369519543:LANTERN v7 official Toy holdout 18-19 finalizer v2;32369399441:LANTERN v7 official Toy holdout 18-19 finalizer v2;32369030791:LANTERN v7 official Toy holdout 18-19 finalizer v2;32368465029:CAMI III LANTERN v4 hybrid-backbone development;32368254148:LANTERN v7 official Toy holdout 18-19 finalizer v2;32368087436:LANTERN v7 official Toy holdout 18-19 finalizer;32368087422:LANTERN v7 official Toy holdout 18-19 finalizer v2;32366268684:LANTERN v7 official Toy holdout 18-19 finalizer v2;32366268605:LANTERN v7 untouched official Toy holdout 18-19;32366100809:CAMI III LANTERN v5 precision-filter holdout 14-15;32366100753:CAMI III LANTERN metaMDBG long-read development benchmark;32366100709:Repair LANTERN v4 holdout input lifetime and dispatch validation;32366100671:CAMI III LANTERN domain-specific SPAdes development;32366100662:CAMI III LANTERN high-depth metaMDBG development;32366100661:CAMI III LANTERN v4 corrected untouched holdout 14-15;32366100651:CAMI III LANTERN additive-rescue untouched holdout 10-11;32365847800:LANTERN v7 untouched official Toy holdout 18-19;32365761907:CAMI III LANTERN additive-rescue untouched holdout 10-11;32365761863:CAMI III LANTERN high-depth metaMDBG development;32365761503:CAMI III LANTERN v4 corrected untouched holdout 14-15;32365761441:CAMI III LANTERN domain-specific SPAdes development;32365761410:CAMI III LANTERN metaMDBG long-read development benchmark;32364881967:CAMI III LANTERN v4 corrected untouched holdout 14-15;32364881941:CAMI III LANTERN metaMDBG long-read development benchmark;32347334050:CAMI III LANTERN v4 corrected untouched holdout 14-15;32347333860:CAMI III LANTERN metaMDBG long-read development benchmark;32347331884:CAMI III LANTERN v4 corrected untouched holdout 14-15;32344919061:CAMI III LANTERN v4 corrected untouched holdout 14-15
2026-08-20T12:45:22.367372+00:00	8	28	32370296647:LANTERN v7 official Toy holdout 18-19 finalizer v2;32369519543:LANTERN v7 official Toy holdout 18-19 finalizer v2;32369399441:LANTERN v7 official Toy holdout 18-19 finalizer v2;32369030791:LANTERN v7 official Toy holdout 18-19 finalizer v2;32368465029:CAMI III LANTERN v4 hybrid-backbone development;32368254148:LANTERN v7 official Toy holdout 18-19 finalizer v2;32368087436:LANTERN v7 official Toy holdout 18-19 finalizer;32368087422:LANTERN v7 official Toy holdout 18-19 finalizer v2;32366268684:LANTERN v7 official Toy holdout 18-19 finalizer v2;32366268605:LANTERN v7 untouched official Toy holdout 18-19;32366100809:CAMI III LANTERN v5 precision-filter holdout 14-15;32366100753:CAMI III LANTERN metaMDBG long-read development benchmark;32366100709:Repair LANTERN v4 holdout input lifetime and dispatch validation;32366100671:CAMI III LANTERN domain-specific SPAdes development;32366100662:CAMI III LANTERN high-depth metaMDBG development;32366100661:CAMI III LANTERN v4 corrected untouched holdout 14-15;32366100651:CAMI III LANTERN additive-rescue untouched holdout 10-11;32365847800:LANTERN v7 untouched official Toy holdout 18-19;32365761907:CAMI III LANTERN additive-rescue untouched holdout 10-11;32365761863:CAMI III LANTERN high-depth metaMDBG development;32365761503:CAMI III LANTERN v4 corrected untouched holdout 14-15;32365761441:CAMI III LANTERN domain-specific SPAdes development;32365761410:CAMI III LANTERN metaMDBG long-read development benchmark;32364881967:CAMI III LANTERN v4 corrected untouched holdout 14-15;32364881941:CAMI III LANTERN metaMDBG long-read development benchmark;32347334050:CAMI III LANTERN v4 corrected untouched holdout 14-15;32347333860:CAMI III LANTERN metaMDBG long-read development benchmark;32347331884:CAMI III LANTERN v4 corrected untouched holdout 14-15
2026-08-20T12:46:28.667803+00:00	9	28	32370296647:LANTERN v7 official Toy holdout 18-19 finalizer v2;32369519543:LANTERN v7 official Toy holdout 18-19 finalizer v2;32369399441:LANTERN v7 official Toy holdout 18-19 finalizer v2;32369030791:LANTERN v7 official Toy holdout 18-19 finalizer v2;32368465029:CAMI III LANTERN v4 hybrid-backbone development;32368254148:LANTERN v7 official Toy holdout 18-19 finalizer v2;32368087436:LANTERN v7 official Toy holdout 18-19 finalizer;32368087422:LANTERN v7 official Toy holdout 18-19 finalizer v2;32366268684:LANTERN v7 official Toy holdout 18-19 finalizer v2;32366268605:LANTERN v7 untouched official Toy holdout 18-19;32366100809:CAMI III LANTERN v5 precision-filter holdout 14-15;32366100753:CAMI III LANTERN metaMDBG long-read development benchmark;32366100709:Repair LANTERN v4 holdout input lifetime and dispatch validation;32366100671:CAMI III LANTERN domain-specific SPAdes development;32366100662:CAMI III LANTERN high-depth metaMDBG development;32366100661:CAMI III LANTERN v4 corrected untouched holdout 14-15;32366100651:CAMI III LANTERN additive-rescue untouched holdout 10-11;32365847800:LANTERN v7 untouched official Toy holdout 18-19;32365761907:CAMI III LANTERN additive-rescue untouched holdout 10-11;32365761863:CAMI III LANTERN high-depth metaMDBG development;32365761503:CAMI III LANTERN v4 corrected untouched holdout 14-15;32365761441:CAMI III LANTERN domain-specific SPAdes development;32365761410:CAMI III LANTERN metaMDBG long-read development benchmark;32364881967:CAMI III LANTERN v4 corrected untouched holdout 14-15;32364881941:CAMI III LANTERN metaMDBG long-read development benchmark;32347334050:CAMI III LANTERN v4 corrected untouched holdout 14-15;32347333860:CAMI III LANTERN metaMDBG long-read development benchmark;32347331884:CAMI III LANTERN v4 corrected untouched holdout 14-15
2026-08-20T12:47:34.939320+00:00	10	27	32370296647:LANTERN v7 official Toy holdout 18-19 finalizer v2;32369519543:LANTERN v7 official Toy holdout 18-19 finalizer v2;32369399441:LANTERN v7 official Toy holdout 18-19 finalizer v2;32369030791:LANTERN v7 official Toy holdout 18-19 finalizer v2;32368465029:CAMI III LANTERN v4 hybrid-backbone development;32368254148:LANTERN v7 official Toy holdout 18-19 finalizer v2;32368087436:LANTERN v7 official Toy holdout 18-19 finalizer;32368087422:LANTERN v7 official Toy holdout 18-19 finalizer v2;32366268684:LANTERN v7 official Toy holdout 18-19 finalizer v2;32366268605:LANTERN v7 untouched official Toy holdout 18-19;32366100809:CAMI III LANTERN v5 precision-filter holdout 14-15;32366100753:CAMI III LANTERN metaMDBG long-read development benchmark;32366100709:Repair LANTERN v4 holdout input lifetime and dispatch validation;32366100671:CAMI III LANTERN domain-specific SPAdes development;32366100662:CAMI III LANTERN high-depth metaMDBG development;32366100661:CAMI III LANTERN v4 corrected untouched holdout 14-15;32366100651:CAMI III LANTERN additive-rescue untouched holdout 10-11;32365847800:LANTERN v7 untouched official Toy holdout 18-19;32365761907:CAMI III LANTERN additive-rescue untouched holdout 10-11;32365761863:CAMI III LANTERN high-depth metaMDBG development;32365761503:CAMI III LANTERN v4 corrected untouched holdout 14-15;32365761441:CAMI III LANTERN domain-specific SPAdes development;32365761410:CAMI III LANTERN metaMDBG long-read development benchmark;32364881967:CAMI III LANTERN v4 corrected untouched holdout 14-15;32364881941:CAMI III LANTERN metaMDBG long-read development benchmark;32347334050:CAMI III LANTERN v4 corrected untouched holdout 14-15;32347333860:CAMI III LANTERN metaMDBG long-read development benchmark
2026-08-20T12:48:41.202848+00:00	11	27	32370296647:LANTERN v7 official Toy holdout 18-19 finalizer v2;32369519543:LANTERN v7 official Toy holdout 18-19 finalizer v2;32369399441:LANTERN v7 official Toy holdout 18-19 finalizer v2;32369030791:LANTERN v7 official Toy holdout 18-19 finalizer v2;32368465029:CAMI III LANTERN v4 hybrid-backbone development;32368254148:LANTERN v7 official Toy holdout 18-19 finalizer v2;32368087436:LANTERN v7 official Toy holdout 18-19 finalizer;32368087422:LANTERN v7 official Toy holdout 18-19 finalizer v2;32366268684:LANTERN v7 official Toy holdout 18-19 finalizer v2;32366268605:LANTERN v7 untouched official Toy holdout 18-19;32366100809:CAMI III LANTERN v5 precision-filter holdout 14-15;32366100753:CAMI III LANTERN metaMDBG long-read development benchmark;32366100709:Repair LANTERN v4 holdout input lifetime and dispatch validation;32366100671:CAMI III LANTERN domain-specific SPAdes development;32366100662:CAMI III LANTERN high-depth metaMDBG development;32366100661:CAMI III LANTERN v4 corrected untouched holdout 14-15;32366100651:CAMI III LANTERN additive-rescue untouched holdout 10-11;32365847800:LANTERN v7 untouched official Toy holdout 18-19;32365761907:CAMI III LANTERN additive-rescue untouched holdout 10-11;32365761863:CAMI III LANTERN high-depth metaMDBG development;32365761503:CAMI III LANTERN v4 corrected untouched holdout 14-15;32365761441:CAMI III LANTERN domain-specific SPAdes development;32365761410:CAMI III LANTERN metaMDBG long-read development benchmark;32364881967:CAMI III LANTERN v4 corrected untouched holdout 14-15;32364881941:CAMI III LANTERN metaMDBG long-read development benchmark;32347334050:CAMI III LANTERN v4 corrected untouched holdout 14-15;32347333860:CAMI III LANTERN metaMDBG long-read development benchmark
2026-08-20T12:49:48.405153+00:00	12	27	32370296647:LANTERN v7 official Toy holdout 18-19 finalizer v2;32369519543:LANTERN v7 official Toy holdout 18-19 finalizer v2;32369399441:LANTERN v7 official Toy holdout 18-19 finalizer v2;32369030791:LANTERN v7 official Toy holdout 18-19 finalizer v2;32368465029:CAMI III LANTERN v4 hybrid-backbone development;32368254148:LANTERN v7 official Toy holdout 18-19 finalizer v2;32368087436:LANTERN v7 official Toy holdout 18-19 finalizer;32368087422:LANTERN v7 official Toy holdout 18-19 finalizer v2;32366268684:LANTERN v7 official Toy holdout 18-19 finalizer v2;32366268605:LANTERN v7 untouched official Toy holdout 18-19;32366100809:CAMI III LANTERN v5 precision-filter holdout 14-15;32366100753:CAMI III LANTERN metaMDBG long-read development benchmark;32366100709:Repair LANTERN v4 holdout input lifetime and dispatch validation;32366100671:CAMI III LANTERN domain-specific SPAdes development;32366100662:CAMI III LANTERN high-depth metaMDBG development;32366100661:CAMI III LANTERN v4 corrected untouched holdout 14-15;32366100651:CAMI III LANTERN additive-rescue untouched holdout 10-11;32365847800:LANTERN v7 untouched official Toy holdout 18-19;32365761907:CAMI III LANTERN additive-rescue untouched holdout 10-11;32365761863:CAMI III LANTERN high-depth metaMDBG development;32365761503:CAMI III LANTERN v4 corrected untouched holdout 14-15;32365761441:CAMI III LANTERN domain-specific SPAdes development;32365761410:CAMI III LANTERN metaMDBG long-read development benchmark;32364881967:CAMI III LANTERN v4 corrected untouched holdout 14-15;32364881941:CAMI III LANTERN metaMDBG long-read development benchmark;32347334050:CAMI III LANTERN v4 corrected untouched holdout 14-15;32347333860:CAMI III LANTERN metaMDBG long-read development benchmark
2026-08-20T12:50:54.820753+00:00	13	27	32370296647:LANTERN v7 official Toy holdout 18-19 finalizer v2;32369519543:LANTERN v7 official Toy holdout 18-19 finalizer v2;32369399441:LANTERN v7 official Toy holdout 18-19 finalizer v2;32369030791:LANTERN v7 official Toy holdout 18-19 finalizer v2;32368465029:CAMI III LANTERN v4 hybrid-backbone development;32368254148:LANTERN v7 official Toy holdout 18-19 finalizer v2;32368087436:LANTERN v7 official Toy holdout 18-19 finalizer;32368087422:LANTERN v7 official Toy holdout 18-19 finalizer v2;32366268684:LANTERN v7 official Toy holdout 18-19 finalizer v2;32366268605:LANTERN v7 untouched official Toy holdout 18-19;32366100809:CAMI III LANTERN v5 precision-filter holdout 14-15;32366100753:CAMI III LANTERN metaMDBG long-read development benchmark;32366100709:Repair LANTERN v4 holdout input lifetime and dispatch validation;32366100671:CAMI III LANTERN domain-specific SPAdes development;32366100662:CAMI III LANTERN high-depth metaMDBG development;32366100661:CAMI III LANTERN v4 corrected untouched holdout 14-15;32366100651:CAMI III LANTERN additive-rescue untouched holdout 10-11;32365847800:LANTERN v7 untouched official Toy holdout 18-19;32365761907:CAMI III LANTERN additive-rescue untouched holdout 10-11;32365761863:CAMI III LANTERN high-depth metaMDBG development;32365761503:CAMI III LANTERN v4 corrected untouched holdout 14-15;32365761441:CAMI III LANTERN domain-specific SPAdes development;32365761410:CAMI III LANTERN metaMDBG long-read development benchmark;32364881967:CAMI III LANTERN v4 corrected untouched holdout 14-15;32364881941:CAMI III LANTERN metaMDBG long-read development benchmark;32347334050:CAMI III LANTERN v4 corrected untouched holdout 14-15;32347333860:CAMI III LANTERN metaMDBG long-read development benchmark
2026-08-20T12:52:01.422163+00:00	14	27	32370296647:LANTERN v7 official Toy holdout 18-19 finalizer v2;32369519543:LANTERN v7 official Toy holdout 18-19 finalizer v2;32369399441:LANTERN v7 official Toy holdout 18-19 finalizer v2;32369030791:LANTERN v7 official Toy holdout 18-19 finalizer v2;32368465029:CAMI III LANTERN v4 hybrid-backbone development;32368254148:LANTERN v7 official Toy holdout 18-19 finalizer v2;32368087436:LANTERN v7 official Toy holdout 18-19 finalizer;32368087422:LANTERN v7 official Toy holdout 18-19 finalizer v2;32366268684:LANTERN v7 official Toy holdout 18-19 finalizer v2;32366268605:LANTERN v7 untouched official Toy holdout 18-19;32366100809:CAMI III LANTERN v5 precision-filter holdout 14-15;32366100753:CAMI III LANTERN metaMDBG long-read development benchmark;32366100709:Repair LANTERN v4 holdout input lifetime and dispatch validation;32366100671:CAMI III LANTERN domain-specific SPAdes development;32366100662:CAMI III LANTERN high-depth metaMDBG development;32366100661:CAMI III LANTERN v4 corrected untouched holdout 14-15;32366100651:CAMI III LANTERN additive-rescue untouched holdout 10-11;32365847800:LANTERN v7 untouched official Toy holdout 18-19;32365761907:CAMI III LANTERN additive-rescue untouched holdout 10-11;32365761863:CAMI III LANTERN high-depth metaMDBG development;32365761503:CAMI III LANTERN v4 corrected untouched holdout 14-15;32365761441:CAMI III LANTERN domain-specific SPAdes development;32365761410:CAMI III LANTERN metaMDBG long-read development benchmark;32364881967:CAMI III LANTERN v4 corrected untouched holdout 14-15;32364881941:CAMI III LANTERN metaMDBG long-read development benchmark;32347334050:CAMI III LANTERN v4 corrected untouched holdout 14-15;32347333860:CAMI III LANTERN metaMDBG long-read development benchmark
2026-08-20T12:53:08.140252+00:00	15	27	32370296647:LANTERN v7 official Toy holdout 18-19 finalizer v2;32369519543:LANTERN v7 official Toy holdout 18-19 finalizer v2;32369399441:LANTERN v7 official Toy holdout 18-19 finalizer v2;32369030791:LANTERN v7 official Toy holdout 18-19 finalizer v2;32368465029:CAMI III LANTERN v4 hybrid-backbone development;32368254148:LANTERN v7 official Toy holdout 18-19 finalizer v2;32368087436:LANTERN v7 official Toy holdout 18-19 finalizer;32368087422:LANTERN v7 official Toy holdout 18-19 finalizer v2;32366268684:LANTERN v7 official Toy holdout 18-19 finalizer v2;32366268605:LANTERN v7 untouched official Toy holdout 18-19;32366100809:CAMI III LANTERN v5 precision-filter holdout 14-15;32366100753:CAMI III LANTERN metaMDBG long-read development benchmark;32366100709:Repair LANTERN v4 holdout input lifetime and dispatch validation;32366100671:CAMI III LANTERN domain-specific SPAdes development;32366100662:CAMI III LANTERN high-depth metaMDBG development;32366100661:CAMI III LANTERN v4 corrected untouched holdout 14-15;32366100651:CAMI III LANTERN additive-rescue untouched holdout 10-11;32365847800:LANTERN v7 untouched official Toy holdout 18-19;32365761907:CAMI III LANTERN additive-rescue untouched holdout 10-11;32365761863:CAMI III LANTERN high-depth metaMDBG development;32365761503:CAMI III LANTERN v4 corrected untouched holdout 14-15;32365761441:CAMI III LANTERN domain-specific SPAdes development;32365761410:CAMI III LANTERN metaMDBG long-read development benchmark;32364881967:CAMI III LANTERN v4 corrected untouched holdout 14-15;32364881941:CAMI III LANTERN metaMDBG long-read development benchmark;32347334050:CAMI III LANTERN v4 corrected untouched holdout 14-15;32347333860:CAMI III LANTERN metaMDBG long-read development benchmark
2026-08-20T12:54:15.172311+00:00	16	26	32370296647:LANTERN v7 official Toy holdout 18-19 finalizer v2;32369519543:LANTERN v7 official Toy holdout 18-19 finalizer v2;32369399441:LANTERN v7 official Toy holdout 18-19 finalizer v2;32369030791:LANTERN v7 official Toy holdout 18-19 finalizer v2;32368465029:CAMI III LANTERN v4 hybrid-backbone development;32368254148:LANTERN v7 official Toy holdout 18-19 finalizer v2;32368087422:LANTERN v7 official Toy holdout 18-19 finalizer v2;32366268684:LANTERN v7 official Toy holdout 18-19 finalizer v2;32366268605:LANTERN v7 untouched official Toy holdout 18-19;32366100809:CAMI III LANTERN v5 precision-filter holdout 14-15;32366100753:CAMI III LANTERN metaMDBG long-read development benchmark;32366100709:Repair LANTERN v4 holdout input lifetime and dispatch validation;32366100671:CAMI III LANTERN domain-specific SPAdes development;32366100662:CAMI III LANTERN high-depth metaMDBG development;32366100661:CAMI III LANTERN v4 corrected untouched holdout 14-15;32366100651:CAMI III LANTERN additive-rescue untouched holdout 10-11;32365847800:LANTERN v7 untouched official Toy holdout 18-19;32365761907:CAMI III LANTERN additive-rescue untouched holdout 10-11;32365761863:CAMI III LANTERN high-depth metaMDBG development;32365761503:CAMI III LANTERN v4 corrected untouched holdout 14-15;32365761441:CAMI III LANTERN domain-specific SPAdes development;32365761410:CAMI III LANTERN metaMDBG long-read development benchmark;32364881967:CAMI III LANTERN v4 corrected untouched holdout 14-15;32364881941:CAMI III LANTERN metaMDBG long-read development benchmark;32347334050:CAMI III LANTERN v4 corrected untouched holdout 14-15;32347333860:CAMI III LANTERN metaMDBG long-read development benchmark
2026-08-20T12:55:21.878315+00:00	17	26	32370296647:LANTERN v7 official Toy holdout 18-19 finalizer v2;32369519543:LANTERN v7 official Toy holdout 18-19 finalizer v2;32369399441:LANTERN v7 official Toy holdout 18-19 finalizer v2;32369030791:LANTERN v7 official Toy holdout 18-19 finalizer v2;32368465029:CAMI III LANTERN v4 hybrid-backbone development;32368254148:LANTERN v7 official Toy holdout 18-19 finalizer v2;32368087422:LANTERN v7 official Toy holdout 18-19 finalizer v2;32366268684:LANTERN v7 official Toy holdout 18-19 finalizer v2;32366268605:LANTERN v7 untouched official Toy holdout 18-19;32366100809:CAMI III LANTERN v5 precision-filter holdout 14-15;32366100753:CAMI III LANTERN metaMDBG long-read development benchmark;32366100709:Repair LANTERN v4 holdout input lifetime and dispatch validation;32366100671:CAMI III LANTERN domain-specific SPAdes development;32366100662:CAMI III LANTERN high-depth metaMDBG development;32366100661:CAMI III LANTERN v4 corrected untouched holdout 14-15;32366100651:CAMI III LANTERN additive-rescue untouched holdout 10-11;32365847800:LANTERN v7 untouched official Toy holdout 18-19;32365761907:CAMI III LANTERN additive-rescue untouched holdout 10-11;32365761863:CAMI III LANTERN high-depth metaMDBG development;32365761503:CAMI III LANTERN v4 corrected untouched holdout 14-15;32365761441:CAMI III LANTERN domain-specific SPAdes development;32365761410:CAMI III LANTERN metaMDBG long-read development benchmark;32364881967:CAMI III LANTERN v4 corrected untouched holdout 14-15;32364881941:CAMI III LANTERN metaMDBG long-read development benchmark;32347334050:CAMI III LANTERN v4 corrected untouched holdout 14-15;32347333860:CAMI III LANTERN metaMDBG long-read development benchmark
2026-08-20T12:56:28.295751+00:00	18	26	32370296647:LANTERN v7 official Toy holdout 18-19 finalizer v2;32369519543:LANTERN v7 official Toy holdout 18-19 finalizer v2;32369399441:LANTERN v7 official Toy holdout 18-19 finalizer v2;32369030791:LANTERN v7 official Toy holdout 18-19 finalizer v2;32368465029:CAMI III LANTERN v4 hybrid-backbone development;32368254148:LANTERN v7 official Toy holdout 18-19 finalizer v2;32368087422:LANTERN v7 official Toy holdout 18-19 finalizer v2;32366268684:LANTERN v7 official Toy holdout 18-19 finalizer v2;32366268605:LANTERN v7 untouched official Toy holdout 18-19;32366100809:CAMI III LANTERN v5 precision-filter holdout 14-15;32366100753:CAMI III LANTERN metaMDBG long-read development benchmark;32366100709:Repair LANTERN v4 holdout input lifetime and dispatch validation;32366100671:CAMI III LANTERN domain-specific SPAdes development;32366100662:CAMI III LANTERN high-depth metaMDBG development;32366100661:CAMI III LANTERN v4 corrected untouched holdout 14-15;32366100651:CAMI III LANTERN additive-rescue untouched holdout 10-11;32365847800:LANTERN v7 untouched official Toy holdout 18-19;32365761907:CAMI III LANTERN additive-rescue untouched holdout 10-11;32365761863:CAMI III LANTERN high-depth metaMDBG development;32365761503:CAMI III LANTERN v4 corrected untouched holdout 14-15;32365761441:CAMI III LANTERN domain-specific SPAdes development;32365761410:CAMI III LANTERN metaMDBG long-read development benchmark;32364881967:CAMI III LANTERN v4 corrected untouched holdout 14-15;32364881941:CAMI III LANTERN metaMDBG long-read development benchmark;32347334050:CAMI III LANTERN v4 corrected untouched holdout 14-15;32347333860:CAMI III LANTERN metaMDBG long-read development benchmark
2026-08-20T12:57:34.641026+00:00	19	25	32370296647:LANTERN v7 official Toy holdout 18-19 finalizer v2;32369519543:LANTERN v7 official Toy holdout 18-19 finalizer v2;32369399441:LANTERN v7 official Toy holdout 18-19 finalizer v2;32369030791:LANTERN v7 official Toy holdout 18-19 finalizer v2;32368465029:CAMI III LANTERN v4 hybrid-backbone development;32368254148:LANTERN v7 official Toy holdout 18-19 finalizer v2;32368087422:LANTERN v7 official Toy holdout 18-19 finalizer v2;32366268684:LANTERN v7 official Toy holdout 18-19 finalizer v2;32366268605:LANTERN v7 untouched official Toy holdout 18-19;32366100809:CAMI III LANTERN v5 precision-filter holdout 14-15;32366100753:CAMI III LANTERN metaMDBG long-read development benchmark;32366100709:Repair LANTERN v4 holdout input lifetime and dispatch validation;32366100671:CAMI III LANTERN domain-specific SPAdes development;32366100662:CAMI III LANTERN high-depth metaMDBG development;32366100661:CAMI III LANTERN v4 corrected untouched holdout 14-15;32366100651:CAMI III LANTERN additive-rescue untouched holdout 10-11;32365847800:LANTERN v7 untouched official Toy holdout 18-19;32365761907:CAMI III LANTERN additive-rescue untouched holdout 10-11;32365761863:CAMI III LANTERN high-depth metaMDBG development;32365761503:CAMI III LANTERN v4 corrected untouched holdout 14-15;32365761441:CAMI III LANTERN domain-specific SPAdes development;32365761410:CAMI III LANTERN metaMDBG long-read development benchmark;32364881967:CAMI III LANTERN v4 corrected untouched holdout 14-15;32364881941:CAMI III LANTERN metaMDBG long-read development benchmark;32347333860:CAMI III LANTERN metaMDBG long-read development benchmark
2026-08-20T12:58:41.399707+00:00	20	25	32370296647:LANTERN v7 official Toy holdout 18-19 finalizer v2;32369519543:LANTERN v7 official Toy holdout 18-19 finalizer v2;32369399441:LANTERN v7 official Toy holdout 18-19 finalizer v2;32369030791:LANTERN v7 official Toy holdout 18-19 finalizer v2;32368465029:CAMI III LANTERN v4 hybrid-backbone development;32368254148:LANTERN v7 official Toy holdout 18-19 finalizer v2;32368087422:LANTERN v7 official Toy holdout 18-19 finalizer v2;32366268684:LANTERN v7 official Toy holdout 18-19 finalizer v2;32366268605:LANTERN v7 untouched official Toy holdout 18-19;32366100809:CAMI III LANTERN v5 precision-filter holdout 14-15;32366100753:CAMI III LANTERN metaMDBG long-read development benchmark;32366100709:Repair LANTERN v4 holdout input lifetime and dispatch validation;32366100671:CAMI III LANTERN domain-specific SPAdes development;32366100662:CAMI III LANTERN high-depth metaMDBG development;32366100661:CAMI III LANTERN v4 corrected untouched holdout 14-15;32366100651:CAMI III LANTERN additive-rescue untouched holdout 10-11;32365847800:LANTERN v7 untouched official Toy holdout 18-19;32365761907:CAMI III LANTERN additive-rescue untouched holdout 10-11;32365761863:CAMI III LANTERN high-depth metaMDBG development;32365761503:CAMI III LANTERN v4 corrected untouched holdout 14-15;32365761441:CAMI III LANTERN domain-specific SPAdes development;32365761410:CAMI III LANTERN metaMDBG long-read development benchmark;32364881967:CAMI III LANTERN v4 corrected untouched holdout 14-15;32364881941:CAMI III LANTERN metaMDBG long-read development benchmark;32347333860:CAMI III LANTERN metaMDBG long-read development benchmark
2026-08-20T12:59:47.614267+00:00	21	25	32370296647:LANTERN v7 official Toy holdout 18-19 finalizer v2;32369519543:LANTERN v7 official Toy holdout 18-19 finalizer v2;32369399441:LANTERN v7 official Toy holdout 18-19 finalizer v2;32369030791:LANTERN v7 official Toy holdout 18-19 finalizer v2;32368465029:CAMI III LANTERN v4 hybrid-backbone development;32368254148:LANTERN v7 official Toy holdout 18-19 finalizer v2;32368087422:LANTERN v7 official Toy holdout 18-19 finalizer v2;32366268684:LANTERN v7 official Toy holdout 18-19 finalizer v2;32366268605:LANTERN v7 untouched official Toy holdout 18-19;32366100809:CAMI III LANTERN v5 precision-filter holdout 14-15;32366100753:CAMI III LANTERN metaMDBG long-read development benchmark;32366100709:Repair LANTERN v4 holdout input lifetime and dispatch validation;32366100671:CAMI III LANTERN domain-specific SPAdes development;32366100662:CAMI III LANTERN high-depth metaMDBG development;32366100661:CAMI III LANTERN v4 corrected untouched holdout 14-15;32366100651:CAMI III LANTERN additive-rescue untouched holdout 10-11;32365847800:LANTERN v7 untouched official Toy holdout 18-19;32365761907:CAMI III LANTERN additive-rescue untouched holdout 10-11;32365761863:CAMI III LANTERN high-depth metaMDBG development;32365761503:CAMI III LANTERN v4 corrected untouched holdout 14-15;32365761441:CAMI III LANTERN domain-specific SPAdes development;32365761410:CAMI III LANTERN metaMDBG long-read development benchmark;32364881967:CAMI III LANTERN v4 corrected untouched holdout 14-15;32364881941:CAMI III LANTERN metaMDBG long-read development benchmark;32347333860:CAMI III LANTERN metaMDBG long-read development benchmark
2026-08-20T13:00:54.357765+00:00	22	24	32370296647:LANTERN v7 official Toy holdout 18-19 finalizer v2;32369519543:LANTERN v7 official Toy holdout 18-19 finalizer v2;32369399441:LANTERN v7 official Toy holdout 18-19 finalizer v2;32369030791:LANTERN v7 official Toy holdout 18-19 finalizer v2;32368465029:CAMI III LANTERN v4 hybrid-backbone development;32368254148:LANTERN v7 official Toy holdout 18-19 finalizer v2;32368087422:LANTERN v7 official Toy holdout 18-19 finalizer v2;32366268684:LANTERN v7 official Toy holdout 18-19 finalizer v2;32366268605:LANTERN v7 untouched official Toy holdout 18-19;32366100809:CAMI III LANTERN v5 precision-filter holdout 14-15;32366100753:CAMI III LANTERN metaMDBG long-read development benchmark;32366100709:Repair LANTERN v4 holdout input lifetime and dispatch validation;32366100671:CAMI III LANTERN domain-specific SPAdes development;32366100662:CAMI III LANTERN high-depth metaMDBG development;32366100661:CAMI III LANTERN v4 corrected untouched holdout 14-15;32366100651:CAMI III LANTERN additive-rescue untouched holdout 10-11;32365847800:LANTERN v7 untouched official Toy holdout 18-19;32365761907:CAMI III LANTERN additive-rescue untouched holdout 10-11;32365761863:CAMI III LANTERN high-depth metaMDBG development;32365761503:CAMI III LANTERN v4 corrected untouched holdout 14-15;32365761410:CAMI III LANTERN metaMDBG long-read development benchmark;32364881967:CAMI III LANTERN v4 corrected untouched holdout 14-15;32364881941:CAMI III LANTERN metaMDBG long-read development benchmark;32347333860:CAMI III LANTERN metaMDBG long-read development benchmark
2026-08-20T13:02:00.983689+00:00	23	24	32370296647:LANTERN v7 official Toy holdout 18-19 finalizer v2;32369519543:LANTERN v7 official Toy holdout 18-19 finalizer v2;32369399441:LANTERN v7 official Toy holdout 18-19 finalizer v2;32369030791:LANTERN v7 official Toy holdout 18-19 finalizer v2;32368465029:CAMI III LANTERN v4 hybrid-backbone development;32368254148:LANTERN v7 official Toy holdout 18-19 finalizer v2;32368087422:LANTERN v7 official Toy holdout 18-19 finalizer v2;32366268684:LANTERN v7 official Toy holdout 18-19 finalizer v2;32366268605:LANTERN v7 untouched official Toy holdout 18-19;32366100809:CAMI III LANTERN v5 precision-filter holdout 14-15;32366100753:CAMI III LANTERN metaMDBG long-read development benchmark;32366100709:Repair LANTERN v4 holdout input lifetime and dispatch validation;32366100671:CAMI III LANTERN domain-specific SPAdes development;32366100662:CAMI III LANTERN high-depth metaMDBG development;32366100661:CAMI III LANTERN v4 corrected untouched holdout 14-15;32366100651:CAMI III LANTERN additive-rescue untouched holdout 10-11;32365847800:LANTERN v7 untouched official Toy holdout 18-19;32365761907:CAMI III LANTERN additive-rescue untouched holdout 10-11;32365761863:CAMI III LANTERN high-depth metaMDBG development;32365761503:CAMI III LANTERN v4 corrected untouched holdout 14-15;32365761410:CAMI III LANTERN metaMDBG long-read development benchmark;32364881967:CAMI III LANTERN v4 corrected untouched holdout 14-15;32364881941:CAMI III LANTERN metaMDBG long-read development benchmark;32347333860:CAMI III LANTERN metaMDBG long-read development benchmark
2026-08-20T13:03:07.518145+00:00	24	23	32370296647:LANTERN v7 official Toy holdout 18-19 finalizer v2;32369519543:LANTERN v7 official Toy holdout 18-19 finalizer v2;32369399441:LANTERN v7 official Toy holdout 18-19 finalizer v2;32369030791:LANTERN v7 official Toy holdout 18-19 finalizer v2;32368254148:LANTERN v7 official Toy holdout 18-19 finalizer v2;32368087422:LANTERN v7 official Toy holdout 18-19 finalizer v2;32366268684:LANTERN v7 official Toy holdout 18-19 finalizer v2;32366268605:LANTERN v7 untouched official Toy holdout 18-19;32366100809:CAMI III LANTERN v5 precision-filter holdout 14-15;32366100753:CAMI III LANTERN metaMDBG long-read development benchmark;32366100709:Repair LANTERN v4 holdout input lifetime and dispatch validation;32366100671:CAMI III LANTERN domain-specific SPAdes development;32366100662:CAMI III LANTERN high-depth metaMDBG development;32366100661:CAMI III LANTERN v4 corrected untouched holdout 14-15;32366100651:CAMI III LANTERN additive-rescue untouched holdout 10-11;32365847800:LANTERN v7 untouched official Toy holdout 18-19;32365761907:CAMI III LANTERN additive-rescue untouched holdout 10-11;32365761863:CAMI III LANTERN high-depth metaMDBG development;32365761503:CAMI III LANTERN v4 corrected untouched holdout 14-15;32365761410:CAMI III LANTERN metaMDBG long-read development benchmark;32364881967:CAMI III LANTERN v4 corrected untouched holdout 14-15;32364881941:CAMI III LANTERN metaMDBG long-read development benchmark;32347333860:CAMI III LANTERN metaMDBG long-read development benchmark
2026-08-20T13:04:14.789737+00:00	25	23	32370296647:LANTERN v7 official Toy holdout 18-19 finalizer v2;32369519543:LANTERN v7 official Toy holdout 18-19 finalizer v2;32369399441:LANTERN v7 official Toy holdout 18-19 finalizer v2;32369030791:LANTERN v7 official Toy holdout 18-19 finalizer v2;32368254148:LANTERN v7 official Toy holdout 18-19 finalizer v2;32368087422:LANTERN v7 official Toy holdout 18-19 finalizer v2;32366268684:LANTERN v7 official Toy holdout 18-19 finalizer v2;32366268605:LANTERN v7 untouched official Toy holdout 18-19;32366100809:CAMI III LANTERN v5 precision-filter holdout 14-15;32366100753:CAMI III LANTERN metaMDBG long-read development benchmark;32366100709:Repair LANTERN v4 holdout input lifetime and dispatch validation;32366100671:CAMI III LANTERN domain-specific SPAdes development;32366100662:CAMI III LANTERN high-depth metaMDBG development;32366100661:CAMI III LANTERN v4 corrected untouched holdout 14-15;32366100651:CAMI III LANTERN additive-rescue untouched holdout 10-11;32365847800:LANTERN v7 untouched official Toy holdout 18-19;32365761907:CAMI III LANTERN additive-rescue untouched holdout 10-11;32365761863:CAMI III LANTERN high-depth metaMDBG development;32365761503:CAMI III LANTERN v4 corrected untouched holdout 14-15;32365761410:CAMI III LANTERN metaMDBG long-read development benchmark;32364881967:CAMI III LANTERN v4 corrected untouched holdout 14-15;32364881941:CAMI III LANTERN metaMDBG long-read development benchmark;32347333860:CAMI III LANTERN metaMDBG long-read development benchmark
2026-08-20T13:05:21.427151+00:00	26	23	32370296647:LANTERN v7 official Toy holdout 18-19 finalizer v2;32369519543:LANTERN v7 official Toy holdout 18-19 finalizer v2;32369399441:LANTERN v7 official Toy holdout 18-19 finalizer v2;32369030791:LANTERN v7 official Toy holdout 18-19 finalizer v2;32368254148:LANTERN v7 official Toy holdout 18-19 finalizer v2;32368087422:LANTERN v7 official Toy holdout 18-19 finalizer v2;32366268684:LANTERN v7 official Toy holdout 18-19 finalizer v2;32366268605:LANTERN v7 untouched official Toy holdout 18-19;32366100809:CAMI III LANTERN v5 precision-filter holdout 14-15;32366100753:CAMI III LANTERN metaMDBG long-read development benchmark;32366100709:Repair LANTERN v4 holdout input lifetime and dispatch validation;32366100671:CAMI III LANTERN domain-specific SPAdes development;32366100662:CAMI III LANTERN high-depth metaMDBG development;32366100661:CAMI III LANTERN v4 corrected untouched holdout 14-15;32366100651:CAMI III LANTERN additive-rescue untouched holdout 10-11;32365847800:LANTERN v7 untouched official Toy holdout 18-19;32365761907:CAMI III LANTERN additive-rescue untouched holdout 10-11;32365761863:CAMI III LANTERN high-depth metaMDBG development;32365761503:CAMI III LANTERN v4 corrected untouched holdout 14-15;32365761410:CAMI III LANTERN metaMDBG long-read development benchmark;32364881967:CAMI III LANTERN v4 corrected untouched holdout 14-15;32364881941:CAMI III LANTERN metaMDBG long-read development benchmark;32347333860:CAMI III LANTERN metaMDBG long-read development benchmark
2026-08-20T13:06:28.438133+00:00	27	23	32370296647:LANTERN v7 official Toy holdout 18-19 finalizer v2;32369519543:LANTERN v7 official Toy holdout 18-19 finalizer v2;32369399441:LANTERN v7 official Toy holdout 18-19 finalizer v2;32369030791:LANTERN v7 official Toy holdout 18-19 finalizer v2;32368254148:LANTERN v7 official Toy holdout 18-19 finalizer v2;32368087422:LANTERN v7 official Toy holdout 18-19 finalizer v2;32366268684:LANTERN v7 official Toy holdout 18-19 finalizer v2;32366268605:LANTERN v7 untouched official Toy holdout 18-19;32366100809:CAMI III LANTERN v5 precision-filter holdout 14-15;32366100753:CAMI III LANTERN metaMDBG long-read development benchmark;32366100709:Repair LANTERN v4 holdout input lifetime and dispatch validation;32366100671:CAMI III LANTERN domain-specific SPAdes development;32366100662:CAMI III LANTERN high-depth metaMDBG development;32366100661:CAMI III LANTERN v4 corrected untouched holdout 14-15;32366100651:CAMI III LANTERN additive-rescue untouched holdout 10-11;32365847800:LANTERN v7 untouched official Toy holdout 18-19;32365761907:CAMI III LANTERN additive-rescue untouched holdout 10-11;32365761863:CAMI III LANTERN high-depth metaMDBG development;32365761503:CAMI III LANTERN v4 corrected untouched holdout 14-15;32365761410:CAMI III LANTERN metaMDBG long-read development benchmark;32364881967:CAMI III LANTERN v4 corrected untouched holdout 14-15;32364881941:CAMI III LANTERN metaMDBG long-read development benchmark;32347333860:CAMI III LANTERN metaMDBG long-read development benchmark
2026-08-20T13:07:34.763590+00:00	28	23	32370296647:LANTERN v7 official Toy holdout 18-19 finalizer v2;32369519543:LANTERN v7 official Toy holdout 18-19 finalizer v2;32369399441:LANTERN v7 official Toy holdout 18-19 finalizer v2;32369030791:LANTERN v7 official Toy holdout 18-19 finalizer v2;32368254148:LANTERN v7 official Toy holdout 18-19 finalizer v2;32368087422:LANTERN v7 official Toy holdout 18-19 finalizer v2;32366268684:LANTERN v7 official Toy holdout 18-19 finalizer v2;32366268605:LANTERN v7 untouched official Toy holdout 18-19;32366100809:CAMI III LANTERN v5 precision-filter holdout 14-15;32366100753:CAMI III LANTERN metaMDBG long-read development benchmark;32366100709:Repair LANTERN v4 holdout input lifetime and dispatch validation;32366100671:CAMI III LANTERN domain-specific SPAdes development;32366100662:CAMI III LANTERN high-depth metaMDBG development;32366100661:CAMI III LANTERN v4 corrected untouched holdout 14-15;32366100651:CAMI III LANTERN additive-rescue untouched holdout 10-11;32365847800:LANTERN v7 untouched official Toy holdout 18-19;32365761907:CAMI III LANTERN additive-rescue untouched holdout 10-11;32365761863:CAMI III LANTERN high-depth metaMDBG development;32365761503:CAMI III LANTERN v4 corrected untouched holdout 14-15;32365761410:CAMI III LANTERN metaMDBG long-read development benchmark;32364881967:CAMI III LANTERN v4 corrected untouched holdout 14-15;32364881941:CAMI III LANTERN metaMDBG long-read development benchmark;32347333860:CAMI III LANTERN metaMDBG long-read development benchmark
2026-08-20T13:08:40.990975+00:00	29	23	32370296647:LANTERN v7 official Toy holdout 18-19 finalizer v2;32369519543:LANTERN v7 official Toy holdout 18-19 finalizer v2;32369399441:LANTERN v7 official Toy holdout 18-19 finalizer v2;32369030791:LANTERN v7 official Toy holdout 18-19 finalizer v2;32368254148:LANTERN v7 official Toy holdout 18-19 finalizer v2;32368087422:LANTERN v7 official Toy holdout 18-19 finalizer v2;32366268684:LANTERN v7 official Toy holdout 18-19 finalizer v2;32366268605:LANTERN v7 untouched official Toy holdout 18-19;32366100809:CAMI III LANTERN v5 precision-filter holdout 14-15;32366100753:CAMI III LANTERN metaMDBG long-read development benchmark;32366100709:Repair LANTERN v4 holdout input lifetime and dispatch validation;32366100671:CAMI III LANTERN domain-specific SPAdes development;32366100662:CAMI III LANTERN high-depth metaMDBG development;32366100661:CAMI III LANTERN v4 corrected untouched holdout 14-15;32366100651:CAMI III LANTERN additive-rescue untouched holdout 10-11;32365847800:LANTERN v7 untouched official Toy holdout 18-19;32365761907:CAMI III LANTERN additive-rescue untouched holdout 10-11;32365761863:CAMI III LANTERN high-depth metaMDBG development;32365761503:CAMI III LANTERN v4 corrected untouched holdout 14-15;32365761410:CAMI III LANTERN metaMDBG long-read development benchmark;32364881967:CAMI III LANTERN v4 corrected untouched holdout 14-15;32364881941:CAMI III LANTERN metaMDBG long-read development benchmark;32347333860:CAMI III LANTERN metaMDBG long-read development benchmark
2026-08-20T13:09:48.034179+00:00	30	23	32370296647:LANTERN v7 official Toy holdout 18-19 finalizer v2;32369519543:LANTERN v7 official Toy holdout 18-19 finalizer v2;32369399441:LANTERN v7 official Toy holdout 18-19 finalizer v2;32369030791:LANTERN v7 official Toy holdout 18-19 finalizer v2;32368254148:LANTERN v7 official Toy holdout 18-19 finalizer v2;32368087422:LANTERN v7 official Toy holdout 18-19 finalizer v2;32366268684:LANTERN v7 official Toy holdout 18-19 finalizer v2;32366268605:LANTERN v7 untouched official Toy holdout 18-19;32366100809:CAMI III LANTERN v5 precision-filter holdout 14-15;32366100753:CAMI III LANTERN metaMDBG long-read development benchmark;32366100709:Repair LANTERN v4 holdout input lifetime and dispatch validation;32366100671:CAMI III LANTERN domain-specific SPAdes development;32366100662:CAMI III LANTERN high-depth metaMDBG development;32366100661:CAMI III LANTERN v4 corrected untouched holdout 14-15;32366100651:CAMI III LANTERN additive-rescue untouched holdout 10-11;32365847800:LANTERN v7 untouched official Toy holdout 18-19;32365761907:CAMI III LANTERN additive-rescue untouched holdout 10-11;32365761863:CAMI III LANTERN high-depth metaMDBG development;32365761503:CAMI III LANTERN v4 corrected untouched holdout 14-15;32365761410:CAMI III LANTERN metaMDBG long-read development benchmark;32364881967:CAMI III LANTERN v4 corrected untouched holdout 14-15;32364881941:CAMI III LANTERN metaMDBG long-read development benchmark;32347333860:CAMI III LANTERN metaMDBG long-read development benchmark
2026-08-20T13:10:54.999656+00:00	31	23	32370296647:LANTERN v7 official Toy holdout 18-19 finalizer v2;32369519543:LANTERN v7 official Toy holdout 18-19 finalizer v2;32369399441:LANTERN v7 official Toy holdout 18-19 finalizer v2;32369030791:LANTERN v7 official Toy holdout 18-19 finalizer v2;32368254148:LANTERN v7 official Toy holdout 18-19 finalizer v2;32368087422:LANTERN v7 official Toy holdout 18-19 finalizer v2;32366268684:LANTERN v7 official Toy holdout 18-19 finalizer v2;32366268605:LANTERN v7 untouched official Toy holdout 18-19;32366100809:CAMI III LANTERN v5 precision-filter holdout 14-15;32366100753:CAMI III LANTERN metaMDBG long-read development benchmark;32366100709:Repair LANTERN v4 holdout input lifetime and dispatch validation;32366100671:CAMI III LANTERN domain-specific SPAdes development;32366100662:CAMI III LANTERN high-depth metaMDBG development;32366100661:CAMI III LANTERN v4 corrected untouched holdout 14-15;32366100651:CAMI III LANTERN additive-rescue untouched holdout 10-11;32365847800:LANTERN v7 untouched official Toy holdout 18-19;32365761907:CAMI III LANTERN additive-rescue untouched holdout 10-11;32365761863:CAMI III LANTERN high-depth metaMDBG development;32365761503:CAMI III LANTERN v4 corrected untouched holdout 14-15;32365761410:CAMI III LANTERN metaMDBG long-read development benchmark;32364881967:CAMI III LANTERN v4 corrected untouched holdout 14-15;32364881941:CAMI III LANTERN metaMDBG long-read development benchmark;32347333860:CAMI III LANTERN metaMDBG long-read development benchmark
2026-08-20T13:12:02.024873+00:00	32	23	32370296647:LANTERN v7 official Toy holdout 18-19 finalizer v2;32369519543:LANTERN v7 official Toy holdout 18-19 finalizer v2;32369399441:LANTERN v7 official Toy holdout 18-19 finalizer v2;32369030791:LANTERN v7 official Toy holdout 18-19 finalizer v2;32368254148:LANTERN v7 official Toy holdout 18-19 finalizer v2;32368087422:LANTERN v7 official Toy holdout 18-19 finalizer v2;32366268684:LANTERN v7 official Toy holdout 18-19 finalizer v2;32366268605:LANTERN v7 untouched official Toy holdout 18-19;32366100809:CAMI III LANTERN v5 precision-filter holdout 14-15;32366100753:CAMI III LANTERN metaMDBG long-read development benchmark;32366100709:Repair LANTERN v4 holdout input lifetime and dispatch validation;32366100671:CAMI III LANTERN domain-specific SPAdes development;32366100662:CAMI III LANTERN high-depth metaMDBG development;32366100661:CAMI III LANTERN v4 corrected untouched holdout 14-15;32366100651:CAMI III LANTERN additive-rescue untouched holdout 10-11;32365847800:LANTERN v7 untouched official Toy holdout 18-19;32365761907:CAMI III LANTERN additive-rescue untouched holdout 10-11;32365761863:CAMI III LANTERN high-depth metaMDBG development;32365761503:CAMI III LANTERN v4 corrected untouched holdout 14-15;32365761410:CAMI III LANTERN metaMDBG long-read development benchmark;32364881967:CAMI III LANTERN v4 corrected untouched holdout 14-15;32364881941:CAMI III LANTERN metaMDBG long-read development benchmark;32347333860:CAMI III LANTERN metaMDBG long-read development benchmark
2026-08-20T13:13:09.869046+00:00	33	23	32370296647:LANTERN v7 official Toy holdout 18-19 finalizer v2;32369519543:LANTERN v7 official Toy holdout 18-19 finalizer v2;32369399441:LANTERN v7 official Toy holdout 18-19 finalizer v2;32369030791:LANTERN v7 official Toy holdout 18-19 finalizer v2;32368254148:LANTERN v7 official Toy holdout 18-19 finalizer v2;32368087422:LANTERN v7 official Toy holdout 18-19 finalizer v2;32366268684:LANTERN v7 official Toy holdout 18-19 finalizer v2;32366268605:LANTERN v7 untouched official Toy holdout 18-19;32366100809:CAMI III LANTERN v5 precision-filter holdout 14-15;32366100753:CAMI III LANTERN metaMDBG long-read development benchmark;32366100709:Repair LANTERN v4 holdout input lifetime and dispatch validation;32366100671:CAMI III LANTERN domain-specific SPAdes development;32366100662:CAMI III LANTERN high-depth metaMDBG development;32366100661:CAMI III LANTERN v4 corrected untouched holdout 14-15;32366100651:CAMI III LANTERN additive-rescue untouched holdout 10-11;32365847800:LANTERN v7 untouched official Toy holdout 18-19;32365761907:CAMI III LANTERN additive-rescue untouched holdout 10-11;32365761863:CAMI III LANTERN high-depth metaMDBG development;32365761503:CAMI III LANTERN v4 corrected untouched holdout 14-15;32365761410:CAMI III LANTERN metaMDBG long-read development benchmark;32364881967:CAMI III LANTERN v4 corrected untouched holdout 14-15;32364881941:CAMI III LANTERN metaMDBG long-read development benchmark;32347333860:CAMI III LANTERN metaMDBG long-read development benchmark
2026-08-20T13:14:16.466443+00:00	34	23	32370296647:LANTERN v7 official Toy holdout 18-19 finalizer v2;32369519543:LANTERN v7 official Toy holdout 18-19 finalizer v2;32369399441:LANTERN v7 official Toy holdout 18-19 finalizer v2;32369030791:LANTERN v7 official Toy holdout 18-19 finalizer v2;32368254148:LANTERN v7 official Toy holdout 18-19 finalizer v2;32368087422:LANTERN v7 official Toy holdout 18-19 finalizer v2;32366268684:LANTERN v7 official Toy holdout 18-19 finalizer v2;32366268605:LANTERN v7 untouched official Toy holdout 18-19;32366100809:CAMI III LANTERN v5 precision-filter holdout 14-15;32366100753:CAMI III LANTERN metaMDBG long-read development benchmark;32366100709:Repair LANTERN v4 holdout input lifetime and dispatch validation;32366100671:CAMI III LANTERN domain-specific SPAdes development;32366100662:CAMI III LANTERN high-depth metaMDBG development;32366100661:CAMI III LANTERN v4 corrected untouched holdout 14-15;32366100651:CAMI III LANTERN additive-rescue untouched holdout 10-11;32365847800:LANTERN v7 untouched official Toy holdout 18-19;32365761907:CAMI III LANTERN additive-rescue untouched holdout 10-11;32365761863:CAMI III LANTERN high-depth metaMDBG development;32365761503:CAMI III LANTERN v4 corrected untouched holdout 14-15;32365761410:CAMI III LANTERN metaMDBG long-read development benchmark;32364881967:CAMI III LANTERN v4 corrected untouched holdout 14-15;32364881941:CAMI III LANTERN metaMDBG long-read development benchmark;32347333860:CAMI III LANTERN metaMDBG long-read development benchmark
2026-08-20T13:15:23.371014+00:00	35	23	32370296647:LANTERN v7 official Toy holdout 18-19 finalizer v2;32369519543:LANTERN v7 official Toy holdout 18-19 finalizer v2;32369399441:LANTERN v7 official Toy holdout 18-19 finalizer v2;32369030791:LANTERN v7 official Toy holdout 18-19 finalizer v2;32368254148:LANTERN v7 official Toy holdout 18-19 finalizer v2;32368087422:LANTERN v7 official Toy holdout 18-19 finalizer v2;32366268684:LANTERN v7 official Toy holdout 18-19 finalizer v2;32366268605:LANTERN v7 untouched official Toy holdout 18-19;32366100809:CAMI III LANTERN v5 precision-filter holdout 14-15;32366100753:CAMI III LANTERN metaMDBG long-read development benchmark;32366100709:Repair LANTERN v4 holdout input lifetime and dispatch validation;32366100671:CAMI III LANTERN domain-specific SPAdes development;32366100662:CAMI III LANTERN high-depth metaMDBG development;32366100661:CAMI III LANTERN v4 corrected untouched holdout 14-15;32366100651:CAMI III LANTERN additive-rescue untouched holdout 10-11;32365847800:LANTERN v7 untouched official Toy holdout 18-19;32365761907:CAMI III LANTERN additive-rescue untouched holdout 10-11;32365761863:CAMI III LANTERN high-depth metaMDBG development;32365761503:CAMI III LANTERN v4 corrected untouched holdout 14-15;32365761410:CAMI III LANTERN metaMDBG long-read development benchmark;32364881967:CAMI III LANTERN v4 corrected untouched holdout 14-15;32364881941:CAMI III LANTERN metaMDBG long-read development benchmark;32347333860:CAMI III LANTERN metaMDBG long-read development benchmark
2026-08-20T13:16:30.158342+00:00	36	23	32370296647:LANTERN v7 official Toy holdout 18-19 finalizer v2;32369519543:LANTERN v7 official Toy holdout 18-19 finalizer v2;32369399441:LANTERN v7 official Toy holdout 18-19 finalizer v2;32369030791:LANTERN v7 official Toy holdout 18-19 finalizer v2;32368254148:LANTERN v7 official Toy holdout 18-19 finalizer v2;32368087422:LANTERN v7 official Toy holdout 18-19 finalizer v2;32366268684:LANTERN v7 official Toy holdout 18-19 finalizer v2;32366268605:LANTERN v7 untouched official Toy holdout 18-19;32366100809:CAMI III LANTERN v5 precision-filter holdout 14-15;32366100753:CAMI III LANTERN metaMDBG long-read development benchmark;32366100709:Repair LANTERN v4 holdout input lifetime and dispatch validation;32366100671:CAMI III LANTERN domain-specific SPAdes development;32366100662:CAMI III LANTERN high-depth metaMDBG development;32366100661:CAMI III LANTERN v4 corrected untouched holdout 14-15;32366100651:CAMI III LANTERN additive-rescue untouched holdout 10-11;32365847800:LANTERN v7 untouched official Toy holdout 18-19;32365761907:CAMI III LANTERN additive-rescue untouched holdout 10-11;32365761863:CAMI III LANTERN high-depth metaMDBG development;32365761503:CAMI III LANTERN v4 corrected untouched holdout 14-15;32365761410:CAMI III LANTERN metaMDBG long-read development benchmark;32364881967:CAMI III LANTERN v4 corrected untouched holdout 14-15;32364881941:CAMI III LANTERN metaMDBG long-read development benchmark;32347333860:CAMI III LANTERN metaMDBG long-read development benchmark
2026-08-20T13:17:36.797762+00:00	37	23	32370296647:LANTERN v7 official Toy holdout 18-19 finalizer v2;32369519543:LANTERN v7 official Toy holdout 18-19 finalizer v2;32369399441:LANTERN v7 official Toy holdout 18-19 finalizer v2;32369030791:LANTERN v7 official Toy holdout 18-19 finalizer v2;32368254148:LANTERN v7 official Toy holdout 18-19 finalizer v2;32368087422:LANTERN v7 official Toy holdout 18-19 finalizer v2;32366268684:LANTERN v7 official Toy holdout 18-19 finalizer v2;32366268605:LANTERN v7 untouched official Toy holdout 18-19;32366100809:CAMI III LANTERN v5 precision-filter holdout 14-15;32366100753:CAMI III LANTERN metaMDBG long-read development benchmark;32366100709:Repair LANTERN v4 holdout input lifetime and dispatch validation;32366100671:CAMI III LANTERN domain-specific SPAdes development;32366100662:CAMI III LANTERN high-depth metaMDBG development;32366100661:CAMI III LANTERN v4 corrected untouched holdout 14-15;32366100651:CAMI III LANTERN additive-rescue untouched holdout 10-11;32365847800:LANTERN v7 untouched official Toy holdout 18-19;32365761907:CAMI III LANTERN additive-rescue untouched holdout 10-11;32365761863:CAMI III LANTERN high-depth metaMDBG development;32365761503:CAMI III LANTERN v4 corrected untouched holdout 14-15;32365761410:CAMI III LANTERN metaMDBG long-read development benchmark;32364881967:CAMI III LANTERN v4 corrected untouched holdout 14-15;32364881941:CAMI III LANTERN metaMDBG long-read development benchmark;32347333860:CAMI III LANTERN metaMDBG long-read development benchmark
2026-08-20T13:18:43.396538+00:00	38	23	32370296647:LANTERN v7 official Toy holdout 18-19 finalizer v2;32369519543:LANTERN v7 official Toy holdout 18-19 finalizer v2;32369399441:LANTERN v7 official Toy holdout 18-19 finalizer v2;32369030791:LANTERN v7 official Toy holdout 18-19 finalizer v2;32368254148:LANTERN v7 official Toy holdout 18-19 finalizer v2;32368087422:LANTERN v7 official Toy holdout 18-19 finalizer v2;32366268684:LANTERN v7 official Toy holdout 18-19 finalizer v2;32366268605:LANTERN v7 untouched official Toy holdout 18-19;32366100809:CAMI III LANTERN v5 precision-filter holdout 14-15;32366100753:CAMI III LANTERN metaMDBG long-read development benchmark;32366100709:Repair LANTERN v4 holdout input lifetime and dispatch validation;32366100671:CAMI III LANTERN domain-specific SPAdes development;32366100662:CAMI III LANTERN high-depth metaMDBG development;32366100661:CAMI III LANTERN v4 corrected untouched holdout 14-15;32366100651:CAMI III LANTERN additive-rescue untouched holdout 10-11;32365847800:LANTERN v7 untouched official Toy holdout 18-19;32365761907:CAMI III LANTERN additive-rescue untouched holdout 10-11;32365761863:CAMI III LANTERN high-depth metaMDBG development;32365761503:CAMI III LANTERN v4 corrected untouched holdout 14-15;32365761410:CAMI III LANTERN metaMDBG long-read development benchmark;32364881967:CAMI III LANTERN v4 corrected untouched holdout 14-15;32364881941:CAMI III LANTERN metaMDBG long-read development benchmark;32347333860:CAMI III LANTERN metaMDBG long-read development benchmark
2026-08-20T13:19:49.921516+00:00	39	22	32370296647:LANTERN v7 official Toy holdout 18-19 finalizer v2;32369519543:LANTERN v7 official Toy holdout 18-19 finalizer v2;32369399441:LANTERN v7 official Toy holdout 18-19 finalizer v2;32369030791:LANTERN v7 official Toy holdout 18-19 finalizer v2;32368254148:LANTERN v7 official Toy holdout 18-19 finalizer v2;32368087422:LANTERN v7 official Toy holdout 18-19 finalizer v2;32366268684:LANTERN v7 official Toy holdout 18-19 finalizer v2;32366268605:LANTERN v7 untouched official Toy holdout 18-19;32366100809:CAMI III LANTERN v5 precision-filter holdout 14-15;32366100753:CAMI III LANTERN metaMDBG long-read development benchmark;32366100709:Repair LANTERN v4 holdout input lifetime and dispatch validation;32366100671:CAMI III LANTERN domain-specific SPAdes development;32366100662:CAMI III LANTERN high-depth metaMDBG development;32366100661:CAMI III LANTERN v4 corrected untouched holdout 14-15;32366100651:CAMI III LANTERN additive-rescue untouched holdout 10-11;32365847800:LANTERN v7 untouched official Toy holdout 18-19;32365761907:CAMI III LANTERN additive-rescue untouched holdout 10-11;32365761863:CAMI III LANTERN high-depth metaMDBG development;32365761503:CAMI III LANTERN v4 corrected untouched holdout 14-15;32365761410:CAMI III LANTERN metaMDBG long-read development benchmark;32364881967:CAMI III LANTERN v4 corrected untouched holdout 14-15;32364881941:CAMI III LANTERN metaMDBG long-read development benchmark
2026-08-20T13:20:56.536496+00:00	40	22	32370296647:LANTERN v7 official Toy holdout 18-19 finalizer v2;32369519543:LANTERN v7 official Toy holdout 18-19 finalizer v2;32369399441:LANTERN v7 official Toy holdout 18-19 finalizer v2;32369030791:LANTERN v7 official Toy holdout 18-19 finalizer v2;32368254148:LANTERN v7 official Toy holdout 18-19 finalizer v2;32368087422:LANTERN v7 official Toy holdout 18-19 finalizer v2;32366268684:LANTERN v7 official Toy holdout 18-19 finalizer v2;32366268605:LANTERN v7 untouched official Toy holdout 18-19;32366100809:CAMI III LANTERN v5 precision-filter holdout 14-15;32366100753:CAMI III LANTERN metaMDBG long-read development benchmark;32366100709:Repair LANTERN v4 holdout input lifetime and dispatch validation;32366100671:CAMI III LANTERN domain-specific SPAdes development;32366100662:CAMI III LANTERN high-depth metaMDBG development;32366100661:CAMI III LANTERN v4 corrected untouched holdout 14-15;32366100651:CAMI III LANTERN additive-rescue untouched holdout 10-11;32365847800:LANTERN v7 untouched official Toy holdout 18-19;32365761907:CAMI III LANTERN additive-rescue untouched holdout 10-11;32365761863:CAMI III LANTERN high-depth metaMDBG development;32365761503:CAMI III LANTERN v4 corrected untouched holdout 14-15;32365761410:CAMI III LANTERN metaMDBG long-read development benchmark;32364881967:CAMI III LANTERN v4 corrected untouched holdout 14-15;32364881941:CAMI III LANTERN metaMDBG long-read development benchmark
2026-08-20T13:22:03.038259+00:00	41	22	32370296647:LANTERN v7 official Toy holdout 18-19 finalizer v2;32369519543:LANTERN v7 official Toy holdout 18-19 finalizer v2;32369399441:LANTERN v7 official Toy holdout 18-19 finalizer v2;32369030791:LANTERN v7 official Toy holdout 18-19 finalizer v2;32368254148:LANTERN v7 official Toy holdout 18-19 finalizer v2;32368087422:LANTERN v7 official Toy holdout 18-19 finalizer v2;32366268684:LANTERN v7 official Toy holdout 18-19 finalizer v2;32366268605:LANTERN v7 untouched official Toy holdout 18-19;32366100809:CAMI III LANTERN v5 precision-filter holdout 14-15;32366100753:CAMI III LANTERN metaMDBG long-read development benchmark;32366100709:Repair LANTERN v4 holdout input lifetime and dispatch validation;32366100671:CAMI III LANTERN domain-specific SPAdes development;32366100662:CAMI III LANTERN high-depth metaMDBG development;32366100661:CAMI III LANTERN v4 corrected untouched holdout 14-15;32366100651:CAMI III LANTERN additive-rescue untouched holdout 10-11;32365847800:LANTERN v7 untouched official Toy holdout 18-19;32365761907:CAMI III LANTERN additive-rescue untouched holdout 10-11;32365761863:CAMI III LANTERN high-depth metaMDBG development;32365761503:CAMI III LANTERN v4 corrected untouched holdout 14-15;32365761410:CAMI III LANTERN metaMDBG long-read development benchmark;32364881967:CAMI III LANTERN v4 corrected untouched holdout 14-15;32364881941:CAMI III LANTERN metaMDBG long-read development benchmark
2026-08-20T13:23:10.143611+00:00	42	21	32370296647:LANTERN v7 official Toy holdout 18-19 finalizer v2;32369519543:LANTERN v7 official Toy holdout 18-19 finalizer v2;32369399441:LANTERN v7 official Toy holdout 18-19 finalizer v2;32369030791:LANTERN v7 official Toy holdout 18-19 finalizer v2;32368254148:LANTERN v7 official Toy holdout 18-19 finalizer v2;32368087422:LANTERN v7 official Toy holdout 18-19 finalizer v2;32366268605:LANTERN v7 untouched official Toy holdout 18-19;32366100809:CAMI III LANTERN v5 precision-filter holdout 14-15;32366100753:CAMI III LANTERN metaMDBG long-read development benchmark;32366100709:Repair LANTERN v4 holdout input lifetime and dispatch validation;32366100671:CAMI III LANTERN domain-specific SPAdes development;32366100662:CAMI III LANTERN high-depth metaMDBG development;32366100661:CAMI III LANTERN v4 corrected untouched holdout 14-15;32366100651:CAMI III LANTERN additive-rescue untouched holdout 10-11;32365847800:LANTERN v7 untouched official Toy holdout 18-19;32365761907:CAMI III LANTERN additive-rescue untouched holdout 10-11;32365761863:CAMI III LANTERN high-depth metaMDBG development;32365761503:CAMI III LANTERN v4 corrected untouched holdout 14-15;32365761410:CAMI III LANTERN metaMDBG long-read development benchmark;32364881967:CAMI III LANTERN v4 corrected untouched holdout 14-15;32364881941:CAMI III LANTERN metaMDBG long-read development benchmark
2026-08-20T13:24:16.690738+00:00	43	21	32370296647:LANTERN v7 official Toy holdout 18-19 finalizer v2;32369519543:LANTERN v7 official Toy holdout 18-19 finalizer v2;32369399441:LANTERN v7 official Toy holdout 18-19 finalizer v2;32369030791:LANTERN v7 official Toy holdout 18-19 finalizer v2;32368254148:LANTERN v7 official Toy holdout 18-19 finalizer v2;32368087422:LANTERN v7 official Toy holdout 18-19 finalizer v2;32366268605:LANTERN v7 untouched official Toy holdout 18-19;32366100809:CAMI III LANTERN v5 precision-filter holdout 14-15;32366100753:CAMI III LANTERN metaMDBG long-read development benchmark;32366100709:Repair LANTERN v4 holdout input lifetime and dispatch validation;32366100671:CAMI III LANTERN domain-specific SPAdes development;32366100662:CAMI III LANTERN high-depth metaMDBG development;32366100661:CAMI III LANTERN v4 corrected untouched holdout 14-15;32366100651:CAMI III LANTERN additive-rescue untouched holdout 10-11;32365847800:LANTERN v7 untouched official Toy holdout 18-19;32365761907:CAMI III LANTERN additive-rescue untouched holdout 10-11;32365761863:CAMI III LANTERN high-depth metaMDBG development;32365761503:CAMI III LANTERN v4 corrected untouched holdout 14-15;32365761410:CAMI III LANTERN metaMDBG long-read development benchmark;32364881967:CAMI III LANTERN v4 corrected untouched holdout 14-15;32364881941:CAMI III LANTERN metaMDBG long-read development benchmark
2026-08-20T13:25:23.793460+00:00	44	21	32370296647:LANTERN v7 official Toy holdout 18-19 finalizer v2;32369519543:LANTERN v7 official Toy holdout 18-19 finalizer v2;32369399441:LANTERN v7 official Toy holdout 18-19 finalizer v2;32369030791:LANTERN v7 official Toy holdout 18-19 finalizer v2;32368254148:LANTERN v7 official Toy holdout 18-19 finalizer v2;32368087422:LANTERN v7 official Toy holdout 18-19 finalizer v2;32366268605:LANTERN v7 untouched official Toy holdout 18-19;32366100809:CAMI III LANTERN v5 precision-filter holdout 14-15;32366100753:CAMI III LANTERN metaMDBG long-read development benchmark;32366100709:Repair LANTERN v4 holdout input lifetime and dispatch validation;32366100671:CAMI III LANTERN domain-specific SPAdes development;32366100662:CAMI III LANTERN high-depth metaMDBG development;32366100661:CAMI III LANTERN v4 corrected untouched holdout 14-15;32366100651:CAMI III LANTERN additive-rescue untouched holdout 10-11;32365847800:LANTERN v7 untouched official Toy holdout 18-19;32365761907:CAMI III LANTERN additive-rescue untouched holdout 10-11;32365761863:CAMI III LANTERN high-depth metaMDBG development;32365761503:CAMI III LANTERN v4 corrected untouched holdout 14-15;32365761410:CAMI III LANTERN metaMDBG long-read development benchmark;32364881967:CAMI III LANTERN v4 corrected untouched holdout 14-15;32364881941:CAMI III LANTERN metaMDBG long-read development benchmark
2026-08-20T13:26:29.942590+00:00	45	21	32370296647:LANTERN v7 official Toy holdout 18-19 finalizer v2;32369519543:LANTERN v7 official Toy holdout 18-19 finalizer v2;32369399441:LANTERN v7 official Toy holdout 18-19 finalizer v2;32369030791:LANTERN v7 official Toy holdout 18-19 finalizer v2;32368254148:LANTERN v7 official Toy holdout 18-19 finalizer v2;32368087422:LANTERN v7 official Toy holdout 18-19 finalizer v2;32366268605:LANTERN v7 untouched official Toy holdout 18-19;32366100809:CAMI III LANTERN v5 precision-filter holdout 14-15;32366100753:CAMI III LANTERN metaMDBG long-read development benchmark;32366100709:Repair LANTERN v4 holdout input lifetime and dispatch validation;32366100671:CAMI III LANTERN domain-specific SPAdes development;32366100662:CAMI III LANTERN high-depth metaMDBG development;32366100661:CAMI III LANTERN v4 corrected untouched holdout 14-15;32366100651:CAMI III LANTERN additive-rescue untouched holdout 10-11;32365847800:LANTERN v7 untouched official Toy holdout 18-19;32365761907:CAMI III LANTERN additive-rescue untouched holdout 10-11;32365761863:CAMI III LANTERN high-depth metaMDBG development;32365761503:CAMI III LANTERN v4 corrected untouched holdout 14-15;32365761410:CAMI III LANTERN metaMDBG long-read development benchmark;32364881967:CAMI III LANTERN v4 corrected untouched holdout 14-15;32364881941:CAMI III LANTERN metaMDBG long-read development benchmark
2026-08-20T13:27:36.718425+00:00	46	21	32370296647:LANTERN v7 official Toy holdout 18-19 finalizer v2;32369519543:LANTERN v7 official Toy holdout 18-19 finalizer v2;32369399441:LANTERN v7 official Toy holdout 18-19 finalizer v2;32369030791:LANTERN v7 official Toy holdout 18-19 finalizer v2;32368254148:LANTERN v7 official Toy holdout 18-19 finalizer v2;32368087422:LANTERN v7 official Toy holdout 18-19 finalizer v2;32366268605:LANTERN v7 untouched official Toy holdout 18-19;32366100809:CAMI III LANTERN v5 precision-filter holdout 14-15;32366100753:CAMI III LANTERN metaMDBG long-read development benchmark;32366100709:Repair LANTERN v4 holdout input lifetime and dispatch validation;32366100671:CAMI III LANTERN domain-specific SPAdes development;32366100662:CAMI III LANTERN high-depth metaMDBG development;32366100661:CAMI III LANTERN v4 corrected untouched holdout 14-15;32366100651:CAMI III LANTERN additive-rescue untouched holdout 10-11;32365847800:LANTERN v7 untouched official Toy holdout 18-19;32365761907:CAMI III LANTERN additive-rescue untouched holdout 10-11;32365761863:CAMI III LANTERN high-depth metaMDBG development;32365761503:CAMI III LANTERN v4 corrected untouched holdout 14-15;32365761410:CAMI III LANTERN metaMDBG long-read development benchmark;32364881967:CAMI III LANTERN v4 corrected untouched holdout 14-15;32364881941:CAMI III LANTERN metaMDBG long-read development benchmark
2026-08-20T13:28:44.097603+00:00	47	21	32370296647:LANTERN v7 official Toy holdout 18-19 finalizer v2;32369519543:LANTERN v7 official Toy holdout 18-19 finalizer v2;32369399441:LANTERN v7 official Toy holdout 18-19 finalizer v2;32369030791:LANTERN v7 official Toy holdout 18-19 finalizer v2;32368254148:LANTERN v7 official Toy holdout 18-19 finalizer v2;32368087422:LANTERN v7 official Toy holdout 18-19 finalizer v2;32366268605:LANTERN v7 untouched official Toy holdout 18-19;32366100809:CAMI III LANTERN v5 precision-filter holdout 14-15;32366100753:CAMI III LANTERN metaMDBG long-read development benchmark;32366100709:Repair LANTERN v4 holdout input lifetime and dispatch validation;32366100671:CAMI III LANTERN domain-specific SPAdes development;32366100662:CAMI III LANTERN high-depth metaMDBG development;32366100661:CAMI III LANTERN v4 corrected untouched holdout 14-15;32366100651:CAMI III LANTERN additive-rescue untouched holdout 10-11;32365847800:LANTERN v7 untouched official Toy holdout 18-19;32365761907:CAMI III LANTERN additive-rescue untouched holdout 10-11;32365761863:CAMI III LANTERN high-depth metaMDBG development;32365761503:CAMI III LANTERN v4 corrected untouched holdout 14-15;32365761410:CAMI III LANTERN metaMDBG long-read development benchmark;32364881967:CAMI III LANTERN v4 corrected untouched holdout 14-15;32364881941:CAMI III LANTERN metaMDBG long-read development benchmark
2026-08-20T13:29:50.542153+00:00	48	20	32370296647:LANTERN v7 official Toy holdout 18-19 finalizer v2;32369519543:LANTERN v7 official Toy holdout 18-19 finalizer v2;32369399441:LANTERN v7 official Toy holdout 18-19 finalizer v2;32369030791:LANTERN v7 official Toy holdout 18-19 finalizer v2;32368254148:LANTERN v7 official Toy holdout 18-19 finalizer v2;32368087422:LANTERN v7 official Toy holdout 18-19 finalizer v2;32366268605:LANTERN v7 untouched official Toy holdout 18-19;32366100809:CAMI III LANTERN v5 precision-filter holdout 14-15;32366100753:CAMI III LANTERN metaMDBG long-read development benchmark;32366100709:Repair LANTERN v4 holdout input lifetime and dispatch validation;32366100671:CAMI III LANTERN domain-specific SPAdes development;32366100662:CAMI III LANTERN high-depth metaMDBG development;32366100661:CAMI III LANTERN v4 corrected untouched holdout 14-15;32366100651:CAMI III LANTERN additive-rescue untouched holdout 10-11;32365847800:LANTERN v7 untouched official Toy holdout 18-19;32365761863:CAMI III LANTERN high-depth metaMDBG development;32365761503:CAMI III LANTERN v4 corrected untouched holdout 14-15;32365761410:CAMI III LANTERN metaMDBG long-read development benchmark;32364881967:CAMI III LANTERN v4 corrected untouched holdout 14-15;32364881941:CAMI III LANTERN metaMDBG long-read development benchmark
2026-08-20T13:30:57.306213+00:00	49	20	32370296647:LANTERN v7 official Toy holdout 18-19 finalizer v2;32369519543:LANTERN v7 official Toy holdout 18-19 finalizer v2;32369399441:LANTERN v7 official Toy holdout 18-19 finalizer v2;32369030791:LANTERN v7 official Toy holdout 18-19 finalizer v2;32368254148:LANTERN v7 official Toy holdout 18-19 finalizer v2;32368087422:LANTERN v7 official Toy holdout 18-19 finalizer v2;32366268605:LANTERN v7 untouched official Toy holdout 18-19;32366100809:CAMI III LANTERN v5 precision-filter holdout 14-15;32366100753:CAMI III LANTERN metaMDBG long-read development benchmark;32366100709:Repair LANTERN v4 holdout input lifetime and dispatch validation;32366100671:CAMI III LANTERN domain-specific SPAdes development;32366100662:CAMI III LANTERN high-depth metaMDBG development;32366100661:CAMI III LANTERN v4 corrected untouched holdout 14-15;32366100651:CAMI III LANTERN additive-rescue untouched holdout 10-11;32365847800:LANTERN v7 untouched official Toy holdout 18-19;32365761863:CAMI III LANTERN high-depth metaMDBG development;32365761503:CAMI III LANTERN v4 corrected untouched holdout 14-15;32365761410:CAMI III LANTERN metaMDBG long-read development benchmark;32364881967:CAMI III LANTERN v4 corrected untouched holdout 14-15;32364881941:CAMI III LANTERN metaMDBG long-read development benchmark
2026-08-20T13:32:05.454351+00:00	50	20	32370296647:LANTERN v7 official Toy holdout 18-19 finalizer v2;32369519543:LANTERN v7 official Toy holdout 18-19 finalizer v2;32369399441:LANTERN v7 official Toy holdout 18-19 finalizer v2;32369030791:LANTERN v7 official Toy holdout 18-19 finalizer v2;32368254148:LANTERN v7 official Toy holdout 18-19 finalizer v2;32368087422:LANTERN v7 official Toy holdout 18-19 finalizer v2;32366268605:LANTERN v7 untouched official Toy holdout 18-19;32366100809:CAMI III LANTERN v5 precision-filter holdout 14-15;32366100753:CAMI III LANTERN metaMDBG long-read development benchmark;32366100709:Repair LANTERN v4 holdout input lifetime and dispatch validation;32366100671:CAMI III LANTERN domain-specific SPAdes development;32366100662:CAMI III LANTERN high-depth metaMDBG development;32366100661:CAMI III LANTERN v4 corrected untouched holdout 14-15;32366100651:CAMI III LANTERN additive-rescue untouched holdout 10-11;32365847800:LANTERN v7 untouched official Toy holdout 18-19;32365761863:CAMI III LANTERN high-depth metaMDBG development;32365761503:CAMI III LANTERN v4 corrected untouched holdout 14-15;32365761410:CAMI III LANTERN metaMDBG long-read development benchmark;32364881967:CAMI III LANTERN v4 corrected untouched holdout 14-15;32364881941:CAMI III LANTERN metaMDBG long-read development benchmark
2026-08-20T13:33:12.085303+00:00	51	20	32370296647:LANTERN v7 official Toy holdout 18-19 finalizer v2;32369519543:LANTERN v7 official Toy holdout 18-19 finalizer v2;32369399441:LANTERN v7 official Toy holdout 18-19 finalizer v2;32369030791:LANTERN v7 official Toy holdout 18-19 finalizer v2;32368254148:LANTERN v7 official Toy holdout 18-19 finalizer v2;32368087422:LANTERN v7 official Toy holdout 18-19 finalizer v2;32366268605:LANTERN v7 untouched official Toy holdout 18-19;32366100809:CAMI III LANTERN v5 precision-filter holdout 14-15;32366100753:CAMI III LANTERN metaMDBG long-read development benchmark;32366100709:Repair LANTERN v4 holdout input lifetime and dispatch validation;32366100671:CAMI III LANTERN domain-specific SPAdes development;32366100662:CAMI III LANTERN high-depth metaMDBG development;32366100661:CAMI III LANTERN v4 corrected untouched holdout 14-15;32366100651:CAMI III LANTERN additive-rescue untouched holdout 10-11;32365847800:LANTERN v7 untouched official Toy holdout 18-19;32365761863:CAMI III LANTERN high-depth metaMDBG development;32365761503:CAMI III LANTERN v4 corrected untouched holdout 14-15;32365761410:CAMI III LANTERN metaMDBG long-read development benchmark;32364881967:CAMI III LANTERN v4 corrected untouched holdout 14-15;32364881941:CAMI III LANTERN metaMDBG long-read development benchmark
2026-08-20T13:34:19.421028+00:00	52	19	32370296647:LANTERN v7 official Toy holdout 18-19 finalizer v2;32369519543:LANTERN v7 official Toy holdout 18-19 finalizer v2;32369399441:LANTERN v7 official Toy holdout 18-19 finalizer v2;32369030791:LANTERN v7 official Toy holdout 18-19 finalizer v2;32368254148:LANTERN v7 official Toy holdout 18-19 finalizer v2;32366268605:LANTERN v7 untouched official Toy holdout 18-19;32366100809:CAMI III LANTERN v5 precision-filter holdout 14-15;32366100753:CAMI III LANTERN metaMDBG long-read development benchmark;32366100709:Repair LANTERN v4 holdout input lifetime and dispatch validation;32366100671:CAMI III LANTERN domain-specific SPAdes development;32366100662:CAMI III LANTERN high-depth metaMDBG development;32366100661:CAMI III LANTERN v4 corrected untouched holdout 14-15;32366100651:CAMI III LANTERN additive-rescue untouched holdout 10-11;32365847800:LANTERN v7 untouched official Toy holdout 18-19;32365761863:CAMI III LANTERN high-depth metaMDBG development;32365761503:CAMI III LANTERN v4 corrected untouched holdout 14-15;32365761410:CAMI III LANTERN metaMDBG long-read development benchmark;32364881967:CAMI III LANTERN v4 corrected untouched holdout 14-15;32364881941:CAMI III LANTERN metaMDBG long-read development benchmark
2026-08-20T13:35:26.214554+00:00	53	18	32370296647:LANTERN v7 official Toy holdout 18-19 finalizer v2;32369519543:LANTERN v7 official Toy holdout 18-19 finalizer v2;32369399441:LANTERN v7 official Toy holdout 18-19 finalizer v2;32369030791:LANTERN v7 official Toy holdout 18-19 finalizer v2;32368254148:LANTERN v7 official Toy holdout 18-19 finalizer v2;32366268605:LANTERN v7 untouched official Toy holdout 18-19;32366100809:CAMI III LANTERN v5 precision-filter holdout 14-15;32366100753:CAMI III LANTERN metaMDBG long-read development benchmark;32366100671:CAMI III LANTERN domain-specific SPAdes development;32366100662:CAMI III LANTERN high-depth metaMDBG development;32366100661:CAMI III LANTERN v4 corrected untouched holdout 14-15;32366100651:CAMI III LANTERN additive-rescue untouched holdout 10-11;32365847800:LANTERN v7 untouched official Toy holdout 18-19;32365761863:CAMI III LANTERN high-depth metaMDBG development;32365761503:CAMI III LANTERN v4 corrected untouched holdout 14-15;32365761410:CAMI III LANTERN metaMDBG long-read development benchmark;32364881967:CAMI III LANTERN v4 corrected untouched holdout 14-15;32364881941:CAMI III LANTERN metaMDBG long-read development benchmark
2026-08-20T13:36:32.620172+00:00	54	18	32370296647:LANTERN v7 official Toy holdout 18-19 finalizer v2;32369519543:LANTERN v7 official Toy holdout 18-19 finalizer v2;32369399441:LANTERN v7 official Toy holdout 18-19 finalizer v2;32369030791:LANTERN v7 official Toy holdout 18-19 finalizer v2;32368254148:LANTERN v7 official Toy holdout 18-19 finalizer v2;32366268605:LANTERN v7 untouched official Toy holdout 18-19;32366100809:CAMI III LANTERN v5 precision-filter holdout 14-15;32366100753:CAMI III LANTERN metaMDBG long-read development benchmark;32366100671:CAMI III LANTERN domain-specific SPAdes development;32366100662:CAMI III LANTERN high-depth metaMDBG development;32366100661:CAMI III LANTERN v4 corrected untouched holdout 14-15;32366100651:CAMI III LANTERN additive-rescue untouched holdout 10-11;32365847800:LANTERN v7 untouched official Toy holdout 18-19;32365761863:CAMI III LANTERN high-depth metaMDBG development;32365761503:CAMI III LANTERN v4 corrected untouched holdout 14-15;32365761410:CAMI III LANTERN metaMDBG long-read development benchmark;32364881967:CAMI III LANTERN v4 corrected untouched holdout 14-15;32364881941:CAMI III LANTERN metaMDBG long-read development benchmark
2026-08-20T13:37:39.238737+00:00	55	15	32370296647:LANTERN v7 official Toy holdout 18-19 finalizer v2;32369399441:LANTERN v7 official Toy holdout 18-19 finalizer v2;32369030791:LANTERN v7 official Toy holdout 18-19 finalizer v2;32368254148:LANTERN v7 official Toy holdout 18-19 finalizer v2;32366268605:LANTERN v7 untouched official Toy holdout 18-19;32366100753:CAMI III LANTERN metaMDBG long-read development benchmark;32366100671:CAMI III LANTERN domain-specific SPAdes development;32366100662:CAMI III LANTERN high-depth metaMDBG development;32366100661:CAMI III LANTERN v4 corrected untouched holdout 14-15;32366100651:CAMI III LANTERN additive-rescue untouched holdout 10-11;32365847800:LANTERN v7 untouched official Toy holdout 18-19;32365761863:CAMI III LANTERN high-depth metaMDBG development;32365761503:CAMI III LANTERN v4 corrected untouched holdout 14-15;32365761410:CAMI III LANTERN metaMDBG long-read development benchmark;32364881967:CAMI III LANTERN v4 corrected untouched holdout 14-15
2026-08-20T13:38:45.891030+00:00	56	15	32370296647:LANTERN v7 official Toy holdout 18-19 finalizer v2;32369399441:LANTERN v7 official Toy holdout 18-19 finalizer v2;32369030791:LANTERN v7 official Toy holdout 18-19 finalizer v2;32368254148:LANTERN v7 official Toy holdout 18-19 finalizer v2;32366268605:LANTERN v7 untouched official Toy holdout 18-19;32366100753:CAMI III LANTERN metaMDBG long-read development benchmark;32366100671:CAMI III LANTERN domain-specific SPAdes development;32366100662:CAMI III LANTERN high-depth metaMDBG development;32366100661:CAMI III LANTERN v4 corrected untouched holdout 14-15;32366100651:CAMI III LANTERN additive-rescue untouched holdout 10-11;32365847800:LANTERN v7 untouched official Toy holdout 18-19;32365761863:CAMI III LANTERN high-depth metaMDBG development;32365761503:CAMI III LANTERN v4 corrected untouched holdout 14-15;32365761410:CAMI III LANTERN metaMDBG long-read development benchmark;32364881967:CAMI III LANTERN v4 corrected untouched holdout 14-15
2026-08-20T13:39:52.335776+00:00	57	13	32369399441:LANTERN v7 official Toy holdout 18-19 finalizer v2;32368254148:LANTERN v7 official Toy holdout 18-19 finalizer v2;32366268605:LANTERN v7 untouched official Toy holdout 18-19;32366100753:CAMI III LANTERN metaMDBG long-read development benchmark;32366100671:CAMI III LANTERN domain-specific SPAdes development;32366100662:CAMI III LANTERN high-depth metaMDBG development;32366100661:CAMI III LANTERN v4 corrected untouched holdout 14-15;32366100651:CAMI III LANTERN additive-rescue untouched holdout 10-11;32365847800:LANTERN v7 untouched official Toy holdout 18-19;32365761863:CAMI III LANTERN high-depth metaMDBG development;32365761503:CAMI III LANTERN v4 corrected untouched holdout 14-15;32365761410:CAMI III LANTERN metaMDBG long-read development benchmark;32364881967:CAMI III LANTERN v4 corrected untouched holdout 14-15
2026-08-20T13:40:59.286387+00:00	58	12	32369399441:LANTERN v7 official Toy holdout 18-19 finalizer v2;32368254148:LANTERN v7 official Toy holdout 18-19 finalizer v2;32366268605:LANTERN v7 untouched official Toy holdout 18-19;32366100753:CAMI III LANTERN metaMDBG long-read development benchmark;32366100671:CAMI III LANTERN domain-specific SPAdes development;32366100662:CAMI III LANTERN high-depth metaMDBG development;32366100661:CAMI III LANTERN v4 corrected untouched holdout 14-15;32365847800:LANTERN v7 untouched official Toy holdout 18-19;32365761863:CAMI III LANTERN high-depth metaMDBG development;32365761503:CAMI III LANTERN v4 corrected untouched holdout 14-15;32365761410:CAMI III LANTERN metaMDBG long-read development benchmark;32364881967:CAMI III LANTERN v4 corrected untouched holdout 14-15
2026-08-20T13:42:05.688660+00:00	59	10	32369399441:LANTERN v7 official Toy holdout 18-19 finalizer v2;32368254148:LANTERN v7 official Toy holdout 18-19 finalizer v2;32366268605:LANTERN v7 untouched official Toy holdout 18-19;32366100753:CAMI III LANTERN metaMDBG long-read development benchmark;32366100662:CAMI III LANTERN high-depth metaMDBG development;32366100661:CAMI III LANTERN v4 corrected untouched holdout 14-15;32365847800:LANTERN v7 untouched official Toy holdout 18-19;32365761503:CAMI III LANTERN v4 corrected untouched holdout 14-15;32365761410:CAMI III LANTERN metaMDBG long-read development benchmark;32364881967:CAMI III LANTERN v4 corrected untouched holdout 14-15
2026-08-20T13:43:12.180882+00:00	60	10	32369399441:LANTERN v7 official Toy holdout 18-19 finalizer v2;32368254148:LANTERN v7 official Toy holdout 18-19 finalizer v2;32366268605:LANTERN v7 untouched official Toy holdout 18-19;32366100753:CAMI III LANTERN metaMDBG long-read development benchmark;32366100662:CAMI III LANTERN high-depth metaMDBG development;32366100661:CAMI III LANTERN v4 corrected untouched holdout 14-15;32365847800:LANTERN v7 untouched official Toy holdout 18-19;32365761503:CAMI III LANTERN v4 corrected untouched holdout 14-15;32365761410:CAMI III LANTERN metaMDBG long-read development benchmark;32364881967:CAMI III LANTERN v4 corrected untouched holdout 14-15
2026-08-20T13:44:19.162819+00:00	61	10	32369399441:LANTERN v7 official Toy holdout 18-19 finalizer v2;32368254148:LANTERN v7 official Toy holdout 18-19 finalizer v2;32366268605:LANTERN v7 untouched official Toy holdout 18-19;32366100753:CAMI III LANTERN metaMDBG long-read development benchmark;32366100662:CAMI III LANTERN high-depth metaMDBG development;32366100661:CAMI III LANTERN v4 corrected untouched holdout 14-15;32365847800:LANTERN v7 untouched official Toy holdout 18-19;32365761503:CAMI III LANTERN v4 corrected untouched holdout 14-15;32365761410:CAMI III LANTERN metaMDBG long-read development benchmark;32364881967:CAMI III LANTERN v4 corrected untouched holdout 14-15
2026-08-20T13:45:25.326431+00:00	62	10	32369399441:LANTERN v7 official Toy holdout 18-19 finalizer v2;32368254148:LANTERN v7 official Toy holdout 18-19 finalizer v2;32366268605:LANTERN v7 untouched official Toy holdout 18-19;32366100753:CAMI III LANTERN metaMDBG long-read development benchmark;32366100662:CAMI III LANTERN high-depth metaMDBG development;32366100661:CAMI III LANTERN v4 corrected untouched holdout 14-15;32365847800:LANTERN v7 untouched official Toy holdout 18-19;32365761503:CAMI III LANTERN v4 corrected untouched holdout 14-15;32365761410:CAMI III LANTERN metaMDBG long-read development benchmark;32364881967:CAMI III LANTERN v4 corrected untouched holdout 14-15
2026-08-20T13:46:31.355508+00:00	63	10	32369399441:LANTERN v7 official Toy holdout 18-19 finalizer v2;32368254148:LANTERN v7 official Toy holdout 18-19 finalizer v2;32366268605:LANTERN v7 untouched official Toy holdout 18-19;32366100753:CAMI III LANTERN metaMDBG long-read development benchmark;32366100662:CAMI III LANTERN high-depth metaMDBG development;32366100661:CAMI III LANTERN v4 corrected untouched holdout 14-15;32365847800:LANTERN v7 untouched official Toy holdout 18-19;32365761503:CAMI III LANTERN v4 corrected untouched holdout 14-15;32365761410:CAMI III LANTERN metaMDBG long-read development benchmark;32364881967:CAMI III LANTERN v4 corrected untouched holdout 14-15
2026-08-20T13:47:37.940819+00:00	64	10	32369399441:LANTERN v7 official Toy holdout 18-19 finalizer v2;32368254148:LANTERN v7 official Toy holdout 18-19 finalizer v2;32366268605:LANTERN v7 untouched official Toy holdout 18-19;32366100753:CAMI III LANTERN metaMDBG long-read development benchmark;32366100662:CAMI III LANTERN high-depth metaMDBG development;32366100661:CAMI III LANTERN v4 corrected untouched holdout 14-15;32365847800:LANTERN v7 untouched official Toy holdout 18-19;32365761503:CAMI III LANTERN v4 corrected untouched holdout 14-15;32365761410:CAMI III LANTERN metaMDBG long-read development benchmark;32364881967:CAMI III LANTERN v4 corrected untouched holdout 14-15
2026-08-20T13:48:45.045358+00:00	65	10	32369399441:LANTERN v7 official Toy holdout 18-19 finalizer v2;32368254148:LANTERN v7 official Toy holdout 18-19 finalizer v2;32366268605:LANTERN v7 untouched official Toy holdout 18-19;32366100753:CAMI III LANTERN metaMDBG long-read development benchmark;32366100662:CAMI III LANTERN high-depth metaMDBG development;32366100661:CAMI III LANTERN v4 corrected untouched holdout 14-15;32365847800:LANTERN v7 untouched official Toy holdout 18-19;32365761503:CAMI III LANTERN v4 corrected untouched holdout 14-15;32365761410:CAMI III LANTERN metaMDBG long-read development benchmark;32364881967:CAMI III LANTERN v4 corrected untouched holdout 14-15
2026-08-20T13:49:51.540989+00:00	66	10	32369399441:LANTERN v7 official Toy holdout 18-19 finalizer v2;32368254148:LANTERN v7 official Toy holdout 18-19 finalizer v2;32366268605:LANTERN v7 untouched official Toy holdout 18-19;32366100753:CAMI III LANTERN metaMDBG long-read development benchmark;32366100662:CAMI III LANTERN high-depth metaMDBG development;32366100661:CAMI III LANTERN v4 corrected untouched holdout 14-15;32365847800:LANTERN v7 untouched official Toy holdout 18-19;32365761503:CAMI III LANTERN v4 corrected untouched holdout 14-15;32365761410:CAMI III LANTERN metaMDBG long-read development benchmark;32364881967:CAMI III LANTERN v4 corrected untouched holdout 14-15
2026-08-20T13:50:58.453954+00:00	67	10	32369399441:LANTERN v7 official Toy holdout 18-19 finalizer v2;32368254148:LANTERN v7 official Toy holdout 18-19 finalizer v2;32366268605:LANTERN v7 untouched official Toy holdout 18-19;32366100753:CAMI III LANTERN metaMDBG long-read development benchmark;32366100662:CAMI III LANTERN high-depth metaMDBG development;32366100661:CAMI III LANTERN v4 corrected untouched holdout 14-15;32365847800:LANTERN v7 untouched official Toy holdout 18-19;32365761503:CAMI III LANTERN v4 corrected untouched holdout 14-15;32365761410:CAMI III LANTERN metaMDBG long-read development benchmark;32364881967:CAMI III LANTERN v4 corrected untouched holdout 14-15
2026-08-20T13:52:05.776524+00:00	68	10	32369399441:LANTERN v7 official Toy holdout 18-19 finalizer v2;32368254148:LANTERN v7 official Toy holdout 18-19 finalizer v2;32366268605:LANTERN v7 untouched official Toy holdout 18-19;32366100753:CAMI III LANTERN metaMDBG long-read development benchmark;32366100662:CAMI III LANTERN high-depth metaMDBG development;32366100661:CAMI III LANTERN v4 corrected untouched holdout 14-15;32365847800:LANTERN v7 untouched official Toy holdout 18-19;32365761503:CAMI III LANTERN v4 corrected untouched holdout 14-15;32365761410:CAMI III LANTERN metaMDBG long-read development benchmark;32364881967:CAMI III LANTERN v4 corrected untouched holdout 14-15
2026-08-20T13:53:12.868431+00:00	69	9	32369399441:LANTERN v7 official Toy holdout 18-19 finalizer v2;32368254148:LANTERN v7 official Toy holdout 18-19 finalizer v2;32366268605:LANTERN v7 untouched official Toy holdout 18-19;32366100753:CAMI III LANTERN metaMDBG long-read development benchmark;32366100661:CAMI III LANTERN v4 corrected untouched holdout 14-15;32365847800:LANTERN v7 untouched official Toy holdout 18-19;32365761503:CAMI III LANTERN v4 corrected untouched holdout 14-15;32365761410:CAMI III LANTERN metaMDBG long-read development benchmark;32364881967:CAMI III LANTERN v4 corrected untouched holdout 14-15
2026-08-20T13:54:20.053692+00:00	70	9	32369399441:LANTERN v7 official Toy holdout 18-19 finalizer v2;32368254148:LANTERN v7 official Toy holdout 18-19 finalizer v2;32366268605:LANTERN v7 untouched official Toy holdout 18-19;32366100753:CAMI III LANTERN metaMDBG long-read development benchmark;32366100661:CAMI III LANTERN v4 corrected untouched holdout 14-15;32365847800:LANTERN v7 untouched official Toy holdout 18-19;32365761503:CAMI III LANTERN v4 corrected untouched holdout 14-15;32365761410:CAMI III LANTERN metaMDBG long-read development benchmark;32364881967:CAMI III LANTERN v4 corrected untouched holdout 14-15
2026-08-20T13:55:26.742723+00:00	71	9	32369399441:LANTERN v7 official Toy holdout 18-19 finalizer v2;32368254148:LANTERN v7 official Toy holdout 18-19 finalizer v2;32366268605:LANTERN v7 untouched official Toy holdout 18-19;32366100753:CAMI III LANTERN metaMDBG long-read development benchmark;32366100661:CAMI III LANTERN v4 corrected untouched holdout 14-15;32365847800:LANTERN v7 untouched official Toy holdout 18-19;32365761503:CAMI III LANTERN v4 corrected untouched holdout 14-15;32365761410:CAMI III LANTERN metaMDBG long-read development benchmark;32364881967:CAMI III LANTERN v4 corrected untouched holdout 14-15
2026-08-20T13:56:33.408532+00:00	72	9	32369399441:LANTERN v7 official Toy holdout 18-19 finalizer v2;32368254148:LANTERN v7 official Toy holdout 18-19 finalizer v2;32366268605:LANTERN v7 untouched official Toy holdout 18-19;32366100753:CAMI III LANTERN metaMDBG long-read development benchmark;32366100661:CAMI III LANTERN v4 corrected untouched holdout 14-15;32365847800:LANTERN v7 untouched official Toy holdout 18-19;32365761503:CAMI III LANTERN v4 corrected untouched holdout 14-15;32365761410:CAMI III LANTERN metaMDBG long-read development benchmark;32364881967:CAMI III LANTERN v4 corrected untouched holdout 14-15
2026-08-20T13:57:40.110318+00:00	73	8	32369399441:LANTERN v7 official Toy holdout 18-19 finalizer v2;32366268605:LANTERN v7 untouched official Toy holdout 18-19;32366100753:CAMI III LANTERN metaMDBG long-read development benchmark;32366100661:CAMI III LANTERN v4 corrected untouched holdout 14-15;32365847800:LANTERN v7 untouched official Toy holdout 18-19;32365761503:CAMI III LANTERN v4 corrected untouched holdout 14-15;32365761410:CAMI III LANTERN metaMDBG long-read development benchmark;32364881967:CAMI III LANTERN v4 corrected untouched holdout 14-15
2026-08-20T13:58:46.870302+00:00	74	7	32369399441:LANTERN v7 official Toy holdout 18-19 finalizer v2;32366268605:LANTERN v7 untouched official Toy holdout 18-19;32366100753:CAMI III LANTERN metaMDBG long-read development benchmark;32366100661:CAMI III LANTERN v4 corrected untouched holdout 14-15;32365847800:LANTERN v7 untouched official Toy holdout 18-19;32365761503:CAMI III LANTERN v4 corrected untouched holdout 14-15;32364881967:CAMI III LANTERN v4 corrected untouched holdout 14-15
2026-08-20T13:59:53.426255+00:00	75	7	32369399441:LANTERN v7 official Toy holdout 18-19 finalizer v2;32366268605:LANTERN v7 untouched official Toy holdout 18-19;32366100753:CAMI III LANTERN metaMDBG long-read development benchmark;32366100661:CAMI III LANTERN v4 corrected untouched holdout 14-15;32365847800:LANTERN v7 untouched official Toy holdout 18-19;32365761503:CAMI III LANTERN v4 corrected untouched holdout 14-15;32364881967:CAMI III LANTERN v4 corrected untouched holdout 14-15
2026-08-20T14:00:59.560741+00:00	76	6	32369399441:LANTERN v7 official Toy holdout 18-19 finalizer v2;32366268605:LANTERN v7 untouched official Toy holdout 18-19;32366100661:CAMI III LANTERN v4 corrected untouched holdout 14-15;32365847800:LANTERN v7 untouched official Toy holdout 18-19;32365761503:CAMI III LANTERN v4 corrected untouched holdout 14-15;32364881967:CAMI III LANTERN v4 corrected untouched holdout 14-15
2026-08-20T14:02:06.423009+00:00	77	6	32369399441:LANTERN v7 official Toy holdout 18-19 finalizer v2;32366268605:LANTERN v7 untouched official Toy holdout 18-19;32366100661:CAMI III LANTERN v4 corrected untouched holdout 14-15;32365847800:LANTERN v7 untouched official Toy holdout 18-19;32365761503:CAMI III LANTERN v4 corrected untouched holdout 14-15;32364881967:CAMI III LANTERN v4 corrected untouched holdout 14-15
2026-08-20T14:03:13.543507+00:00	78	6	32369399441:LANTERN v7 official Toy holdout 18-19 finalizer v2;32366268605:LANTERN v7 untouched official Toy holdout 18-19;32366100661:CAMI III LANTERN v4 corrected untouched holdout 14-15;32365847800:LANTERN v7 untouched official Toy holdout 18-19;32365761503:CAMI III LANTERN v4 corrected untouched holdout 14-15;32364881967:CAMI III LANTERN v4 corrected untouched holdout 14-15
2026-08-20T14:04:20.421090+00:00	79	6	32369399441:LANTERN v7 official Toy holdout 18-19 finalizer v2;32366268605:LANTERN v7 untouched official Toy holdout 18-19;32366100661:CAMI III LANTERN v4 corrected untouched holdout 14-15;32365847800:LANTERN v7 untouched official Toy holdout 18-19;32365761503:CAMI III LANTERN v4 corrected untouched holdout 14-15;32364881967:CAMI III LANTERN v4 corrected untouched holdout 14-15
2026-08-20T14:05:27.032348+00:00	80	6	32369399441:LANTERN v7 official Toy holdout 18-19 finalizer v2;32366268605:LANTERN v7 untouched official Toy holdout 18-19;32366100661:CAMI III LANTERN v4 corrected untouched holdout 14-15;32365847800:LANTERN v7 untouched official Toy holdout 18-19;32365761503:CAMI III LANTERN v4 corrected untouched holdout 14-15;32364881967:CAMI III LANTERN v4 corrected untouched holdout 14-15
2026-08-20T14:06:33.307456+00:00	81	5	32366268605:LANTERN v7 untouched official Toy holdout 18-19;32366100661:CAMI III LANTERN v4 corrected untouched holdout 14-15;32365847800:LANTERN v7 untouched official Toy holdout 18-19;32365761503:CAMI III LANTERN v4 corrected untouched holdout 14-15;32364881967:CAMI III LANTERN v4 corrected untouched holdout 14-15
2026-08-20T14:07:40.898776+00:00	82	5	32366268605:LANTERN v7 untouched official Toy holdout 18-19;32366100661:CAMI III LANTERN v4 corrected untouched holdout 14-15;32365847800:LANTERN v7 untouched official Toy holdout 18-19;32365761503:CAMI III LANTERN v4 corrected untouched holdout 14-15;32364881967:CAMI III LANTERN v4 corrected untouched holdout 14-15
2026-08-20T14:08:47.267554+00:00	83	5	32366268605:LANTERN v7 untouched official Toy holdout 18-19;32366100661:CAMI III LANTERN v4 corrected untouched holdout 14-15;32365847800:LANTERN v7 untouched official Toy holdout 18-19;32365761503:CAMI III LANTERN v4 corrected untouched holdout 14-15;32364881967:CAMI III LANTERN v4 corrected untouched holdout 14-15
2026-08-20T14:09:54.192662+00:00	84	5	32366268605:LANTERN v7 untouched official Toy holdout 18-19;32366100661:CAMI III LANTERN v4 corrected untouched holdout 14-15;32365847800:LANTERN v7 untouched official Toy holdout 18-19;32365761503:CAMI III LANTERN v4 corrected untouched holdout 14-15;32364881967:CAMI III LANTERN v4 corrected untouched holdout 14-15
2026-08-20T14:11:00.570348+00:00	85	5	32366268605:LANTERN v7 untouched official Toy holdout 18-19;32366100661:CAMI III LANTERN v4 corrected untouched holdout 14-15;32365847800:LANTERN v7 untouched official Toy holdout 18-19;32365761503:CAMI III LANTERN v4 corrected untouched holdout 14-15;32364881967:CAMI III LANTERN v4 corrected untouched holdout 14-15
2026-08-20T14:12:07.354661+00:00	86	5	32366268605:LANTERN v7 untouched official Toy holdout 18-19;32366100661:CAMI III LANTERN v4 corrected untouched holdout 14-15;32365847800:LANTERN v7 untouched official Toy holdout 18-19;32365761503:CAMI III LANTERN v4 corrected untouched holdout 14-15;32364881967:CAMI III LANTERN v4 corrected untouched holdout 14-15
2026-08-20T14:13:13.737577+00:00	87	5	32366268605:LANTERN v7 untouched official Toy holdout 18-19;32366100661:CAMI III LANTERN v4 corrected untouched holdout 14-15;32365847800:LANTERN v7 untouched official Toy holdout 18-19;32365761503:CAMI III LANTERN v4 corrected untouched holdout 14-15;32364881967:CAMI III LANTERN v4 corrected untouched holdout 14-15
2026-08-20T14:14:20.883717+00:00	88	5	32366268605:LANTERN v7 untouched official Toy holdout 18-19;32366100661:CAMI III LANTERN v4 corrected untouched holdout 14-15;32365847800:LANTERN v7 untouched official Toy holdout 18-19;32365761503:CAMI III LANTERN v4 corrected untouched holdout 14-15;32364881967:CAMI III LANTERN v4 corrected untouched holdout 14-15
2026-08-20T14:15:27.360913+00:00	89	5	32366268605:LANTERN v7 untouched official Toy holdout 18-19;32366100661:CAMI III LANTERN v4 corrected untouched holdout 14-15;32365847800:LANTERN v7 untouched official Toy holdout 18-19;32365761503:CAMI III LANTERN v4 corrected untouched holdout 14-15;32364881967:CAMI III LANTERN v4 corrected untouched holdout 14-15
2026-08-20T14:16:34.068846+00:00	90	5	32366268605:LANTERN v7 untouched official Toy holdout 18-19;32366100661:CAMI III LANTERN v4 corrected untouched holdout 14-15;32365847800:LANTERN v7 untouched official Toy holdout 18-19;32365761503:CAMI III LANTERN v4 corrected untouched holdout 14-15;32364881967:CAMI III LANTERN v4 corrected untouched holdout 14-15
2026-08-20T14:17:41.094226+00:00	91	5	32366268605:LANTERN v7 untouched official Toy holdout 18-19;32366100661:CAMI III LANTERN v4 corrected untouched holdout 14-15;32365847800:LANTERN v7 untouched official Toy holdout 18-19;32365761503:CAMI III LANTERN v4 corrected untouched holdout 14-15;32364881967:CAMI III LANTERN v4 corrected untouched holdout 14-15
2026-08-20T14:18:47.777430+00:00	92	5	32366268605:LANTERN v7 untouched official Toy holdout 18-19;32366100661:CAMI III LANTERN v4 corrected untouched holdout 14-15;32365847800:LANTERN v7 untouched official Toy holdout 18-19;32365761503:CAMI III LANTERN v4 corrected untouched holdout 14-15;32364881967:CAMI III LANTERN v4 corrected untouched holdout 14-15
2026-08-20T14:19:54.318076+00:00	93	5	32366268605:LANTERN v7 untouched official Toy holdout 18-19;32366100661:CAMI III LANTERN v4 corrected untouched holdout 14-15;32365847800:LANTERN v7 untouched official Toy holdout 18-19;32365761503:CAMI III LANTERN v4 corrected untouched holdout 14-15;32364881967:CAMI III LANTERN v4 corrected untouched holdout 14-15
2026-08-20T14:21:01.539203+00:00	94	5	32366268605:LANTERN v7 untouched official Toy holdout 18-19;32366100661:CAMI III LANTERN v4 corrected untouched holdout 14-15;32365847800:LANTERN v7 untouched official Toy holdout 18-19;32365761503:CAMI III LANTERN v4 corrected untouched holdout 14-15;32364881967:CAMI III LANTERN v4 corrected untouched holdout 14-15
2026-08-20T14:22:07.855441+00:00	95	5	32366268605:LANTERN v7 untouched official Toy holdout 18-19;32366100661:CAMI III LANTERN v4 corrected untouched holdout 14-15;32365847800:LANTERN v7 untouched official Toy holdout 18-19;32365761503:CAMI III LANTERN v4 corrected untouched holdout 14-15;32364881967:CAMI III LANTERN v4 corrected untouched holdout 14-15
2026-08-20T14:23:14.726599+00:00	96	5	32366268605:LANTERN v7 untouched official Toy holdout 18-19;32366100661:CAMI III LANTERN v4 corrected untouched holdout 14-15;32365847800:LANTERN v7 untouched official Toy holdout 18-19;32365761503:CAMI III LANTERN v4 corrected untouched holdout 14-15;32364881967:CAMI III LANTERN v4 corrected untouched holdout 14-15
2026-08-20T14:24:21.799488+00:00	97	5	32366268605:LANTERN v7 untouched official Toy holdout 18-19;32366100661:CAMI III LANTERN v4 corrected untouched holdout 14-15;32365847800:LANTERN v7 untouched official Toy holdout 18-19;32365761503:CAMI III LANTERN v4 corrected untouched holdout 14-15;32364881967:CAMI III LANTERN v4 corrected untouched holdout 14-15
2026-08-20T14:25:28.195074+00:00	98	4	32366268605:LANTERN v7 untouched official Toy holdout 18-19;32366100661:CAMI III LANTERN v4 corrected untouched holdout 14-15;32365761503:CAMI III LANTERN v4 corrected untouched holdout 14-15;32364881967:CAMI III LANTERN v4 corrected untouched holdout 14-15
2026-08-20T14:26:35.061067+00:00	99	4	32366268605:LANTERN v7 untouched official Toy holdout 18-19;32366100661:CAMI III LANTERN v4 corrected untouched holdout 14-15;32365761503:CAMI III LANTERN v4 corrected untouched holdout 14-15;32364881967:CAMI III LANTERN v4 corrected untouched holdout 14-15
2026-08-20T14:27:42.073395+00:00	100	4	32366268605:LANTERN v7 untouched official Toy holdout 18-19;32366100661:CAMI III LANTERN v4 corrected untouched holdout 14-15;32365761503:CAMI III LANTERN v4 corrected untouched holdout 14-15;32364881967:CAMI III LANTERN v4 corrected untouched holdout 14-15
2026-08-20T14:28:48.981229+00:00	101	4	32366268605:LANTERN v7 untouched official Toy holdout 18-19;32366100661:CAMI III LANTERN v4 corrected untouched holdout 14-15;32365761503:CAMI III LANTERN v4 corrected untouched holdout 14-15;32364881967:CAMI III LANTERN v4 corrected untouched holdout 14-15
2026-08-20T14:29:55.348485+00:00	102	4	32366268605:LANTERN v7 untouched official Toy holdout 18-19;32366100661:CAMI III LANTERN v4 corrected untouched holdout 14-15;32365761503:CAMI III LANTERN v4 corrected untouched holdout 14-15;32364881967:CAMI III LANTERN v4 corrected untouched holdout 14-15
2026-08-20T14:31:02.134367+00:00	103	4	32366268605:LANTERN v7 untouched official Toy holdout 18-19;32366100661:CAMI III LANTERN v4 corrected untouched holdout 14-15;32365761503:CAMI III LANTERN v4 corrected untouched holdout 14-15;32364881967:CAMI III LANTERN v4 corrected untouched holdout 14-15
2026-08-20T14:32:09.226390+00:00	104	4	32366268605:LANTERN v7 untouched official Toy holdout 18-19;32366100661:CAMI III LANTERN v4 corrected untouched holdout 14-15;32365761503:CAMI III LANTERN v4 corrected untouched holdout 14-15;32364881967:CAMI III LANTERN v4 corrected untouched holdout 14-15
2026-08-20T14:33:16.128912+00:00	105	3	32366268605:LANTERN v7 untouched official Toy holdout 18-19;32366100661:CAMI III LANTERN v4 corrected untouched holdout 14-15;32365761503:CAMI III LANTERN v4 corrected untouched holdout 14-15
2026-08-20T14:34:22.333289+00:00	106	3	32366268605:LANTERN v7 untouched official Toy holdout 18-19;32366100661:CAMI III LANTERN v4 corrected untouched holdout 14-15;32365761503:CAMI III LANTERN v4 corrected untouched holdout 14-15
2026-08-20T14:35:29.221444+00:00	107	2	32366100661:CAMI III LANTERN v4 corrected untouched holdout 14-15;32365761503:CAMI III LANTERN v4 corrected untouched holdout 14-15
2026-08-20T14:36:35.728037+00:00	108	2	32366100661:CAMI III LANTERN v4 corrected untouched holdout 14-15;32365761503:CAMI III LANTERN v4 corrected untouched holdout 14-15
2026-08-20T14:37:42.928264+00:00	109	2	32366100661:CAMI III LANTERN v4 corrected untouched holdout 14-15;32365761503:CAMI III LANTERN v4 corrected untouched holdout 14-15
2026-08-20T14:38:49.498309+00:00	110	2	32366100661:CAMI III LANTERN v4 corrected untouched holdout 14-15;32365761503:CAMI III LANTERN v4 corrected untouched holdout 14-15
2026-08-20T14:39:56.117414+00:00	111	2	32366100661:CAMI III LANTERN v4 corrected untouched holdout 14-15;32365761503:CAMI III LANTERN v4 corrected untouched holdout 14-15
2026-08-20T14:41:02.740392+00:00	112	2	32366100661:CAMI III LANTERN v4 corrected untouched holdout 14-15;32365761503:CAMI III LANTERN v4 corrected untouched holdout 14-15
2026-08-20T14:42:09.524047+00:00	113	2	32366100661:CAMI III LANTERN v4 corrected untouched holdout 14-15;32365761503:CAMI III LANTERN v4 corrected untouched holdout 14-15
2026-08-20T14:43:15.774115+00:00	114	2	32366100661:CAMI III LANTERN v4 corrected untouched holdout 14-15;32365761503:CAMI III LANTERN v4 corrected untouched holdout 14-15
2026-08-20T14:44:22.309302+00:00	115	1	32366100661:CAMI III LANTERN v4 corrected untouched holdout 14-15
2026-08-20T14:45:29.630154+00:00	116	1	32366100661:CAMI III LANTERN v4 corrected untouched holdout 14-15
2026-08-20T14:46:36.306247+00:00	117	1	32366100661:CAMI III LANTERN v4 corrected untouched holdout 14-15
2026-08-20T14:47:43.463747+00:00	118	1	32366100661:CAMI III LANTERN v4 corrected untouched holdout 14-15
2026-08-20T14:48:50.435548+00:00	119	1	32366100661:CAMI III LANTERN v4 corrected untouched holdout 14-15
2026-08-20T14:49:57.240129+00:00	120	1	32366100661:CAMI III LANTERN v4 corrected untouched holdout 14-15
2026-08-20T14:51:03.485573+00:00	121	0	
2026-08-20T14:52:10.424910+00:00	122	0	
2026-08-20T14:53:17.165593+00:00	123	0	
