pmcid,title,stage,reason
PMC13275446,"Integrated meta-analysis, network pharmacology and experimental validation to explore the mechanism of traditional Chinese medicine against neonatal pneumonia: focus on naringenin/MAPK1.",metadata,title_pattern:\bmeta-analysis\b
PMC12298991,Network Pharmacology-Driven Sustainability: AI and Multi-Omics Synergy for Drug Discovery in Traditional Chinese Medicine.,metadata,publication_type:review-article review journal article
PMC13209968,"Effectiveness and Safety of Liuwei Dihuang as an Adjunctive Therapy for Cognitive Impairment: A Systematic Review, Meta-Analysis, and Network Pharmacology Analysis.",metadata,title_pattern:\bsystematic review\b
PMC13201944,Mechanistic Elucidation of Liujun Jiaoxian Tang in Management of Sepsis Through Metabolomics and Network Pharmacology.,metadata,no_intervention_signal
PMC12660193,Application of network pharmacology in traditional Chinese medicine for the treatment of cardiac diseases.,metadata,publication_type:review-article review journal article
PMC12537397,Evaluating efficacy and mechanism of traditional Chinese medicine in diabetes treatment: a meta-analysis and network pharmacology study.,metadata,title_pattern:\bmeta-analysis\b
PMC11725223,Network pharmacology: a crucial approach in traditional Chinese medicine research.,metadata,publication_type:review-article review journal article
PMC13085474,An integrated network pharmacology and proteomics approach reveals the anti-fibrotic effect of Fushen Granule on peritoneal fibrosis.,metadata,no_intervention_signal
PMC12030339,Trends and Pitfalls in the Progress of Network Pharmacology Research on Natural Products.,metadata,publication_type:editorial
PMC13225515,Analysis of the efficacy and mechanism of action of Buzhong Yiqi Decoction on gastric cancer using meta-analysis and network pharmacology.,metadata,title_pattern:\bmeta-analysis\b
PMC13246036,Research on the mechanism of Duhuo in treating intervertebral disc degeneration based on bioinformatics and network pharmacology.,metadata,no_intervention_signal
PMC12663848,AI driven network pharmacology: Multi-scale mechanisms of traditional Chinese medicine from molecular to patient analysis.,metadata,publication_type:review-article review journal article
PMC12653797,NeXus: An Automated Platform for Network Pharmacology and Multi-Method Enrichment Analysis.,metadata,no_intervention_signal
PMC12964187,"Identification of Quality Markers in Viola kunawaresis Royel Using HPLC Fingerprints, Chemometric Analysis, and Network Pharmacology.",metadata,no_intervention_signal
PMC12728535,Traditional Chinese Medicine for Liver Cancer Treatment: Network Pharmacology Research.,metadata,publication_type:review-article review journal article
PMC13296294,Koumine’s Therapeutic Impact on Hepatocellular Carcinoma: A Combined Network Pharmacology and Experimental Study,metadata,no_intervention_signal
PMC11789858,Network pharmacology predicts targets and pathways of herbal components for the treatment of pneumonia: A review.,metadata,title_pattern:\breview\b
PMC13239056,Caffeoylquinic Acids From Lonicera japonica Thunb. as Hypoglycemic Agents: Network Pharmacology and Pharmacological Validation.,metadata,no_intervention_signal
PMC12295404,Network Pharmacology as a Tool to Investigate the Antioxidant and Anti-Inflammatory Potential of Plant Secondary Metabolites-A Review and Perspectives.,metadata,title_pattern:\breview\b
PMC13294263,"Protective effect of baicalein from Pinellia ternate on Alzheimer’s disease cell injury: a network pharmacology, molecular docking, and molecular dynamics study",metadata,no_intervention_signal
PMC13187882,Network Pharmacology Perspectives on Cerebral Palsy: Mechanistic Insights From Ayurvedic Formulations With Emphasis on Kalyanaka Ghritam.,metadata,publication_type:review-article review journal article
PMC12690495,"Network Pharmacology, Molecular Docking, and Molecular Dynamics Simulations to Elucidate the Potential Mechanism of Ermiao San in Osteoarthritis.",metadata,no_intervention_signal
PMC13209509,"Revealing the Pharmacological Mechanism of Tibetan Medicine Wugeng San in Treating Rheumatoid Arthritis Through an Integrated Strategy of Chemical Composition Analysis, Network Pharmacology, Machine Learning, and In Vivo Experiments.",metadata,no_intervention_signal
PMC13118977,Mechanism of Bao Jing Tablets in Chronic Prostatitis/Chronic Pelvic Pain Syndrome: Insights from Multi-Omics and Network Pharmacology.,metadata,no_intervention_signal
PMC12778088,Exploring the potential mechanism of the Chinese medicine Duhuo on rheumatoid arthritis based on network pharmacology.,metadata,no_intervention_signal
PMC12835472,"Processing-induced changes in neuroprotective components and mechanisms of gardeniae fructus: integrating UPLC-Q-TOF-MS/MS, network pharmacology, and in vitro analysis.",metadata,no_intervention_signal
PMC11949964,Integrated meta-analysis and network pharmacology analysis: evaluation of Zhigancao decoction as treatment for diabetic cardiomyopathy.,metadata,title_pattern:\bmeta-analysis\b
PMC12913513,Identification and validation of biomarkers of Shenggu Zaizao Wan in the treatment of steroid-induced osteonecrosis of the femoral head by integrating network pharmacology and bulk transcriptomic.,metadata,no_intervention_signal
PMC13300171,"Exploring Mechanistic Targets of Areca catechu Against Neurodegenerative Diseases Through an Integrated Network Pharmacology, Molecular Docking, and Experimental Approaches",metadata,no_intervention_signal
PMC12635753,Unveiling Yiyi Fuzi Baijiang powder: Microecological and network pharmacology approach to ulcerative colitis treatment.,metadata,no_intervention_signal
PMC11813061,The efficacy of Sijunzi on immune function in patients with gastrointestinal cancers after surgery: Integrating systematic review and network pharmacology.,metadata,title_pattern:\bsystematic review\b
PMC12894422,Characterization and Mechanism Prediction of Active Components in Fuganlin Oral Liquid for Respiratory Tract Infections Using UPLC-Q-TOF-MS and Network Pharmacology.,metadata,no_intervention_signal
PMC12908841,"Insights into the potential mechanism of Beiqishen Jiangtang Granule in the treatment of type 2 diabetes nephropathy: A study based on network pharmacology, molecular docking, and biological validation.",metadata,no_intervention_signal
PMC12504327,Integrated network pharmacology and experimental validation to investigate the therapeutic effects and mechanisms of SJZT on hypertensive nephropathy.,metadata,no_intervention_signal
PMC12325705,Integrating network pharmacology and experimental validation to explore the mechanism of Yiqi Ziyin in treating immune thrombocytopenia.,metadata,no_intervention_signal
PMC12719631,"Blood Stasis Constitution Ointment Exerts Anti-Lung Cancer Effects: A Study Integrating Network Pharmacology, Transcriptomics, and Experimental Validation.",metadata,no_intervention_signal
PMC12021452,Application of Network Pharmacology in the Treatment of Neurodegenerative Diseases with Traditional Chinese Medicine.,metadata,publication_type:research-article review journal article
PMC12303846,Exploration of the Potential Bioactive Compounds and Functional Mechanism of Chaihu Sanshen Capsule in Ameliorating Myocardial Ischaemia-Reperfusion Injury: A Serum Pharmaco-Chemistry With Network Pharmacology Analysis.,metadata,no_intervention_signal
PMC12944387,"Systematic Investigation of Tumor Immune Microenvironment Modulation by &lt;i&gt;Cynomorium songaricum&lt;/i&gt; Against Breast Cancer Through Integrated Chemomics, Network Pharmacology and Molecular Docking.",metadata,no_intervention_signal
PMC11869347,"Efficacy and potential pharmacological mechanism of &lt;i&gt;Astragalus-Salvia miltiorrhiza&lt;/i&gt; combination in diabetic nephropathy: integrating meta-analysis, network pharmacology, molecular docking, and experimental validation.",metadata,title_pattern:\bmeta-analysis\b
PMC12845498,Network Pharmacology and Untargeted Metabolomics Analysis of the Protective Mechanisms of Total Flavonoids from Chuju in Myocardial Ischemia-Reperfusion Injury.,metadata,no_intervention_signal
PMC11495767,"Exploring the mechanism of Danggui Sini Decoction in the treatment of myocardial infarction: A systematic review, network pharmacology, and molecular docking.",metadata,title_pattern:\bsystematic review\b
PMC13189894,"Integrating network pharmacology, molecular docking, and experimental validation, this study explores the mechanism of action of Typhonii Rhizoma in colon cancer.",metadata,no_intervention_signal
PMC13239170,Elucidating the Mechanism of Oridonin in Treating Hepatocellular Carcinoma: Network Pharmacology and Experimental Validation.,metadata,no_intervention_signal
PMC12451251,"Exploring the Mechanism of &lt;i&gt;Anemarrhena asphodeloides&lt;/i&gt; in the Treatment of Osteoporosis Based on Network Pharmacology, Molecular Docking, and Mendelian Randomization.",metadata,no_intervention_signal
PMC11589340,Exploration of compatibility rules and discovery of active ingredients in TCM formulas by network pharmacology.,metadata,publication_type:review-article review journal article
PMC13222500,"Mechanism of a polyherbal mixture alleviates calf diarrhea: an integrated network pharmacology, metabolomics, and microbiome study.",metadata,no_intervention_signal
PMC13210576,Seasonal Metabolic Profiling and Anti-Inflammatory Potential of &lt;i&gt;Spatholobus suberectus&lt;/i&gt; Leaves Based on Metabolomics and Network Pharmacology.,metadata,no_intervention_signal
PMC10695624,Efficacy and mechanism of nourishing yin and purging fire therapy for central precocious puberty based on meta-analysis and network pharmacology.,metadata,title_pattern:\bmeta-analysis\b
PMC12119994,"Network pharmacology, prognostic analysis and experimental validation elucidate the therapeutic mechanism of Dingxiang Guanshitong in esophageal cancer.",metadata,no_intervention_signal
PMC12848311,Elucidating the anti-fibrotic mechanisms of Abrus cantoniensis in hepatic fibrosis using network pharmacology and proteomics.,metadata,no_intervention_signal
PMC11866215,Traditional Chinese medicine and modern technology: Network pharmacology and omics sequencing in gastric cancer.,metadata,publication_type:editorial
PMC11709164,Network pharmacology and molecular docking approach to explore the potential mechanisms of Xuefu Zhuyu Capsule in coronary heart disease.,metadata,no_intervention_signal
PMC12902046,Research on the molecular mechanism of celastrol targeting CTNNB1/STAT3 to inhibit uveal melanoma based on network pharmacology and multi-omics analysis.,metadata,no_intervention_signal
PMC11789889,Efficacy and mechanism of Qianjinweijing Decoction for asthma: Integrating systematic review with meta-analysis and network pharmacology.,metadata,title_pattern:\bsystematic review\b
PMC13052329,"Integrative Network Pharmacology, Molecular Docking, and In Vitro Insights Into the Mechanism of Finger Citron for Non-Alcoholic Fatty Liver Disease.",metadata,no_intervention_signal
PMC13066263,"Efficacy and potential pharmacological mechanisms of total glucosides of paeony in treating ankylosing spondylitis in Asian populations: a meta-analysis, network pharmacology, and molecular dynamics simulation.",metadata,title_pattern:\bmeta-analysis\b
PMC11826910,Network Pharmacology Combined with Animal Models to Investigate the Mechanism of ChangPu YuJin Tang in the Treatment of Tourette Syndrome.,metadata,"publication_type:research support, non-u.s. gov't review-article journal article"
PMC12537158,Network pharmacology and molecular docking to explore the active compounds and mechanisms of Jerusalem artichoke for treating diabetes.,metadata,no_intervention_signal
PMC12984762,UPLC-Q-TOF-MS/MS and Network Pharmacology Approaches to Explore the Active Compounds and Mechanisms of Kadsura coccinea for Treating Rheumatoid Arthritis,metadata,no_intervention_signal
PMC12944266,Integrating Metabolomics and Network Pharmacology: Investigating the Therapeutic Mechanism of Atractylodes Rhizome Against Rheumatoid Arthritis.,metadata,no_intervention_signal
PMC12221932,Mechanism of Shi-Yang-Xiao lotion in alleviating perianal eczema based on network pharmacology and experimental validation.,metadata,no_intervention_signal
PMC13239304,Integrated Network Pharmacology and Machine Learning to Reveal the Mechanisms of Schisandrin A Against Triple-Negative Breast Cancer.,metadata,no_intervention_signal
PMC11061375,Chinese medicine in the treatment of non-alcoholic fatty liver disease based on network pharmacology: a review.,metadata,title_pattern:\breview\b
PMC13186842,A novel mechanism for treating acute lung injury with ligustilide: elucidation via network pharmacology and in vitro validation.,metadata,no_intervention_signal
PMC10631104,Network pharmacology: a bright guiding light on the way to explore the personalized precise medication of traditional Chinese medicine.,metadata,publication_type:review-article review journal article
PMC12529376,"Discrimination of Dried Ginger and Its Different Processed Products: Untargeted Metabolomics, Network Pharmacology, and Machine Learning.",metadata,no_intervention_signal
PMC11289720,Application of network pharmacology in traditional Chinese medicine for the treatment of digestive system diseases.,metadata,publication_type:review-article review journal article
PMC12613600,Exploration of the potential mechanism of cyclolinopeptides-mediated antiosteoporosis effects via network pharmacology analysis.,metadata,no_intervention_signal
PMC13063987,"Antifungal efficacy of linoleic-acid-rich Cucurbita pepo L. seed oil revealed by GC-MS profiling of lipids and bioactive markers, ergosterol depletion, and network pharmacology.",metadata,no_intervention_signal
PMC12855086,Liu Shen Wan regulates the SPHK1/S1P axis to ameliorate influenza-induced inflammation via integrated network pharmacology and lipidomics.,metadata,no_intervention_signal
PMC12939048,Immune and Tumor Microenvironment Mechanisms of &lt;i&gt;Hedyotis diffusa&lt;/i&gt; Willd: A Scoping Review and Network Pharmacology Analysis.,metadata,title_pattern:\bscoping review\b
PMC13187017,Mechanistic insights into 18β-glycyrrhetinic acid-induced apoptosis in SCC-9 cells revealed by TMT proteomics and network pharmacology.,metadata,no_intervention_signal
PMC13264652,"Unveiling anti-atherosclerotic targets of Perilla frutescens through a multi-scale computational framework integrating network pharmacology, single-cell analysis, machine learning, and molecular dynamics.",metadata,no_intervention_signal
PMC12301245,Integrative Network Pharmacology and Transcriptomics Reveal the Mechanism of Gui-Qi-Yi-Shen Granules in the Treatment of IgA Nephropathy.,metadata,no_intervention_signal
PMC12777764,"Regarding: ""exploring the key ingredients and mechanisms of Banxia Xiexin decoction for the treatment of polycystic ovary syndrome based on network pharmacology and experimental validation"".",metadata,publication_type:letter journal article
PMC12145789,Jingfang Granules for Diabetic Wound Healing: Insights from Network Pharmacology and Experimental Validation.,metadata,no_intervention_signal
PMC12497865,"Mechanistic Insights into Qin Bi Yin for Psoriasis Treatment Using Network Pharmacology, Experimental Validation, and Molecular Docking.",metadata,no_intervention_signal
PMC13029327,"Pleiotropic Bioactivity of Caterpillar Fungus, Orange Cordyceps, and Cordycepin: Insight from Integrated Network Pharmacology and Food and Drug Regulatory Framework.",metadata,publication_type:review-article review journal article
PMC13039930,Multi-omics and network pharmacology reveal the mechanisms of Scutellaria barbata D.Don and Scleromitrion diffusum (Willd.) R.J.Wang against pancreatic cancer.,metadata,no_intervention_signal
PMC12472728,"Anti-Oxidant, Anti-Inflammatory and Antiviral Properties of Luteolin Against SARS-CoV-2: Based on Network Pharmacology.",metadata,publication_type:review-article review journal article
PMC12182235,"Exploring the Therapeutic Potential of FSGTC for Osteoarthritis: A Comprehensive Study Combining Nested Case Analysis, Network Pharmacology, and Experimental Validation.",metadata,no_intervention_signal
PMC12984618,Network Pharmacology and Zebrafish Model Elucidate the Hypoglycemic Mechanism of Major Compounds in Cyclocarya paliurus,metadata,no_intervention_signal
PMC13209559,"Network Pharmacology and Natural Products in Modern Drug Discovery: Emerging Trends, Challenges, and Future Directions.",metadata,publication_type:editorial
PMC12401428,"Investigating the Aidi injection mechanism for low-grade glioma based on the network pharmacology approach, The Cancer Genome Atlas (TCGA), and molecular docking technology.",metadata,no_intervention_signal
PMC12470726,Ginkgo Seed as Medicine-Food Homology for Migraine: Network Pharmacology and Molecular Docking Insights.,metadata,no_intervention_signal
PMC10777171,Network pharmacology: towards the artificial intelligence-based precision traditional Chinese medicine.,metadata,"publication_type:research support, non-u.s. gov't review-article review journal article"
PMC12778179,Investigating the therapeutic mechanism of Asarum for oral ulcer from a network pharmacology perspective.,metadata,title_pattern:\bperspective\b
PMC11404889,Exploration of the potential mechanism of Yiyi Tongfeng Formula in the treatment of acute gouty arthritis based on network pharmacology and molecular docking: A review.,metadata,title_pattern:\breview\b
PMC9143318,Network Pharmacology Approach for Medicinal Plants: Review and Assessment.,metadata,title_pattern:\breview\b
PMC13297437,"Dauricine Mitigates Hypoxia Through Targeting ESR1, PIK3CA, and MTOR: A Network Pharmacology and Molecular Dynamics Simulation Investigation",metadata,no_intervention_signal
PMC12538648,Exploration of the Mechanism of Tongmai Xianxiang in Treating Postherpetic Neuralgia Based on Gas Chromatography-Mass Spectrometry Analysis and Network Pharmacology.,metadata,no_intervention_signal
PMC10869101,Molecular characterization of allergic constitution based on network pharmacology and multi-omics analysis methods.,metadata,publication_type:meta-analysis research-article journal article
PMC11001277,Network pharmacology identification and <i>in vivo</i> validation of key pharmacological pathways of Qin Jiao for gout and arthritis.,metadata,publication_type:research-article review journal article
PMC12535045,Exploring the pharmacological action mechanism of chamomile essential oil on the treatment of breast cancer based on network pharmacology.,metadata,no_intervention_signal
PMC11257993,"Network pharmacology: an efficient but underutilized approach in oral, head and neck cancer therapy-a review.",metadata,title_pattern:\breview\b
PMC12970217,Elucidating Trigonelline's Therapeutic Mechanisms for Traumatic Brain Injury Through Integrated Network Pharmacology and In Vivo Validation.,metadata,no_intervention_signal
PMC13209729,"Mechanisms of Anti-Aging Effect of &lt;i&gt;Alpinia oxyphylla&lt;/i&gt; Polysaccharides Mediated via IIS Pathway: Based on In Vivo Experiments, Network Pharmacology and Molecular Docking.",metadata,no_intervention_signal
PMC13209920,"Ribifolones A-H, New Macrocyclic Diterpenes from &lt;i&gt;Jatropha ribifolia&lt;/i&gt;, Their Cytotoxic Activity and Insights Supported by Network Pharmacology and Molecular Modeling.",metadata,no_intervention_signal
PMC11860255,Mechanistic Insights into the Therapeutic Efficacy of Qi Ling Gui Fu Prescription in Broiler Ascites Syndrome: A Network Pharmacology and Experimental Study.,metadata,no_intervention_signal
PMC13026823,"A Study on the Mechanism of Acetyl Tributyl Citrate-Induced Infertility Toxicity and the Protective Action of Icariin Based on Network Toxicology, Network Pharmacology, Molecular-Docking Technology and Molecular Dynamics Simulation.",metadata,no_intervention_signal
PMC11557475,Combining single-cell RNA sequencing and network pharmacology to explore the target of cangfu daotan decoction in the treatment of obese polycystic ovary syndrome from an immune perspective.,metadata,title_pattern:\bperspective\b
PMC12295824,Exploring the Regulatory Mechanism of Total Alkaloids from &lt;i&gt;Portulaca oleracea&lt;/i&gt; L. in UC Treatment Based on Network Pharmacology.,metadata,no_intervention_signal
PMC12968809,Modulation of Inflammatory and Oxidative Stress Pathways in COPD: Unraveling the Mechanisms of Fenugreek Through Network Pharmacology and Single-Cell RNA Sequencing.,metadata,no_intervention_signal
PMC11596575,Exploration of the molecular mechanism of Wufu Yin in the treatment of knee osteoarthritis based on network pharmacology and experimental validation.,metadata,no_intervention_signal
PMC13164087,Identification of Potential Bioactive Compounds in Strong-Flavor-Type Baijiu via Integration of Widely Targeted Metabolomics and Network Pharmacology.,metadata,no_intervention_signal
PMC12950797,"Network pharmacology, machine learning, and experiments uncover β-sitosterol targeting HSP90AA1 in medicinal-edible black soybean against aging.",metadata,no_intervention_signal
PMC13283118,Unveiling the therapeutic potential of gut microbiota metabolites for the treatment of renal fibrosis based on network pharmacology study.,metadata,no_intervention_signal
PMC12991721,Novel myostatin inhibition by Acacia farnesiana: A network pharmacology workflow decoding its multi-target mechanism in sarcopenic obesity.,metadata,no_intervention_signal
PMC12940951,Integrated Network Pharmacology and Molecular Docking Uncover Multi-Target Actions of Cladophora glomerata–Derived Compounds Against Chronic Obstructive Pulmonary Disease,metadata,no_intervention_signal
PMC12216137,An integrated widely targeted metabolomics and network pharmacology study of Persicaria runcinata var. Sinensis against arthritis.,metadata,no_intervention_signal
PMC13164314,Comprehensive Investigation into the Antioxidant Phytochemicals and Molecular Mechanisms of the Genus &lt;i&gt;Ottelia&lt;/i&gt;: An Integrated Metabolomic and Network Pharmacology Approach.,metadata,no_intervention_signal
PMC12316888,Network pharmacology analyses and corresponding validation of the mechanistic effects of Yangyin Tongnao Granules in ischemic stroke.,metadata,no_intervention_signal
PMC12219075,Integrative network pharmacology and experimental validation of anti-inflammatory triterpenoids from hawthorn leaves.,metadata,no_intervention_signal
PMC11968393,Investigation of Tongqiao Huashuan Granules' effect on hippocampal neuron autophagy in vascular dementia rats via the PI3K/Akt-mTOR signaling pathway using network pharmacology and experimental validation.,metadata,no_intervention_signal
PMC11263673,"Pharmacological mechanisms of Taohe Chengqi decoction in diabetic cardiovascular complications: A systematic review, network pharmacology and molecular docking.",metadata,title_pattern:\bsystematic review\b
PMC11092526,Exploring the pharmacological mechanism of Glycyrrhiza uralensis against KOA through integrating network pharmacology and experimental assessment.,metadata,no_intervention_signal
PMC12030290,Agarwood Chromone Alleviates Gastric Ulcers by Inhibiting the NF-κB and Caspase Pathways Based on Network Pharmacology and Molecular Docking.,metadata,no_intervention_signal
PMC12936559,"Correction: Network pharmacology, bioinformatics and in vitro/in vivo validation elucidate the anti-lung cancer activities and potential targets of Rhoifolin.",metadata,no_intervention_signal
PMC12599947,Network pharmacology and experiments verify the effect of triptolide on extraocular muscle fibrosis.,metadata,no_intervention_signal
PMC13048342,"Effects of Blood Pressure and Antihypertensive Drugs on Rheumatoid Arthritis: A Mendelian Randomization, Network Pharmacology, and Experimental Validation.",metadata,no_intervention_signal
PMC12512200,"Discovery the Mechanism of Qingdi Mixture for Radiation-Induced Lung Injury Based on Network Pharmacology, Clinical Retrospective Analysis and Experimental Validation.",metadata,no_intervention_signal
PMC11979015,Integration of network pharmacology and experimental validation to explore the pharmacological mechanism of andrographolide against asthma.,metadata,no_intervention_signal
PMC12692186,Elucidating the Mechanisms of Chrysanthemum Action on Atopic Dermatitis via Network Pharmacology and Machine Learning.,metadata,no_intervention_signal
PMC11573511,Systematic review of Buzhong Yiqi method in alleviating cancer-related fatigue: a meta-analysis and exploratory network pharmacology approach.,metadata,title_pattern:\bsystematic review\b
PMC12460929,Elucidating the Mechanism of Emodin in Treating Post-Stroke Depression Through Network Pharmacology and Animal Experiments.,metadata,no_intervention_signal
PMC13068282,The identification of metabolites from gut microbiota in HPV infection via network pharmacology.,metadata,no_intervention_signal
PMC12946048,Unveiling the potential of apigenin and kaempferol against colon cancer: an integrated network pharmacology and docking approach.,metadata,no_intervention_signal
PMC9634580,Editorial: Network pharmacology and traditional medicine: Setting the new standards by combining <i>In silico</i> and experimental work.,metadata,title_pattern:\beditorial\b
PMC11589485,"Network pharmacology, molecular docking, and untargeted metabolomics reveal molecular mechanisms of multi-targets effects of Qingfei Tongluo Plaster improving respiratory syncytial virus pneumonia.",metadata,no_intervention_signal
PMC12109165,Anti-Inflammatory Mechanism Prediction of Sinomenine Based on Network Pharmacology and Its Biological Activity Verification.,metadata,no_intervention_signal
PMC12216129,Hongyuyin attenuates intestinal fibrosis in ulcerative colitis in mice revealed by transcriptomic and network pharmacology analyses.,metadata,no_intervention_signal
PMC12835102,"Anti-inflammatory effects of Lonicera macranthoides Hand.-Mazz based on Spectrum-effect relationship, network pharmacology and molecular docking technology.",metadata,no_intervention_signal
PMC12565323,The UHPLC-Orbitrap MS/MS and Network Pharmacology Strategies Reveal the Active Antioxidants of Bleeding Sap from Sponge Gourd in Treating Tuberculosis.,metadata,no_intervention_signal
PMC12316279,"Mechanism of Astragaloside-Brucea javanica oil nanoemulsion against oral squamous cell carcinoma through CDK1/MTFR2: Network pharmacology, bioinformatics, and experimental studies.",metadata,no_intervention_signal
PMC12128513,"The mechanisms of Brucea javanica in the treatment of oral squamous cell carcinoma: a network pharmacology, molecular docking, and experimental study.",metadata,no_intervention_signal
PMC9508683,Methodology of network pharmacology for research on Chinese herbal medicine against COVID-19: A review.,metadata,title_pattern:\breview\b
PMC12112620,Network Pharmacology-Guided Evaluation of Ginger and Cornelian Cherry Extracts Against Depression and Metabolic Dysfunction in Estrogen-Deficient Chronic Stressed Rats.,metadata,no_intervention_signal
PMC13120906,Exploring the pharmacological mechanisms of resibufogenin in castration-resistant prostate cancer via network pharmacology and experimental validation.,metadata,no_intervention_signal
PMC10978761,Integration of meta-analysis and network pharmacology analysis to investigate the pharmacological mechanisms of traditional Chinese medicine in the treatment of hepatocellular carcinoma.,metadata,title_pattern:\bmeta-analysis\b
PMC13210147,"The Underlying Pharmacological Mechanisms and Active Components of XZZTP in Modulating Bacterial Inflammation Elucidated by LC-MS/MS, Network Pharmacology, In Vitro Experiments, Molecular Docking, and Dynamics Simulations.",metadata,no_intervention_signal
PMC12027966,"Rehmanniae Radix Praeparata in Blood Deficiency Syndrome: UPLC-Q-TOF-MS Profiling, Network Pharmacology, and PI3K-AKT Activation.",metadata,no_intervention_signal
PMC11829595,Network Pharmacology and Experimental Validation of the Therapeutic Effect of Baji Capsule on LPS-Induced Osteoporosis.,metadata,no_intervention_signal
PMC12918114,Ginsenoside Rg1 delays the senescence of adipose-derived stem cells: network pharmacology and experimental validation.,metadata,no_intervention_signal
PMC12109879,"Astragalus in Acute Pancreatitis: Insights from Network Pharmacology, Molecular Docking, and Meta-Analysis Validation.",metadata,title_pattern:\bmeta-analysis\b
PMC12256781,&lt;i&gt;Cornus officinalis&lt;/i&gt; Protects Against Steroid-Induced Osteonecrosis of the Femoral Head Through Inhibiting Inflammatory Responses and Apoptosis via Network Pharmacology and Experimental Validation.,metadata,no_intervention_signal
PMC12742726,"A screening strategy for bioactive components from Amaranth: An integrated approach of network pharmacology, molecular docking and molecular dynamics simulation.",metadata,no_intervention_signal
PMC12370604,"Correction: Isolation of phytochemicals and exploration the mechanism of Dolichandrone spathacea in the treatment of chronic bronchitis by integrating network pharmacology, molecular docking, and experimental validation.",metadata,no_intervention_signal
PMC11398774,Investigating the mechanism of PAD in the treatment of acne based on network pharmacology and molecular docking: A review.,metadata,title_pattern:\breview\b
PMC13095247,"Exploring the mechanisms of luteolin in treating polycystic ovary syndrome and endometriosis via network pharmacology, molecular docking, and molecular dynamics simulation.",metadata,no_intervention_signal
PMC11612164,Deciphering the pharmacological mechanism of Radix astragali for allergic rhinitis through network pharmacology and experimental validation.,metadata,no_intervention_signal
PMC11664620,"Network pharmacology: Changes the treatment mode of ""one disease-one target"" in cancer treatment.",metadata,publication_type:letter journal article
PMC13069621,Combined network pharmacology and biological verification to investigate anti-influenza A virus effect and potential mechanism of Pudilan Xiaoyan Oral Liquid.,metadata,no_intervention_signal
PMC13286320,"Investigation of potential targets and mechanisms of naringenin in the treatment of spinal cord injury: A network pharmacology, molecular docking, and molecular dynamics simulation study.",metadata,no_intervention_signal
PMC11148253,Exploration of the mechanism of Traditional Chinese Medicine for anxiety and depression in patients with diarrheal irritable bowel syndrome based on network pharmacology and meta-analysis.,metadata,title_pattern:\bmeta-analysis\b
PMC13284004,"Integrated metabolomics, network pharmacology and molecular docking to reveal the effects of drying processes on the antioxidant activity of mulberry (&lt;i&gt;Morus alba&lt;/i&gt; L.) leaves.",metadata,no_intervention_signal
PMC11994109,Combining Experimental Validation and Network Pharmacology to Reveal the Action Mechanism of Panax Notoginseng-Radix Salviae on Atherosclerosis.,metadata,no_intervention_signal
PMC12964650,Combining network pharmacology and experimental validation to demonstrate that salidroside alleviates acute lung injury by inhibiting ferroptosis via the MAPK/GPX4 pathway.,metadata,no_intervention_signal
PMC12212841,Parthenolide reverses cisplatin-resistant in ovarian cancer: An observational network pharmacology and molecular docking study.,metadata,publication_type:meta-analysis research-article journal article
PMC13064283,"Unveiling the wound-healing potential of Pisum sativum aerial biomass through integrated bioassay-guided, LC-MS/MS, and network pharmacology approaches.",metadata,no_intervention_signal
PMC12329566,Effectiveness of Inhalation of a New Essential Oil Formulation on Asthma Through Network Pharmacology and In Vivo Analysis.,metadata,no_intervention_signal
PMC13274577,Mechanism investigation of &lt;i&gt;Actinidia arguta&lt;/i&gt; total flavone on gout via network pharmacology and &lt;i&gt;vivo&lt;/i&gt; experiments pharmacological verification.,metadata,no_intervention_signal
PMC10221388,Comparative Efficacy of East Asian Herbal Formulae Containing Astragali Radix-Cinnamomi Ramulus Herb-Pair against Diabetic Peripheral Neuropathy and Mechanism Prediction: A Bayesian Network Meta-Analysis Integrated with Network Pharmacology.,metadata,title_pattern:\bmeta-analysis\b
PMC12997191,An integrated metabolomics and network pharmacology approach to reveal the antioxidant components and mechanisms of wild jujube (&lt;i&gt;Ziziphus jujuba&lt;/i&gt; var. &lt;i&gt;spinosa&lt;/i&gt;) fruits across China.,metadata,no_intervention_signal
PMC10867594,A Chinese herbal formula Kesuting Syrup against COVID-19: Leveraging multidimensional computations in network pharmacology-driven experimental and clinical trials.,metadata,"publication_type:letter research support, non-u.s. gov't"
PMC12949976,"Network Pharmacology-Based Exploration: Non-Targeted Metabolites of &lt;i&gt;Lactobacillus&lt;/i&gt;-Fermented &lt;i&gt;Chaenomeles speciosa (Sweet) Nakai, Smilax glabra Roxb&lt;/i&gt;. and &lt;i&gt;Pueraria montana var. Lobata&lt;/i&gt; in Uric Acid Metabolism Intervention.",metadata,no_intervention_signal
PMC11236556,Prediction and analysis of components and functions of <i>Ixeris chinensis</i> based on network pharmacology and molecular docking.,metadata,publication_type:review-article review journal article
PMC12890652,Global research landscape and multisystem health mechanisms of luteolin: a comprehensive bibliometric and network pharmacology study.,metadata,title_pattern:\bbibliometric\b
PMC12357956,"UPLC-Q-TOF/MS, network pharmacology, molecular docking, and experimental validation to explore the mechanisms of toad clothing on rheumatoid arthritis.",metadata,no_intervention_signal
PMC12702447,Exploring new therapeutic potential of five commonly used &lt;i&gt;Pteris&lt;/i&gt; medicinal plants through pharmaphylogenomics and network pharmacology.,metadata,no_intervention_signal
PMC12982653,Integrated foodomics and network pharmacology reveal functional food potential in tatsoi microgreens and baby greens.,metadata,no_intervention_signal
PMC13298478,Drying-Induced Changes in Metabolite Profiles and Antioxidant Activity of Cordyceps militaris: Insights from Integrated Metabolomics and Network Pharmacology,metadata,no_intervention_signal
PMC12583256,Network pharmacology analysis and in vitro verification of the anti-sarcopenia effects of formononetin.,metadata,no_intervention_signal
PMC13183549,Integrative analysis of 16S rRNA sequencing and network pharmacology suggests protective effects of Sihuang Zhili Granules against APEC O78 challenge through gut homeostasis-related changes.,metadata,no_intervention_signal
PMC11608671,Network pharmacology and molecular docking analysis on the mechanism of Wensan tincture in the treatment of pulmonary nodules: A review.,metadata,title_pattern:\breview\b
PMC12972934,"Sodium Danshensu promotes diabetic wound healing by targeting the EGFR-mediated PI3K-AKT pathway: a combined network pharmacology, machine learning, and &lt;i&gt;in vitro&lt;/i&gt; approach.",metadata,no_intervention_signal
,Combining Network Pharmacology and Experimental Validation to Demonstrate That Salidroside Alleviates Acute Lung Injury by Inhibiting Ferroptosis via the MAPK/GPX4 Pathway,metadata,no_pmcid
PMC12141521,"Investigating the mechanism of Gentiopicroside in rheumatoid arthritis through network pharmacology, molecular docking, and experimental validation.",metadata,no_intervention_signal
PMC12468655,"Exploring CCND1 as a Key Target of &lt;i&gt;Acorus calamus&lt;/i&gt; Against RSV Infection: Network Pharmacology, Molecular Docking, and Bioinformatics Analysis.",metadata,no_intervention_signal
PMC12455330,Correction: Mechanism of action of curculigoside ameliorating osteoporosis: an analysis based on network pharmacology and experimental validation.,metadata,no_intervention_signal
PMC11521018,Therapeutic mechanism and key active ingredients of Yinxing Mihuan Oral Solution in coronary heart disease comorbidity with anxiety: A network pharmacology and molecular docking approach.,metadata,no_intervention_signal
PMC12622746,Exploring the mechanism of Stephania tetrandra S. Moore in the treatment of cisplatin resistance against ovarian cancer through integration of network pharmacology and molecular docking.,metadata,no_intervention_signal
PMC10681393,"Clinical efficacy evaluation and potential mechanism prediction on Guizhi-Shaoyao-Zhimu decoction in the treatment of gouty arthritis based on meta-analysis, network pharmacology analysis, and molecular docking.",metadata,title_pattern:\bmeta-analysis\b
PMC12003768,Studying the efficacy of JBOL volatile components in idiopathic pulmonary fibrosis (IPF) using GC-MS and network pharmacology.,metadata,no_intervention_signal
PMC13149978,Mechanistic role of gut microbiota metabolites in hypertension-insomnia comorbidity via integrated network pharmacology and molecular dynamics.,metadata,no_intervention_signal
PMC11513486,Estrogenic post-menopausal anti-osteoporotic mechanism of <i>Achyranthes aspera</i> L.: Phytochemicals and network pharmacology approaches.,metadata,no_intervention_signal
PMC11130275,"Exploring the mechanism of diabetic cardiomyopathy treated with Qigui Qiangxin mixture based on UPLC-Q/TOF-MS, network pharmacology and experimental validation.",metadata,no_intervention_signal
PMC13126247,"Identification of Anti-Inflammatory and Analgesic Mechanisms of Naru-3 Wei Pill Using Animal Models, UHPLC-QE-MS, and Integrated Network Pharmacology.",metadata,no_intervention_signal
PMC13265158,A network pharmacology and molecular docking approach to investigate the anticancer mechanism of baicalin against melanoma through induction of apoptosis via EGFR-mediated PI3K/AKT pathway.,metadata,no_intervention_signal
PMC12971700,"Efficacy and safety of guanxinshutong capsule as adjunctive therapy for unstable angina: an integrated systematic review, meta-analysis, and network pharmacology study.",metadata,title_pattern:\bsystematic review\b
PMC11709208,Study on mechanism of iridoid glycosides derivatives from Fructus Gardeniae in treatment of hepatic encephalopathy by network pharmacology and molecular docking technology.,metadata,no_intervention_signal
PMC12522559,"The impact of catalpol on osteogenic differentiation of the jaw bone marrow mesenchymal stem cells on the basis of network pharmacology, molecular docking and experimental validation.",metadata,no_intervention_signal
PMC12668475,Investigating the mechanism of oridonin against triple-negative breast cancer based on network pharmacology and molecular docking.,metadata,no_intervention_signal
PMC11855732,"Exploring the Effects and Mechanisms of Valerian Volatile Oil in Treating Insomnia Using Network Pharmacology, Molecular Docking, and Molecular Dynamics Simulation-Based Approaches.",metadata,no_intervention_signal
PMC12713039,Network Pharmacology Analysis and Machine-Learning Models Confirmed the Ability of YiShen HuoXue Decoction to Alleviate Renal Fibrosis by Inhibiting Pyroptosis [Retraction].,metadata,title_pattern:\bretraction\b
PMC11447332,"Bioinformatics analysis based on extracted ingredients combined with network pharmacology, molecular docking and molecular dynamics simulation to explore the mechanism of Jinbei oral liquid in the therapy of idiopathic pulmonary fibrosis.",metadata,no_intervention_signal
PMC10459676,"Efficacy and Key Materials of East Asian Herbal Medicine Combined with Conventional Medicine on Inflammatory Skin Lesion in Patients with <i>Psoriasis Vulgaris</i>: A Meta-Analysis, Integrated Data Mining, and Network Pharmacology.",metadata,title_pattern:\bmeta-analysis\b
PMC12132068,Mechanisms of Zanthoxyli Pericarpium-Zingiberis Rhizoma in the Treatment of Gastric Cancer Based on Network Pharmacology and Experimental Validation.,metadata,no_intervention_signal
PMC12192781,"Study of Retinoic Acid-Induced Osteoarthritis: Integrating RNA-Sequencing, Network Pharmacology, Molecular Docking, and Experimental Validation.",metadata,no_intervention_signal
PMC12333641,Ursolic Acid Ameliorates Diabetic Nephropathy by Inhibiting JAK2/STAT3-Driven Ferroptosis: Mechanistic Insights from Network Pharmacology and Experimental Validation.,metadata,no_intervention_signal
PMC12537181,"Based on network pharmacology, molecular docking, and validation experiments to investigate the active components and mechanisms of action of Tibetan Medog County Citrus medica L.: In antioxidant activity.",metadata,no_intervention_signal
PMC11367177,Analysis of Pathological Factors of Long Head of Biceps Tendinopathy Based on Network Pharmacology.,metadata,no_intervention_signal
PMC11665837,"Mechanism of action of ""cistanche deserticola-Polygala"" in treating Alzheimer's disease based on network pharmacology methods and molecular docking analysis.",metadata,no_intervention_signal
PMC12009590,Exploring the Mechanism of Qinzhuliangxue Mixture for Treating Skin Lesions in Atopic Dermatitis: Insights from Network Pharmacology and Experimental Validation.,metadata,no_intervention_signal
PMC9217600,Bibliometric Analysis of Network Pharmacology in Traditional Chinese Medicine.,metadata,title_pattern:\bbibliometric\b
PMC12730944,"Integrating Network Pharmacology, Molecular Docking, and Experimental Validation: Andrographolide Attenuates Acute Liver Injury via the NLRP3/Caspase-1/GSDMD-Mediated Pyroptosis Pathway.",metadata,no_intervention_signal
PMC10659699,Study on mechanism of Zhenwu Decoction in treatment of heart failure based on network pharmacology: A review,metadata,title_pattern:\breview\b
PMC11985527,"Multidimensional evaluation of quality differences for &lt;i&gt;Dendrobium officinale&lt;/i&gt; stems grown under different cultivation environments based on widely targeted metabolomics, network pharmacology, molecular docking, and cell experiments.",metadata,no_intervention_signal
PMC12402230,Serum metabolomics-driven network pharmacology elucidate the anti-rheumatoid arthritis potential of garden cress.,metadata,no_intervention_signal
PMC10213944,"Treatment of liver fibrosis in hepatolenticular degeneration with traditional Chinese medicine: systematic review of meta-analysis, network pharmacology and molecular dynamics simulation.",metadata,title_pattern:\bsystematic review\b
PMC12480148,Mechanistic evaluation of hyperoside against non-small cell lung cancer: a combined approach of network pharmacology and in vitro experimental validation.,metadata,no_intervention_signal
PMC11256632,Metabolomics combined with network pharmacology reveals the potential development value of Campanumoea javanica Bl. and its metabolite differences with Codonopsis Radix.,metadata,no_intervention_signal
PMC10869052,Elucidation of the mechanism of Zhenbao pills for the treatment of spinal cord injury by network pharmacology and molecular docking: A review.,metadata,title_pattern:\breview\b
PMC12539403,"Anti-inflammatory mechanism of total flavonoids from &lt;i&gt;Polygala fallax&lt;/i&gt; Hemsl. based on network pharmacology, molecular docking, and experimental validation.",metadata,no_intervention_signal
PMC12036623,Study of the Chemical Composition and Anti-Inflammatory Mechanism of Shiyiwei Golden Pill Based on UPLC-Q-TOF/MS and Network Pharmacology.,metadata,no_intervention_signal
PMC12844976,"Mechanistic Evaluation of Roxadustat for Pulmonary Fibrosis: Integrating Network Pharmacology, Transcriptomics, and Experimental Validation.",metadata,no_intervention_signal
PMC11589334,Mechanisms of Shufeng Jiedu Capsule in treating bacterial pneumonia based on network pharmacology and experimental verification.,metadata,no_intervention_signal
PMC13165266,Hesperidin Attenuates Experimental MASH by Modulating the Liver-Immune-Brain Axis: Integrated Evidence from Network Pharmacology and In Vivo Analysis.,metadata,no_intervention_signal
PMC11415655,Investigation of the pharmacological mechanisms of Shenfu injection in acute pancreatitis through network pharmacology and experimental validation.,metadata,no_intervention_signal
PMC12036332,Explore potential immune-related targets of leeches in the treatment of type 2 diabetes based on network pharmacology and machine learning.,metadata,no_intervention_signal
PMC10766312,"Treatment of gouty arthritis with traditional Chinese medicine decoction: Meta-analysis, network pharmacology analysis, and molecular docking.",metadata,title_pattern:\bmeta-analysis\b
PMC12128733,Adaptogens in Long-Lasting Brain Fatigue: An Insight from Systems Biology and Network Pharmacology.,metadata,publication_type:review-article review journal article
PMC13106393,Transcriptomics and network pharmacology reveal the molecular mechanisms through which leonurine protects against &lt;i&gt;Salmonella enteritidis&lt;/i&gt; infection in IEC-6 cells.,metadata,no_intervention_signal
PMC9682081,The pharmacological mechanism of Chinese herbs effective in treating advanced ovarian cancer: Integrated meta-analysis and network pharmacology analysis.,metadata,title_pattern:\bmeta-analysis\b
PMC12789668,Network pharmacology and in vitro studies demonstrate modulation of fibrotic pathways by Swertia chirayita in pulmonary fibrosis.,metadata,no_intervention_signal
PMC11334567,Apoptosis induction and inhibition of invasion and migration in gastric cancer cells by Isoorientin studied using network pharmacology.,metadata,no_intervention_signal
PMC10921091,Discussion on the mechanism of Danggui Sini decoction in treating diabetic foot based on network pharmacology and molecular docking and verification of the curative effect by meta-analysis.,metadata,title_pattern:\bmeta-analysis\b
PMC11651499,Xuebijing and somatostatin against acute pancreatitis: A systematic review and network pharmacology.,metadata,title_pattern:\bsystematic review\b
PMC7417929,Editorial: Network Pharmacology and Traditional Medicine.,metadata,title_pattern:\beditorial\b
PMC9580908,Application of network pharmacology in the study of mechanism of Chinese medicine in the treatment of ulcerative colitis: A review.,metadata,title_pattern:\breview\b
PMC11799321,Network pharmacology and experimental verification to investigate the mechanism of isoliquiritigenin for the treatment of Alzheimer's disease.,metadata,no_intervention_signal
PMC13115148,Integrated Metabolomics and Network Pharmacology Reveal the Active Components and Potential Health-Beneficial Mechanisms of Different Jujube (&lt;i&gt;Ziziphus jujuba&lt;/i&gt;) Cultivars.,metadata,no_intervention_signal
PMC11994110,"Mechanism Exploration of Dunyeguanxinning in the Treatment of Atherosclerosis Based on UPLC-Q-Orbitrap HRMS Technology, Network Pharmacology, Molecular Docking and Experimental Validation.",metadata,no_intervention_signal
PMC13253885,"Allicin inhibits kidney stone formation by suppressing the TNF/NF-κB pathway: Experimental validation through network pharmacology, in vitro, and in vivo studies.",metadata,no_intervention_signal
PMC11398818,Application of network pharmacology and dock of molecules on the exploration of the mechanism of frankincense-myrrh for lumbar intervertebral disc degeneration: A review.,metadata,title_pattern:\breview\b
PMC13257271,Integrating Metabolomics and Network Pharmacology to Reveal the Mechanism of Thymoquinone Alleviating Renal Interstitial Fibrosis in UUO Mice.,metadata,no_intervention_signal
PMC12852401,"Identify the therapeutic role and potential mechanism of α-cyperone in diminished ovarian reserve based on network pharmacology, molecular docking, Lip-MS and experimental validation.",metadata,no_intervention_signal
PMC10627614,Molecular mechanism of the effect of Gegen Qinlian decoction on COVID-19 comorbid with diabetes mellitus based on network pharmacology and molecular docking: A review.,metadata,title_pattern:\breview\b
PMC10659714,Investigating the therapeutic mechanism of Xiaotan Sanjie Formula for gastric cancer via network pharmacology and molecular docking: A review,metadata,title_pattern:\breview\b
PMC10695497,Network pharmacology and molecular docking technology for exploring the effect and mechanism of Radix Bupleuri and Radix Paeoniae Alba herb-pair on anti-hepatitis: A review.,metadata,title_pattern:\breview\b
PMC12067646,Exploring the Mechanism of Action of Xuebijing Injection in Treating Acute Respiratory Distress Syndrome Based on Network Pharmacology and Animal Experiments.,metadata,no_intervention_signal
PMC12491273,"Exploration of the role of &lt;i&gt;Fomitopsis officinalis Ames&lt;/i&gt; in the treatment of gastric cancer using network pharmacology, molecular docking, and in vitro experiments.",metadata,no_intervention_signal
PMC12485141,Author Correction: An investigation into the mechanism for Kaempferol improving melanocyte death based on network Pharmacology and experimental verification.,metadata,no_intervention_signal
PMC12118864,Essential oil-derived compounds target core fatigue-related genes: A network pharmacology and molecular Docking approach.,metadata,no_intervention_signal
PMC11733079,Deciphering the Anti-Diabetic Potential of Gymnema Sylvestre Using Integrated Computer-Aided Drug Design and Network Pharmacology.,metadata,no_intervention_signal
PMC13083011,Astragaloside IV suppresses neuroinflammation via PI3K/Akt/NF-κB to ameliorate cerebral ischemia-reperfusion injury based on network pharmacology analysis and experimental validation.,metadata,no_intervention_signal
PMC13083656,Investigate the mechanisms of novel verticinone derivatives on lung cancer cell line (A549) by network pharmacology and transcriptome.,metadata,no_intervention_signal
PMC12754577,"Bibliometric analysis and core target identification of network pharmacology on neuroinflammation in central nervous system disorders: Trends, collaborations, and future directions.",metadata,title_pattern:\bbibliometric\b
PMC13256576,The Potential Role of Camel Milk in Alleviating Chronic Fatigue Syndrome in Mice: A Network Pharmacology and In Vivo Validation Study.,metadata,no_intervention_signal
PMC11835338,"Integration of pharmacodynamics, network pharmacology and metabolomics to elucidate the effect and mechanism of Jingfang Granule in the treatment of Paraquat induced Pulmonary fibrosis.",metadata,no_intervention_signal
PMC11791135,Exploration of the mechanism of Lithospermum erythrorhizon oil in treating atopic dermatitis based on network pharmacology and experimental validation of the PI3K-Akt pathway regulation.,metadata,no_intervention_signal
PMC13243396,"Integrating network pharmacology, molecular docking and experimental verification to explore the therapeutic effect of piceatannol on rheumatoid arthritis",metadata,no_intervention_signal
PMC12074105,Exploring the mechanisms of artemisinin and its derivatives in the treatment of atopic dermatitis based on network pharmacology and molecular docking: A review.,metadata,title_pattern:\breview\b
PMC11846413,Combining network pharmacology and molecular docking to explore the pharmacological mechanism of Codonopsis Radix.-Hedysarum Multijugum Maxim.-Atractylodes Macrocephala Koidz. in treating lung cancer.,metadata,no_intervention_signal
PMC11049697,Exploring the mechanism of action of the combination of cinnamon and motherwort in the treatment of benign prostatic hyperplasia: A network pharmacology study.,metadata,no_intervention_signal
PMC12848645,"Unveiling the Therapeutic Potential of ""Taikong Blue"" Lavender Essential Oil and Its Key Compounds in Skin Problems via Network Pharmacology and In Vitro Validation.",metadata,no_intervention_signal
PMC13208057,Network Pharmacology Reveals the Therapeutic Potential of BBB-Permeable Compounds from &lt;i&gt;Lonicera caerulea&lt;/i&gt; for Alzheimer's Disease and Lipid Metabolism Disorders.,metadata,no_intervention_signal
PMC11206486,"Bioactive Compounds in <i>Citrus reticulata</i> Peel Are Potential Candidates for Alleviating Physical Fatigue through a Triad Approach of Network Pharmacology, Molecular Docking, and Molecular Dynamics Modeling.",metadata,no_intervention_signal
PMC12231498,"Network pharmacology-based prediction and ""gut microbiota-inflammation-brain axis"" validation of the active ingredients and potential mechanisms of &lt;i&gt;Plantagins Herba&lt;/i&gt; for treating diabetes-related cognitive dysfunction.",metadata,no_intervention_signal
PMC10638057,"Uncovering the mechanism of Qidan Dihuang Granule in the treatment of diabetic kidney disease combined network pharmacology, UHPLC-MS/MS with experimental validation.",metadata,no_intervention_signal
PMC11099290,Material basis and molecular mechanisms of Chaihuang Qingyi Huoxue Granule in the treatment of acute pancreatitis based on network pharmacology and molecular docking-based strategy.,metadata,no_intervention_signal
PMC11228082,Material basis and pharmacodynamic mechanism of YangshenDingzhi granules in the intervention of viral pneumonia: Based on serum pharmacochemistry and network pharmacology.,metadata,no_intervention_signal
PMC13290095,"6PPD-quinone exposure and Alzheimer's disease: insights from integrative network pharmacology, transcriptomics, machine learning, and molecular docking.",metadata,no_intervention_signal
PMC11630926,Meta-analysis and network pharmacology studies of the clinical efficacy of Guizhi Fuling capsules/pills combined with dienogest in treating endometriosis.,metadata,title_pattern:\bmeta-analysis\b
PMC11497385,"Proteomics-based network pharmacology and molecular docking reveal the potential mechanisms of 5,6,7,4'-tetramethoxyflavone against HeLa cancer cells.",metadata,no_intervention_signal
PMC10082286,The efficacy and potential mechanism of Danggui Buxue Decoction in treating diabetic nephropathy: A meta-analysis and network pharmacology.,metadata,title_pattern:\bmeta-analysis\b
PMC11101260,Preliminary Exploration of Potential Active Ingredients and Molecular Mechanisms of Yanggan Yishui Granules for Treating Hypertensive Nephropathy Using UPLC-Q-TOF/MS Coupled with Network Pharmacology and Molecular Docking Strategy.,metadata,no_intervention_signal
PMC10343566,The Prediction of Antioxidant Q-Markers for <i>Angelica dahurica</i> Based on the Dynamics Change in Chemical Compositions and Network Pharmacology.,metadata,no_intervention_signal
PMC12786256,"Integrating Network Pharmacology, Machine Learning, and Experimental Validation to Elucidate the Mechanism of Cardamonin in Treating Idiopathic Pulmonary Fibrosis.",metadata,no_intervention_signal
PMC10754559,Molecular mechanism of ChaiShi JieDu granule in treating dengue based on network pharmacology and molecular docking: A review.,metadata,title_pattern:\breview\b
PMC12401449,"Investigating the mechanism of artemisinin in treating osteoarthritis based on bioinformatics, network pharmacology, and molecular docking.",metadata,no_intervention_signal
PMC9387999,Application of network pharmacology in the study of the mechanism of action of traditional chinese medicine in the treatment of COVID-19.,metadata,publication_type:review-article review journal article
PMC10203597,Nephroprotective mechanisms of Rhizoma Chuanxiong and Radix et Rhizoma Rhei against acute renal injury and renal fibrosis based on network pharmacology and experimental validation.,metadata,no_intervention_signal
PMC10512719,Analyzing the research landscape: Mapping frontiers and hot spots in anti-cancer research using bibliometric analysis and research network pharmacology.,metadata,title_pattern:\bbibliometric\b
PMC13226506,"Exploring the celecoxib–cervical cancer relationship using in vitro, network pharmacology, and Mendelian randomization approaches",metadata,no_intervention_signal
PMC12293301,Analysis of Pharmacological Activities and Mechanisms of Essential Oil in Flowers of &lt;i&gt;Citrus grandis&lt;/i&gt; 'Tomentosa' by GC-MS/MS and Network Pharmacology.,metadata,no_intervention_signal
PMC10118378,The mechanism of peach kernel and safflower herb-pair for the treatment of liver fibrosis based on network pharmacology and molecular docking technology: A review.,metadata,title_pattern:\breview\b
PMC11270799,Based on network pharmacology and molecular docking to explore the potential mechanism of shikonin in periodontitis.,metadata,no_intervention_signal
PMC12222886,Investigation of the mechanism of euphornin against cervical cancer using network pharmacology.,metadata,no_intervention_signal
PMC9997813,Investigating the mechanism of Tongqiao Huoxue decotion in the treatment of allergic rhinitis based on network pharmacology and molecular docking: A review.,metadata,title_pattern:\breview\b
PMC12955068,Integrated network pharmacology and bioinformatics analysis reveals MME as key target of Notoginsenoside R1 in diabetic nephropathy.,metadata,no_intervention_signal
PMC12134759,Integrated proteomics analysis and network pharmacology to elucidate the mechanism of Zhilong Huoxue Tongyu Capsule alleviate hypertensive retinopathy in Ang II infusion mice model.,metadata,no_intervention_signal
PMC12535998,"Network pharmacology, molecular docking and &lt;i&gt;in vivo&lt;/i&gt; study on oleanolic acid against psoriasis.",metadata,no_intervention_signal
PMC10174355,Mechanism of Danggui Sini underlying the treatment of peripheral nerve injury based on network pharmacology and molecular docking: A review.,metadata,title_pattern:\breview\b
PMC11243510,Integrating UPLC-Q-TOF-MS and Network Pharmacology to Explore the Potential Mechanisms of <i>Paeonia lactiflora</i> Pall. in the Treatment of Blood Stasis Syndrome.,metadata,no_intervention_signal
PMC10696432,Network pharmacology and bioinformatics to identify the molecular mechanisms of Gleditsiae Spina against colorectal cancer.,metadata,no_intervention_signal
PMC11695863,Effect of icariin on ovarian cancer: a combined network pharmacology and meta-analysis of <i>in vitro</i> studies approach.,metadata,title_pattern:\bmeta-analysis\b
PMC11660459,Elucidating the role of gut microbiota metabolites in diabetes by employing network pharmacology.,metadata,no_intervention_signal
PMC12233160,Network pharmacology-based insights into the role of gut microbiota metabolites in insulin resistance.,metadata,no_intervention_signal
PMC11870275,Exploring the molecular mechanism of <i>Dioscorea alata</i> L. for the treatment of menstrual disorders using network pharmacology and molecular docking.,metadata,no_intervention_signal
PMC10807192,Network pharmacology and in vivo evidence of the pharmacological mechanism of geniposide in the treatment of atherosclerosis.,metadata,no_intervention_signal
PMC12289862,Anti-inflammatory mechanism of resveratrol's Triglyceride-lowering effect in hyperlipidemia: a meta-analysis integrated network pharmacology and molecular dynamics simulation.,metadata,title_pattern:\bmeta-analysis\b
PMC11175921,Study on the mechanism of inhibition of Escherichia coli by Polygonum capitatum based on network pharmacology and molecular docking technology: A review.,metadata,title_pattern:\breview\b
PMC12610289,Network pharmacology and molecular docking investigation of &lt;i&gt;Curcuma xanthorrhiza&lt;/i&gt; Roxb. rhizome with the mechanisms underlying as the potential drug of eczema treatment.,metadata,no_intervention_signal
PMC11251962,Integrating serum pharmacochemistry and network pharmacology to explore potential compounds and mechanisms of Alpiniae oxyphyllae fructus in the treatment of cellular senescence in diabetic kidney disease.,metadata,no_intervention_signal
PMC10036033,Exploring the molecular mechanism of Ling-Gui-Zhu-Gan decoction for the treatment of type 2 diabetes mellitus based on network pharmacology and molecular docking: A review.,metadata,title_pattern:\breview\b
PMC12647782,Exploring the effect and mechanism of baicalin on sepsis-induced acute lung injury based on network pharmacology and experimental verification.,metadata,no_intervention_signal
PMC11015457,"Revealing the active ingredients and mechanism of <i>P. sibiricumm</i> in non-small-cell lung cancer based on UPLC-Q-TOF-MS/MS, network pharmacology, and molecular docking.",metadata,no_intervention_signal
PMC10695573,Exploring the mechanism of action of total glucosides of paeony against autoimmune thyroiditis based on network pharmacology and molecular docking.,metadata,no_intervention_signal
PMC13013157,"Revealing the therapeutic potential of Laminaria japonica polysaccharides against cataract: evidence from transcriptomics, network pharmacology, and in vivo experiments.",metadata,no_intervention_signal
PMC9669354,Network pharmacology in quality control of traditional Chinese medicines.,metadata,publication_type:editorial
PMC12785290,Deciphering the Skin Anti-Aging and Hair Growth Promoting Mechanisms of &lt;i&gt;Opophytum forskahlii&lt;/i&gt; Seed Oil via Network Pharmacology.,metadata,no_intervention_signal
PMC12195964,"Combined Network Pharmacology, Transcriptomics and Metabolomics Strategies Reveal the Mechanism of Action of Lang Chuang Wan to Ameliorate Lupus Nephritis in MRL/lpr Mice.",metadata,no_intervention_signal
PMC11774308,Exploring the Mechanisms of Sanguinarine in the Treatment of Osteoporosis by Integrating Network Pharmacology Analysis and Deep Learning Technology.,metadata,no_intervention_signal
PMC12702959,Decoding the therapeutic potential mechanism of &lt;i&gt;Cornus officinalis&lt;/i&gt; in Parkinson's disease: a network pharmacology insight.,metadata,no_intervention_signal
PMC11676315,"Single-Cell RNA Sequencing, Cell Communication, and Network Pharmacology Reveal the Potential Mechanism of <i>Senecio scandens</i> Buch.-Ham in Hepatocellular Carcinoma Inhibition.",metadata,no_intervention_signal
PMC11206888,"Based on Network Pharmacology and Molecular Docking, the Active Components, Targets, and Mechanisms of Flemingia philippinensis in Improving Inflammation Were Excavated",metadata,no_intervention_signal
PMC12069849,Characterization of the Active Ingredients and Prediction of the Potential Anticolitis Mechanism of the Feng-Liao-Chang-Wei-Kang Capsule via Mass Spectrometry and Network Pharmacology.,metadata,no_intervention_signal
PMC12415115,"Integrated Gut Microbiota, Metabolomics, and Network Pharmacology to Investigate the Anti-Alzheimer's Mechanism of Tripterygium Glycoside.",metadata,no_intervention_signal
PMC10589513,Dissection of action mechanisms of Zuogui Pill in the treatment of liver cancer based on machine learning and network pharmacology: A review.,metadata,title_pattern:\breview\b
PMC12369558,Correction: Exploring the mechanisms of tetrahydrocurcumin in ameliorating nonalcoholic steatohepatitis based on network pharmacology and gut microbiota analysis &lt;i&gt;in vivo&lt;/i&gt; and &lt;i&gt;in vitro&lt;/i&gt;.,metadata,no_intervention_signal
PMC12314080,Uncovering active ingredients and mechanisms of Pholiota adiposa in the treatment of Alzheimer's disease based on network pharmacology and bioinformatics.,metadata,no_intervention_signal
PMC10704203,Exploring the targets and molecular mechanism of glycyrrhetinic acid against diabetic nephropathy based on network pharmacology and molecular docking.,metadata,no_intervention_signal
PMC12009581,"Network Pharmacology, Molecular Docking, and in vitro Experiments Reveal the Role and Mechanism of Tanshinone IIA in Colorectal Cancer Treatment Through the PI3K/AKT Pathway.",metadata,no_intervention_signal
PMC10767094,Network pharmacology prediction and molecular docking-based strategy to explore the potential mechanism of Radix Astragali against hypopharyngeal carcinoma.,metadata,no_intervention_signal
PMC10402989,Researching the molecular mechanisms of Taohong Siwu Decoction in the treatment of varicocele-associated male infertility using network pharmacology and molecular docking: A review.,metadata,title_pattern:\breview\b
PMC12400671,Comprehensive Network pharmacology and in vitro investigation of L-mimosine: unveiling multi-targeted therapeutic potential against breast cancer.,metadata,no_intervention_signal
PMC12923746,Repurposing of natural products for spinocerebellar ataxia type 3 using integrated network pharmacology and in silico approaches.,metadata,no_intervention_signal
PMC12734118,Computational Investigation Identifies mTOR as a Primary Binding Target of Medicarpin in Cholangiocarcinoma: Insights from Network Pharmacology and Molecular Docking.,metadata,no_intervention_signal
PMC13115188,"Honey Lemon Alleviates Alcoholic Liver Disease via Multi-Target Synergistic Mechanisms: An Integrated Study of Network Pharmacology, Molecular Docking, and Animal Experiments.",metadata,no_intervention_signal
PMC12532998,Uncovering the anti-cervical cancer mechanism of Ziyuglycoside I via integrated network pharmacology molecular docking and experimental validation.,metadata,no_intervention_signal
PMC12154073,Network Pharmacology and Molecular Docking-Based Approach to Explore Potential Bioactive Compounds from &lt;i&gt;Kaempferia parviflora&lt;/i&gt; on Chemokine Signaling Pathways in the Treatment of Psoriasis Disease.,metadata,no_intervention_signal
PMC13207446,Integrating Network Pharmacology and Experimental Validation of Oleanolic Acid Targeting the PPARα-CPT1A Axis to Modulate Lipid Metabolism in Hepatocellular Carcinoma Cells.,metadata,no_intervention_signal
PMC11936567,Integrating network pharmacology and molecular docking to explore the pharmacological mechanism of tanshinone IIA in improving chronic obstructive pulmonary disease.,metadata,no_intervention_signal
PMC12138829,Network Pharmacology Combined with Proteomics Reveals That 3‑Acetyl-11-keto-β-boswellic Acid Inhibits the Progression of Prostate Cancer by Regulating the IL-17 Signaling Pathway.,metadata,no_intervention_signal
PMC9552692,Network Pharmacology and Molecular Docking Analyses Unveil the Mechanisms of Yiguanjian Decoction against Parkinson's Disease from Inner/Outer Brain Perspective.,metadata,title_pattern:\bperspective\b
PMC12150010,[Corrigendum] Network pharmacology combined with experimental validation to investigate the effect of Rongjin Niantong Fang on chondrocyte apoptosis in knee osteoarthritis.,metadata,no_intervention_signal
PMC9410815,Study on the Mechanism of Xiaotan Sanjie Recipe in the Treatment of Colon Cancer Based on Network Pharmacology.,metadata,no_intervention_signal
PMC10889325,"Network Pharmacology and Experimental Verifications to Discover <i>Scutellaria baicalensis</i> Georgi's Effects on Joint Inflammation, Destruction, and Pain in Osteoarthritis.",metadata,no_intervention_signal
PMC9755740,"Banxia baizhu tianma decoction, a Chinese herbal formula, for hypertension: Integrating meta-analysis and network pharmacology.",metadata,title_pattern:\bmeta-analysis\b
PMC11986939,Revealing the Mechanisms of Shikonin Against Diabetic Wounds: A Combined Network Pharmacology and In Vitro Investigation.,metadata,no_intervention_signal
PMC11411401,Investigating the protective effect of loganin in ovariectomy‑induced bone loss through network pharmacology and molecular docking.,metadata,no_intervention_signal
PMC11352311,Revealing the Mechanism of Esculin in Treating Renal Cell Carcinoma Based on Network Pharmacology and Experimental Validation.,metadata,no_intervention_signal
PMC10795024,Integrated Network Pharmacology Approach to Evaluate Bioactive Phytochemicals of <i>Acalypha indica</i> and Their Mechanistic Actions to Suppress Target Genes of Tuberculosis.,metadata,no_intervention_signal
PMC12307386,Exploring the effect and mechanism of fucoidan on liver cancer depending on network pharmacology and experimental verification.,metadata,no_intervention_signal
PMC12771444,An Integrative Omics and Network Pharmacology Approach to Evaluate the Antiulcer Activity of &lt;i&gt;Bombax ceiba&lt;/i&gt; L. Gum in Rats.,metadata,no_intervention_signal
PMC13276463,Risk assessment for hydrophobic disinfectants and antiseptics as contaminants in freshwater using risk quotient and network pharmacology approaches.,metadata,no_intervention_signal
PMC13091021,Unravelling the multi-target mechanism of methoxylated flavonoids in Parkinson's disease: Insights from network pharmacology and molecular dynamics.,metadata,no_intervention_signal
PMC12450931,Integrated metabolomics and network pharmacology to investigate the anti-hyperlipidemia effect of geniposidic acid on high-fat diet induced mice.,metadata,no_intervention_signal
PMC10873672,Anti-inflammatory effects of <i>Chrozophora plicata</i> uncovered using network pharmacology and in-vivo carrageenan paw edema model.,metadata,no_intervention_signal
PMC11750949,Exploring the Cardioprotective Mechanisms of <i>Ligusticum wallichii</i> in Myocardial Infarction Through Network Pharmacology and Experimental Validation.,metadata,no_intervention_signal
PMC11141582,Evidence Construction of Chuankezhi Injection Against Chronic Obstructive Pulmonary Disease: A Systematic Review and Network Pharmacology.,metadata,title_pattern:\bsystematic review\b
PMC13294049,Exploring the potential of gut microbiota metabolites in the treatment of endometriosis through network pharmacology and Mendelian randomization,metadata,no_intervention_signal
PMC11904911,Mechanism of salidroside promoting testosterone secretion induced by H&lt;sub&gt;2&lt;/sub&gt;O&lt;sub&gt;2&lt;/sub&gt; in TM3 Leydig cells based on metabolomics and network pharmacology.,metadata,no_intervention_signal
PMC9720234,Analysis of the Clinical Efficacy and Molecular Mechanism of Xuefu Zhuyu Decoction in the Treatment of COPD Based on Meta-Analysis and Network Pharmacology.,metadata,title_pattern:\bmeta-analysis\b
PMC12370656,Network pharmacology to explore the novel anti-inflammatory mechanism of naringenin in intestinal ischemia/reperfusion injury.,metadata,no_intervention_signal
PMC10724296,Network pharmacology-based research on the effect of Radix Astragali on osteosarcoma and the underlying mechanism.,metadata,no_intervention_signal
PMC11444148,Mechanism Actions of Coniferyl Alcohol in Improving Cardiac Dysfunction in Renovascular Hypertension Studied by Experimental Verification and Network Pharmacology.,metadata,no_intervention_signal
PMC9771300,Integrated network pharmacology and proteomics to reveal the cognitive improvement effect of Wuzang Wenyang Huayu decoction on vascular dementia.,metadata,publication_type:letter
PMC11940423,In vitro experiments and network pharmacology-based investigation of the molecular mechanism of neferine in the treatment of gastric cancer.,metadata,no_intervention_signal
PMC11344467,"Investigation of the mechanism of baicalein in the treatment of periodontitis based on network pharmacology, molecular docking and experimental validation.",metadata,no_intervention_signal
PMC11841155,Naringenin inhibits ferroptosis to reduce radiation-induced lung injury: insights from network Pharmacology and molecular docking.,metadata,no_intervention_signal
PMC9994669,Wuling San Based on Network Pharmacology and in vivo Evidence Against Hyperuricemia via Improving Oxidative Stress and Inhibiting Inflammation.,metadata,no_intervention_signal
PMC11703463,Exploring the effect and mechanism of action of Jinlida granules (JLD) in the treatment of diabetes-associated cognitive impairment based on network pharmacology with experimental validation.,metadata,no_intervention_signal
PMC10289100,Sanqi Qushi Granule Alleviates Proteinuria and Podocyte Damage in NS Rat: A Network Pharmacology Study and in vivo Experimental Validation.,metadata,no_intervention_signal
PMC11416244,Mechanism of Fuzheng Qudu prescription in the treatment of lung cancer based on network pharmacology and experimental validation.,metadata,no_intervention_signal
PMC12941286,"Naringin Alleviates Knee Osteoarthritis by Targeting TNF-α and PTGS2: An Integrated Network Pharmacology, Molecular Simulation, and Experimental Validation Study",metadata,no_intervention_signal
PMC12313873,Deciphering anti-colorectal cancer potential of Avicennia alba bioactives via network pharmacology and in vitro validation.,metadata,no_intervention_signal
PMC11847788,A comprehensive review of Schisandrin B's preclinical antitumor activity and mechanistic insights from network pharmacology.,metadata,title_pattern:\breview\b
PMC11476761,"Investigation of the Pharmacodynamic Components of <i>Gastrodia elata</i> Blume for Treatment of Type 2 Diabetes Mellitus through HPLC, Bioactivity, Network Pharmacology and Molecular Docking.",metadata,no_intervention_signal
PMC11846948,Uncovering the mechanism of Huangkui capsule in the treatment of diabetic kidney disease based on network pharmacology and experimental validation.,metadata,no_intervention_signal
PMC12272094,Exploring the Effectiveness and Potential Pharmacological Mechanism of Minocycline for Spinal Cord Injury through Meta-Analysis and Network Pharmacology.,metadata,title_pattern:\bmeta-analysis\b
PMC11894577,Network pharmacology combined with molecular docking and experimental validation of the mechanism of action of columbianetin acetate in the treatment of ovarian cancer.,metadata,no_intervention_signal
PMC12939569,"Prospecting of Novel Angiotensin I-Converting Enzyme Inhibitory Peptides from Bone Collagen of &lt;i&gt;Pelodiscus sinensis&lt;/i&gt; by Computer-Aided Screening, Molecular Docking, and Network Pharmacology.",metadata,no_intervention_signal
PMC10860289,Network pharmacology-based strategy to investigate the mechanisms of artemisinin in treating primary Sjögren's syndrome.,metadata,no_intervention_signal
PMC10727665,Integrating network pharmacology and experimental verification to explore the mechanism of Tripterygium wilfordii in ankylosing spondylitis.,metadata,no_intervention_signal
PMC12732055,"A Novel Integrative Framework for Depression: Combining Network Pharmacology, Artificial Intelligence, and Multi-Omics with a Focus on the Microbiota-Gut-Brain Axis.",metadata,publication_type:review-article review journal article
PMC11846456,"Exploring the therapeutic potential of marjoram (Origanum majorana L.) in polycystic ovary syndrome: insights from serum metabolomics, network pharmacology and experimental validation.",metadata,no_intervention_signal
PMC11733631,Integrating Network Pharmacology and In Silico Analysis to Explore the Bioactive Compounds Against Gastric Cancer Treatment.,metadata,no_intervention_signal
PMC11124279,Network Pharmacology and Experimental Validation to Explore the Potential Mechanism of <i>Nigella sativa</i> for the Treatment of Breast Cancer.,metadata,no_intervention_signal
PMC10709111,"Molecular mechanism of Achyranthis bidentatae radix and Morindae officinalis radix in osteoporosis therapy: An investigation based on network pharmacology, molecular docking, and molecular dynamics simulations.",metadata,no_intervention_signal
PMC12027412,Network Pharmacology and Molecular Dynamics Identified Potential Androgen Receptor-Targeted Metabolites in &lt;i&gt;Crocus alatavicus&lt;/i&gt;.,metadata,no_intervention_signal
PMC10895587,Paeoniflorin improves ulcerative colitis via regulation of PI3K‑AKT based on network pharmacology analysis.,metadata,no_intervention_signal
PMC11723258,"The Potential Mechanism of <i>Alpiniae oxyphyllae</i> Fructus Against Hyperuricemia: An Integration of Network Pharmacology, Molecular Docking, Molecular Dynamics Simulation, and In Vitro Experiments.",metadata,no_intervention_signal
PMC12263864,"Exploring the health benefits of gut microbiota metabolites on combating ulcerative colitis via network pharmacology, bioinformatics and molecular docking.",metadata,no_intervention_signal
PMC11054834,Potential Mechanism of Tibetan Medicine Liuwei Muxiang Pills against Colorectal Cancer: Network Pharmacology and Bioinformatics Analyses.,metadata,no_intervention_signal
PMC11958680,Exploring the beneficial effect of gut microbiota metabolites on diabetic nephropathy via network pharmacology study.,metadata,no_intervention_signal
PMC10902223,The mechanism of action and experimental verification of Gan-song Yin on renal clear cell carcinoma based on network pharmacology and bioinformatics.,metadata,no_intervention_signal
PMC11382023,Integrated network pharmacology and molecular docking to investigate the potential mechanism of Tufuling on Alzheimer's disease.,metadata,no_intervention_signal
PMC10284302,Network Pharmacology Analysis of the Mechanisms Underlying the Therapeutic Effects of Yangjing Zhongyu Tang on Thin Endometrium.,metadata,no_intervention_signal
PMC10662804,Exploring the inhibition mechanism of interleukin-1-beta in gouty arthritis by polygonum cuspidatum using network pharmacology and molecular docking: A review.,metadata,title_pattern:\breview\b
PMC7836472,A network pharmacology perspective for deciphering potential mechanisms of action of Solanum nigrum L. in bladder cancer.,metadata,title_pattern:\bperspective\b
PMC11386916,Elucidation of the anti-colorectal cancer mechanism of &lt;i&gt;Atractylodes lancea&lt;/i&gt; by network pharmacology and experimental verification.,metadata,no_intervention_signal
PMC9878685,Research trends and hotspots of neurodegenerative diseases employing network pharmacology: A bibliometric analysis.,metadata,title_pattern:\bbibliometric\b
PMC12010628,Combining network pharmacology and experimental verification to explore the inhibitory effects of Deoxyelephantopin (DET) Against Non-Small Cell Lung Cancer (NSCLC).,metadata,no_intervention_signal
PMC13216634,Peiminine attenuates inflammatory bowel disease by suppressing TLR4 mediated NFƙB pathway: an integrated network pharmacology and experimental validation.,metadata,no_intervention_signal
PMC12897157,"Antidepressant Mechanisms of L-Theanine in Tea Based on Network Pharmacology, Molecular Docking, and Molecular Dynamics Simulations.",metadata,no_intervention_signal
PMC12210073,Exploring the mechanisms of tetrahydrocurcumin in ameliorating nonalcoholic steatohepatitis based on network pharmacology and gut microbiota analysis &lt;i&gt;in vivo&lt;/i&gt; and &lt;i&gt;in vitro&lt;/i&gt;.,metadata,no_intervention_signal
PMC13208547,Network Pharmacology and Molecular Docking-Based Investigation of Empagliflozin's Therapeutic Potential in Chronic Kidney Disease.,metadata,no_intervention_signal
PMC12764707,Identification of potential molecular targets of luteolin in the treatment of hepatocellular carcinoma based on network pharmacology and transcriptome sequencing technology.,metadata,no_intervention_signal
PMC12819326,Hyperoside ameliorates lupus nephritis by suppressing AKT1-mediated PANoptosis in podocytes: integrating network pharmacology and experimental validation.,metadata,no_intervention_signal
PMC13027433,"The Effect of Viniferin on Liver Cancer: Research Based on Network Pharmacology, Molecular Docking and Molecular Dynamics Simulation.",metadata,no_intervention_signal
PMC12191591,"Integrating Strategy of Network Pharmacology, Molecular Dynamics Simulation, and Experimental Verification to Investigate the Potential Mechanism of &lt;i&gt;Gastrodia elata&lt;/i&gt; Against Alcoholic Liver Injury.",metadata,no_intervention_signal
PMC11081554,"Exploring the efficacy and molecular mechanism of Danhong injection comprehensively in the treatment of idiopathic pulmonary fibrosis by combining meta-analysis, network pharmacology, and molecular docking methods.",metadata,title_pattern:\bmeta-analysis\b
PMC10994518,Exploring the mechanism of ShenGui capsule in treating heart failure based on network pharmacology and molecular docking: A review.,metadata,title_pattern:\breview\b
PMC12524879,Molecular Mechanism Discovery of Acacetin Against Cancers: Insights from Network Pharmacology and Molecular Docking.,metadata,publication_type:review-article review journal article
PMC12967660,Unraveling the Systems Biology of Curcumin: A Mini-review of its Anti-diabetic Potential through Network Pharmacology.,metadata,title_pattern:\breview\b
PMC11855067,Network Pharmacology Analysis and Experimental Validation of Tectoridin in the Treatment of Ischemic Stroke by Inhibiting Apoptosis and Regulating Inflammation.,metadata,no_intervention_signal
PMC10725889,Integrated network pharmacology and metabolomics reveal the mechanisms of Jasminum elongatum in anti-ulcerative colitis.,metadata,no_intervention_signal
PMC13073608,Integrative Network Pharmacology and Molecular Docking Analysis Uncovers Multi-Target Mechanisms of Alpha-Mangostin Against Acute Kidney Injury.,metadata,no_intervention_signal
PMC13093899,"Integrated Network Pharmacology, Molecular Docking, and Experimental Validation Elucidating the Therapeutic Mechanism of Idesia polycarpa Crude Oil in Aluminum Chloride‐Induced Alzheimer's Rat Models",metadata,no_intervention_signal
PMC11701077,Network Pharmacology Suggests Mechanisms for Therapeutic Effects of <i>Caulis Sinomenii</i> on Avian Gout.,metadata,no_intervention_signal
PMC8725869,Mechanism of Elian granules in the treatment of precancerous lesions of gastric cancer in rats through the MAPK signalling pathway based on network pharmacology.,metadata,no_intervention_signal
PMC12076972,Comprehensive network pharmacology and experimentation to unveil the therapeutic efficacy and mechanisms of gypenoside LI in anaplastic thyroid cancer.,metadata,no_intervention_signal
PMC11351691,Schisandrin A Attenuates Diabetic Nephropathy via EGFR/AKT/GSK3β Signaling Pathway Based on Network Pharmacology and Experimental Validation.,metadata,no_intervention_signal
PMC11796443,Puerarin Ameliorates the Ferroptosis in Diabetic Liver Injure Through the JAK2/STAT3 Pathway Inhibition Based on Network Pharmacology and Experimental Validation.,metadata,no_intervention_signal
PMC12512842,Exploring the mechanism of action of astragaloside in the treatment of osteoarthritis based on network pharmacology.,metadata,no_intervention_signal
PMC10372005,"Based on network pharmacology, gastrodin attenuates hypertension-induced vascular smooth muscle cell proliferation and PI3K/AKT pathway activation.",metadata,no_intervention_signal
PMC13062159,"Desidustat's cardioprotective mechanisms in heart failure: a network pharmacology, molecular docking and dynamics approach.",metadata,no_intervention_signal
PMC12124071,Integrated bioinformatics and network pharmacology to identify and validate macrophage polarization related hub genes in the treatment of osteoarthritis with Astragalus membranaceus.,metadata,publication_type:letter journal article
PMC9439916,Therapeutic Mechanism and Key Active Ingredients of Shenfu Injection in Sepsis: A Network Pharmacology and Molecular Docking Approach.,metadata,no_intervention_signal
PMC12379535,"The mechanism of probiotics in pregnancy outcomes in overweight or obese pregnant women based on meta-analysis, network pharmacology and molecular docking.",metadata,title_pattern:\bmeta-analysis\b
PMC10991710,"Exploring the effects of calycosin on anthracycline-induced cardiotoxicity: a network pharmacology, molecular docking, and experimental study.",metadata,no_intervention_signal
PMC12179932,Potential mechanism of &lt;i&gt;Camellia luteoflora&lt;/i&gt; against colon adenocarcinoma: An integration of network pharmacology and molecular docking.,metadata,no_intervention_signal
PMC13124417,"Analysis of core target genes of vagus nerve stimulation in epilepsy, ischemic stroke, and depression: Separate insights from network pharmacology, bioinformatics, and Mendelian randomization.",metadata,no_intervention_signal
PMC13297854,"Elucidation of the Effects of Heat Treatment on Polyphenolic Compounds in Highland Barley and Their Potential Mechanisms of Action in Improving Hypertension Using Targeted Metabolomics, Network Pharmacology, and Molecular Docking",metadata,no_intervention_signal
PMC11334658,Exploration of the mechanism of fraxetin in treating acute myeloid leukemia based on network pharmacology and experimental verification.,metadata,no_intervention_signal
PMC8736312,Multi-scale mechanism of antiviral drug-alike phytoligands from Ayurveda in managing COVID-19 and associated metabolic comorbidities: insights from network pharmacology.,metadata,no_intervention_signal
PMC13056905,Neuroprotective mechanisms of cobalamin in ischemic stroke insights from network pharmacology and molecular simulations.,metadata,no_intervention_signal
PMC11961278,"Identification of Therapeutic Potential of Hydroxychavicol Against Alzheimer's Disease: An Integrated Network Pharmacology, Molecular Docking, and Dynamic Simulation Study.",metadata,no_intervention_signal
PMC11640074,The Mechanism of Relieving Diarrheal Irritable Bowel Syndrome Using Polyphenols from <i>Ribes nigrum</i> L. Based on a Network Pharmacology Analysis and 16S rRNA Sequencing.,metadata,no_intervention_signal
PMC12958659,Exploration of borneol essential oil function in the treatment of Alzheimer's disease based on network pharmacology and experimental validation.,metadata,no_intervention_signal
PMC13223498,"Comprehensive Evaluation of Triptolide's Therapeutic Mechanisms in Diabetic Kidney Disease &lt;i&gt;via&lt;/i&gt; Meta-Analysis, Network Pharmacology, Molecular Docking, and Mendelian Randomization.",metadata,title_pattern:\bmeta-analysis\b
PMC13068261,Network pharmacology and integrative bioinformatics analyses identify PDE1A as a key target of pirfenidone in idiopathic pulmonary fibrosis.,metadata,no_intervention_signal
PMC11971119,Prediction of potential targets of aloe-emodin in the treatment of hepatocellular carcinoma using network pharmacology combined with bioinformatics.,metadata,no_intervention_signal
PMC13257194,"Astilbin Protects Against Ischemic Stroke by Regulating ERK1/2/CREB/p90RSK Signaling and Ferroptosis-Related SLC7A11/ACSL4/GPX4 Axis: Insights from Network Pharmacology, Multi-Omics, and Molecular Dynamics.",metadata,no_intervention_signal
PMC10769149,"Medicine for chronic atrophic gastritis: a systematic review, meta- and network pharmacology analysis.",metadata,title_pattern:\bsystematic review\b
PMC12759265,"Integrated Network Pharmacology, Single-Cell Transcriptomics Unveil the Mechanistic Role of Morusin in Aortic Dissection.",metadata,no_intervention_signal
PMC12425968,"Icariin ameliorates minimal change disease by regulating the mitochondrial dysfunction pathway: an integrated strategy of network pharmacology, bioinformatics, and experimental validation.",metadata,no_intervention_signal
PMC10227678,Network pharmacology implicates traditional Chinese medicine in regulating systemic homeostasis to benefit Alzheimer's disease.,metadata,publication_type:review-article review journal article
PMC11745066,Network Pharmacology Combined With Metabolomics Reveals the Mechanism of Yangxuerongjin Pill Against Type 2 Diabetic Peripheral Neuropathy in Rats.,metadata,no_intervention_signal
PMC12664296,"Integrating network pharmacology, transcriptomics, molecular docking and in vitro experiments to investigate the material basis and mechanism of Liuwei Dihuang Pills for treating diabetic nephropathy.",metadata,no_intervention_signal
PMC12717163,Target-specific therapeutic assessment of repurposed drug candidates for oral lichen planus: a network pharmacology-molecular dynamics simulation guided investigation.,metadata,no_intervention_signal
PMC9737206,Metabolomics and Network Pharmacology in the Exploration of the Multi-Targeted Therapeutic Approach of Traditional Medicinal Plants.,metadata,publication_type:review-article review journal article
PMC13025019,"Sprouted Wheat Improves Liver Metabolism and Inflammation in T2DM Mice: 16S rRNA Gene Sequence, Metabolomics and Network Pharmacology Joint Analysis.",metadata,no_intervention_signal
PMC11899993,"Therapeutic Mechanisms of Medicine Food Homology Plants in Alzheimer's Disease: Insights from Network Pharmacology, Machine Learning, and Molecular Docking.",metadata,no_intervention_signal
PMC8903776,Metabolomics coupled with network pharmacology study on the protective effect of Keguan-1 granules in LPS-induced acute lung injury.,metadata,no_intervention_signal
PMC9398691,Mechanism Study of Cinnamomi Ramulus and <i>Paris polyphylla</i> Sm. Drug Pair in the Treatment of Adenomyosis by Network Pharmacology and Experimental Validation.,metadata,no_intervention_signal
PMC13086306,Unveiling the mechanism of calcitriol in treating type 2 diabetes mellitus: A combined network pharmacology and in vitro approach targeting ERS-related pathways.,metadata,no_intervention_signal
PMC11830035,"Integrated network pharmacology, molecular docking and experimental validation to investigate the mechanism of tannic acid in nasopharyngeal cancer.",metadata,no_intervention_signal
PMC10998068,Integration of network pharmacology and experimental verifications reveals the Bian-Se-Tong mixture can alleviate constipation in STC rats by reducing apoptosis of Cajal cells via activating PI3K-Akt signaling pathway.,metadata,no_intervention_signal
PMC10180667,Exploration of the Molecular Basis of Forsythia Fruit in the Prevention and Treatment of Cholestatic Liver Injury through Network Pharmacology and Molecular Docking.,metadata,no_intervention_signal
PMC11833071,Investigation of the mechanism of chenodeoxycholic acid in treating acute lung injury through network pharmacology and experimental validation.,metadata,no_intervention_signal
PMC10374640,The pharmacological mechanism of β-elemene in the treatment of esophageal cancer revealed by network pharmacology and experimental verification.,metadata,no_intervention_signal
PMC10826791,Substance basis and pharmacological mechanism of heat-clearing herbs in the treatment of ischaemic encephalopathy: a systematic review and network pharmacology.,metadata,title_pattern:\bsystematic review\b
PMC13133291,Integrated analysis of Morusin inhibiting esophageal cancer via network pharmacology molecular dynamics simulation and in vitro validation.,metadata,no_intervention_signal
PMC11823090,Exploring the causal associations of the gut microbiota and plasma metabolites with ovarian cancer: an approach of mendelian randomization analysis combined with network pharmacology and molecular docking.,metadata,no_intervention_signal
PMC10774059,Phytochemicals as estrogen receptor modulators?-a commentary of a network pharmacology study of two commonly employed Chinese herbal medicines in non-small cell lung cancer treatment.,metadata,title_pattern:\bcommentary\b
PMC8702253,Exploring potential mechanisms of Suhexiang Pill against COVID-19 based on network pharmacology and molecular docking.,metadata,publication_type:review-article journal article
PMC10950659,Mechanism of Bazi Bushen capsule in delaying the senescence of mesenchymal stem cells based on network pharmacology and experimental validation.,metadata,no_intervention_signal
PMC12071632,The Anti-Inflammatory Effects and Molecular Mechanism of &lt;i&gt;Citri Reticulatae Pericarpium&lt;/i&gt; Essential Oil: A Combined GC-MS and Network Pharmacology Study.,metadata,no_intervention_signal
PMC10745890,"Study of the Mechanism of Astragali Radix in Treating Type 2 Diabetes Mellitus and Its Renal Protection Based on Enzyme Activity, Network Pharmacology, and Experimental Verification.",metadata,no_intervention_signal
PMC12572168,Mechanistic analysis of luteolin in mitigating dry age-related macular degeneration through network pharmacology and experimental validation.,metadata,no_intervention_signal
PMC10031011,"""Drying effect"" of fructus aurantii components and the mechanism of action based on network pharmacology and <i>in vitro</i> pharmacodynamic validation.",metadata,no_intervention_signal
PMC9553678,An Integrated Strategy of Chemical Fingerprint and Network Pharmacology for the Discovery of Efficacy-Related Q-Markers of <i>Pheretima</i>.,metadata,no_intervention_signal
PMC9068950,A Tau Pathogenesis-Based Network Pharmacology Approach for Exploring the Protections of <i>Chuanxiong Rhizoma</i> in Alzheimer's Disease.,metadata,no_intervention_signal
PMC9440779,Combining Network Pharmacology with Experimental Validation to Elucidate the Mechanism of Salvianolic Acid B in Treating Diabetic Peripheral Neuropathy.,metadata,no_intervention_signal
PMC8727130,Analysis of the Efficacy and Pharmacological Mechanisms of Action of Zhenren Yangzang Decoction on Ulcerative Colitis Using Meta-Analysis and Network Pharmacology.,metadata,title_pattern:\bmeta-analysis\b
PMC12069167,"An integrative analysis combining bioinformatics, network pharmacology and experimental methods identified key genes of EGCG targets in Nasopharyngeal Carcinoma.",metadata,no_intervention_signal
PMC11514402,Therapeutic efficacy and pharmacological mechanism of Bailing capsule on chronic obstructive pulmonary disease: a meta-analysis and network pharmacology.,metadata,title_pattern:\bmeta-analysis\b
PMC12597945,Neuroprotective mechanisms of valproic acid and alpha-lipoic acid in ALS: a network pharmacology-based investigation.,metadata,no_intervention_signal
PMC12732698,Multi-Transcriptome-Informed Network Pharmacology Reveals Novel Biomarkers and Therapeutic Candidates for Parkinson's Disease.,metadata,no_intervention_signal
PMC13208598,Network Pharmacology Analysis of Glycyrrhetinic Acid in Metabolic Dysfunction-Associated Steatotic Liver Disease.,metadata,no_intervention_signal
PMC11809647,Network pharmacology and in silico approaches to uncover multitargeted mechanism of action of Zingiber zerumbet rhizomes for the treatment of idiopathic pulmonary fibrosis.,metadata,no_intervention_signal
PMC12292688,"Network Pharmacology Approaches to Myocardial Infarction Reperfusion Injury: Exploring Mechanisms, Pathophysiology, and Novel Therapies.",metadata,publication_type:review-article review journal article
PMC11770925,Analysis of the potential biological mechanisms of geniposide on renal fibrosis by network pharmacology and experimental verification.,metadata,no_intervention_signal
PMC11512754,Puerarin alleviates apoptosis and inflammation in kidney stone cells via the PI3K/AKT pathway: Network pharmacology and experimental verification.,metadata,no_intervention_signal
PMC10681924,Network pharmacology-based approach to investigate the molecular targets of essential oil obtained from lavender for treating breast cancer.,metadata,no_intervention_signal
PMC10695581,Anti-Nasopharyngeal carcinoma mechanism of sanguinarine based on network pharmacology and molecular docking.,metadata,no_intervention_signal
PMC11828949,"Exploring the potential mechanism of B-phycoerythrin on DSS-induced colitis and colitis-associated bone loss based on network pharmacology, molecular docking, and experimental validation.",metadata,no_intervention_signal
PMC12111181,Special Issue: Discovery of Bioactive Phytochemicals' Molecular Mechanisms Against Different Diseases Based on Network Pharmacology and Molecular Docking.,metadata,publication_type:introductory journal article editorial
PMC11701227,Elucidating the mechanism of stigmasterol in acute pancreatitis treatment: insights from network pharmacology and <i>in vitro</i>/<i>in vivo</i> experiments.,metadata,no_intervention_signal
PMC13154815,Network pharmacology and &lt;i&gt;in vitro&lt;/i&gt; experiments reveal the autophagy mechanism of Yanggan-Yishui granules in improving hypertensive renal injury.,metadata,no_intervention_signal
PMC11942381,Using Integrated Network Pharmacology and Metabolomics to Reveal the Mechanisms of the Combined Intervention of Ligustrazine and Sinomenine in CCI-Induced Neuropathic Pain Rats.,metadata,no_intervention_signal
PMC10618342,Integration of metabolomics and network pharmacology to reveal the protective mechanism underlying Qibai Pingfei capsule on chronic obstructive pulmonary disease.,metadata,no_intervention_signal
PMC11046112,A network pharmacology-based approach to explore the molecular mechanism of Aidi injection against prostate cancer.,metadata,no_intervention_signal
PMC12708557,"Farrerol inhibits proliferation and migration of colorectal cancer via the VEGF signaling pathway: evidence from network pharmacology, molecular docking, molecular dynamics simulation, and &lt;i&gt;in vitro&lt;/i&gt; experiments.",metadata,no_intervention_signal
PMC13140350,Network Pharmacology Combined With Clinical Retrospective Analysis to Investigate the Potential Mechanisms and Clinical Significance of Folate in Treating Spinal Cord Injury.,metadata,no_intervention_signal
PMC12944959,Combining Network Pharmacology and Experimental Verification to Investigate the Protective Effect of Melatonin on Fluoride-Induced Brain Injury.,metadata,no_intervention_signal
PMC13073563,Network Pharmacology-Guided Identification of &lt;i&gt;Candida albicans&lt;/i&gt; Secondary Metabolites as Modulators of HIV Latency via Oncogenic Signaling Pathways.,metadata,no_intervention_signal
PMC10310867,Analysis of common and characteristic actions of <i>Panax ginseng</i> and <i>Panax notoginseng</i> in wound healing based on network pharmacology and meta-analysis.,metadata,title_pattern:\bmeta-analysis\b
PMC10836281,Network pharmacology combined with molecular docking and experimental validation to explore the potential mechanism of <i>Cinnamomi ramulus</i> against ankylosing spondylitis.,metadata,no_intervention_signal
PMC10829404,Network pharmacology and experimental validation to study the potential mechanism of Tongguanteng injection in regulating apoptosis in osteosarcoma.,metadata,no_intervention_signal
PMC10963208,<i>Scutellaria baicalensis</i> Georgi stems and leaves flavonoids promote neuroregeneration and ameliorate memory loss in rats through cAMP-PKA-CREB signaling pathway based on network pharmacology and bioinformatics analysis.,metadata,no_intervention_signal
PMC10963359,Network pharmacology analysis and experimental validation to explore the mechanism of kaempferol in the treatment of osteoporosis.,metadata,no_intervention_signal
PMC12605766,"Investigating the Potential of Curcumin in the Treatment of Nonsmall Cell Lung Cancer: A Systematic Review With Meta-Analysis, Network Pharmacology, and Mendelian Randomization.",metadata,title_pattern:\bsystematic review\b
PMC11475252,Elemene Injection Overcomes Paclitaxel Resistance in Breast Cancer through AR/RUNX1 Signal: Network Pharmacology and Experimental Validation.,metadata,no_intervention_signal
PMC12188311,"Potentiation of paclitaxel-induced apoptosis in a non-small cell lung cancer model using the traditional Chinese drug huaier: Network pharmacology analysis, experimental verification, and clinical impact.",metadata,publication_type:letter journal article
PMC11073132,Network Pharmacology and Molecular Docking Identify the Potential Mechanism and Therapeutic Role of <i>Scutellaria baicalensis</i> in Alzheimer's Disease [Letter].,metadata,publication_type:letter
PMC9911245,Network Pharmacology-Based Identification of Key Targets of Ziyin Mingmu Pills Acting on Age-Related Macular Degeneration.,metadata,no_intervention_signal
PMC9298573,Exploring the Pharmacological Mechanism of the Effective Chinese Medicines Against Gynecological Cancer Based on Meta-Analysis Combined With Network Pharmacology Analysis.,metadata,title_pattern:\bmeta-analysis\b
PMC11834262,Comprehensive network pharmacology and experimental study to investigate the effect and mechanism of solasonine on breast carcinoma treatment.,metadata,publication_type:editorial
PMC10427870,A meta-analysis of the Zilongjin tablets for non-small cell lung cancer and its network pharmacology of action against NSCLC and COVID-19.,metadata,title_pattern:\bmeta-analysis\b
PMC11085916,Analysis of the Protective Effects of <i>Rosa roxburghii</i>-Fermented Juice on Lipopolysaccharide-Induced Acute Lung Injury in Mice through Network Pharmacology and Metabolomics.,metadata,no_intervention_signal
PMC10645501,Characterization of the Active Ingredient and Prediction of the Potential Mechanism of Dahuoluo Pill via Mass Spectrometry with the Network Pharmacology Method.,metadata,no_intervention_signal
PMC12240661,Network Pharmacology and Serum Nontargeted Metabolomics Reveal the Protective Effects of Propionate Against Liver Damage Induced by a High-Fat and AGE-Rich Diet in Diabetic Mice.,metadata,no_intervention_signal
PMC7042531,Applications of Network Pharmacology in Traditional Chinese Medicine Research.,metadata,publication_type:review-article review journal article
PMC13083118,Drug-induced gingival overgrowth: FAERS based real-world pharmacovigilance study and network pharmacology analysis.,metadata,no_intervention_signal
PMC10238038,Network pharmacology and molecular docking to explore the pharmacological mechanism of Yifei Tongluo granules in treating idiopathic pulmonary fibrosis: A review.,metadata,title_pattern:\breview\b
PMC9858418,Exploring the pharmacological mechanisms of Shuanghuanglian against T-cell acute lymphoblastic leukaemia through network pharmacology combined with molecular docking and experimental validation.,metadata,no_intervention_signal
PMC11661590,Integrating network pharmacology and experimental validation to explore the pharmacological mechanism of Astragaloside IV in alleviating urotensin II-mediated renal tubular epithelial cell injury.,metadata,no_intervention_signal
PMC10820555,Study on the Pharmacological Mechanism of Icariin for the Treatment of Alzheimer's Disease Based on Network Pharmacology and Molecular Docking Techniques.,metadata,no_intervention_signal
PMC9729047,Exploring the Mechanism of Action of <i>Trachelospermi Caulis</i> et Folium for Depression Based on Experiments: Combining Network Pharmacology and Molecular Docking.,metadata,no_intervention_signal
PMC9900250,Network Pharmacology and Molecular Docking Analysis of Shufeiya Recipe in the Treatment of Pulmonary Hypertension.,metadata,no_intervention_signal
,"Evaluation of immunity enhancing potential of Ocimum sanctum L. (TulsiOdaat™) on mouse macrophage RAW 264.7 cells, network pharmacology and insilico studies",metadata,no_pmcid
PMC10974641,Exploring the Mechanism of Salvianolic Acid B against Myocardial Ischemia-Reperfusion Injury Based on Network Pharmacology.,metadata,no_intervention_signal
PMC12985181,"Uncovering the Potential Mechanisms of Ergothioneine in Neuroinflammation Through Network Pharmacology, Molecular Docking, Molecular Dynamics Simulation, and In Vitro Validation.",metadata,no_intervention_signal
PMC8807566,<i>Salvia miltiorrhiza</i> Bge. (Danshen) for Inflammatory Bowel Disease: Clinical Evidence and Network Pharmacology-Based Strategy for Developing Supplementary Medical Application.,metadata,publication_type:review-article review journal article
PMC8425243,Mechanism of tangshen formula in treating diabetic nephropathy revealed by network pharmacology approach.,metadata,publication_type:letter journal article
PMC11568095,Network pharmacology and in vitro experiments to investigate the anti-gastric cancer effects of paeoniflorin through the RAS/MAPK signaling pathway.,metadata,no_intervention_signal
PMC9024123,Network Pharmacology Analysis of Huangqi Jianzhong Tang Targets in Gastric Cancer.,metadata,no_intervention_signal
PMC9609690,High-Throughput Metabolomics Integrated Network Pharmacology Reveals the Underlying Mechanism of Paeoniae Radix Alba Treating Rheumatoid Arthritis.,metadata,no_intervention_signal
PMC10958415,Elucidating Cyathula Officinals' mechanism in osteoarthritis treatment: Network pharmacology and empirical evidence on anti-inflammatory actions.,metadata,no_intervention_signal
PMC8447999,Investigation on the mechanisms of guiqi huoxue capsule for treating cervical spondylosis based on network pharmacology and molecular docking.,metadata,publication_type:review-article journal article
PMC12810795,Identification of empagliflozin-related hub genes in atherosclerosis and their correlations with immune infiltration: Network pharmacology and bioinformatics analyses.,metadata,no_intervention_signal
PMC9061215,Integrated Network Pharmacology and Metabolomics Analysis to Reveal the Potential Mechanism of Siwu Paste on Aplastic Anemia Induced by Chemotherapy Drugs.,metadata,no_intervention_signal
PMC10034984,Exploring the Mechanism of Bergamot Essential Oil against Asthma Based on Network Pharmacology and Experimental Verification.,metadata,no_intervention_signal
PMC12708116,Research on the potential mechanisms of propofol in treating depression after brain injury based on network pharmacology.,metadata,no_intervention_signal
PMC9592205,Network Pharmacology-Based Dissection of the Mechanism of Drynariae Rhizoma for Low Back Pain.,metadata,no_intervention_signal
PMC12221042,Exploring the mechanism of Synechococcus sp. XM-24 in gastric cancer treatment via network pharmacology and molecular docking.,metadata,no_intervention_signal
PMC12294780,"A Systems Biology Approach to Memory Health: Integrating Network Pharmacology, Gut Microbiota, and Multi-Omics for Health Functional Foods.",metadata,publication_type:review-article review journal article
PMC13208285,Erucin Targets Oncogenic Signaling Pathways in Triple-Negative Breast Cancer: An Integrated Network Pharmacology and In Vitro Study.,metadata,no_intervention_signal
PMC10042171,Network Pharmacology and Experimental Validation to Explore That Celastrol Targeting PTEN is the Potential Mechanism of <i>Tripterygium wilfordii</i> (Lév.) Hutch Against IgA Nephropathy.,metadata,no_intervention_signal
PMC10906400,Mechanisms with network pharmacology approach of Ginsenosides in Alzheimer's disease.,metadata,publication_type:review-article review journal article
PMC8557045,Detection of Herbal Combinations and Pharmacological Mechanisms of Clinical Prescriptions for Coronary Heart Disease Using Data Mining and Network Pharmacology.,metadata,publication_type:review-article review journal article
PMC10821205,The Tandem of Liquid Chromatography and Network Pharmacology for the Chemical Profiling of Pule'an Tablets and the Prediction of Mechanism of Action in Treating Prostatitis.,metadata,no_intervention_signal
PMC12970938,Integrative network pharmacology and machine learning identify potential targets of indole-3-lactic acid in colorectal cancer.,metadata,no_intervention_signal
PMC12863777,Bioinformatics study of the pharmacological mechanism of sodium-glucose co-transporter 2 inhibitors in type 2 diabetes mellitus and coronary heart disease based on network pharmacology.,metadata,no_intervention_signal
PMC12142780,Exploring the Molecular Mechanisms of Fisetin in Treating Periodontitis Through Multiomics and Network Pharmacology.,metadata,no_intervention_signal
PMC8572589,Mechanism of Action of Dengzhan Shengmai in Regulating Stroke from an Inflammatory Perspective: A Preliminary Analysis of Network Pharmacology.,metadata,title_pattern:\bperspective\b
PMC10642394,From seeds to survival rates: investigating <i>Linum usitatissimum</i>'s potential against ovarian cancer through network pharmacology.,metadata,no_intervention_signal
PMC13042708,"Mechanisms of hesperetin in alleviating diabetic nephropathy: Network pharmacology, molecular docking, and experimental validation.",metadata,no_intervention_signal
PMC11725078,"Corrigendum to ""Integrated skin metabolomics and network pharmacology to explore the mechanisms of Goupi Plaster for treating knee osteoarthritis"" [J Tradit, Complementary Altern Med 14 (6) (2024) 675-686].",metadata,no_intervention_signal
,Investigation of Anti-Epithelial-Mesenchymal Transition and Anti-Inflammation effects of Qing Fei Hua Xian Decotion on Pulmonary Fibrosis via Network Pharmacology and Experimental Verification,metadata,no_pmcid
PMC10627628,Integrated bioinformatics and network pharmacology to explore the therapeutic target and molecular mechanisms of Taxus chinensis against non-small cell lung cancer.,metadata,no_intervention_signal
PMC11733132,Network pharmacology combined with experimental verification for exploring the potential mechanism of phellodendrine against depression.,metadata,no_intervention_signal
PMC10519549,Study on the active ingredients and mechanism of Jiaotai Pill in the treatment of primary insomnia based on network pharmacology and GEO statistics: A review.,metadata,title_pattern:\breview\b
PMC13062316,Reversing chemoresistance in ovarian cancer: network pharmacology reveals how hydroxychloroquine/sulfasalazine duotherapy remodels tumor inflammatory-immune microenvironment.,metadata,no_intervention_signal
PMC9500712,Molecular Mechanisms of <i>Cassia fistula</i> against Epithelial Ovarian Cancer Using Network Pharmacology and Molecular Docking Approaches.,metadata,no_intervention_signal
PMC10315040,Integrating network pharmacology and experimental verification to explore the pharmacological mechanisms of asparagus against polycystic ovary syndrome.,metadata,no_intervention_signal
PMC8615305,Network pharmacology-based strategy to investigate the active ingredients and molecular mechanisms of Scutellaria Barbata D. Don against radiation pneumonitis.,metadata,publication_type:review-article journal article
PMC10313304,Exploring the active ingredients and mechanism of Shenzhi Tongxin capsule against microvascular angina based on network pharmacology and molecular docking.,metadata,no_intervention_signal
PMC6393382,Network Pharmacology Databases for Traditional Chinese Medicine: Review and Assessment.,metadata,title_pattern:\breview\b
PMC10968670,Network pharmacology and transcriptomic profiling elucidate the therapeutic effects of <i>Ranunculus ternatus</i> Thunb on liver fibrosis via MK3-NF-κB inhibition.,metadata,no_intervention_signal
PMC10449304,Exploring the molecular mechanism of glycyrrhetinic acid in the treatment of gastric cancer based on network pharmacology and experimental validation.,metadata,no_intervention_signal
PMC12700967,Exploring the antidepressant-like effect of stigmasterol using network pharmacology with molecular docking and in vivo experimental validation.,metadata,no_intervention_signal
PMC11346867,Mechanism of inhibition of TLR4/NFκB/NLRP3 inflammatory pathway against AD based on the network pharmacology of Erjing Pills.,metadata,no_intervention_signal
PMC12663740,The Evolution of Gallic Acid in Aged White Tea and Its Potential Anti-Aging Mechanisms: An Integrated Study Combining Network Pharmacology and Computer Simulation.,metadata,no_intervention_signal
PMC10800448,Network pharmacology and experiment validation investigate the potential mechanism of triptolide in oral squamous cell carcinoma.,metadata,no_intervention_signal
PMC11821658,"Mechanism of salvianolic phenolic acids and hawthorn triterpenic acids combination in intervening atherosclerosis: network pharmacology, molecular docking, and experimental validation.",metadata,no_intervention_signal
PMC9239783,Exploration of the Molecular Mechanism of Danzhi Xiaoyao Powder in Endometrial Cancer through Network Pharmacology.,metadata,no_intervention_signal
PMC9195436,Network pharmacology and molecular docking approach to elucidate the mechanisms of Liuwei Dihuang pill in diabetic osteoporosis.,metadata,no_intervention_signal
PMC9744617,Exploration of the Components and Pharmacological Mechanisms of Keyin Pill-Induced Liver Injury Based on Network Pharmacology.,metadata,no_intervention_signal
PMC10388481,The mechanism by which Naru 3 pill protects against intervertebral disc cartilage endplate degeneration based on network pharmacology and experimental verification.,metadata,no_intervention_signal
PMC10551636,The pharmacological mechanism of chaihu-jia-longgu-muli-tang for treating depression: integrated meta-analysis and network pharmacology analysis.,metadata,title_pattern:\bmeta-analysis\b
PMC11650350,Lycopene's therapeutic mechanisms in epididymitis: a network pharmacology and experimental study.,metadata,no_intervention_signal
PMC12623990,Molecular mechanisms of olanzapine against agitation in schizophrenia and bipolar disorder based on network pharmacology and molecular docking.,metadata,no_intervention_signal
PMC12147463,Exploring the Mechanism of 2'-Hydroxychalcone Improving Copper Sulfate-Induced Inflammation in Zebrafish Through Network Pharmacology.,metadata,no_intervention_signal
PMC11499198,"Roburic acid inhibits lung cancer metastasis and triggers autophagy as verified by network pharmacology, molecular docking techniques and experiments.",metadata,no_intervention_signal
PMC11545288,"Mechanistic Insights into the Antioxidant Potential of Sugarcane Vinegar Polyphenols: A Combined Approach of DPPH-UPLC-MS, Network Pharmacology and Molecular Docking.",metadata,no_intervention_signal
PMC11151399,Mechanisms of Tripterygium wilfordii Hook F on treating rheumatoid arthritis explored by network pharmacology analysis and molecular docking,metadata,no_intervention_signal
PMC11890609,Network pharmacology and metabolomics analysis of Tinospora cordifolia reveals BACE1 and MAOB as potential therapeutic targets for neuroprotection in Alzheimer's disease.,metadata,no_intervention_signal
PMC11600633,"Decoding the anti-hypertensive mechanism of α-mangostin based on network pharmacology, molecular docking and experimental validation.",metadata,no_intervention_signal
PMC9240387,Investigation of the Pharmacological Effect and Mechanism of Jinbei Oral Liquid in the Treatment of Idiopathic Pulmonary Fibrosis Using Network Pharmacology and Experimental Validation.,metadata,no_intervention_signal
PMC12103172,"ITGA4 Contributes to 5-Fluorouracil Resistance by Up-Regulating PI3K/AKT Signaling: Evidence from Network Pharmacology, Molecular Docking and Experimental Verification.",metadata,no_intervention_signal
PMC11789520,Uncovering the Mechanisms of BaBaoWuDanYaoMo Against Influenza A Virus and Virus-Induced Inflammation Based on Network Pharmacology and Pharmacological Evaluation.,metadata,no_intervention_signal
,Extensive Exploration of Ayurvedic Herbs to Prioritize Anti-Viral Drugs Alike Phytochemicals Against SARS-CoV-2 Using Network Pharmacology,metadata,no_pmcid
PMC12855915,Network pharmacology and molecular docking reveal mechanisms of amiodarone-induced pulmonary fibrosis.,metadata,no_intervention_signal
PMC9291688,Qiangli Wuhu mixture alleviates LPS-induced pneumonia by inhibiting the TLR4/NF-κB/NLRP3 pathway: a study based on network pharmacology.,metadata,no_intervention_signal
PMC8904787,Identification of the potential mechanism of Radix pueraria in colon cancer based on network pharmacology.,metadata,no_intervention_signal
PMC12992834,Network pharmacology and molecular simulation reveal the entourage effect mechanisms of psilocybin-producing mushrooms on the brain.,metadata,no_intervention_signal
PMC10456824,Network Pharmacology and Molecular Docking Analysis Exploring the Mechanism of <i>Tripterygium wilfordii</i> in the Treatment of Oral Lichen Planus.,metadata,no_intervention_signal
PMC8828289,Identifying absorbable bioactive constituents of Yupingfeng Powder acting on COVID-19 through integration of UPLC-Q/TOF-MS and network pharmacology analysis.,metadata,no_intervention_signal
PMC11904206,An investigation into the mechanism for Kaempferol improving melanocyte death based on network Pharmacology and experimental verification.,metadata,no_intervention_signal
PMC13053373,"Integration of epidemiological surveys, network pharmacology, and molecular docking simulation to explore the potential key targets of propofol-induced euphoria.",metadata,no_intervention_signal
PMC12531119,p-Cymene Targets Multiple Oncogenic Pathways in Hepatocellular Carcinoma: Insights From Network Pharmacology and In Vitro Studies.,metadata,no_intervention_signal
PMC11941912,Network Pharmacology and Experimental Validation Reveal Therapeutic Potential of Propolis in UV-Induced Allergic Dermatitis.,metadata,no_intervention_signal
PMC10919309,"Elucidating the role of <i>Rhodiola rosea</i> L. in sepsis-induced acute lung injury via network pharmacology: emphasis on inflammatory response, oxidative stress, and the PI3K-AKT pathway.",metadata,no_intervention_signal
PMC12466828,"Elucidating Key Components and Mechanisms Underlying the Synergistic Anti-Type 2 Diabetes Effect of &lt;i&gt;Morus alba&lt;/i&gt; L. and &lt;i&gt;Siraitia grosvenorii&lt;/i&gt; Combination: An Integrated In Vitro Enzymology, Untargeted Metabolomics, and Network Pharmacology Approach.",metadata,no_intervention_signal
PMC11382233,The Anti-Hypoxic Mechanism of Sesamoside Determined Using Network Pharmacology.,metadata,no_intervention_signal
PMC10559851,Protective effect and possible mechanisms of geniposide for ischemia-reperfusion injury: A systematic review with meta-analysis and network pharmacology of preclinical evidence.,metadata,title_pattern:\bsystematic review\b
PMC12040744,Cardioprotective effect of &lt;i&gt;Saussurea involucrata&lt;/i&gt; injection against Doxorubicin-induced cardiotoxicity by network pharmacology analysis and experimental verification.,metadata,no_intervention_signal
PMC10692725,The immunomodulatory activity of <i>Orthosiphon aristatus</i> against atopic dermatitis: Evidence-based on network pharmacology and molecular simulations.,metadata,no_intervention_signal
PMC10361237,Analysis of active components and molecular mechanism of action of <i>Rubia cordifolia</i> L. in the treatment of nasopharyngeal carcinoma based on network pharmacology and experimental verification.,metadata,no_intervention_signal
PMC10659618,Mechanism of action of Huangbaichen Sanwei formulation in treating T2DM based on network pharmacology and molecular docking,metadata,no_intervention_signal
PMC11920635,Effect and Mechanism of Aloin in Ameliorating Chronic Prostatitis/Chronic Pelvic Pain Syndrome: Network Pharmacology and Experimental Verification.,metadata,no_intervention_signal
PMC10662917,Study on the mechanism of Shujin Tongluo granules in treating cervical spondylosis based on network pharmacology and molecular docking.,metadata,publication_type:research-article systematic review journal article
PMC12785696,Network Pharmacology and Molecular Docking Identify Medicarpin as a Potent CASP3 and ESR1 Binder Driving Apoptotic and Hormone-Dependent Anticancer Activity.,metadata,no_intervention_signal
PMC12723311,"Comments on ""Network Pharmacology-Based and Experimental Validation Elucidate the Target Mechanism of Vinorine in Ameliorating Secondary Brain Injury After Intracerebral Hemorrhage"".",metadata,publication_type:letter
PMC10799429,Mechanisms predictive of Tibetan Medicine Sophora moorcroftiana alkaloids for treatment of lung cancer based on the network pharmacology and molecular docking.,metadata,no_intervention_signal
PMC10615487,Network pharmacology and molecular docking approaches predict the mechanisms of Corididius chinensis in treating manganese-induced nervous system diseases: A review.,metadata,title_pattern:\breview\b
PMC12939339,Exploring the Effects and Mechanisms of Neohesperidin Dihydrochalcone on Acute Lung Injury in Mice with Sepsis Using Network Pharmacology and Machine Learning.,metadata,no_intervention_signal
PMC10390720,Elucidating the Mechanism of Agrimonolide in Treating Colon Cancer Based on Network Pharmacology.,metadata,no_intervention_signal
PMC11145480,The mechanism of polyphyllin in the treatment of gastric cancer was verified based on network pharmacology and experimental validation.,metadata,no_intervention_signal
PMC12394449,The identification of metabolites from gut microbiota in autism spectrum disorder via network pharmacology.,metadata,no_intervention_signal
PMC10620974,Network pharmacology‒based analysis of marine cyanobacteria derived bioactive compounds for application to Alzheimer's disease.,metadata,no_intervention_signal
PMC12888338,Investigating the impact of gut microbiota-derived metabolites on benign prostatic hyperplasia using network pharmacology approaches.,metadata,no_intervention_signal
PMC10553805,"Study on the mechanism of Shenkang injection in the treatment of chronic renal failure based on the strategy of ""Network pharmacology-Molecular docking-Key target validation"".",metadata,no_intervention_signal
PMC10662913,Mechanisms of main components in Curcuma longa L. on hepatic fibrosis based on network pharmacology and molecular docking: A review.,metadata,title_pattern:\breview\b
PMC9293494,Network Pharmacology-Based Strategy to Reveal the Mechanism of Cassiae Semen against Cataracts.,metadata,no_intervention_signal
PMC11674371,Investigating the inflammatory mechanism of notoginsenoside R1 in Diabetic nephropathy via ITGB8 based on network pharmacology and experimental validation.,metadata,no_intervention_signal
PMC9277180,Multivariate Statistical Analysis of Metabolites in <i>Anisodus tanguticus</i> (Maxim.) Pascher to Determine Geographical Origins and Network Pharmacology.,metadata,no_intervention_signal
PMC9356589,Anti-Inflammatory Effects and Molecular Mechanisms of Shenmai Injection in Treating Acute Pancreatitis: Network Pharmacology Analysis and Experimental Verification.,metadata,no_intervention_signal
PMC10456568,Integrated Analysis of Metabolomics Combined with Network Pharmacology and Molecular Docking Reveals the Effects of Processing on Metabolites of <i>Dendrobium officinale</i>.,metadata,no_intervention_signal
PMC12137698,Network pharmacology-based study in polymetformin's new function of blocking ages/rage pathway curing diabetic complications.,metadata,no_intervention_signal
PMC10967939,"Assessment of Six Blackberry Cultivars Using a Combination of Metabolomics, Biological Activity, and Network Pharmacology Approaches.",metadata,no_intervention_signal
PMC7939573,Protective effects of Re-yan-ning mixture on <i>Streptococcus pneumonia</i> in rats based on network pharmacology.,metadata,no_intervention_signal
PMC12967403,Unravelling Tinengotinib's Mechanistic Landscape in Triple-Negative Breast Cancer Via Network Pharmacology and in Silico Simulation Techniques.,metadata,no_intervention_signal
PMC9307382,"Investigating the Role of Dahuang in Hepatoma Treatment Using Network Pharmacology, Molecular Docking, and Survival Analysis.",metadata,no_intervention_signal
PMC11301175,Research on the mechanism of Ursolic acid for treating Parkinson's disease by network pharmacology and experimental verification.,metadata,no_intervention_signal
PMC10627680,Multi-target mechanism of Naoshuantong capsule for treatment of Ischemic stroke based on network pharmacology and molecular docking.,metadata,no_intervention_signal
PMC12868135,"Cross-disease transcriptomic meta-analysis and network pharmacology reveal key therapeutic targets in rheumatoid arthritis, systemic lupus erythematosus and multiple sclerosis.",metadata,title_pattern:\bmeta-analysis\b
PMC12652573,"Exploring the Mechanism of Action of Chicoric Acid Against Influenza Virus Infection Based on Network Pharmacology, Molecular Docking, and Molecular Dynamics Simulation.",metadata,no_intervention_signal
PMC10981755,Untargeted metabolomics-based network pharmacology reveals fermented brown rice towards anti-obesity efficacy.,metadata,no_intervention_signal
PMC10416792,Network Pharmacology and Molecular Docking Reveal the Mechanism of <i>Isodon ternifolius</i> (D. Don) Kudo Against Liver Fibrosis.,metadata,no_intervention_signal
PMC12115173,The &lt;i&gt;Cordyceps&lt;/i&gt; Genus as a Potential Source of Bioactive Compounds for Adjuvant Cancer Therapy: A Network Pharmacology Approach.,metadata,no_intervention_signal
PMC9548373,Deciphering the pharmacological mechanisms of <i>Chaenomeles Fructus</i> against rheumatoid arthritis by integrating network pharmacology and experimental validation.,metadata,no_intervention_signal
PMC9135531,Molecular Mechanism of the Effect of Zhizhu Pill on Gastroesophageal Reflux Disease Based on Network Pharmacology and Molecular Docking.,metadata,no_intervention_signal
PMC11475103,Predictive Analysis of Yi-Gai-San's Multifaceted Mechanisms for Tremor-dominant Parkinson's Disease <i>via</i> Network Pharmacology and Molecular Docking Validation.,metadata,no_intervention_signal
PMC10508485,Mechanism of Polygonum capitatum intervention in pulmonary fibrosis based on network pharmacology and molecular docking technology: A review.,metadata,title_pattern:\breview\b
,Acupoint Application Therapeutic Mechanism for Novel Coronavirus Pneumonia: A Network Pharmacology Analysis,metadata,no_pmcid
PMC10830801,Exploration of the hypoglycemic mechanism of Fuzhuan brick tea based on integrating global metabolomics and network pharmacology analysis.,metadata,no_intervention_signal
PMC11187852,Effect of black cloth ointment on hypertrophic scar formation: An investigation using integrated network pharmacology and animal assay.,metadata,no_intervention_signal
PMC9476713,Investigating pharmacological mechanisms of andrographolide on non-alcoholic steatohepatitis (NASH): A bioinformatics approach of network pharmacology.,metadata,no_intervention_signal
PMC7148629,Network Pharmacology,metadata,no_intervention_signal
PMC10824110,Mechanism of pachymic acid in the treatment of gastric cancer based on network pharmacology and experimental verification.,metadata,no_intervention_signal
PMC11119275,"Exploring the mechanism of 6-Methoxydihydrosanguinarine in the treatment of lung adenocarcinoma based on network pharmacology, molecular docking and experimental investigation.",metadata,no_intervention_signal
PMC12821701,"In Silico Investigation Reveals &lt;i&gt;IL-6&lt;/i&gt; as a Key Target of Asiatic Acid in Osteoporosis: Insights from Network Pharmacology, Molecular Docking, and Molecular Dynamics Simulation.",metadata,no_intervention_signal
PMC10593550,Deciphering the Molecular Mechanism of Escin against Neuropathic Pain: A Network Pharmacology Study.,metadata,no_intervention_signal
PMC10209553,Network pharmacology: a systems perspective possible underpinning approach for oral cancer treatment.,metadata,title_pattern:\bperspective\b
PMC12086630,Integrating experimental and network pharmacology to explore the pharmacological mechanisms of Dioscin against glioblastoma.,metadata,no_intervention_signal
PMC11365180,Identification and validation of autophagy-related genes influenced by paris polyphylla in tongue cancer using network pharmacology.,metadata,no_intervention_signal
PMC12125342,Chlorogenic acid attenuates oxidative damage in rat lacrimal gland epithelial cells via PI3K/AKT/FoxO3 signaling: network pharmacology and experimental evidence.,metadata,no_intervention_signal
PMC11284407,Evidence construction of Jinshuibao capsules against stable chronic obstructive pulmonary disease: A systematic review and network pharmacology.,metadata,title_pattern:\bsystematic review\b
PMC12321764,"Assessing the potential impact of salidroside on Chikungunya virus-induced acute interstitial nephritis via network pharmacology, molecular docking and &lt;i&gt;in vitro&lt;/i&gt; experiments.",metadata,no_intervention_signal
PMC11069382,Integrated Network Pharmacology Analysis and Experimental Validation to Elucidate the Mechanism of Acteoside in Treating Diabetic Kidney Disease.,metadata,no_intervention_signal
PMC8974230,Utilizing network pharmacology and experimental validation to explore the potential molecular mechanisms of BanXia-YiYiRen in treating insomnia.,metadata,no_intervention_signal
PMC11818621,Network Pharmacology Analysis and Biological Validation Systemically Identified the Active Ingredients and Molecular Targets of Kudzu Root on Osteoporosis.,metadata,no_intervention_signal
PMC9901954,Investigation of the efficacy and pharmacological mechanism of Danhong injections for treating chronic obstructive pulmonary disease: A PRISMA-compliant meta-analysis and network pharmacology analysis.,metadata,title_pattern:\bmeta-analysis\b
PMC6152294,How Can Synergism of Traditional Medicines Benefit from Network Pharmacology?,metadata,publication_type:review-article review journal article
PMC9029140,Integrating Network Pharmacology and Molecular Docking Approaches to Decipher the Multi-Target Pharmacological Mechanism of <i>Abrus precatorius</i> L. Acting on Diabetes.,metadata,no_intervention_signal
PMC12387383,"Screening and Assessment of Hypoglycemic Active Peptide from Natural Edible Pigment Phycobiliprotein Based on Molecular Docking, Network Pharmacology, Enzyme Inhibition Assay Analyses, and Cell Experiments.",metadata,no_intervention_signal
,Acupoint Application Therapeutic Mechanism for Novel Coronavirus Pneumonia: A Network Pharmacology Analysis,metadata,no_pmcid
PMC8812605,Network pharmacology-based identification of miRNA expression of Astragalus membranaceus in the treatment of diabetic nephropathy.,metadata,publication_type:research-article systematic review journal article
PMC9504187,Network Pharmacology of Adaptogens in the Assessment of Their Pleiotropic Therapeutic Activity.,metadata,publication_type:review-article review journal article
PMC9712457,Exploring the potential mechanism of Fritiliariae Irrhosae Bulbus on ischemic stroke based on network pharmacology and experimental validation.,metadata,no_intervention_signal
PMC10659600,Network pharmacology and molecular docking study on the treatment of polycystic ovary syndrome with angelica sinensis- radix rehmanniae drug pair,metadata,no_intervention_signal
,Deep Learning-based Network Pharmacology for Exploring the Mechanism of Licorice for the Treatment of COVID-19,metadata,no_pmcid
PMC11846491,"Combining Network Pharmacology, Molecular Docking and Experimental Validation to Explore the Effects and Mechanisms of Indirubin on Acute Lymphoblastic Leukemia.",metadata,no_intervention_signal
PMC8326404,Anti-Autophagy Mechanism of Zhi Gan Prescription Based on Network Pharmacology in Nonalcoholic Steatohepatitis Rats.,metadata,no_intervention_signal
PMC9279019,Decoding the Mechanism of Shixiao Powder in Treating Coronary Heart Disease Based on Network Pharmacology and Molecular Docking.,metadata,no_intervention_signal
PMC13212898,Integrating network pharmacology with ex-vivo analysis to assess the effect of IL-2 in halting breast cancer: involvement of Treg/CTLA-4/Blimp-1/caspase-3.,metadata,no_intervention_signal
PMC13083170,"Anti-inflammatory effects of 3PO in asthmatic airway inflammation: an integrated study using network pharmacology, molecular modelling, and &lt;i&gt;in vivo&lt;/i&gt; experiments.",metadata,no_intervention_signal
PMC13125576,Integrative network pharmacology and in vitro validation reveal the mechanisms by which Apigenin reverses MET-TKI resistance in non-small cell lung cancer.,metadata,no_intervention_signal
PMC10713517,System biology mediated assessment of molecular mechanism for sinapic acid against breast cancer: via network pharmacology and molecular dynamic simulation.,metadata,no_intervention_signal
PMC7221665,"Essential Oil Phytocomplex Activity, a Review with a Focus on Multivariate Analysis for a Network Pharmacology-Informed Phytogenomic Approach.",metadata,title_pattern:\breview\b
PMC11995546,Aripiprazole alleviates the high prolactin levels induced by amisulpride via distinct molecular mechanisms: a network pharmacology and molecular docking study.,metadata,no_intervention_signal
PMC7065509,Exploration of the Molecular Mechanism of FUZI (Aconiti Lateralis Radix Praeparata) in Allergic Rhinitis Treatment Based on Network Pharmacology.,metadata,publication_type:review-article journal article
PMC9935822,Network pharmacology and experimental validation to explore the potential mechanism of Sanjie Zhentong Capsule in endometriosis treatment.,metadata,no_intervention_signal
PMC10659655,Exploring the potential mechanism of Kaixinsan powder for the same pathogenesis of PTSD and anxiety based on network pharmacology and molecular docking: A review.,metadata,title_pattern:\breview\b
PMC9124127,A Network Pharmacology Study to Explore the Underlying Mechanism of Safflower (<i>Carthamus tinctorius L.</i>) in the Treatment of Coronary Heart Disease.,metadata,no_intervention_signal
PMC8825547,Network pharmacology analysis and experimental study strategy reveals the potential mechanism of puerarin against rotavirus.,metadata,no_intervention_signal
PMC12751817,"Investigating the clinical efficacy, safety and molecular mechanism of sulforaphane in autism spectrum disorder: an integrated study combining meta-analysis, network pharmacology, and computational biology.",metadata,title_pattern:\bmeta-analysis\b
PMC10850565,Network pharmacology combined with Mendelian randomization analysis to identify the key targets of renin-angiotensin-aldosterone system inhibitors in the treatment of diabetic nephropathy.,metadata,no_intervention_signal
PMC11358934,"Combined Metabolomics and Network Pharmacology Analysis Reveal the Effect of Rootstocks on Anthocyanins, Lipids, and Potential Pharmacological Ingredients of Tarroco Blood Orange (<i>Citrus sinensis</i> L. Osbeck).",metadata,no_intervention_signal
PMC11649391,Systemic mechanism of Panax noteginseng saponins in antiaging based on network pharmacology combined with experimental validation.,metadata,no_intervention_signal
PMC11362716,"Poweromin X Ten, a polyherbal formulation improves male sexual function: <i>In vivo</i> and network pharmacology study.",metadata,no_intervention_signal
PMC9279576,"Total Flavonoids of Drynariae Rhizoma Improve Glucocorticoid-Induced Osteoporosis of Rats: UHPLC-MS-Based Qualitative Analysis, Network Pharmacology Strategy and Pharmacodynamic Validation.",metadata,no_intervention_signal
PMC10507130,Neuroprotective potentials of ferulic acid against intracerebral hemorrhage COVID-19 through using network pharmacology approach and molecular docking analysis.,metadata,no_intervention_signal
PMC10038001,"Critical Response to Article ""Integrated Network Pharmacology and Experimental Validation Approach to Investigate the Mechanisms of Stigmasterol in the Treatment of Rheumatoid Arthritis"" [Letter].",metadata,publication_type:letter comment
PMC9649313,Network Pharmacology and Experimental Validation to Reveal Effects and Mechanisms of Icariin Combined with Nobiletin against Chronic Obstructive Pulmonary Diseases.,metadata,no_intervention_signal
PMC12365428,Combined metformin and exenatide versus only metformin treatments in polycystic ovary syndrome with abdominal obesity and network pharmacology of gene expression: evidence from a randomized clinical trial.,metadata,no_intervention_signal
PMC11026558,Use of bailing capsules (cordyceps sinensis) in the treatment of chronic kidney disease: a meta-analysis and network pharmacology.,metadata,title_pattern:\bmeta-analysis\b
,Research on Active Compounds of Huanglian Jiedu Decoction for the Treatment of Corona Virus Disease 2019 Based on Network Pharmacology and Molecular Docking,metadata,no_pmcid
PMC10540612,"Exploring the mechanism of metformin action in Alzheimer's disease and type 2 diabetes based on network pharmacology, molecular docking, and molecular dynamic simulation.",metadata,no_intervention_signal
,Research on active compounds regarding SGMD for the treatment of COVID-19 based on network pharmacology and molecular docking,metadata,no_pmcid
PMC9750526,Mechanism of Datura metel on sinus bradycardia based on network pharmacology and molecular docking.,metadata,no_intervention_signal
PMC12447748,"Adefovir anticancer potential: Network pharmacology, anti-proliferative and apoptotic effects in HeLa cells.",metadata,no_intervention_signal
PMC12593151,"Exploring the Potential Targets and Protective Agents in Mercury-Induced Anxiety Disorders Using Network Toxicology, Network Pharmacology, and Molecular Docking.",metadata,publication_type:review-article review journal article
PMC12469685,"Integrating Transcriptomics, Network Pharmacology, and Machine Learning to Reveal Transglutaminase 2 (TGM2) as a Key Target Mediating Taurocholate Efficacy in Colitis.",metadata,no_intervention_signal
PMC11128579,Network pharmacology and experimental verification of the mechanism of licochalcone A against <i>Staphylococcus aureus</i> pneumonia.,metadata,no_intervention_signal
PMC9213136,Network Pharmacology and Pharmacological Mechanism of CV-3 in Atrial Fibrillation.,metadata,no_intervention_signal
PMC9268537,"Investigation Driven by Network Pharmacology on Potential Components and Mechanism of DGS, a Natural Vasoprotective Combination, for the Phytotherapy of Coronary Artery Disease.",metadata,no_intervention_signal
PMC8416371,Based on Network Pharmacology to Explore the Potential Bioactive Compounds and Mechanisms of Zuojin Pill for the Treatment of Ulcerative Colitis.,metadata,publication_type:review-article review journal article
PMC12105495,"Exploring the Molecular Mechanism of Hydroxychloroquine Against IgAN Through Network Pharmacology, MD Simulations and Experimental Assessment.",metadata,no_intervention_signal
PMC10210219,Integrating Metabolomics and Network Pharmacology to Explore the Mechanism of Tongmai Yangxin Pills in Ameliorating Doxorubicin-Induced Cardiotoxicity.,metadata,no_intervention_signal
PMC9575740,Network pharmacology study on the potential effect mechanism of Chuanzhi Tongluo Capsule in the treatment of cerebral infarction.,metadata,no_intervention_signal
PMC7328673,Immune system activation by natural products and complex fractions: a network pharmacology approach in cancer treatment.,metadata,publication_type:review-article review journal article
PMC9558611,"Correction to ""Integrated Network Pharmacology Analysis and Serum Metabolomics to Reveal the Antimalaria Mechanism of Artesunate"".",metadata,no_intervention_signal
PMC11431004,"Effects of Curcumin on Radiation/Chemotherapy-Induced Oral Mucositis: Combined Meta-Analysis, Network Pharmacology, Molecular Docking, and Molecular Dynamics Simulation.",metadata,title_pattern:\bmeta-analysis\b
PMC9258700,Mechanisms of Gynostemma pentaphyllum against non-alcoholic fibre liver disease based on network pharmacology and molecular docking.,metadata,no_intervention_signal
PMC12657451,SLC26A9 in triple-negative breast cancer stem cells: a network pharmacology and molecular modeling study.,metadata,publication_type:review-article review journal article
PMC9465410,Exploring the mechanism of YangXue QingNao Wan based on network pharmacology in the treatment of Alzheimer's disease.,metadata,no_intervention_signal
PMC12301349,Exploring the therapeutic mechanism of itraconazole combined with ritonavir on &lt;i&gt;Candida albicans&lt;/i&gt; infection through network pharmacology and molecular docking.,metadata,no_intervention_signal
PMC11866214,"Tetrahydrocurcumin-induced apoptosis of hepatocellular carcinoma cells involves the TP53 signaling pathway, as determined by network pharmacology.",metadata,no_intervention_signal
PMC7809745,Network pharmacology modeling identifies synergistic interaction of therapeutic and toxicological mechanisms for Tripterygium hypoglaucum Hutch.,metadata,no_intervention_signal
PMC10791713,Study on the mechanism of puerarin against osteoarthritis from ferroptosis based on network pharmacology and bioinformatics.,metadata,no_intervention_signal
PMC9553472,Identifying the Effect of Nuanxin Capsules on Myocardial Injury Induced by Chronic Hypoxia via Network Pharmacology Analysis and Experimental Validation.,metadata,no_intervention_signal
PMC10944760,Investigating the multitarget pharmacological mechanism of <i>Rhodiola wallichiana</i> var. <i>cholaensis</i> acting on angina pectoris using combined network pharmacology and molecular docking.,metadata,no_intervention_signal
PMC10517965,Elucidating the molecular mechanisms underlying anti-inflammatory effects of Morchella esculenta in the arachidonic acid metabolic pathway by network pharmacology and molecular docking.,metadata,no_intervention_signal
PMC9935802,Investigation of the Potential Mechanism of <i>Alpinia officinarum</i> Hance in Improving Type 2 Diabetes Mellitus Based on Network Pharmacology and Molecular Docking.,metadata,no_intervention_signal
PMC10980403,Pharmacological effects of the Cassia Seed on atherosclerosis: A meta-analysis based on network pharmacology.,metadata,title_pattern:\bmeta-analysis\b
PMC9249152,Evaluation of the mechanism of Rujiling capsules in the treatment of hyperplasia of mammary glands based on network pharmacology and molecular docking.,metadata,no_intervention_signal
PMC10115829,"Deciphering the mechanisms of Yinlan Tiaozhi capsule in treating hyperlipidemia by combining network pharmacology, molecular docking and experimental verification.",metadata,no_intervention_signal
PMC8994495,Study on the mechanism of Danshen-Guizhi drug pair in the treatment of ovarian cancer based on network pharmacology and <i>in vitro</i> experiment.,metadata,no_intervention_signal
PMC10061593,Integrated Multi-Omics Techniques and Network Pharmacology Analysis to Explore the Material Basis and Mechanism of Simiao Pill in the Treatment of Rheumatoid Arthritis.,metadata,no_intervention_signal
PMC11634586,"Cepharanthine as an effective small cell lung cancer inhibitor: integrated insights from network pharmacology, RNA sequencing, and experimental validation.",metadata,no_intervention_signal
PMC8977335,Study on Mechanism of Yiqi Yangyin Jiedu Recipe Inhibiting Triple Negative Breast Cancer Growth: A Network Pharmacology and <i>In Vitro</i> Verification.,metadata,no_intervention_signal
PMC8714398,Exploration of the Potential Mechanisms of Wumei Pill for the Treatment of Ulcerative Colitis by Network Pharmacology.,metadata,no_intervention_signal
PMC7593742,A Network Pharmacology-Based Identification Study on the Mechanism of Xiao-Xu-Ming Decoction for Cerebral Ischemic Stroke.,metadata,publication_type:review-article review journal article
PMC12069709,Unraveling the molecular mechanisms of paclitaxel in high-grade serous ovarian cancer through network pharmacology.,metadata,no_intervention_signal
PMC9549113,Investigating the cardioprotective effects of Fuzheng Yangxin recipe based on network pharmacology and experimental evaluation.,metadata,no_intervention_signal
PMC11276827,Network Pharmacology and Transcriptomics to Explore the Pharmacological Mechanisms of 20(S)-Protopanaxatriol in the Treatment of Depression.,metadata,no_intervention_signal
PMC7896852,Research on Effect and Mechanism of Xuefu Zhuyu Decoction on CHD Based on Meta-Analysis and Network Pharmacology.,metadata,title_pattern:\bmeta-analysis\b
PMC12183159,A multi-omics study of magnesium sulfate to improve prognosis in sepsis-related encephalopathy: integrating clinical data-driven network pharmacology.,metadata,no_intervention_signal
PMC9188779,Network Pharmacology Analysis and Experimental Validation to Investigate the Mechanism of Total Flavonoids of Rhizoma Drynariae in Treating Rheumatoid Arthritis.,metadata,no_intervention_signal
PMC7351787,A bioinformatics investigation into molecular mechanism of Yinzhihuang granules for treating hepatitis B by network pharmacology and molecular docking verification.,metadata,no_intervention_signal
PMC9576410,Network Pharmacology Analysis and Experimental Validation to Explore the Anti-inflammatory Mechanism of Asiatic Acid on Alcoholic Steatohepatitis.,metadata,no_intervention_signal
PMC9338864,"Mechanism of Danhong Injection in the Treatment of Arrhythmia Based on Network Pharmacology, Molecular Docking, and <i>In Vitro</i> Experiments.",metadata,no_intervention_signal
PMC8846994,A Multi-Target and Multi-Channel Mechanism of Action for Jiawei Yinhuo Tang in the Treatment of Social Communication Disorders in Autism: Network Pharmacology and Molecular Docking Studies.,metadata,no_intervention_signal
PMC10951462,Integrated network pharmacology and phosphoproteomic analyses of Baichanting in Parkinson's disease model mice.,metadata,no_intervention_signal
PMC11458973,A network pharmacology and transcriptome analysis of the therapeutic effects of tea tree oil on the lungs of chicks exposed to hydrogen sulfide.,metadata,no_intervention_signal
PMC12485200,"In Silico exploration of Karanjin for anti-obesity potential through ADMET profiling, network pharmacology, molecular docking, and molecular dynamics simulations.",metadata,no_intervention_signal
PMC12376131,Molecular Mechanism Analysis of the Effect of Hederagenin Combined with L-OHP on Chemosensitivity of AGS/L-OHP based on Network Pharmacology.,metadata,no_intervention_signal
PMC10009170,Niaoduqing alleviates podocyte injury in high glucose model <i>via</i> regulating multiple targets and AGE/RAGE pathway: Network pharmacology and experimental validation.,metadata,no_intervention_signal
PMC9259231,Quantitative Analysis of Multicomponents in Qufeng Zhitong Capsule and Application of Network Pharmacology to Explore the Anti-Inflammatory Activity of Focused Compounds.,metadata,no_intervention_signal
PMC11623962,Molecular Biological Mechanisms of Action of Chrysophanol in Hepatic Stellate Cells Activated by Hepatic B Virus X Based on Network Pharmacology.,metadata,no_intervention_signal
PMC9550451,Exploring the Active Ingredients and Mechanism of Action of Huanglian Huazhuo Capsule for the Treatment of Obese Type-2 Diabetes Mellitus Based on Using Network Pharmacology and Molecular Docking.,metadata,publication_type:review-article review journal article
PMC11434757,"Biomarkers for Health Functional Foods in Metabolic Dysfunction-Associated Steatotic Liver Disorder (MASLD) Prevention: An Integrative Analysis of Network Pharmacology, Gut Microbiota, and Multi-Omics.",metadata,publication_type:review-article review journal article
PMC8270632,Molecular mechanism of reproductive toxicity induced by Tripterygium Wilfordii based on network pharmacology.,metadata,no_intervention_signal
PMC11868730,"Mechanism of β‑sitosterol in treating keloids: Network pharmacology, molecular docking and experimental verification.",metadata,no_intervention_signal
PMC10076809,Exploring the potential targets of the <i>Abrus cantoniensis</i> Hance in the treatment of hepatitis E based on network pharmacology.,metadata,no_intervention_signal
PMC12553910,Proteome-wide and network pharmacology integration identifies sunitinib as a potential therapeutic for type 2 diabetes targets.,metadata,no_intervention_signal
PMC12133450,Exploring the Effect and Mechanism of Liraglutide in Treating Depression Based on Network Pharmacology and Experimental Analysis.,metadata,no_intervention_signal
PMC9822216,Investigating the Mechanisms of Bisdemethoxycurcumin in Ulcerative Colitis: Network Pharmacology and Experimental Verification.,metadata,publication_type:research-article review journal article
PMC10222419,UPLC-QE-Orbitrap-Based Cell Metabolomics and Network Pharmacology to Reveal the Mechanism of N-Benzylhexadecanamide Isolated from Maca (<i>Lepidium meyenii</i> Walp.) against Testicular Dysfunction.,metadata,no_intervention_signal
PMC11402327,Establishing network pharmacology between natural polyphenols and Alzheimer's disease using bioinformatic tools - An advancement in Alzheimer's research.,metadata,no_intervention_signal
PMC12384097,"An Integrated Network Pharmacology, Molecular Docking, Molecular Dynamics Simulation, and Experimental Validation Study to Investigate the Potential Mechanism of Isoliquiritigenin in the Treatment of Ischemic Stroke.",metadata,no_intervention_signal
PMC10063286,Study on the active ingredients and mechanism of action of Jiaotai Pill in the treatment of type 2 diabetes based on network pharmacology: A review.,metadata,title_pattern:\breview\b
PMC11913338,Exploring the mechanism of sunflower seed oil against Alzheimer's disease through experimental and network pharmacology studies.,metadata,no_intervention_signal
PMC8515747,Investigation of anti-osteoporosis mechanisms of Rehmanniae Radix Preparata based on network pharmacology and experimental verification.,metadata,no_intervention_signal
PMC9375695,Study on the Prognosis Effect of Traditional Chinese Medicine Treatment in DR Patients Based on the Perspective of Network Pharmacology.,metadata,title_pattern:\bperspective\b
PMC12148877,Network pharmacology and molecular dynamics simulation reveal antineoplastic potential of Antarctic sponge-derived suberitenones.,metadata,no_intervention_signal
PMC9532093,Exploring the Molecular Mechanism of Tong Xie Yao Fang in Treating Ulcerative Colitis Using Network Pharmacology and Molecular Docking.,metadata,no_intervention_signal
PMC9262105,The Potential Mechanisms of Cinobufotalin Treating Colon Adenocarcinoma by Network Pharmacology.,metadata,no_intervention_signal
PMC9970719,Mechanism of Jiawei Zhengqi Powder in the Treatment of Ulcerative Colitis Based on Network Pharmacology and Molecular Docking.,metadata,no_intervention_signal
PMC11177199,Network pharmacology analysis of Chandraprabha Vati: A new hope for the treatment of Metabolic Syndrome.,metadata,no_intervention_signal
PMC9749856,Detecting potential mechanism of vitamin D in treating rheumatoid arthritis based on network pharmacology and molecular docking.,metadata,no_intervention_signal
PMC9966740,Revealing the Underlying Mechanism of <i>Acacia Nilotica</i> against Asthma from a Systematic Perspective: A Network Pharmacology and Molecular Docking Study.,metadata,title_pattern:\bperspective\b
PMC9866371,Investigation of the Therapeutic Effect of Total Alkaloids of <i>Corydalis saxicola</i> Bunting on CCl<sub>4</sub>-Induced Liver Fibrosis in Rats by LC/MS-Based Metabolomics Analysis and Network Pharmacology.,metadata,no_intervention_signal
PMC9026883,Network Pharmacology Exploration Reveals Gut Microbiota Modulation as a Common Therapeutic Mechanism for Anti-Fatigue Effect Treated with Maca Compounds Prescription.,metadata,no_intervention_signal
PMC10509474,Network pharmacology and experimental verification reveal the mechanism of safranal against glioblastoma (GBM).,metadata,no_intervention_signal
PMC10476600,A NETWORK PHARMACOLOGY-BASED TREATMENT ANALYSIS OF LUTEOLIN FOR REGULATING PYROPTOSIS IN ACUTE LUNG INJURY.,metadata,no_intervention_signal
PMC10195913,Emodin prevents renal ischemia-reperfusion injury via suppression of p53-mediated cell apoptosis based on network pharmacology.,metadata,no_intervention_signal
PMC9551284,Exploring the pharmacological action mechanism of <i>Ligusticum Chuanxiong</i>-<i>Piper Longum</i> couplet medicines on the treatment of migraine based on network pharmacology.,metadata,publication_type:systematic review systematic-review journal article
PMC6630244,Mechanism Investigation of <i>Tagetes patula</i> L. against Chronic Nonbacterial Prostatitis by Metabolomics and Network Pharmacology.,metadata,no_intervention_signal
PMC11111496,"Integrating GEO, network pharmacology, and in vitro assays to explore the pharmacological mechanism of Bruceae Fructus against laryngeal cancer.",metadata,no_intervention_signal
PMC9410695,Mechanism of saikogenin G against major depressive disorder determined by network pharmacology.,metadata,no_intervention_signal
PMC10063801,"Network pharmacology, molecular docking, and experimental validation to explore the potential mechanism of Long Mu Qing Xin mixture for the treatment of attention deficit hyperactivity disorder.",metadata,no_intervention_signal
,Network pharmacology-based active compounds and pharmacological mechanisms of ginseng for depression in post-COVID-19,metadata,no_pmcid
PMC12330028,Empagliflozin targeted the immune-related gene PIK3CA in type 2 diabetes mellitus treatment: network pharmacology analysis and experimental evidence.,metadata,no_intervention_signal
PMC12292302,"Revealing the Improving Effect and Molecular Mechanism of &lt;i&gt;L&lt;/i&gt;-Clausenamide in Combating the Acute Lung Injury: Insights from Network Pharmacology, Molecular Docking, and In Vitro Validation.",metadata,no_intervention_signal
PMC11274073,"The Therapeutic Potential of <i>Dalbergia pinnata</i> (Lour.) Prain Essential Oil in Alzheimer's Disease: EEG Signal Analysis In Vivo, SH-SY5Y Cell Model In Vitro, and Network Pharmacology.",metadata,no_intervention_signal
PMC11799295,"Exploring the antiviral potential of shikimic acid against Chikungunya virus through network pharmacology, molecular docking, and <i>in vitro</i> experiments.",metadata,no_intervention_signal
PMC11765843,Network Pharmacology Approach and Experimental Verification to Explore the Anti-NSCLC Mechanism of Grifolic Acid.,metadata,no_intervention_signal
PMC10641859,Network Pharmacology and Intestinal Microbiota Analysis Revealing the Mechanism of Punicalagin Improving Bacterial Enteritis.,metadata,no_intervention_signal
PMC11440656,Network pharmacology-based investigation and experimental validation of the mechanism of metformin in the treatment of acute myeloid leukemia.,metadata,no_intervention_signal
PMC9487927,Acteoside and ursolic acid synergistically protects H<sub>2</sub>O<sub>2</sub>-induced neurotrosis by regulation of AKT/mTOR signalling: from network pharmacology to experimental validation.,metadata,no_intervention_signal
PMC12133502,"The updated evidence of pirfenidone treated silicosis based on network pharmacology, molecular docking and experimental validation.",metadata,no_intervention_signal
,Study on mechanism of the Hanshi Zufei syndrome formula for COVID-19 based on network pharmacology,metadata,no_pmcid
PMC9409587,A network pharmacology-based approach to explore the therapeutic potential of Sceletium tortuosum in the treatment of neurodegenerative disorders.,metadata,no_intervention_signal
PMC10124026,"Anti-Alzheimers molecular mechanism of icariin: insights from gut microbiota, metabolomics, and network pharmacology.",metadata,no_intervention_signal
PMC8957955,The Antitumor Effect and Mechanism of Total Flavonoids From Coreopsis Tinctoria Nutt (Snow Chrysanthemum) on Lung Cancer Using Network Pharmacology and Molecular Docking.,metadata,no_intervention_signal
PMC9385617,Network pharmacology combined with pharmacodynamics revealed the anti-inflammatory mechanism of Tanreqing capsule against acute-exacerbation chronic obstructive pulmonary disease.,metadata,no_intervention_signal
PMC10572448,Analyzing Active Compounds in <i>Elateriospermum tapos</i> Yogurt for Maternal Obesity: A Network Pharmacology and Molecular Docking Study.,metadata,no_intervention_signal
PMC9240481,Network Pharmacology and <i>In Vitro</i> Experimental Verification Reveal the Mechanism of the Hirudin in Suppressing Myocardial Hypertrophy.,metadata,no_intervention_signal
,Exploration of Anti-Staphylococcus Aureus Activity and Molecular Mechanism of Wuweixiaoduyin using Network Pharmacology Anti-Staphylococcus Aureus Activity of Wuweixiaoduyin using Network Pharmacology,metadata,no_pmcid
PMC12589300,The potential mechanism and immunomodulatory effect of gut microbiota-derived metabolites in the treatment of gastric cancer by integrating network pharmacology and molecular docking.,metadata,no_intervention_signal
PMC8725900,Deciphering the molecular mechanism of tetrandrine in inhibiting hepatocellular carcinoma and increasing sorafenib sensitivity by combining network pharmacology and experimental evaluation.,metadata,no_intervention_signal
PMC12582747,"Identifying potential mechanisms of circadian rhythm-related gene marker prognosis, immune infiltration, and melatonin intervention in thyroid cancer based on bioinformatics and network pharmacology.",metadata,no_intervention_signal
PMC10088531,Network Pharmacology Combined with Experimental Validation Reveals the Anti-tumor Effect of <i>Duchesnea indica</i> against Hepatocellular Carcinoma.,metadata,no_intervention_signal
PMC8016862,Network pharmacology and molecular docking study on the active ingredients of qidengmingmu capsule for the treatment of diabetic retinopathy.,metadata,no_intervention_signal
PMC9008695,Network Pharmacology and Experimental Validation to Reveal the Pharmacological Mechanisms of Chongcaoyishen Decoction Against Chronic Kidney Disease.,metadata,publication_type:review-article review journal article
PMC12664458,Shared and unique therapeutic targets of KarXT and clozapine for schizophrenia treatment revealed by network pharmacology and molecular docking analyses: Implications for differential clinical responses.,metadata,no_intervention_signal
PMC12043806,FAERS based disproportionality analysis and network pharmacology investigation of taxanes associated drug induced liver injury.,metadata,no_intervention_signal
PMC10179348,An Integrative Approach to Investigate the Mode of Action of (-)-Dendroparishiol in Bacterial Meningitis: Computer-Aided Estimation of Biological Activity and Network Pharmacology.,metadata,no_intervention_signal
PMC8741355,The Study of Yin-Chen-Hao-Tang Preventing and Treating Alcoholic Fatty Liver Disease through PPAR Signaling Pathway Based on Network Pharmacology and RNA-Seq Transcriptomics.,metadata,no_intervention_signal
PMC11209020,Integrating network pharmacology and experimental evaluation to explore the complementary therapeutic effect and mechanism of melatonin in periodontitis.,metadata,no_intervention_signal
PMC9428724,<i>Stellera chamaejasme L.</i> extracts in the treatment of glioblastoma cell lines: Biological verification based on a network pharmacology approach.,metadata,no_intervention_signal
PMC12952412,To investigate the effects of artemisinin on inflammatory factors and intestinal microbiota in rats with ulcerative colitis based on network pharmacology.,metadata,no_intervention_signal
PMC10053995,The Abundant Phytocannabinoids in Rheumatoid Arthritis: Therapeutic Targets and Molecular Processes Identified Using Integrated Bioinformatics and Network Pharmacology.,metadata,no_intervention_signal
PMC10164985,Comparative efficacy and pharmacological mechanism of Chinese patent medicines against anthracycline-induced cardiotoxicity: An integrated study of network meta-analysis and network pharmacology approach.,metadata,title_pattern:\bmeta-analysis\b
PMC11491479,Prognostic model for gastric cancer patients with COVID-19 and network pharmacology study on treatment by lentinan.,metadata,no_intervention_signal
PMC10174762,Network pharmacology- and molecular docking-based investigation of the therapeutic potential and mechanism of daucosterol against multiple myeloma.,metadata,no_intervention_signal
PMC9453802,Integrated Network Pharmacology Analysis and Serum Metabolomics to Reveal the Anti-malaria Mechanism of Artesunate.,metadata,no_intervention_signal
,Integrated network pharmacology and cellular assay reveal the biological mechanisms of Limonium sinense (Girard) Kuntze against breast cancer,metadata,no_pmcid
PMC9086680,"Revealing the Mechanism of Huazhi Rougan Granule in the Treatment of Nonalcoholic Fatty Liver Through Intestinal Flora Based on 16S rRNA, Metagenomic Sequencing and Network Pharmacology.",metadata,no_intervention_signal
PMC10357573,"Revealing the Mechanisms of Byu dMar 25 in the Treatment of Alzheimer's Disease through Network Pharmacology, Molecular Docking, and In Vivo Experiment.",metadata,no_intervention_signal
PMC11675786,Antioxidant Effects and Potential Mechanisms of <i>Citrus reticulata</i> 'Chachi' Components: An Integrated Approach of Network Pharmacology and Metabolomics.,metadata,no_intervention_signal
PMC7641700,Potential Molecular Target Prediction and Docking Verification of Hua-Feng-Dan in Stroke Based on Network Pharmacology.,metadata,no_intervention_signal
PMC7705647,Prediction of Targets of Curculigoside A in Osteoporosis and Rheumatoid Arthritis Using Network Pharmacology and Experimental Verification.,metadata,no_intervention_signal
PMC10150770,Integrating Network Pharmacology and Experimental Validation to Explore the Pharmacological Mechanism of Astragaloside IV in Treating Bleomycin-Induced Pulmonary Fibrosis.,metadata,no_intervention_signal
PMC9880176,Exploring the molecular mechanism of notoginsenoside R1 in sepsis-induced cardiomyopathy based on network pharmacology and experiments validation.,metadata,no_intervention_signal
PMC11382173,Network pharmacology and <i>in vivo</i> experimental studies reveal the protective effects of 6-hydroxygenistein against hypobaric hypoxia-induced brain injury.,metadata,no_intervention_signal
PMC10200225,Investigation on the mechanism of Ginkgo Folium in the treatment of Non-alcoholic Fatty Liver Disease by strategy of network pharmacology and molecular docking.,metadata,no_intervention_signal
PMC10123898,An integrated targeted metabolomics and network pharmacology approach to exploring the mechanism of ellagic acid against sleep deprivation-induced memory impairment and anxiety.,metadata,no_intervention_signal
PMC12265386,Manganese mitigates atrazine-induced oxidative stress and hepatorenal toxicity: insights from network pharmacology and in vivo experimentation.,metadata,no_intervention_signal
PMC11780793,C3AR1 as a target for preeclampsia: from bioinformatics and network pharmacology to experimental validation.,metadata,no_intervention_signal
PMC9440632,Analysis of the Mechanism of GuizhiFuling Wan in Treating Adenomyosis Based on Network Pharmacology Combined with Molecular Docking and Experimental Verification.,metadata,no_intervention_signal
PMC8843192,The mechanism of triptolide in the treatment of connective tissue disease-related interstitial lung disease based on network pharmacology and molecular docking.,metadata,no_intervention_signal
PMC12170861,The molecular mechanisms through which psilocybin prevents suicide: evidence from network pharmacology and molecular docking analyses.,metadata,no_intervention_signal
PMC8739172,Exploring the Mechanism of <i>Panax notoginseng</i> Saponins against Alzheimer's Disease by Network Pharmacology and Experimental Validation.,metadata,no_intervention_signal
PMC8316858,Investigating the Pharmacological Mechanisms of SheXiang XinTongNing Against Coronary Heart Disease Based on Network Pharmacology and Experimental Evaluation.,metadata,no_intervention_signal
PMC8384151,"Icariin, an Up-and-Coming Bioactive Compound Against Neurological Diseases: Network Pharmacology-Based Study and Literature Review.",metadata,title_pattern:\breview\b
PMC9898901,Determination of the synergistic anti-influenza effect of Huangqin Su tablet and Oseltamivir and investigation of mechanism of the tablet based on gut microbiota and network pharmacology.,metadata,no_intervention_signal
PMC9887022,Gastrodin attenuates renal injury and collagen deposition <i>via</i> suppression of the TGF-β1/Smad2/3 signaling pathway based on network pharmacology analysis.,metadata,no_intervention_signal
PMC7700035,To Explore the Mechanism and Equivalent Molecular Group of Fuxin Mixture in Treating Heart Failure Based on Network Pharmacology.,metadata,no_intervention_signal
PMC10119430,Network pharmacology mechanism of Scutellarin to inhibit RGC pyroptosis in diabetic retinopathy.,metadata,no_intervention_signal
PMC9229061,Network Pharmacology and Bioinformatics Approach Reveals the Multi-Target Pharmacological Mechanism of <i>Fumaria indica</i> in the Treatment of Liver Cancer.,metadata,no_intervention_signal
PMC10944195,Clinical efficacy and potential mechanism of ginseng polysaccharides in the treatment of non-small cell lung cancer based on meta-analysis associated with network pharmacology.,metadata,title_pattern:\bmeta-analysis\b
PMC10482107,Network pharmacology-based analysis of potential mechanisms of myocardial ischemia-reperfusion injury by total salvianolic acid injection.,metadata,publication_type:review-article review journal article
PMC10679728,Prolonged administration of total glucosides of paeony improves intestinal immune imbalance and epithelial barrier damage in collagen-induced arthritis rats based on metabolomics-network pharmacology integrated analysis.,metadata,no_intervention_signal
PMC11979968,Characterization of the Molecular Mechanisms Underlying Lurasidone-Induced Acute Manic Episodes in Bipolar Depression: A Network Pharmacology and Molecular Docking Approach.,metadata,no_intervention_signal
,Network pharmacology based investigation into the bioactive ingredients and molecular mechanisms of QingFeiPaiDu Decoction treating COVID-19,metadata,no_pmcid
PMC10239872,Integrating network pharmacology and experimental validation to explore the effect and mechanism of AD-1 in the treatment of colorectal cancer.,metadata,no_intervention_signal
PMC12041389,"Protein interactions, network pharmacology, and machine learning work together to predict genes linked to mitochondrial dysfunction in hypertrophic cardiomyopathy.",metadata,no_intervention_signal
PMC12380754,Unveiling the hidden risk of caspofungin: insights from three adverse event reporting systems and network pharmacology integration.,metadata,no_intervention_signal
PMC10165119,A synthetic peptide from Sipunculus nudus promotes bone formation via Estrogen/MAPK signal pathway based on network pharmacology.,metadata,no_intervention_signal
PMC10281056,Network pharmacology and bioinformatics analysis identifies potential therapeutic targets of <i>Naringenin</i> against COVID-19/LUSC.,metadata,no_intervention_signal
PMC10666129,Molecular Recognition of <i>Moringa oleifera</i> Active Compounds for Stunted Growth Prevention Using Network Pharmacology and Molecular Modeling Approach.,metadata,no_intervention_signal
PMC8577938,<i>Sedum sarmentosum</i> Bunge Attenuates Drug-Induced Liver Injury via Nrf2 Signaling Pathway: An Experimental Verification Based on Network Pharmacology Prediction.,metadata,no_intervention_signal
PMC9239597,To study the mechanism of Scutellariae Radix and Astragaloside in the treatment of lung cancer based on network pharmacology.,metadata,no_intervention_signal
PMC10660051,Network pharmacology and in vitro experimental verification to reveal the mechanism of Astragaloside IV against kidney ischemia-reperfusion injury.,metadata,no_intervention_signal
PMC9140548,Network-Pharmacology-Based Study on Active Phytochemicals and Molecular Mechanism of <i>Cnidium monnieri</i> in Treating Hepatocellular Carcinoma.,metadata,no_intervention_signal
PMC11684924,Network pharmacology and molecular docking to explore mechanisms of clozapine-induced cardiac arrest.,metadata,no_intervention_signal
PMC9336205,"Integrating Network Pharmacology, Molecular Docking, and Experimental Validation to Investigate the Mechanism of (-)-Guaiol Against Lung Adenocarcinoma.",metadata,no_intervention_signal
PMC9840549,Network Pharmacology Analysis and Experimental Verification on Antiangiogenesis Mechanism of <i>Hedyotis diffusa</i> Willd in Liver Cancer.,metadata,no_intervention_signal
PMC10663849,Multi-component analyses of raspberry: Optimization of extraction procedure and network pharmacology.,metadata,no_intervention_signal
PMC10746475,Ursolic acid induces apoptosis and pyroptosis in Reh cells by upregulating of the JNK signalling pathway based on network pharmacology and experimental validation.,metadata,no_intervention_signal
,Network pharmacology of AYUSH recommended immune-boosting medicinal plants against COVID-19,metadata,no_pmcid
PMC9528065,Effect and mechanisms of kaempferol against endometriosis based on network pharmacology and in vitro experiments.,metadata,no_intervention_signal
PMC9714250,"Mechanisms of Cynarine for treatment of non-alcoholic fatty liver disease based on the integration of network pharmacology, molecular docking and cell experiment.",metadata,no_intervention_signal
PMC8720003,Study on the Mechanism of Acori Graminei Rhizoma in the Treatment of Alzheimer's Disease Based on Network Pharmacology and Molecular Docking.,metadata,no_intervention_signal
PMC7145978,Interpreting the Pharmacological Mechanisms of Huachansu Capsules on Hepatocellular Carcinoma Through Combining Network Pharmacology and Experimental Evaluation.,metadata,no_intervention_signal
PMC10146622,<i>Abies holophylla</i> Leaf Essential Oil Alleviates Allergic Rhinitis Based on Network Pharmacology.,metadata,no_intervention_signal
PMC10649909,Network Pharmacology Combined with Machine Learning to Reveal the Action Mechanism of Licochalcone Intervention in Liver Cancer.,metadata,no_intervention_signal
PMC10292874,Network pharmacology-based research on the effect of angelicin on osteosarcoma and the underlying mechanism.,metadata,no_intervention_signal
PMC9154797,Study on the mechanism of lupenone for treating type 2 diabetes by integrating pharmacological evaluation and network pharmacology.,metadata,no_intervention_signal
PMC11968694,Network pharmacology analysis of Lanatoside C: molecular targets and mechanisms in the treatment of ulcerative colitis.,metadata,no_intervention_signal
PMC11882529,Pharmacological targets and therapeutic mechanisms of Arabic gum in treating diabetic wounds: insights from network pharmacology and experimental validation.,metadata,no_intervention_signal
PMC12755574,Targets of total glucosides of paeony in the treatment of Sjogren syndrome: A network pharmacology study.,metadata,no_intervention_signal
PMC10819299,"Exploring <i>Potentilla nepalensis</i> Phytoconstituents: Integrated Strategies of Network Pharmacology, Molecular Docking, Dynamic Simulations, and MMGBSA Analysis for Cancer Therapeutic Targets Discovery.",metadata,no_intervention_signal
PMC12006582,Uncovering the anti-cancer mechanism of cucurbitacin D against colorectal cancer through network pharmacology and molecular docking.,metadata,no_intervention_signal
PMC11943942,Dapagliflozin in Chronic Kidney Disease: Insights from Network Pharmacology and Molecular Docking Simulation.,metadata,no_intervention_signal
PMC10682221,Anxiety in oncology outpatients is associated with perturbations in pathways identified in anxiety focused network pharmacology research.,metadata,no_intervention_signal
PMC13195737,[Prediction and &lt;i&gt;in vitro&lt;/i&gt; validation of potential indications for ginkgolide B based on network pharmacology strategies].,metadata,no_intervention_signal
PMC11049039,Widely Targeted Metabolomics and Network Pharmacology Reveal the Nutritional Potential of Yellowhorn (<i>Xanthoceras sorbifolium</i> Bunge) Leaves and Flowers.,metadata,no_intervention_signal
PMC9894013,Network pharmacology study of the mechanism underlying the therapeutic effect of Zhujing pill and its main component oleanolic acid against diabetic retinopathy.,metadata,no_intervention_signal
PMC12103203,Potential of Sivelestat for Pulmonary Arterial Hypertension Treatment: Network Pharmacology-Based Target Identification and Mechanistic Exploration.,metadata,no_intervention_signal
PMC9505172,"UPLC-LTQ-Orbitrap-Based Cell Metabolomics and Network Pharmacology Analysis to Reveal the Potential Antiarthritic Effects of Pristimerin: In Vitro, In Silico and In Vivo Study.",metadata,no_intervention_signal
PMC12137240,"Exploring the molecular mechanisms of huperzine a in the treatment of rosacea through network pharmacology, machine learning, and molecular dynamics simulations.",metadata,no_intervention_signal
PMC9280342,Anti-colon Cancer Effects of <i>Dendrobium officinale</i> Kimura & Migo Revealed by Network Pharmacology Integrated With Molecular Docking and Metabolomics Studies.,metadata,no_intervention_signal
PMC10479589,Mechanism of <i>Abelmoschus manihot</i> L. in the Treatment of Contrast-Induced Nephropathy on the Basis of Network Pharmacology Analysis.,metadata,publication_type:review-article review journal article
PMC10018034,Integrating network pharmacology prediction and experimental investigation to verify ginkgetin anti-invasion and metastasis of human lung adenocarcinoma cells <i>via</i> the Akt/GSK-3β/Snail and Wnt/β-catenin pathway.,metadata,no_intervention_signal
PMC12661907,"RETRACTED: Kola-Mustapha et al. Network Pharmacology and Molecular Modeling to Elucidate the Potential Mechanism of Neem Oil against &lt;i&gt;Acne vulgaris&lt;/i&gt;. &lt;i&gt;Molecules&lt;/i&gt; 2023, &lt;i&gt;28&lt;/i&gt;, 2849.",metadata,no_intervention_signal
PMC11671737,"Correction to ""Puerarin Alleviates Apoptosis and Inflammation in Kidney Stone Cells Via the PI3K/AKT Pathway: Network Pharmacology and Experimental Verification"".",metadata,no_intervention_signal
PMC8830865,The molecular mechanism of Ligusticum wallichii for improving idiopathic pulmonary fibrosis: A network pharmacology and molecular docking study.,metadata,publication_type:review-article journal article
PMC7700039,Regulatory Mechanisms of Coicis Semen on Bionetwork of Liver Cancer Based on Network Pharmacology.,metadata,no_intervention_signal
PMC11625750,Potential of gut microbiota metabolites in treating COPD: network pharmacology and Mendelian randomization approaches.,metadata,no_intervention_signal
PMC10158511,Advances in the Mechanism of Luteolin against Hepatocellular Carcinoma Based on Bioinformatics and Network Pharmacology.,metadata,publication_type:review-article review journal article
PMC9476173,Study on the Anti-Inflammatory Effect and Mechanism of Yuxuebi Tablet Based on Network Pharmacology.,metadata,no_intervention_signal
PMC8118505,Potential mechanism of <i>Achyranthis bidentatae radix</i> plus semen vaccariae granules in the treatment of diabetes mellitus-induced erectile dysfunction in rats utilizing combined experimental model and network pharmacology.,metadata,no_intervention_signal
PMC10659624,Network pharmacology-based research on the effect of Scutellaria baicalensis on osteosarcoma and the underlying mechanism,metadata,no_intervention_signal
PMC9971728,Network pharmacology-based analysis of Resinacein S against non-alcoholic fatty liver disease by modulating lipid metabolism.,metadata,no_intervention_signal
PMC9133337,Network Pharmacology and Transcriptomic Sequencing Analyses Reveal the Molecular Mechanism of <i>Sanguisorba officinalis</i> Against Colorectal Cancer.,metadata,no_intervention_signal
PMC10008983,Exploring the mechanism of physcion-1-O-β-D-monoglucoside against acute lymphoblastic leukaemia based on network pharmacology and experimental validation.,metadata,no_intervention_signal
PMC10637808,Anti-cancer targets and molecular mechanisms of formononetin in treating osteosarcoma based on network pharmacology.,metadata,no_intervention_signal
PMC10673508,Study of the Anti-Inflammatory Mechanism of β-Carotene Based on Network Pharmacology.,metadata,no_intervention_signal
PMC10521544,Network pharmacology and experimental verification-based strategy for exploring the mechanisms of luteolin in the treatment of osteosarcoma.,metadata,no_intervention_signal
PMC11670374,Exploring the mechanism of fibrates regulating HIF-1A in the treatment of ischemic stroke based on network pharmacology and molecular docking.,metadata,no_intervention_signal
PMC9846333,"Exploration of the potential mechanism of Baicalin for hepatic fibrosis based on network pharmacology, gut microbiota, and experimental validation.",metadata,no_intervention_signal
PMC11666176,Exploring the mechanism of avenanthramide in the treatment of atherosclerosis based on network pharmacology and molecular docking: An observational study.,metadata,no_intervention_signal
,Investigation of Potential therapeutic value of Shuanghuanglian Chinese medicine based on network pharmacology for coronavirus pneumonia,metadata,no_pmcid
PMC11429473,"Forecasting the Pharmacological Mechanisms of <i>Plumbago zeylanica</i> and <i>Solanum xanthocarpum</i> in Diabetic Retinopathy Treatment: A Network Pharmacology, Molecular Docking, and Molecular Dynamics Simulation Study.",metadata,no_intervention_signal
,Uncovering the underlying mechanisms of Compound Yuxingcao Mixture in the treatment of COVID-19 based on network pharmacology,metadata,no_pmcid
PMC11865033,Exploring skin adverse events and mechanisms of apalutamide using data mining algorithms and network pharmacology.,metadata,no_intervention_signal
PMC11046106,Study on mechanism of transdermal administration of eugenol for pain treatment by network pharmacology and molecular docking technology.,metadata,no_intervention_signal
PMC10984875,A network pharmacology- and transcriptomics-based investigation reveals an inhibitory role of β-sitosterol in glioma via the EGFR/MAPK signaling pathway.,metadata,no_intervention_signal
PMC10718679,Retracted: Network Pharmacology-Based Study on the Active Component and Mechanism of the Anti-Gastric-Cancer Effect of <i>Herba Sarcandrae</i>.,metadata,no_intervention_signal
PMC11475914,Potential Application of Egg White Peptides for Antioxidant Properties: Perspectives from Batch Stability and Network Pharmacology.,metadata,no_intervention_signal
PMC12350381,α-Lipoic acid mitigates age-related macular degeneration via ferroptosis: integrative multi-omics and network pharmacology.,metadata,no_intervention_signal
PMC12425547,"Network pharmacology, molecular docking, and molecular dynamics analyses to explore the molecular mechanism of paclitaxel in atherosclerosis therapy.",metadata,no_intervention_signal
PMC8416387,Molecular Mechanism of Jinchan Oral Liquid in the Treatment of Children with Respiratory Syncytial Virus Pneumonia Based on Network Pharmacology and Molecular Docking Technology.,metadata,no_intervention_signal
PMC9509177,To discuss the mechanism of colchicine in the treatment of acute cerebral infarction based on network pharmacology.,metadata,no_intervention_signal
PMC10828654,Integrating network pharmacology and experimental verification to decipher the multitarget pharmacological mechanism of <i>Cinnamomum zeylanicum</i> essential oil in treating inflammation.,metadata,no_intervention_signal
PMC12115123,"Investigating the Effect and Mechanism of 3-Methyladenine Against Diabetic Encephalopathy by Network Pharmacology, Molecular Docking, and Experimental Validation.",metadata,no_intervention_signal
PMC9493050,Calcium dobesilate efficiency in the treatment of diabetic kidney disease through suppressing MAPK and chemokine signaling pathways based on clinical evaluation and network pharmacology.,metadata,no_intervention_signal
PMC7534219,"Integrated meta-analysis, network pharmacology, and molecular docking to investigate the efficacy and potential pharmacological mechanism of Kai-Xin-San on Alzheimer's disease.",metadata,title_pattern:\bmeta-analysis\b
PMC10170287,Study on the pharmacological mechanisms of sodium-glucose co-transporter 2 inhibitors in obesity-related atrial fibrillation based on network pharmacology and experimental verification.,metadata,no_intervention_signal
PMC9736981,Metabolites Identification and Mechanism Prediction of Neobavaisoflavone In Vitro and In Vivo of Rats through UHPLC-Q-Exactive Plus Orbitrap MS Integrated Network Pharmacology.,metadata,no_intervention_signal
PMC9533015,An integrated RNA sequencing and network pharmacology approach reveals the molecular mechanism of dapagliflozin in the treatment of diabetic nephropathy.,metadata,no_intervention_signal
PMC10251165,Network pharmacology combined with molecular docking and experimental validation to reveal the pharmacological mechanism of naringin against renal fibrosis.,metadata,no_intervention_signal
PMC12059822,"Mechanistic insights into the anticancer, anti-inflammatory, and antioxidant effects of yellowfin tuna collagen peptides using network pharmacology.",metadata,no_intervention_signal
PMC7603577,Potential Molecular Mechanisms of Plantain in the Treatment of Gout and Hyperuricemia Based on Network Pharmacology.,metadata,publication_type:review-article review journal article
PMC6255815,Uncovering the mechanism of Maxing Ganshi Decoction on asthma from a systematic perspective: A network pharmacology study.,metadata,title_pattern:\bperspective\b
PMC8763521,Clinical Efficacy Evaluation and Potential Mechanism of Zhishe Tongluo Capsule in the Treatment of Cerebral Infarction by Meta-Analysis Associated with Network Pharmacology.,metadata,title_pattern:\bmeta-analysis\b
PMC6902583,Clinical evidence-guided network pharmacology analysis reveals a critical contribution of β1-adrenoreceptor upregulation to bradycardia alleviation by Shenxian-Shengmai.,metadata,publication_type:meta-analysis research-article journal article
PMC10303801,Network pharmacology-based approach to explore the underlying mechanism of sinomenine on sepsis-induced myocardial injury in rats.,metadata,no_intervention_signal
PMC10981743,"Network pharmacology, computational biology integrated surface plasmon resonance technology reveals the mechanism of ellagic acid against rotavirus.",metadata,no_intervention_signal
PMC11920148,Rutin attenuates bleomycin-induced acute lung injury &lt;i&gt;via&lt;/i&gt; miR-9-5p mediated NF-κB signaling inhibition: network pharmacology analysis and experimental evidence.,metadata,no_intervention_signal
PMC10809614,Mechanism exploration of Osteoking in the treatment of lumbar disc herniation based on network pharmacology and molecular docking.,metadata,no_intervention_signal
PMC10573744,"Anti-Inflammatory and Antioxidant Activities of Lipophilic Fraction from <i>Liriope platyphylla</i> Seeds Using Network Pharmacology, Molecular Docking, and In Vitro Experiments.",metadata,no_intervention_signal
PMC10057793,Interleukin-10 as Covid-19 biomarker targeting KSK and its analogues: Integrated network pharmacology.,metadata,no_intervention_signal
PMC11228814,Corrigendum: Material basis and molecular mechanisms of Chaihuang Qingyi Huoxue Granule in the treatment of acute pancreatitis based on network pharmacology and molecular docking-based strategy.,metadata,no_intervention_signal
PMC8052156,Network Pharmacology-Based Investigation of the Mechanism of Action of Plantaginis Herba in Hyperuricemia Treatment.,metadata,no_intervention_signal
PMC12128923,NFKB1-targeted metabolites as novel therapeutic approaches for erectile dysfunction: evidence from gut microbiota network pharmacology and machine learning.,metadata,no_intervention_signal
PMC9142292,Uncovering the Mechanism of the Xingnaojing Injection against Ischemic Stroke Using a Combined Network Pharmacology Approach and Gut Microbiota Analysis.,metadata,no_intervention_signal
PMC11104389,"Network Pharmacology, Molecular Docking, and Experimental Verification to Reveal the Mitophagy-Associated Mechanism of Tangshen Formula in the Treatment of Diabetic Nephropathy [Retraction].",metadata,title_pattern:\bretraction\b
PMC12858273,Network Pharmacology and Molecular Docking Approach to Identify and Investigate the Mechanisms of Active Components of Areca Catechu in Relation to Gut Disorders.,metadata,no_intervention_signal
PMC12114254,"Systems Biology-Driven Discovery of Host-Targeted Therapeutics for Oropouche Virus: Integrating Network Pharmacology, Molecular Docking, and Drug Repurposing.",metadata,no_intervention_signal
PMC12196209,"Khellin Mitigates Cisplatin-Induced Renal Injury by Targeting Oxidative Stress, Inflammation, and Apoptosis: Integration of Network Pharmacology, Molecular Docking, and Preclinical Validation.",metadata,no_intervention_signal
PMC9963495,Therapeutic Effect of Costunolide in Autoimmune Hepatitis: Network Pharmacology and Experimental Validation.,metadata,no_intervention_signal
PMC8517248,Network Pharmacology-Based Strategy for the Investigation of the Anti-Osteoporosis Effects and Underlying Mechanism of Zhuangguguanjie Formulation.,metadata,no_intervention_signal
PMC8483913,Identification of Sitogluside as a Potential Skin-Pigmentation-Reducing Agent through Network Pharmacology.,metadata,no_intervention_signal
PMC8874996,Systematic Understanding of Anti-Aging Effect of Coenzyme Q10 on Oocyte Through a Network Pharmacology Approach.,metadata,no_intervention_signal
PMC11707432,Clozapine Induces Agranulocytosis via Inflammatory and Hematopoietic Cytokine Induction of the JAK-STAT Signaling Pathway: Evidence From Network Pharmacology and Molecular Docking.,metadata,no_intervention_signal
PMC9396736,Corrigendum: Integrated chemical interpretation and network pharmacology analysis to reveal the anti-liver fibrosis effect of <i>Penthorum chinense</i>.,metadata,no_intervention_signal
PMC6757243,Exploring Pharmacological Mechanisms of Xiang Ju Tablets in the Treatment of Allergic Rhinitis via a Network Pharmacology Approach.,metadata,no_intervention_signal
PMC10152032,Withaferin A for COVID-19: a Network Pharmacology Approach.,metadata,no_intervention_signal
PMC8515037,The Mechanism Action of German Chamomile (<i>Matricaria recutita L.</i>) in the Treatment of Eczema: Based on Dose-Effect Weight Coefficient Network Pharmacology.,metadata,no_intervention_signal
PMC9356879,Radix Actinidia chinensis Suppresses Renal Cell Carcinoma Progression: Network Pharmacology Prediction and In Vivo Experimental Validation.,metadata,no_intervention_signal
PMC10931479,Exploration of hypoglycemic peptides from porcine collagen based on network pharmacology and molecular docking.,metadata,no_intervention_signal
PMC11537736,Potential Target Metabolites From Gut Microbiota Against Hepatocellular Carcinoma: A Network Pharmacology and Molecular Docking Study.,metadata,no_intervention_signal
PMC12195375,Terpinen-4-ol Targets HIF-1α/TGF-β1/TNF-α Axis to Attenuate Ethanol-Induced Hepatotoxicity: Network Pharmacology and In Vitro Validation.,metadata,no_intervention_signal
PMC7933746,Network pharmacology-based study to explore the mechanism of the Yiqi Gubiao pill in lung cancer treatment.,metadata,no_intervention_signal
PMC9507923,QishenYiqi dripping pill protects against myocardial ischemia/reperfusion injury via suppressing excessive autophagy and NLRP3 inflammasome based on network pharmacology and experimental pharmacology.,metadata,no_intervention_signal
PMC11910472,"Exploring the mechanism of vitamin C on the co-expressed genes of papillary thyroid carcinoma and Epstein-Barr virus based on bioinformatics, network pharmacology and molecular docking analysis.",metadata,no_intervention_signal
PMC7303382,Integrated analysis and network pharmacology approaches to explore key genes of Xingnaojing for treatment of Alzheimer's disease.,metadata,no_intervention_signal
PMC10673040,"The Mechanism of Mori Folium and Eucommiae Cortex against Cyclophosphamide-Induced Immunosuppression Integrating Network Pharmacology, Molecular Docking, Molecular Dynamics Simulations, and Experimental Validation.",metadata,no_intervention_signal
PMC8519793,Investigation of the Active Ingredients and Mechanism of Hudi Enteric-Coated Capsules in DSS-Induced Ulcerative Colitis Mice Based on Network Pharmacology and Experimental Verification.,metadata,no_intervention_signal
PMC10246690,"Transcriptomics, proteomics, metabolomics and network pharmacology reveal molecular mechanisms of multi-targets effects of Shenxianshengmai improving human iPSC-CMs beating.",metadata,"publication_type:letter research support, non-u.s. gov't"
PMC8855715,Exploring the mechanism of cordycepin combined with doxorubicin in treating glioblastoma based on network pharmacology and biological verification.,metadata,no_intervention_signal
PMC9537475,"Clinical efficacy evaluation and potential mechanism prediction on Pudilan Xiaoyan oral liquid in treatment of mumps in children based on meta-analysis, network pharmacology, and molecular docking.",metadata,title_pattern:\bmeta-analysis\b
PMC9226445,"Based on Network Pharmacology and Molecular Dynamics Simulations, Baicalein, an Active Ingredient of Yiqi Qingre Ziyin Method, Potentially Protects Patients With Atrophic Rhinitis From Cognitive Impairment.",metadata,no_intervention_signal
PMC8210422,Exploring the Mechanism of Total Flavonoids of Drynariae Rhizoma to Improve Large Bone Defects by Network Pharmacology and Experimental Assessment.,metadata,no_intervention_signal
PMC10457459,"Critical Response to Article ""Network Pharmacology and Experimental Validation to Explore the Effect and Mechanism of Kanglaite Injection Against Triple-Negative Breast Cancer"" [Letter].",metadata,publication_type:letter comment
PMC8623982,Diterpenes/Diterpenoids and Their Derivatives as Potential Bioactive Leads against Dengue Virus: A Computational and Network Pharmacology Study.,metadata,no_intervention_signal
PMC10108469,A study on the anti-osteoporosis mechanism of isopsoralen based on network pharmacology and molecular experiments.,metadata,no_intervention_signal
PMC10859445,"Mechanisms underlying the therapeutic effects of cinobufagin in treating melanoma based on network pharmacology, single-cell RNA sequencing data, molecular docking, and molecular dynamics simulation.",metadata,no_intervention_signal
PMC7887153,An Integrated Approach Based on Network Pharmacology Combined with Experimental Verification Reveals AMPK/PI3K/Akt Signaling is an Important Way for the Anti-Type 2 Diabetic Activity of Silkworm Excrement.,metadata,no_intervention_signal
PMC11631019,To explore the protective mechanism of promethazine against hippocampal neuron injury based on network pharmacology and experimental verification.,metadata,no_intervention_signal
PMC7048923,Network Pharmacology Study on the Pharmacological Mechanism of Cinobufotalin Injection against Lung Cancer.,metadata,no_intervention_signal
,Examining the effector mechanisms of Xuebijing Injection on COVID-19 based on network pharmacology,metadata,no_pmcid
PMC8263891,Potential therapeutic targets and biological mechanisms of Centella asiatica on hepatic fibrosis: a study of network pharmacology.,metadata,no_intervention_signal
PMC10265681,Investigating the effect of Icaritin on hepatocellular carcinoma based on network pharmacology.,metadata,no_intervention_signal
PMC7411467,Network Pharmacology Integrated Molecular Docking Reveals the Mechanism of Anisodamine Hydrobromide Injection against Novel Coronavirus Pneumonia.,metadata,no_intervention_signal
PMC7697664,Exploring the Mechanism of Icariin in Osteoporosis Based on a Network Pharmacology Strategy.,metadata,no_intervention_signal
PMC11944433,Network Pharmacology-Based Elucidation of the Hypoglycemic Mechanism of &lt;i&gt;Grifola frondosa&lt;/i&gt; GF5000 Polysaccharides via GCK modulation in Diabetic Rats.,metadata,no_intervention_signal
PMC9019785,Proprietary Medicines Containing <i>Bupleurum chinense</i> DC. (Chaihu) for Depression: Network Meta-Analysis and Network Pharmacology Prediction.,metadata,title_pattern:\bmeta-analysis\b
PMC11597562,"Therapeutic Effect of Shikimic Acid on Heat Stress-Induced Myocardial Damage: Assessment via Network Pharmacology, Molecular Docking, Molecular Dynamics Simulation, and In Vitro Experiments.",metadata,no_intervention_signal
PMC8219931,Exploring the Protective Effects and Mechanism of Crocetin From Saffron Against NAFLD by Network Pharmacology and Experimental Validation.,metadata,no_intervention_signal
PMC7372882,Mechanisms of Spica Prunellae against thyroid-associated Ophthalmopathy based on network pharmacology and molecular docking.,metadata,no_intervention_signal
PMC9630940,Deciphering the action mechanism of paeoniflorin in suppressing pancreatic cancer: A network pharmacology study and experimental validation.,metadata,no_intervention_signal
PMC10470727,The mechanism of dehydroandrographolide inhibiting metastasis in gastric cancer based on network pharmacology and bioinformatics.,metadata,no_intervention_signal
PMC10404939,Exploring the anti-cancer effects of <i>Panax notoginseng</i> through network pharmacology and molecular modeling.,metadata,no_intervention_signal
PMC10447507,Exploring the mechanism of luteolin by regulating microglia polarization based on network pharmacology and in vitro experiments.,metadata,no_intervention_signal
PMC10299714,"Network Pharmacology, Molecular Docking and Molecular Dynamics to Explore the Potential Immunomodulatory Mechanisms of Deer Antler.",metadata,no_intervention_signal
PMC10951504,Associations between obesity and hyperuricemia combing mendelian randomization with network pharmacology.,metadata,no_intervention_signal
PMC11550294,"β-Citronellol: a potential anti-inflammatory and gastro-protective agent-mechanistic insights into its modulatory effects on COX-II, 5-LOX, eNOS, and ICAM-1 pathways through in vitro, in vivo, in silico, and network pharmacology studies.",metadata,no_intervention_signal
PMC10178747,Network Pharmacology and Molecular Docking Analysis of Active Compounds in Tualang Honey against Atherosclerosis.,metadata,no_intervention_signal
PMC10033878,Effects of donkey milk on UVB-induced skin barrier damage and melanin pigmentation: A network pharmacology and experimental validation study.,metadata,no_intervention_signal
PMC11411774,"Novel systems biology experimental pipeline reveals matairesinol's antimetastatic potential in prostate cancer: an integrated approach of network pharmacology, bioinformatics, and experimental validation.",metadata,no_intervention_signal
PMC9095980,Network Pharmacology and Bioinformatics Analyses Identify Intersection Genes of Vitamin D3 and COVID-19 as Potential Therapeutic Targets.,metadata,no_intervention_signal
PMC8529071,Grey Relational Analysis Combined With Network Pharmacology to Identify Antioxidant Components and Uncover Its Mechanism From Moutan Cortex.,metadata,no_intervention_signal
PMC9153225,"Amentoflavone derivatives significantly act towards the main protease (3CL<sup>PRO</sup>/M<sup>PRO</sup>) of SARS-CoV-2: in silico admet profiling, molecular docking, molecular dynamics simulation, network pharmacology.",metadata,no_intervention_signal
PMC9169610,Mechanism and Protective Effect of <i>Smilax glabra</i> Roxb on the Treatment of Heart Failure <i>via</i> Network Pharmacology Analysis and Vitro Verification.,metadata,no_intervention_signal
PMC11768929,<i>Zanthoxylum piperitum</i> Benn. Attenuates Monosodium Urate-Induced Gouty Arthritis: A Network Pharmacology Investigation of Its Anti-Inflammatory Mechanisms.,metadata,no_intervention_signal
PMC9175360,Exploring the mechanism and experimental verification of puerarin in the treatment of endometrial carcinoma based on network pharmacology and bioinformatics analysis.,metadata,no_intervention_signal
PMC9820381,Ameliorative Effect of Ethanolic <i>Echinacea purpurea</i> against Hyperthyroidism-Induced Oxidative Stress via AMRK and PPAR Signal Pathway Using Transcriptomics and Network Pharmacology Analysis.,metadata,no_intervention_signal
PMC8351672,A network pharmacology approach to uncover the key ingredients in <i>Ginkgo Folium</i> and their anti-Alzheimer's disease mechanisms.,metadata,no_intervention_signal
PMC9721392,Corrigendum: Integrated network pharmacology and metabolomics to reveal the mechanism of QiShenYiQi Dripping Pills against cardiac structural and functional abnormalities.,metadata,no_intervention_signal
PMC8791709,Study on the Multitarget Mechanism and Active Compounds of Essential Oil from <i>Artemisia argyi</i> Treating Pressure Injuries Based on Network Pharmacology.,metadata,no_intervention_signal
PMC9166949,The Neuroprotective Effect of Shenmai Injection on Oxidative Stress Injury in PC12 Cells Based on Network Pharmacology.,metadata,no_intervention_signal
PMC10841944,Metabologenomics and network pharmacology to understand the molecular mechanism of cancer research.,metadata,publication_type:editorial
PMC9393626,Wenshenyang recipe treats infertility through hormonal regulation and inflammatory responses revealed by transcriptome analysis and network pharmacology.,metadata,no_intervention_signal
PMC11324986,AUY922 improves sensitivity to sunitinib in clear cell renal cell carcinoma based on network pharmacology and in vitro experiments.,metadata,no_intervention_signal
PMC8150495,Molecular mechanism underlying the hypolipidemic effect of Shanmei Capsule based on network pharmacology and molecular docking.,metadata,no_intervention_signal
PMC11387165,Protective effects of insulin on dry eye syndrome via TLR4/NF-κB pathway: based on network pharmacology and <i>in vitro</i> experiments validation.,metadata,no_intervention_signal
PMC9076851,Network pharmacology of iridoid glycosides from Eucommia ulmoides Oliver against osteoporosis.,metadata,no_intervention_signal
PMC9206407,Demethylzeylasteral reduces the level of proteinuria in diabetic nephropathy: Screening of network pharmacology and verification by animal experiment.,metadata,no_intervention_signal
PMC8874130,Exploring the Anti-Pulmonary Fibrosis Mechanism of Jingyin Granule by Network Pharmacology Strategy.,metadata,no_intervention_signal
PMC9638142,Integrated network pharmacology and metabolomics to reveal the mechanism of QiShenYiQi Dripping Pills (T101) against cardiac structural and functional abnormalities.,metadata,no_intervention_signal
PMC7648688,Revealing the Pharmacological Mechanism of <i>Acorus tatarinowii</i> in the Treatment of Ischemic Stroke Based on Network Pharmacology.,metadata,no_intervention_signal
PMC11359399,Network Pharmacology Identifies Intersection Genes of Apigenin and Naringenin in Down Syndrome as Potential Therapeutic Targets.,metadata,no_intervention_signal
PMC12325000,Ameliorative Effect of Heat-Killed &lt;i&gt;Lactiplantibacillus plantarum&lt;/i&gt; Q1 (LPQ1) on Lipid Accumulation: Integration of Network Pharmacology with &lt;i&gt;In Vitro&lt;/i&gt; and &lt;i&gt;In Vivo&lt;/i&gt; Experiments.,metadata,no_intervention_signal
PMC7722457,A Network Pharmacology Approach to Explore the Potential Mechanisms of Yifei Sanjie Formula in Treating Pulmonary Fibrosis.,metadata,publication_type:review-article review journal article
PMC11394219,"The Potential Mechanisms of Catechins in Tea for Anti-Hypertension: An Integration of Network Pharmacology, Molecular Docking, and Molecular Dynamics Simulation.",metadata,no_intervention_signal
PMC9444403,Network Pharmacology and Molecular Docking Analysis Explores the Mechanisms of <i>Cordyceps</i> s<i>inensis</i> in the Treatment of Oral Lichen Planus.,metadata,no_intervention_signal
PMC11442674,Exploring the molecular targets of fingolimod and siponimod for treating the impaired cognition of schizophrenia using network pharmacology and molecular docking.,metadata,no_intervention_signal
PMC9512003,Utilizing network pharmacology and experimental validation to investigate the underlying mechanism of phellodendrine on inflammation.,metadata,no_intervention_signal
PMC10108473,"Potential mechanisms of osthole against bladder cancer cells based on network pharmacology, molecular docking, and experimental validation.",metadata,no_intervention_signal
PMC8735880,Study on mechanism of matrine in treatment of COVID-19 combined with liver injury by network pharmacology and molecular docking technology.,metadata,no_intervention_signal
PMC9715769,Network pharmacology and molecular docking-based analysis of protective mechanism of MLIF in ischemic stroke.,metadata,no_intervention_signal
PMC9752146,Combined metabolomics and network pharmacology to elucidate the mechanisms of Dracorhodin Perchlorate in treating diabetic foot ulcer rats.,metadata,no_intervention_signal
PMC9748122,Molecular Mechanisms of Luteolin Against Atopic Dermatitis Based on Network Pharmacology and in vivo Experimental Validation.,metadata,no_intervention_signal
PMC8256266,Angelica Dahurica Regulated the Polarization of Macrophages and Accelerated Wound Healing in Diabetes: A Network Pharmacology Study and <i>In Vivo</i> Experimental Validation.,metadata,no_intervention_signal
PMC9667524,Study on the multitarget mechanism of alliin activating autophagy based on network pharmacology and molecular docking.,metadata,no_intervention_signal
PMC9322248,"A new strategy for choosing ""Q-markers"" via network pharmacology, application to the quality control of a Chinese medical preparation.",metadata,no_intervention_signal
PMC11052319,Hypoglycemic Activity of Rice Resistant-Starch Metabolites: A Mechanistic Network Pharmacology and In Vitro Approach.,metadata,no_intervention_signal
PMC10336441,"Network pharmacology, molecular docking and experimental verification help unravel chelerythrine's potential mechanism in the treatment of gastric cancer.",metadata,no_intervention_signal
PMC8254409,"Exploration of the Effect and Mechanism of <i>Fructus Lycii, Rehmanniae Radix Praeparata</i>, and <i>Paeonia lactiflora</i> in the Treatment of AMD Based on Network Pharmacology and in vitro Experimental Verification.",metadata,no_intervention_signal
PMC11219314,Network pharmacology- and cell-based assessments identify the FAK/Src pathway as a molecular target for the antimetastatic effect of momordin Ic against cholangiocarcinoma.,metadata,no_intervention_signal
PMC8924370,"Investigative on the Molecular Mechanism of Licorice Flavonoids Anti-Melanoma by Network Pharmacology, 3D/2D-QSAR, Molecular Docking, and Molecular Dynamics Simulation.",metadata,no_intervention_signal
PMC9232097,Integrating Network Pharmacology and Experimental Verification to Explore the Pharmacological Mechanisms of Aloin Against Gastric Cancer.,metadata,no_intervention_signal
PMC9705089,Pueraria lobata Potentially Treating Prostate Cancer on Single-Cell Level by Network Pharmacology and AutoDock: Clinical Findings and Drug Targets.,metadata,no_intervention_signal
PMC9229598,Ginsenoside Rh3 Inhibits Lung Cancer Metastasis by Targeting Extracellular Signal-Regulated Kinase: A Network Pharmacology Study.,metadata,no_intervention_signal
PMC9571170,"Exploring Active Ingredients, Beneficial Effects, and Potential Mechanism of <i>Allium tenuissimum</i> L. Flower for Treating T2DM Mice Based on Network Pharmacology and Gut Microbiota.",metadata,no_intervention_signal
PMC8613503,Combining Network Pharmacology with Molecular Docking for Mechanistic Research on Thyroid Dysfunction Caused by Polybrominated Diphenyl Ethers and Their Metabolites.,metadata,no_intervention_signal
PMC9723418,Effect of Cepharanthine on the Stemness of Lung Squamous Cell Carcinoma Based on Network Pharmacology and Bioinformatics.,metadata,no_intervention_signal
PMC10573417,Identification of Potential Mechanisms of Rk1 Combination with Rg5 in the Treatment of Type II Diabetes Mellitus by Integrating Network Pharmacology and Experimental Validation.,metadata,no_intervention_signal
PMC5322182,Network Pharmacology Studies on the Bioactive Compounds and Action Mechanisms of Natural Products for the Treatment of Diabetes Mellitus: A Review.,metadata,title_pattern:\breview\b
PMC8203398,Investigating the Multitarget Pharmacological Mechanism of Ursolic Acid Acting on Colon Cancer: A Network Pharmacology Approach.,metadata,no_intervention_signal
,A network pharmacology for predicting the key targets and potential mechanism of Paxlovid in treating COVID-19,metadata,no_pmcid
PMC10772747,The Potential of Eleutherine bulbosa in Inducing Apoptosis and Inhibiting Cell Cycle in Breast Cancer: A Network Pharmacology Approach and In Vitro Experiments.,metadata,publication_type:research-article review journal article
PMC7376400,Network Pharmacology-Based Analysis of the Pharmacological Mechanisms of Aloperine on Cardiovascular Disease.,metadata,no_intervention_signal
PMC7542480,Virtual Screening Technique Used to Estimate the Mechanism of <i>Adhatoda vasica</i> Nees for the Treatment of Rheumatoid Arthritis Based on Network Pharmacology and Molecular Docking.,metadata,no_intervention_signal
PMC9627222,"Combining bioinformatics, network pharmacology and artificial intelligence to predict the mechanism of celastrol in the treatment of type 2 diabetes.",metadata,no_intervention_signal
PMC10332075,"Correction: Exploring the effect of Yinzhihuang granules on alcoholic liver disease based on pharmacodynamics, network pharmacology and molecular docking.",metadata,no_intervention_signal
PMC7811377,Network Pharmacology and Experimental Evidence Identify the Mechanism of Astragaloside IV in Oxaliplatin Neurotoxicity.,metadata,no_intervention_signal
PMC5651156,Network Pharmacology-Based Approach to Investigate the Analgesic Efficacy and Molecular Targets of Xuangui Dropping Pill for Treating Primary Dysmenorrhea.,metadata,no_intervention_signal
PMC11354007,"Indole-3 Carbinol and Diindolylmethane Mitigated β-Amyloid-Induced Neurotoxicity and Acetylcholinesterase Enzyme Activity: In Silico, In Vitro, and Network Pharmacology Study.",metadata,no_intervention_signal
PMC10344534,Mechanism of morusin on breast cancer via network pharmacology and in vitro experiments.,metadata,no_intervention_signal
PMC8847686,Network Pharmacology-Based and Experimental Identification of the Effects of Paeoniflorin on Major Depressive Disorder.,metadata,no_intervention_signal
PMC10333431,"Green tea EGCG inhibits naïve CD4<sup>+</sup> T cell division and progression in mice: An integration of network pharmacology, molecular docking and experimental validation.",metadata,no_intervention_signal
PMC8241509,Uncovering the Protective Mechanism of the Volatile Oil of <i>Acorus tatarinowii</i> against Acute Myocardial Ischemia Injury Using Network Pharmacology and Experimental Validation.,metadata,no_intervention_signal
PMC8519718,"Based on UPLC-Q-TOF-MS/MS, Systematic Network Pharmacology, and Molecular Docking to Explore the Potential Mechanism of Fructus Aurantii for Major Depression Disorder.",metadata,no_intervention_signal
PMC8282388,The Potential Effect of <i>Rhizoma coptidis</i> on Polycystic Ovary Syndrome Based on Network Pharmacology and Molecular Docking.,metadata,publication_type:review-article review journal article
PMC12212722,Network pharmacology and single-cell transcriptomic analysis with molecular docking to elucidate the potential compounds and targets of &lt;i&gt;Polygonum cuspidatum&lt;/i&gt; Sieb.et Zucc. for hepatocellular carcinoma.,metadata,no_intervention_signal
PMC8492289,Mechanism of Cordyceps Cicadae in Treating Diabetic Nephropathy Based on Network Pharmacology and Molecular Docking Analysis.,metadata,no_intervention_signal
PMC8664513,Network Pharmacology-Based Strategy and Molecular Docking to Explore the Potential Mechanism of Jintiange Capsule for Treating Osteoporosis.,metadata,no_intervention_signal
PMC10172348,Network pharmacology analysis reveals potential targets and mechanisms of proton pump inhibitors in breast cancer with diabetes.,metadata,no_intervention_signal
PMC10763839,Network pharmacology and molecular docking of endogenous active metabolites in diabetic kidney disease.,metadata,no_intervention_signal
,HR-LCMS and Network Pharmacology-based immunity enhancing and pulmonary protection activity of a polyherbal Ayurveda formulation,metadata,no_pmcid
PMC9365554,"The therapeutic effect of Fufang Zhenshu Tiaozhi (FTZ) on osteoclastogenesis and ovariectomized-induced bone loss: evidence from network pharmacology, molecular docking and experimental validation.",metadata,no_intervention_signal
PMC11303257,Astragalin improves cognitive disorder in Alzheimer's disease: Based on network pharmacology and molecular docking simulation.,metadata,no_intervention_signal
PMC5954954,Network Pharmacology-Based Approach to Investigate the Mechanisms of <i>Hedyotis diffusa</i> Willd. in the Treatment of Gastric Cancer.,metadata,no_intervention_signal
PMC10781478,"Exploring the effect and mechanism of Aloin A against cancer cachexia-induced muscle atrophy via network pharmacology, molecular docking, molecular dynamics and experimental validation.",metadata,no_intervention_signal
PMC11417925,ITIH4 in Rheumatoid Arthritis Pathogenesis: Network Pharmacology and Molecular Docking Analysis Identify CXCR4 as a Potential Receptor.,metadata,no_intervention_signal
PMC8648446,Exploring the Mechanisms of Arsenic Trioxide (<i>Pishuang</i>) in Hepatocellular Carcinoma Based on Network Pharmacology.,metadata,no_intervention_signal
PMC9877399,Corrigendum: Wuzi Yanzong pill-Based on network pharmacology and <i>In Vivo</i> evidence-Protects against spermatogenesis disorder <i>via</i> the regulation of the apoptosis pathway.,metadata,no_intervention_signal
PMC6165031,Molecular Mechanisms Involved in Oxidative Stress-Associated Liver Injury Induced by Chinese Herbal Medicine: An Experimental Evidence-Based Literature Review and Network Pharmacology Study.,metadata,title_pattern:\breview\b
PMC6701366,Top-100 Most Cited Publications Concerning Network Pharmacology: A Bibliometric Analysis.,metadata,title_pattern:\bbibliometric\b
PMC8226139,"Screening for Anti-Inflammation Quality Markers of Lianhua Qingwen Capsule Based on Network Pharmacology, UPLC, and Biological Activity.",metadata,no_intervention_signal
PMC8974060,Hepatoprotective mechanism of <i>Silybum marianum</i> on nonalcoholic fatty liver disease based on network pharmacology and experimental verification.,metadata,no_intervention_signal
PMC10419517,Exploring potential network pharmacology-and molecular docking-based mechanism of melittin in treating rheumatoid arthritis.,metadata,no_intervention_signal
PMC10245802,Network Pharmacology Study on the Mechanism of Gastrodin Reversing Depressive Symptoms in Traumatically Stressed Rats.,metadata,no_intervention_signal
PMC9626486,Exploring the mechanism of andrographolide in the treatment of gastric cancer through network pharmacology and molecular docking.,metadata,no_intervention_signal
PMC11120450,"Norcantharidin Enhances the Antitumor Effect of 5-Fluorouracil by Inducing Apoptosis of Cervical Cancer Cells: Network Pharmacology, Molecular Docking, and Experimental Validation.",metadata,no_intervention_signal
PMC11613084,Integrating network pharmacology and Mendelian randomization to explore potential targets of matrine against ovarian cancer.,metadata,no_intervention_signal
PMC8853792,Network Pharmacology Prediction and Molecular Docking-Based Strategy to Discover the Potential Pharmacological Mechanism of Wen-Yu-Jin against Pulmonary Fibrosis in a Mouse Model.,metadata,no_intervention_signal
PMC9897912,To Investigate the Clinical Efficacy and Potential Mechanism of Tongxinluo Capsules in Preventing Coronary Restenosis Based on Meta-Analysis and Network Pharmacology Analysis.,metadata,title_pattern:\bmeta-analysis\b
,A Network Pharmacology-based Analysis of the Molecular Mechanism of Tanreqing in the Treatment of the Coronavirus Disease 2019 (COVID-19),metadata,no_pmcid
PMC9800086,Exploring the Potential Mechanism of Artemisinin and Its Derivatives in the Treatment of Osteoporosis Based on Network Pharmacology and Molecular Docking.,metadata,no_intervention_signal
PMC9475175,"DPHB, a diarylheptane from <i>Alpinia officinarum</i> Hance, ameliorates insulin resistance: A network pharmacology and <i>in vitro</i> study.",metadata,no_intervention_signal
PMC9076385,Network pharmacology and RNA sequencing studies on triterpenoid saponins from <i>Bupleurum chinense</i> for the treatment of breast cancer.,metadata,no_intervention_signal
PMC9431734,PB2173: IDENTIFICATION OF POTENTIAL THERAPEUTIC TARGETS OF BAICALIN INTERVENING GASTROINTESTINAL ACUTE GRAFT-VERSUS-HOST DISEASE BASED ON NETWORK PHARMACOLOGY AND WHOLE TRANSCRIPTOME SEQUENCING,metadata,no_intervention_signal
PMC10226182,Exploration of the Mechanism of Tripterygium Wilfordii in the Treatment of Myocardial Fibrosis Based on Network Pharmacology and Molecular Docking.,metadata,no_intervention_signal
PMC8517761,"Screening of anti-chronic nonbacterial prostatitis activity of different extractions of the aerial part of <i>Glycyrrhiza uralensis</i>, and network pharmacology research.",metadata,no_intervention_signal
PMC12272070,Exploration of Pharmacological Mechanisms of Dapagliflozin against Type 2 Diabetes Mellitus through PI3K-Akt Signaling Pathway based on Network Pharmacology Analysis and Deep Learning Technology.,metadata,no_intervention_signal
PMC9424771,Molecular mechanism of Epimedium in the treatment of vascular dementia based on network pharmacology and molecular docking.,metadata,no_intervention_signal
PMC11284041,Metabolomics and network pharmacology exploration of the effects of bile acids on carotid atherosclerosis and potential underlying mechanisms.,metadata,no_intervention_signal
PMC7881794,Network Pharmacology-Based Approach to Investigate the Molecular Targets of Sinomenine for Treating Breast Cancer.,metadata,no_intervention_signal
PMC11190769,Network Pharmacology and Bioinformatics Analysis to Identify the Molecular Targets and its Biological Mechanisms of Sciadopitysin against Glioblastoma.,metadata,no_intervention_signal
PMC7738111,Network pharmacology-based strategy for predicting therapy targets of Tripterygium wilfordii on acute myeloid leukemia.,metadata,no_intervention_signal
PMC8329186,Author Correction: Network pharmacology and molecular docking study on the active ingredients of qidengmingmu capsule for the treatment of diabetic retinopathy.,metadata,no_intervention_signal
PMC11085736,Identifying the Multitarget Pharmacological Mechanism of Action of Genistein on Lung Cancer by Integrating Network Pharmacology and Molecular Dynamic Simulation.,metadata,no_intervention_signal
PMC9441549,Danhong injection attenuates doxorubicin-induced cardiotoxicity in rats <i>via</i> suppression of apoptosis: network pharmacology analysis and experimental validation.,metadata,no_intervention_signal
PMC8645352,"Corrigendum to ""Network Pharmacology-Based Strategy for Predicting Active Ingredients and Potential Targets of <i>Coptis chinensis</i> Franchin Polycystic Ovary Syndrome"".",metadata,no_intervention_signal
PMC8685401,Integrated Metabolomics and Network Pharmacology to Establish the Action Mechanism of Qingrekasen Granule for Treating Nephrotic Syndrome.,metadata,no_intervention_signal
PMC10813909,Integrating Metabolomics and Network Pharmacology to Decipher the Hepatoprotective Effect Mechanisms of Magnesium Isoglycyrrhizinate Injection.,metadata,no_intervention_signal
PMC8695082,Potential therapeutic targets and molecular details of anthocyan-treated inflammatory bowel disease: a systematic bioinformatics analysis of network pharmacology.,metadata,no_intervention_signal
PMC9971732,Systematic investigation of the underlying mechanisms of GLP-1 receptor agonists to prevent myocardial infarction in patients with type 2 diabetes mellitus using network pharmacology.,metadata,no_intervention_signal
PMC10637478,Network pharmacology and molecular docking reveal potential mechanism of esculetin in the treatment of ulcerative colitis.,metadata,no_intervention_signal
PMC10253303,A Network Pharmacology and Multi-Omics Combination Approach to Reveal the Effect of Strontium on Ca<sup>2+</sup> Metabolism in Bovine Rumen Epithelial Cells.,metadata,no_intervention_signal
PMC9124124,"Exploring the Protective Effect and Mechanism of <i>Buddlejae Flos</i> on Sodium Selenite-Induced Cataract in Rats by Network Pharmacology, Molecular Docking, and Experimental Validation.",metadata,no_intervention_signal
PMC8438673,Protective effect of 18β-glycyrrhetinic acid against H<sub>2</sub>O<sub>2</sub>-induced injury in Schwann cells based on network pharmacology and experimental validation.,metadata,no_intervention_signal
PMC7870775,Interaction between piperine and genes associated with sciatica and its mechanism based on molecular docking technology and network pharmacology.,metadata,no_intervention_signal
PMC8431517,Network Pharmacology Study on <i>Morus alba</i> L. Leaves: Pivotal Functions of Bioactives on RAS Signaling Pathway and Its Associated Target Proteins against Gout.,metadata,no_intervention_signal
PMC10505193,Revealing mechanism of Methazolamide for treatment of ankylosing spondylitis based on network pharmacology and GSEA.,metadata,no_intervention_signal
PMC9817107,Integration of network pharmacology and molecular docking to explore the molecular mechanism of Cordycepin in the treatment of Alzheimer's disease.,metadata,no_intervention_signal
PMC8478192,Network pharmacology and molecular docking reveal the effective substances and active mechanisms of Dalbergia Odoriferain protecting against ischemic stroke.,metadata,no_intervention_signal
PMC8095380,Melatonin: Multi-Target Mechanism Against Diminished Ovarian Reserve Based on Network Pharmacology.,metadata,no_intervention_signal
PMC7921686,Exploration in the mechanism of fucosterol for the treatment of non-small cell lung cancer based on network pharmacology and molecular docking.,metadata,no_intervention_signal
PMC10003546,Study on Anti-Constipation Effects of <i>Hemerocallis citrina</i> Baroni through a Novel Strategy of Network Pharmacology Screening.,metadata,no_intervention_signal
PMC10411345,"Corrigendum: Revealing the mechanism of Huazhi Rougan granule in the treatment of nonalcoholic fatty liver through intestinal flora based on 16S rRNA, metagenomic sequencing and network pharmacology.",metadata,no_intervention_signal
PMC10529193,Effects of gastrodin on the expression of brain aging-related genes in SAM/P-8 mice based on network pharmacology.,metadata,no_intervention_signal
PMC11131936,Construction of an immune-related prognostic model and potential drugs screening for esophageal cancer based on bioinformatics analyses and network pharmacology.,metadata,no_intervention_signal
PMC6733351,Network pharmacology study on the active components of <i>Pterocypsela elata</i> and the mechanism of their effect against cerebral ischemia.,metadata,no_intervention_signal
PMC9496669,"Elucidation of Prebiotics, Probiotics, Postbiotics, and Target from Gut Microbiota to Alleviate Obesity via Network Pharmacology Study.",metadata,"publication_type:meta-analysis other research support, non-u.s. gov't journal article"
PMC10861577,"Revealing the pharmacological effects of Remodelin against osteosarcoma based on network pharmacology, acRIP-seq and experimental validation.",metadata,no_intervention_signal
PMC9465656,Ayurveda and in silico Approach: A Challenging Proficient Confluence for Better Development of Effective Traditional Medicine Spotlighting Network Pharmacology.,metadata,publication_type:review-article review journal article
,The mechanism of Icariside II on NSCLC/COVID-19 based on network pharmacology and molecular docking,metadata,no_pmcid
PMC6855049,Identified the Synergistic Mechanism of <i>Drynariae Rhizoma</i> for Treating Fracture Based on Network Pharmacology.,metadata,no_intervention_signal
PMC11325085,"Naringin and temozolomide combination suppressed the growth of glioblastoma cells by promoting cell apoptosis: network pharmacology, <i>in-vitro</i> assays and metabolomics based study.",metadata,no_intervention_signal
PMC10720000,"Potential Utilization of Phenolic Acid Compounds as Anti-Inflammatory Agents through TNF-α Convertase Inhibition Mechanisms: A Network Pharmacology, Docking, and Molecular Dynamics Approach.",metadata,no_intervention_signal
PMC9805396,A Network Pharmacology-Based Study on the Mechanism of Dibutyl Phthalate of <i>Ocimum basilicum</i> L. against Alzheimer's Disease through the AKT/GSK-3<i>β</i> Pathway.,metadata,no_intervention_signal
PMC10763396,"Causal effects of gut microbiota on sepsis and sepsis-related death: insights from genome-wide Mendelian randomization, single-cell RNA, bulk RNA sequencing, and network pharmacology.",metadata,no_intervention_signal
PMC11301165,"Key target genes related to anti-breast cancer activity of ATRA: A network pharmacology, molecular docking and experimental investigation.",metadata,no_intervention_signal
PMC6541264,Molecular mechanisms involved in drug-induced liver injury caused by urate-lowering Chinese herbs: A network pharmacology study and biology experiments.,metadata,no_intervention_signal
PMC7301251,Study on the Drug Targets and Molecular Mechanisms of <i>Rhizoma Curcumae</i> in the Treatment of Nasopharyngeal Carcinoma Based on Network Pharmacology.,metadata,no_intervention_signal
PMC8776428,Network Pharmacology Prediction: The Possible Mechanisms of Cinobufotalin against Osteosarcoma.,metadata,no_intervention_signal
PMC10777446,Exploration of anti‑osteosarcoma activity of asiatic acid based on network pharmacology and <i>in vitro</i> experiments.,metadata,no_intervention_signal
PMC9170229,"An Integrated Strategy to Identify and Quantify the Quality Markers of Xinkeshu Tablets Based on Spectrum-Effect Relationship, Network Pharmacology, Plasma Pharmacochemistry, and Pharmacodynamics of Zebrafish.",metadata,no_intervention_signal
PMC10874014,Prevention of neointimal hyperplasia after coronary artery bypass graft via local delivery of sirolimus and rosuvastatin: network pharmacology and in vivo validation.,metadata,no_intervention_signal
PMC7857931,Rapid Identification and Systematic Mechanism of Flavonoids from <i>Potentilla freyniana</i> Bornm. Based on UHPLC-Q-Exactive Orbitrap Mass Spectrometry and Network Pharmacology.,metadata,no_intervention_signal
PMC8783131,A New Prospect for the Treatment of Nephrotic Syndrome Based on Network Pharmacology Analysis.,metadata,no_intervention_signal
PMC8481579,"Mechanism of <i>Paeoniae Radix Alba</i> in the Treatment of Non-alcoholic Fatty Liver Disease Based on Sequential Metabolites Identification Approach, Network Pharmacology, and Binding Affinity Measurement.",metadata,no_intervention_signal
PMC11098213,Network pharmacology and molecular docking technology for exploring the effect and mechanism of high-dose vitamin c on ferroptosis of tumor cells: A review.,metadata,title_pattern:\breview\b
PMC9025232,Defining the Role of Isoeugenol from <i>Ocimum tenuiflorum</i> against Diabetes Mellitus-Linked Alzheimer's Disease through Network Pharmacology and Computational Methods.,metadata,no_intervention_signal
PMC7810528,Network Pharmacology-Based Prediction of Catalpol and Mechanisms against Stroke.,metadata,no_intervention_signal
PMC8599429,"A Study Based on Metabolomics, Network Pharmacology, and Experimental Verification to Explore the Mechanism of Qinbaiqingfei Concentrated Pills in the treatment of Mycoplasma Pneumonia.",metadata,no_intervention_signal
PMC8670933,Inflammatory Response and Oxidative Stress as Mechanism of Reducing Hyperuricemia of <i>Gardenia jasminoides</i>-<i>Poria cocos</i> with Network Pharmacology.,metadata,no_intervention_signal
PMC7378706,Network pharmacology-based identification of the antitumor effects of taraxasterol in gastric cancer.,metadata,publication_type:letter
PMC7366109,Network Pharmacology Approach to Investigate the Preventive Mechanism of Hunan Expert Group Recommended Chinese Medicine Prevention No. 2 Prescription Against COVID-19☆,metadata,no_intervention_signal
PMC8389290,Uncovering Mechanisms of <i>Zanthoxylum piperitum</i> Fruits for the Alleviation of Rheumatoid Arthritis Based on Network Pharmacology.,metadata,no_intervention_signal
PMC8786484,Study on the Mechanism of Fentanyl in Pain Treatment Based on Network Pharmacology.,metadata,no_intervention_signal
PMC8602878,"Dissection of the Functional Mechanism of Human Gut Bacterial Strain AD16 by Secondary Metabolites' Identification, Network Pharmacology, and Experimental Validation.",metadata,no_intervention_signal
PMC9303499,Network Pharmacology Integrated Molecular Docking to Explore the Mechanism of Blister Beetle Therapy for Lung Adenocarcinoma.,metadata,no_intervention_signal
PMC7745594,Gallincin ameliorates colitis-associated inflammation and barrier function in mice based on network pharmacology prediction.,metadata,no_intervention_signal
PMC9043521,Exploration of Mechanisms of Sacubitril/Valsartan in the Treatment of Cardiac Arrhythmias Using a Network Pharmacology Approach.,metadata,no_intervention_signal
PMC8960007,Mass Spectrometric Behavior and Molecular Mechanisms of Fermented Deoxyanthocyanidins to Alleviate Ulcerative Colitis Based on Network Pharmacology.,metadata,no_intervention_signal
PMC10917074,Integrating network pharmacology and in silico analysis deciphers Withaferin-A's anti-breast cancer potential via hedgehog pathway and target network interplay.,metadata,no_intervention_signal
PMC9697017,Integrating Network Pharmacology and Transcriptomic Strategies to Explore the Pharmacological Mechanism of Hydroxysafflor Yellow A in Delaying Liver Aging.,metadata,no_intervention_signal
PMC6835270,Investigating the Protective Effect of Gross Saponins of <i>Tribulus terrestris</i> Fruit against Ischemic Stroke in Rat Using Metabolomics and Network Pharmacology.,metadata,no_intervention_signal
PMC8716846,Network Pharmacology-Based Investigation and Experimental Exploration of the Antiapoptotic Mechanism of Colchicine on Myocardial Ischemia Reperfusion Injury.,metadata,no_intervention_signal
PMC9853455,Identification of therapeutic targets for osteosarcoma by integrating single-cell RNA sequencing and network pharmacology.,metadata,no_intervention_signal
PMC7193284,Prediction of the Network Pharmacology-Based Mechanism for Attenuation of Atherosclerosis in Apolipoprotein E Knockout Mice by <i>Panax notoginseng</i> Saponins.,metadata,no_intervention_signal
PMC9602736,Integrated Metabolomics and Network Pharmacology to Decipher the Latent Mechanisms of Protopanaxatriol against Acetic Acid-Induced Gastric Ulcer.,metadata,no_intervention_signal
PMC8816594,Therapeutic Targets of Bufalin on Renal Carcinoma and Mechanisms: Experimental Validation of Network Pharmacology Analysis.,metadata,no_intervention_signal
PMC8343127,Corrigendum: Exploring the Mechanism of Total Flavonoids of Drynariae Rhizoma to Improve Large Bone Defects by Network Pharmacology and Experimental Assessment.,metadata,no_intervention_signal
PMC9651184,Mechanism of Progesterone in Treatment of Traumatic Brain Injury Based on Network Pharmacology and Molecular Docking Technology.,metadata,no_intervention_signal
PMC10230033,The mechanism of vitamin D3 in preventing colorectal cancer through network pharmacology.,metadata,no_intervention_signal
PMC7762561,Evaluation of Naringenin as a Promising Treatment Option for COPD Based on Literature Review and Network Pharmacology.,metadata,title_pattern:\breview\b
,Exploring the Mechanisms of Lian Hua Qing Wen Capsule against COVID-19 by Network Pharmacology and Molecular Docking Approach,metadata,no_pmcid
PMC10651968,Platelet-activating factor antagonist-based intensive antiplatelet strategy in acute ischemic stroke: A propensity score matched with network pharmacology analysis.,metadata,no_intervention_signal
PMC8153951,Network Pharmacology Analysis and Experimental Pharmacology Study Explore the Mechanism of Gambogic Acid against Endometrial Cancer.,metadata,no_intervention_signal
PMC7399741,Analyzing Active Constituents and Optimal Steaming Conditions Related to the Hematopoietic Effect of Steamed <i>Panax notoginseng</i> by Network Pharmacology Coupled with Response Surface Methodology.,metadata,no_intervention_signal
PMC8860524,Mechanisms of Vitamin C Regulating Immune and Inflammation Associated with Neonatal Hypoxic-Ischemic Encephalopathy Based on Network Pharmacology and Molecular Simulation Technology.,metadata,no_intervention_signal
PMC10022092,"An integrated approach of network pharmacology, molecular docking, and experimental verification uncovers kaempferol as the effective modulator of HSD17B1 for treatment of endometrial cancer.",metadata,no_intervention_signal
PMC10799395,"Salidroside protects RGC from pyroptosis in diabetes-induced retinopathy associated with NLRP3, NFEZL2 and NGKB1, revealed by network pharmacology analysis and experimental validation.",metadata,no_intervention_signal
PMC9701458,Integrated Network Pharmacology Analysis and Experimental Validation to Investigate the Molecular Mechanism of Triptolide in the Treatment of Membranous Nephropathy.,metadata,no_intervention_signal
PMC9528005,Network pharmacology and bioinformatics analyses identify the intersection genes and mechanism of Huang Bai for recurrent aphthous stomatitis.,metadata,no_intervention_signal
PMC7641625,Mechanism of Paeoniflorin in the Treatment of Bile Duct Ligation-Induced Cholestatic Liver Injury Using Integrated Metabolomics and Network Pharmacology.,metadata,no_intervention_signal
PMC9700915,"Integrated metabolomics, network pharmacology and biological verification to reveal the mechanisms of Nauclea officinalis treatment of LPS-induced acute lung injury.",metadata,no_intervention_signal
PMC9403136,Potential protective benefits of Schisandrin B against severe acute hepatitis in children during the COVID-19 pandemic based on a network pharmacology analysis.,metadata,no_intervention_signal
PMC8160516,Therapeutic Effects of Naringin in Rheumatoid Arthritis: Network Pharmacology and Experimental Validation.,metadata,no_intervention_signal
PMC5698785,Computational Molecular Networks and Network Pharmacology.,metadata,publication_type:editorial
PMC7333027,Study on the Selection of the Targets of Esophageal Carcinoma and Interventions of Ginsenosides Based on Network Pharmacology and Bioinformatics.,metadata,no_intervention_signal
PMC6604675,The Effects of Plumbagin on Pancreatic Cancer: A Mechanistic Network Pharmacology Approach.,metadata,no_intervention_signal
PMC9967027,Investigation of the Pathogenic Mechanism of Ciprofloxacin in Aortic Aneurysm and Dissection by an Integrated Proteomics and Network Pharmacology Strategy.,metadata,no_intervention_signal
PMC10272822,The therapeutic role and potential mechanism of EGCG in obesity-related precocious puberty as determined by integrated metabolomics and network pharmacology.,metadata,no_intervention_signal
PMC10169761,Network pharmacology to explore the mechanism of scutellarin in the treatment of brain ischaemia and experimental verification of JAK2/STAT3 signalling pathway.,metadata,no_intervention_signal
PMC7474352,Network Pharmacology-Based Approach to Revealing Biological Mechanisms of Qingkailing Injection against IschemicStroke: Focusing on Blood-Brain Barrier.,metadata,no_intervention_signal
PMC9919876,Comparison of Antioxidant Capacity and Network Pharmacology of Phloretin and Phlorizin against Neuroinflammation in Traumatic Brain Injury.,metadata,publication_type:meta-analysis research-article journal article
PMC8616695,Prediction of Rhizoma Drynariae Targets in the Treatment of Osteoarthritis Based on Network Pharmacology and Experimental Verification.,metadata,no_intervention_signal
PMC8963897,Network Pharmacology Identifies Therapeutic Targets and the Mechanisms of Glutathione Action in Ferroptosis Occurring in Oral Cancer.,metadata,no_intervention_signal
PMC6418214,Network Pharmacology-Based identification of pharmacological mechanism of SQFZ injection in combination with Docetaxel on lung cancer.,metadata,no_intervention_signal
PMC8116153,A Study to Decipher the Potential Effects of Butylphthalide against Central Nervous System Diseases Based on Network Pharmacology and Molecular Docking Integration Strategy.,metadata,no_intervention_signal
PMC9278495,Investigating Celastrol's Anti-DCM Targets and Mechanisms via Network Pharmacology and Experimental Validation.,metadata,no_intervention_signal
PMC10449277,PI3K-Akt signaling pathway based on network pharmacology for the anti-Alzheimer's disease effect of licorice stem flavonoids.,metadata,no_intervention_signal
PMC8960436,Celastrol Alleviates Autoimmune Hepatitis Through the PI3K/AKT Signaling Pathway Based on Network Pharmacology and Experiments.,metadata,no_intervention_signal
PMC9671214,Mechanisms underlying the therapeutic effects of 4-octyl itaconate in treating sepsis based on network pharmacology and molecular docking.,metadata,no_intervention_signal
PMC7275405,A bioinformatics investigation into the pharmacological mechanisms of javanica oil emulsion injection in non-small cell lung cancer based on network pharmacology methodologies.,metadata,no_intervention_signal
PMC6888439,Systematic Elucidation of the Mechanism of Genistein against Pulmonary Hypertension via Network Pharmacology Approach.,metadata,no_intervention_signal
PMC8875113,Uncovering a Hub Signaling Pathway of Antimicrobial-Antifungal-Anticancer Peptides' Axis on Short Cationic Peptides via Network Pharmacology Study.,metadata,no_intervention_signal
PMC8657413,Bioinformatics and Network Pharmacology Identify the Therapeutic Role and Potential Mechanism of Melatonin in AD and Rosacea.,metadata,no_intervention_signal
PMC8602690,The Mechanism Actions of Astragaloside IV Prevents the Progression of Hypertensive Heart Disease Based on Network Pharmacology and Experimental Pharmacology.,metadata,no_intervention_signal
PMC8523246,Material Basis and Mechanism of Chansu Injection for COVID-19 Treatment Based on Network Pharmacology and Molecular Docking Technology.,metadata,no_intervention_signal
PMC9058120,Deciphering Risperidone-Induced Lipogenesis by Network Pharmacology and Molecular Validation.,metadata,no_intervention_signal
PMC9396035,"Therapeutic mechanism of <i>Curcuma aromatica</i> Salisb. rhizome against coronary heart disease based on integrated network pharmacology, pharmacological evaluation and lipidomics.",metadata,no_intervention_signal
PMC8810123,Uncovering the action mechanism of homoharringtonine against colorectal cancer by using network pharmacology and experimental evaluation.,metadata,no_intervention_signal
PMC9589237,Integrating network pharmacology and experimental verification to explore the mechanism of puerarin against oliguria in acute alcoholism.,metadata,no_intervention_signal
PMC8166476,Analysis of the Efficacy and Mechanism of Action of Xuebijing Injection on ARDS Using Meta-Analysis and Network Pharmacology.,metadata,title_pattern:\bmeta-analysis\b
PMC10264333,Study of kaempferol in the treatment of COVID-19 combined with Chikungunya co-infection by network pharmacology and molecular docking technology.,metadata,no_intervention_signal
,To Explore the Network Pharmacology and Molecular Docking Mechanism of Chaihu Shugan Powder with the “Same Treatment for Different Diseases” for Insomnia and Depression Based on the COVID-19 Pandemic,metadata,no_pmcid
PMC8221358,Revealing the therapeutic targets and molecular mechanisms of emodin-treated coronavirus disease 2019 via a systematic study of network pharmacology.,metadata,no_intervention_signal
PMC5706847,Predicting new indications of compounds with a network pharmacology approach: Liuwei Dihuang Wan as a case study.,metadata,no_intervention_signal
PMC9085400,Network pharmacology combined with functional metabolomics discover bile acid metabolism as a promising target for mirabilite against colorectal cancer.,metadata,no_intervention_signal
,A Network Pharmacology Study to Uncover the Multiple Molecular Mechanism of the Chinese Patent Medicine Toujiequwen Granules in the Treatment of Corona Virus Disease (COVID-19),metadata,no_pmcid
PMC8419189,Lamivudine improves cognitive decline in SAMP8 mice: Integrating in vivo pharmacological evaluation and network pharmacology.,metadata,no_intervention_signal
PMC7373779,A Novel Network Pharmacology Strategy to Decode Metabolic Biomarkers and Targets Interactions for Depression.,metadata,no_intervention_signal
PMC7940936,Investigating the protective effect of tanshinone IIA against chondrocyte dedifferentiation: a combined molecular biology and network pharmacology approach.,metadata,no_intervention_signal
PMC8552458,Network Pharmacology-Based Analysis on the Action Mechanism of Oleanolic Acid to Alleviate Osteoporosis.,metadata,no_intervention_signal
PMC6470430,"Corrigendum to ""Systematic Understanding of the Mechanism of Baicalin against Ischemic Stroke through a Network Pharmacology Approach"".",metadata,no_intervention_signal
PMC9421403,"Study on the molecular mechanisms of tetrandrine against pulmonary fibrosis based on network pharmacology, molecular docking and experimental verification.",metadata,no_intervention_signal
PMC10945494,Network pharmacology analysis and experimental validation of <i>Anemarrhenae Rhizoma</i> in treating Alzheimer<b>'</b>s disease.,metadata,no_intervention_signal
,Material Basis and Mechanism of Chansu Injection for COVID-19 Treatment Based on Network Pharmacology and Molecular Docking Technology,metadata,no_pmcid
PMC7884818,Targets of Vitamin C With Therapeutic Potential for Cardiovascular Disease and Underlying Mechanisms: A Study of Network Pharmacology.,metadata,no_intervention_signal
PMC9671524,"Dissecting the molecular mechanism of cepharanthine against COVID-19, based on a network pharmacology strategy combined with RNA-sequencing analysis, molecular docking, and molecular dynamics simulation.",metadata,no_intervention_signal
PMC9963694,Genistein Inhibits Proliferation and Metastasis in Human Cervical Cancer Cells through the Focal Adhesion Kinase Signaling Pathway: A Network Pharmacology-Based In Vitro Study in HeLa Cells.,metadata,no_intervention_signal
PMC9164039,New Insight into Drugs to Alleviate Atopic March via Network Pharmacology-Based Analysis.,metadata,no_intervention_signal
PMC6558193,Prediction of VEGF-C as a Key Target of Pure Total Flavonoids From Citrus Against NAFLD in Mice via Network Pharmacology.,metadata,no_intervention_signal
PMC9842026,Identification of PIK3CG as a hub in septic myocardial injury using network pharmacology and weighted gene co-expression network analysis.,metadata,no_intervention_signal
PMC9947269,Efficacy evaluation and potential pharmacological mechanism of tanreqing injection in the treatment of COPD combined with respiratory failure based on meta-analysis and network pharmacology.,metadata,title_pattern:\bmeta-analysis\b
PMC9467448,Therapeutic Effects of Retinoic Acid in Lipopolysaccharide-Induced Cardiac Dysfunction: Network Pharmacology and Experimental Validation.,metadata,no_intervention_signal
PMC9854906,Integrating Network Pharmacology Approaches to Decipher the Multi-Target Pharmacological Mechanism of Microbial Biosurfactants as Novel Green Antimicrobials against Listeriosis.,metadata,no_intervention_signal
PMC9676937,"Integrated bioinformatics, network pharmacology, and artificial intelligence to predict the mechanism of celastrol against muscle atrophy caused by colorectal cancer.",metadata,no_intervention_signal
PMC9441943,A Novel Approach: Combining Prognostic Models and Network Pharmacology to Target Breast Cancer Necroptosis-Associated Genes.,metadata,no_intervention_signal
PMC6902022,Network Pharmacology-Based Prediction of Active Ingredients and Mechanisms of <i>Lamiophlomis rotata</i> (Benth.) Kudo Against Rheumatoid Arthritis.,metadata,no_intervention_signal
PMC7756171,Computational and network pharmacology analysis of bioflavonoids as possible natural antiviral compounds in COVID-19.,metadata,no_intervention_signal
PMC9302891,Cyclic GMP modulating drugs in cardiovascular diseases: mechanism-based network pharmacology.,metadata,"publication_type:research support, non-u.s. gov't review-article review journal article research support, n.i.h., extramural"
PMC9383036,"Investigation of the inhibition effect of 1,2,3,4,6-pentagalloyl-β-D-glucose on gastric cancer cells based on a network pharmacology approach and experimental validation.",metadata,no_intervention_signal
PMC9035835,Exploration in the Therapeutic and Multi-Target Mechanism of Ketamine on Cerebral Ischemia Based on Network Pharmacology and Molecular Docking.,metadata,no_intervention_signal
PMC9028433,Integrated Network Pharmacology Approach for Drug Combination Discovery: A Multi-Cancer Case Study.,metadata,no_intervention_signal
PMC8520986,"<i>Gaultheria leucocarpa</i> var. <i>yunnanensis</i> for Treating Rheumatoid Arthritis-An Assessment Combining Machine Learning-Guided ADME Properties Prediction, Network Pharmacology, and Pharmacological Assessment.",metadata,no_intervention_signal
PMC9483153,Anticancer effects of OSW-1 on glioma cells via regulation of the PI3K/AKT signal pathway: A network pharmacology approach and experimental validation &lt;i&gt;in vitro&lt;/i&gt; and &lt;i&gt;in vivo&lt;/i&gt;.,metadata,no_intervention_signal
PMC9868454,"Exploring novel targets of sitagliptin for type 2 diabetes mellitus: Network pharmacology, molecular docking, molecular dynamics simulation, and SPR approaches.",metadata,no_intervention_signal
PMC8020054,Chlorogenic Acid Inhibits Human Glioma U373 Cell Progression via Regulating the SRC/MAPKs Signal Pathway: Based on Network Pharmacology Analysis.,metadata,no_intervention_signal
PMC6480032,Systematically Characterize the Anti-Alzheimer's Disease Mechanism of Lignans from <i>S. chinensis</i> based on In-Vivo Ingredient Analysis and Target-Network Pharmacology Strategy by UHPLC⁻Q-TOF-MS.,metadata,no_intervention_signal
PMC9588367,Identifying and Targeting Prediction of the PI3K-AKT Signaling Pathway in Drug-Induced Thrombocytopenia in Infected Patients Receiving Linezolid Therapy: A Network Pharmacology-Based Analysis.,metadata,no_intervention_signal
PMC8069812,Drug Repurposing for COVID-19 Treatment by Integrating Network Pharmacology and Transcriptomics.,metadata,no_intervention_signal
PMC9107052,Network Pharmacology Deciphers the Action of Bioactive Polypeptide in Attenuating Inflammatory Osteolysis via the Suppression of Oxidative Stress and Restoration of Bone Remodeling Balance.,metadata,no_intervention_signal
PMC6691169,Deciphering the Mechanical Network of Chronic Atrophic Gastritis: A Urinary Time-Dependent Metabonomics-Based Network Pharmacology Study.,metadata,no_intervention_signal
PMC9358010,Investigations of nitazoxanide molecular targets and pathways for the treatment of hepatocellular carcinoma using network pharmacology and molecular docking.,metadata,no_intervention_signal
PMC8544312,Network pharmacology for systematic understanding of Schisandrin B reduces the epithelial cells injury of colitis through regulating pyroptosis by AMPK/Nrf2/NLRP3 inflammasome.,metadata,no_intervention_signal
PMC9219407,Molecular Mechanism of Naringenin Against High-Glucose-Induced Vascular Smooth Muscle Cells Proliferation and Migration Based on Network Pharmacology and Transcriptomic Analyses.,metadata,no_intervention_signal
PMC8458633,Network Pharmacology and Experimental Validation Reveal the Effects of Chidamide Combined With Aspirin on Acute Myeloid Leukemia-Myelodysplastic Syndrome Cells Through PI3K/AKT Pathway.,metadata,no_intervention_signal
PMC9054438,Urolithin A as a Potential Drug for the Treatment of Spinal Cord Injuries: A Mechanistic Study Using Network Pharmacology Approaches.,metadata,no_intervention_signal
PMC6339762,Network Pharmacology Integrated Molecular Docking Reveals the Antiosteosarcoma Mechanism of Biochanin A.,metadata,no_intervention_signal
PMC6959222,Combined network pharmacology and virtual reverse pharmacology approaches for identification of potential targets to treat vascular dementia.,metadata,no_intervention_signal
PMC6030346,Exploring the potential pharmacodynamic material basis and pharmacologic mechanism of the <i>Fufang-Xialian-Capsule</i> in chronic atrophic gastritis by network pharmacology approach based on the components absorbed into the blood.,metadata,no_intervention_signal
PMC6440172,Network Pharmacology Based Research on the Combination Mechanism Between Escin and Low Dose Glucocorticoids in Anti-rheumatoid Arthritis.,metadata,no_intervention_signal
PMC8781517,Stingray Venom Proteins: Mechanisms of Action Revealed Using a Novel Network Pharmacology Approach.,metadata,no_intervention_signal
PMC8810029,The effect and mechanism of cypermethrin-induced hippocampal neurotoxicity as determined by network pharmacology analysis and experimental validation.,metadata,no_intervention_signal
PMC8249588,Exploring the Mechanism Whereby Sinensetin Delays the Progression of Pulmonary Fibrosis Based on Network Pharmacology and Pulmonary Fibrosis Models.,metadata,no_intervention_signal
,A Workflow of Integrated Resources to Catalyze Network Pharmacology Driven COVID-19 Research,metadata,no_pmcid
PMC7869079,Screening of JAK-STAT modulators from the antiviral plants of Indian traditional system of medicine with the potential to inhibit 2019 novel coronavirus using network pharmacology.,metadata,no_intervention_signal
PMC5835320,Multifactorial Modes of Action of Arsenic Trioxide in Cancer Cells as Analyzed by Classical and Network Pharmacology.,metadata,no_intervention_signal
PMC7884771,The Therapeutic Targets of Fingolimod (FTY720) Are Involved in Pathological Processes in the Frontal Cortex of Alzheimer's Disease Patients: A Network Pharmacology Study.,metadata,no_intervention_signal
PMC7815415,Use of Network Pharmacology to Investigate the Mechanism by Which Allicin Ameliorates Lipid Metabolism Disorder in HepG2 Cells.,metadata,no_intervention_signal
PMC7013392,Uncovering the Pharmacological Mechanism of Stemazole in the Treatment of Neurodegenerative Diseases Based on a Network Pharmacology Approach.,metadata,no_intervention_signal
PMC7513616,Identification of Target Genes Related to Sulfasalazine in Triple-Negative Breast Cancer Through Network Pharmacology.,metadata,no_intervention_signal
PMC9270285,A Bioinformatics Investigation into the Pharmacological Mechanisms of Sodium-Glucose Co-transporter 2 Inhibitors in Diabetes Mellitus and Heart Failure Based on Network Pharmacology.,metadata,no_intervention_signal
PMC7069603,Correction: Molecular mechanisms involved in drug-induced liver injury caused by urate-lowering Chinese herbs: A network pharmacology study and biology experiments.,metadata,no_intervention_signal
PMC6646318,Systems biology and network pharmacology of frailty reveal novel epigenetic targets and mechanisms.,metadata,no_intervention_signal
PMC7667204,Network Pharmacology Combined with Transcriptional Analysis to Unveil the Biological Basis of Astaxanthin in Reducing the Oxidative Stress Induced by Diabetes Mellitus.,metadata,no_intervention_signal
PMC5838628,Exploration of the Anti-Inflammatory Drug Space Through Network Pharmacology: Applications for Drug Repurposing.,metadata,no_intervention_signal
PMC7825842,Dissecting the novel mechanism of reduning injection in treating Coronavirus Disease 2019 (COVID-19) based on network pharmacology and experimental verification,extraction,no_high_or_medium_explicit_target_list
PMC6106618,Deciphering Key Pharmacological Pathways of Qingdai Acting on Chronic Myeloid Leukemia Using a Network Pharmacology-Based Strategy,extraction,no_high_or_medium_explicit_target_list
PMC11533665,Virtual screening and network pharmacology-based synergistic coagulation mechanism identification of multiple components contained in compound Kushen Injection against hepatocellular carcinoma,extraction,no_high_or_medium_explicit_target_list
PMC10754605,Preliminary discussion on the mechanism of active components of Radix Aconiti kusnezoffii in the treatment of migraine based on network pharmacology,extraction,no_high_or_medium_explicit_target_list
PMC12964700,Exploration of the effect and mechanism of indirubin on infectious bovine rhinotracheitis virus based on network pharmacology,extraction,no_high_or_medium_explicit_target_list
PMC11068986,The characterization of traditional Chinese medicine natures and flavors using network pharmacology integrated strategy,extraction,no_high_or_medium_explicit_target_list
PMC9200497,Anti-Inflammatory Mechanisms of Total Flavonoids from Mosla scabra against Influenza A Virus-Induced Pneumonia by Integrating Network Pharmacology and Experimental Verification,extraction,no_high_or_medium_explicit_target_list
PMC11064180,Exploring the Mechanism of Yiwei Decoction in the Intervention of a Premature Ovarian Insufficiency Rat Based on Network Pharmacology and the miRNA-mRNA Regulatory Network,extraction,no_high_or_medium_explicit_target_list
PMC7591987,Network Pharmacology-Based Strategy Reveals the Effects of Hedysarum multijugum Maxim.- Radix Salviae Compound on Oxidative Capacity and Cardiomyocyte Apoptosis in Rats with Diabetic Cardiomyopathy,extraction,no_high_or_medium_explicit_target_list
PMC7175377,Network Pharmacology-Based Approaches of Rheum undulatum Linne and Glycyrriza uralensis Fischer Imply Their Regulation of Liver Failure with Hepatic Encephalopathy in Mice,extraction,no_high_or_medium_explicit_target_list
PMC11816759,Evaluating the Anti-Inflammatory and Chondroprotective Effects of Adenocaulon himalaicum Extract Through Network Pharmacology and Experimental Validation,extraction,no_high_or_medium_explicit_target_list
PMC10320314,Promoting liver cancer cell apoptosis effect of Tribulus terrestris L. via reducing sphingosine level was confirmed by network pharmacology with metabolomics ☆,extraction,no_high_or_medium_explicit_target_list
PMC10401449,Network-pharmacology-based research on protective effects and underlying mechanism of Shuxin decoction against myocardial ischemia/reperfusion injury with diabetes,extraction,no_high_or_medium_explicit_target_list
PMC9310033,"Integrated Serum Pharmacochemistry, Metabolomics, and Network Pharmacology to Reveal the Material Basis and Mechanism of Danggui Shaoyao San in the Treatment of Primary Dysmenorrhea",extraction,no_high_or_medium_explicit_target_list
PMC9573487,Molecular Mechanisms Underlying Qi-Invigorating Effects in Traditional Medicine: Network Pharmacology-Based Study on the Unique Functions of Qi-Invigorating Herb Group,extraction,no_high_or_medium_explicit_target_list
PMC10412194,Retracted: Network Pharmacology-Based Study on the Active Component and Mechanism of the Anti-Non-Invasive and Invasive Bladder Urothelial Carcinoma Effects of Zhuling Jisheng Decoction,extraction,no_high_or_medium_explicit_target_list
PMC12027698,Mechanistic Integration of Network Pharmacology and In Vivo Validation: TFRD Combat Osteoporosis via PI3K/AKT Pathway Activation,extraction,no_high_or_medium_explicit_target_list
PMC6723118,The Methodological Trends of Traditional Herbal Medicine Employing Network Pharmacology,extraction,no_high_or_medium_explicit_target_list
PMC7835541,Potential effect of Maxing Shigan decoction against coronavirus disease 2019 (COVID-19) revealed by network pharmacology and experimental verification,extraction,no_high_or_medium_explicit_target_list
PMC12599711,Identifying autophagy-related biomarkers in the treatment of renal interstitial fibrosis with Shen Fukang through network pharmacology,extraction,no_high_or_medium_explicit_target_list
PMC9011268,Mechanisms of the Jian Pi Tiao Gan Yin in the treatment of simple obesity revealed by network pharmacology,extraction,no_high_or_medium_explicit_target_list
PMC8084007,Network pharmacology-based screening of the active ingredients and mechanisms of Huangqi against aging,extraction,no_high_or_medium_explicit_target_list
PMC10111676,The convergent application of metabolites from Avena sativa and gut microbiota to ameliorate non-alcoholic fatty liver disease: a network pharmacology study,extraction,no_high_or_medium_explicit_target_list
PMC8841750,Uncovering the Potential Mechanisms of Coptis chinensis Franch. for Serious Mental Illness by Network Pharmacology and Pharmacology-Based Analysis,extraction,no_high_or_medium_explicit_target_list
PMC8505078,Exploring the Mechanism of Resveratrol in Reducing the Soft Tissue Damage of Osteoarthritis Based on Network Pharmacology and Experimental Pharmacology,extraction,no_high_or_medium_explicit_target_list
PMC9732420,Network pharmacology- and molecular docking-based approaches to unveil the pharmacological mechanisms of dihydroartemisinin against esophageal carcinoma,extraction,no_high_or_medium_explicit_target_list
PMC9019414,A Network Pharmacology Approach for Uncovering the Antitumor Effects and Potential Mechanisms of the Sijunzi Decoction for the Treatment of Gastric Cancer,extraction,no_high_or_medium_explicit_target_list
PMC9223613,Network pharmacology integrated molecular dynamics reveals the bioactive compounds and potential targets of Tinospora crispa Linn. as insulin sensitizer,extraction,no_high_or_medium_explicit_target_list
PMC7083645,Validation of the Key Active Ingredients and Anti-Inflammatory and Analgesic Effects of Shenjin Huoxue Mixture Against Osteoarthritis by Integrating Network Pharmacology Approach and Thin-Layer Chromatography Analysis,extraction,no_high_or_medium_explicit_target_list
PMC9709420,"Deciphering the impact and mechanism of Trikatu, a spices-based formulation on alcoholic liver disease employing network pharmacology analysis and in vivo validation",extraction,no_high_or_medium_explicit_target_list
PMC8640358,Network Pharmacology and Molecular Docking–Based Investigation: Prunus mume Against Colorectal Cancer via Silencing RelA Expression,extraction,no_high_or_medium_explicit_target_list
PMC11130167,"Network pharmacology, molecular docking, and dynamics analyses to predict the antiviral activity of ginger constituents against coronavirus infection",extraction,no_high_or_medium_explicit_target_list
PMC9604352,Network Pharmacology Analysis and Experimental Validation of Kaempferol in the Treatment of Ischemic Stroke by Inhibiting Apoptosis and Regulating Neuroinflammation Involving Neutrophils,extraction,no_high_or_medium_explicit_target_list
PMC8820870,Network Pharmacology- and Molecular Docking-Based Identification of Potential Phytocompounds from Argyreia capitiformis in the Treatment of Inflammation,extraction,no_high_or_medium_explicit_target_list
PMC7365894,Uncovering the Complexity Mechanism of Different Formulas Treatment for Rheumatoid Arthritis Based on a Novel Network Pharmacology Model,extraction,no_high_or_medium_explicit_target_list
PMC8977554,Potential Therapeutic Targets of Rehmannia Formulations on Diabetic Nephropathy: A Comparative Network Pharmacology Analysis,extraction,no_high_or_medium_explicit_target_list
PMC10245803,Analysis of Pharmacological Activities and Mechanisms of Essential Oil in Leaves of C. grandis ‘Tomentosa’ by GC-MS/MS and Network Pharmacology,extraction,no_high_or_medium_explicit_target_list
PMC13145377,Treatment of heterotopic ossification via inhibiting the MMP-2/CDH5 axis through oral delivery of network pharmacology-predicted Chinese medicine,extraction,no_high_or_medium_explicit_target_list
PMC6206573,A Network Pharmacology Approach to Uncover the Molecular Mechanisms of Herbal Formula Ban-Xia-Xie-Xin-Tang,extraction,no_high_or_medium_explicit_target_list
PMC8968680,Anticancer Activity of Erianin: Cancer-Specific Target Prediction Based on Network Pharmacology,extraction,no_high_or_medium_explicit_target_list
PMC10778733,Unlocking Prognostic Genes and Multi-Targeted Therapeutic Bioactives from Herbal Medicines to Combat Cancer-Associated Cachexia: A Transcriptomics and Network Pharmacology Approach,extraction,no_high_or_medium_explicit_target_list
PMC9868320,Study on the molecular mechanism of anti-liver cancer effect of Evodiae fructus by network pharmacology and QSAR model,extraction,no_high_or_medium_explicit_target_list
PMC9788221,Defining the Potential Targets for Biological Activity of Isoegomaketone Based on Network Pharmacology and Molecular Docking Methods,extraction,no_high_or_medium_explicit_target_list
PMC8933636,INPUT: An intelligent network pharmacology platform unique for traditional Chinese medicine,extraction,no_high_or_medium_explicit_target_list
PMC12483403,Investigation of cisplatin-induced acute kidney injury using LC-HRMS and network pharmacology approaches in mixed Curcuma longa and Curcuma zedoaria eExtracts,extraction,no_high_or_medium_explicit_target_list
PMC8106469,Potential Mechanism of S. baicalensis on Lipid Metabolism Explored via Network Pharmacology and Untargeted Lipidomics,extraction,no_high_or_medium_explicit_target_list
PMC12295633,Hwanhon Decoction Ameliorates Cognitive Impairment and Suppresses Neuroinflammation in a Chronic Cerebral Hypoperfusion Mouse Model: Involvement of Key Genes Identified by Network Pharmacology,extraction,no_high_or_medium_explicit_target_list
PMC9553158,Mechanism of lily bulb and Rehmannia decoction in the treatment of lipopolysaccharide-induced depression-like rats based on metabolomics study and network pharmacology,extraction,no_high_or_medium_explicit_target_list
PMC8041531,Network Pharmacology-Based Analysis of the Underlying Mechanism of Huajiao for Pain Relief,extraction,no_high_or_medium_explicit_target_list
PMC8360416,Network pharmacology study on the mechanism of the Chinese medicine Radix Isatidis (Banlangen) for COVID-19,extraction,no_high_or_medium_explicit_target_list
PMC13120915,A comprehensive multi-evidence framework for network pharmacology-based prediction of dietary flavonoid effects,extraction,no_high_or_medium_explicit_target_list
PMC9213133,Renal Protective Mechanisms of Shenyuan Particle in Db/Db Mice: A Study Based on Network Pharmacology,extraction,no_high_or_medium_explicit_target_list
PMC12004807,"Anti-inflammatory activity of Curcuma wanenlueanga Saensouk, Thomudtha & Boonma rhizomes and the search for its bioactive markers by harmonizing bioassay-guided isolation and network pharmacology",extraction,no_high_or_medium_explicit_target_list
PMC11361609,Unveiling the anti-obesity potential of Kemuning ( Murraya paniculata ): A network pharmacology approach,extraction,no_high_or_medium_explicit_target_list
PMC11365509,Combining Network Pharmacology and Transcriptomics to Investigate the Mechanisms of Yujiang Paidu Decoction in the Treatment of Chronic Rhinosinusitis with Nasal Polyps,extraction,no_high_or_medium_explicit_target_list
PMC9987733,Forecast and verification of the active compounds and latent targets of Guyuan decoction in treating frequently relapsing nephrotic syndrome based on network pharmacology,extraction,no_high_or_medium_explicit_target_list
PMC12727906,Exploring the Mahuang Fuzi Xixin Decoction’s mechanism for treating Alzheimer’s disease using molecular docking and network pharmacology,extraction,no_high_or_medium_explicit_target_list
PMC9561513,Study on the mechanism of Ginseng-Gegen for mesenteric lymphadenitis based on network pharmacology,extraction,no_high_or_medium_explicit_target_list
PMC12948079,Network pharmacology approach identifies novel anticancer botanicals: Experimental exploration of Falcaria vulgaris (Sickleweed) as a therapeutic candidate,extraction,no_high_or_medium_explicit_target_list
PMC9637639,Identification of the effect and mechanism of Yiyi Fuzi Baijiang powder against colorectal cancer using network pharmacology and experimental validation,extraction,no_high_or_medium_explicit_target_list
PMC12566675,Integrated Network Pharmacology and Molecular Dynamics Reveal Multi-Target Anticancer Mechanisms of Myrtus communis Essential Oils,extraction,no_high_or_medium_explicit_target_list
PMC11503387,Network Pharmacology Approaches Used to Identify Therapeutic Molecules for Chronic Venous Disease Based on Potential miRNA Biomarkers,extraction,no_high_or_medium_explicit_target_list
PMC12482766,"Uncovering key anti-inflammatory constituents and mechanism of Wuwei Xiaodu Decoction by a combined strategy of phytochemistry, AIDD, network pharmacology, and in vitro and in vivo assay",extraction,no_high_or_medium_explicit_target_list
PMC8486279,The Synergistic Effects of Astragalus mongholicus and Salvia miltiorrhiza on Coronary Heart Disease Identified by Network Pharmacology and Experiment,extraction,no_high_or_medium_explicit_target_list
PMC6774044,A Network Pharmacology Study of the Multi-Targeting Profile of an Antiarrhythmic Chinese Medicine Xin Su Ning,extraction,no_high_or_medium_explicit_target_list
PMC12793800,Evaluating current status of network pharmacology for herbal medicine focusing on identifying mechanisms and therapeutic effects,extraction,no_high_or_medium_explicit_target_list
PMC11900046,Lipidomics Combined with Network Pharmacology to Explore Differences in the Mechanisms of Grey Hair Development Between Type 2 Diabetes Mellitus and Normal Populations (Female),extraction,no_high_or_medium_explicit_target_list
PMC8716202,Phytochemical Analysis Using UPLC-MS/MS Combined with Network Pharmacology Methods to Explore the Biomarkers for the Quality Control of Lingguizhugan Decoction,extraction,no_high_or_medium_explicit_target_list
PMC9726270,Screening of Biomarkers and Quality Control of Shaoyao Gancao Decoction Using UPLC-MS/MS Combined with Network Pharmacology and Molecular Docking Technology,extraction,no_high_or_medium_explicit_target_list
PMC11461797,System biology-based assessment of the molecular mechanism of IMPHY000797 in Parkinson’s disease: a network pharmacology and in-silico evaluation,extraction,no_high_or_medium_explicit_target_list
PMC11087132,Compound sophora decoction alleviates ulcerative colitis by regulating macrophage polarization through cGAS inhibition: network pharmacology and experimental validation,extraction,no_high_or_medium_explicit_target_list
PMC7260557,Analysis of the molecular mechanism of Pudilan (PDL) treatment for COVID-19 by network pharmacology tools,extraction,no_high_or_medium_explicit_target_list
PMC12767229,"Unveiling the Therapeutic Potential of Suyin Detoxification Prescription in Diabetic Nephropathy: A Comprehensive Study Integrating Clinical Efficacy, Network Pharmacology, and Molecular Mechanisms",extraction,no_high_or_medium_explicit_target_list
PMC9114502,Network Pharmacology-Based Prediction and Verification of Ginsenoside Rh2-Induced Apoptosis of A549 Cells via the PI3K/Akt Pathway,extraction,no_high_or_medium_explicit_target_list
PMC11162222,Investigation on the Therapeutic Mechanism of Danbie Capsules for Endometriosis: A Network Pharmacology Approach,extraction,no_high_or_medium_explicit_target_list
PMC7831566,Traditional Chinese medicine network pharmacology study on exploring the mechanism of Xuebijing Injection in the treatment of coronavirus disease 2019,extraction,no_high_or_medium_explicit_target_list
PMC11641352,Unveiling the Anti-Obesity Potential of Thunder God Vine: Network Pharmacology and Computational Insights into Celastrol-like Molecules,extraction,no_high_or_medium_explicit_target_list
PMC8055417,Network Pharmacology and Molecular Docking Suggest the Mechanism for Biological Activity of Rosmarinic Acid,extraction,no_high_or_medium_explicit_target_list
PMC12001097,Regulation of inflammatory cytokines and activation of PI3K/Akt pathway by Yiqi Jiedu Formula in recurrent Herpes Simplex Keratitis: Experimental and network pharmacology evidence,extraction,no_high_or_medium_explicit_target_list
PMC7850433,Therapeutic Effects of Modified Gengnianchun Formula on Stress-Induced Diminished Ovarian Reserve Based on Experimental Approaches and Network Pharmacology [Erratum],xml,article_type:correction
PMC11012793,"Mulberry Leaf Compounds and Gut Microbiota in Alzheimer’s Disease and Diabetes: A Study Using Network Pharmacology, Molecular Dynamics Simulation, and Cellular Assays",extraction,no_high_or_medium_explicit_target_list
PMC9552072,Identification and mechanism prediction of mulberroside A metabolites in vivo and in vitro of rats using an integrated strategy of UHPLC-Q-Exactive Plus Orbitrap MS and network pharmacology,extraction,no_high_or_medium_explicit_target_list
PMC7700081,Research on the Potential Mechanism of Gentiopicroside Against Gastric Cancer Based on Network Pharmacology,extraction,no_high_or_medium_explicit_target_list
PMC7685593,"Revealing active components, action targets and molecular mechanism of Gandi capsule for treating diabetic nephropathy based on network pharmacology strategy",extraction,no_high_or_medium_explicit_target_list
PMC13051219,Mining personalized core traditional Chinese medicine prescriptions for rheumatoid arthritis and elucidating their mechanisms via frequent closed Itemset compression and multilevel network pharmacology,extraction,no_high_or_medium_explicit_target_list
PMC6770084,Lactobacillus plantarum CQPC02 Prevents Obesity in Mice through the PPAR-α Signaling Pathway,extraction,no_high_or_medium_explicit_target_list
PMC8537973,Network Pharmacology of Red Ginseng (Part I): Effects of Ginsenoside Rg5 at Physiological and Sub-Physiological Concentrations,extraction,no_high_or_medium_explicit_target_list
PMC6390240,Network Pharmacology and Bioinformatics Approach Reveals the Therapeutic Mechanism of Action of Baicalein in Hepatocellular Carcinoma,extraction,no_high_or_medium_explicit_target_list
PMC7966503,Deciphering the Pharmacological Mechanisms of Guizhi-Fuling Capsule on Primary Dysmenorrhea Through Network Pharmacology,extraction,no_high_or_medium_explicit_target_list
PMC8964498,Exploration of the Potential Mechanism of Qi Yin San Liang San Decoction in the Treatment of EGFRI-Related Adverse Skin Reactions Using Network Pharmacology and In Vitro Experiments,extraction,no_high_or_medium_explicit_target_list
PMC7099657,Network Pharmacology-Based Dissection of the Anti-diabetic Mechanism of Lobelia chinensis,extraction,no_high_or_medium_explicit_target_list
PMC9451491,"Yuan-Zhi decoction in the treatment of Alzheimer’s disease: An integrated approach based on chemical profiling, network pharmacology, molecular docking and experimental evaluation",extraction,no_high_or_medium_explicit_target_list
PMC12926257,Gut microbial metabolites targeting JUN in renal cell carcinoma via IL-17 signaling pathway: network pharmacology approach,extraction,no_high_or_medium_explicit_target_list
PMC5940835,Molecular targets of Chinese herbs: a clinical study of metastatic colorectal cancer based on network pharmacology,extraction,no_high_or_medium_explicit_target_list
PMC8549214,Exploring biological basis of Syndrome differentiation in coronary heart disease patients with two distinct Syndromes by integrated multi-omics and network pharmacology strategy,extraction,no_high_or_medium_explicit_target_list
PMC9675738,Identification of potential targets of cinnamon for treatment against Alzheimer’s disease-related GABAergic synaptic dysfunction using network pharmacology,extraction,no_high_or_medium_explicit_target_list
PMC8545519,Effects and Components of Herb Pair Huanglian-Banxia on Diabetic Gastroparesis by Network Pharmacology,extraction,no_high_or_medium_explicit_target_list
PMC8570864,Unveiling the Mechanism of Principal Drugs of Lianpu Drink on Chronic Gastritis by Network Pharmacology,extraction,no_high_or_medium_explicit_target_list
PMC9078587,Prediction of the targets of the main components in blood after oral administration of Xanthii Fructus : a network pharmacology study †,extraction,no_high_or_medium_explicit_target_list
PMC6387216,Network Pharmacology-Based Investigation of Protective Mechanism of Aster tataricus on Lipopolysaccharide-Induced Acute Lung Injury,extraction,no_high_or_medium_explicit_target_list
PMC11589279,Network pharmacology for traditional Chinese medicine in era of artificial intelligence,extraction,no_high_or_medium_explicit_target_list
PMC11993661,Probing the molecular mechanism of kaempferol in relieving rheumatoid arthritis based on network pharmacology,extraction,no_high_or_medium_explicit_target_list
PMC13045261,Network Pharmacology Combined With Gut Microbiome and Serum Metabolomics Reveals the Therapeutic Mechanisms of Hydroxysafflor Yellow A in Diabetic Kidney Disease,extraction,no_high_or_medium_explicit_target_list
PMC12291634,"Integration of Transcriptomic Analysis, Network Pharmacology, and Experimental Validation Demonstrates Enhanced Muscle-Protective Effects of Ethanol Extract of Jakyak-Gamcho-Tang",extraction,no_high_or_medium_explicit_target_list
PMC11833389,Exploration of key pathogenic mechanisms and potential intervention targets of the traditional Chinese medicine Coptis chinensis in the treatment of cervical cancer based on network pharmacology and molecular docking techniques,extraction,no_high_or_medium_explicit_target_list
PMC10322291,Retracted: Mechanism of Action of Zhi Gan Cao Decoction for Atrial Fibrillation and Myocardial Fibrosis in a Mouse Model of Atrial Fibrillation: A Network Pharmacology-Based Study,extraction,no_high_or_medium_explicit_target_list
PMC8816580,Bioinformatics and Network Pharmacology-Based Approaches to Explore the Potential Mechanism of the Antidepressant Effect of Cyperi Rhizoma through Soothing the Liver,extraction,no_high_or_medium_explicit_target_list
PMC8340419,Mechanistic Investigation of Xuebijing for Treatment of Paraquat-Induced Pulmonary Fibrosis by Metabolomics and Network Pharmacology,extraction,no_high_or_medium_explicit_target_list
PMC7990088,Molecular mechanisms of An-Chuan Granule for the treatment of asthma based on a network pharmacology approach and experimental validation,extraction,no_high_or_medium_explicit_target_list
PMC11879102,NP-TCMtarget: a network pharmacology platform for exploring mechanisms of action of traditional Chinese medicine,extraction,no_high_or_medium_explicit_target_list
PMC12061682,The mechanistic study of codonopsis pilosula on laryngeal squamous cell carcinoma based on network pharmacology and experimental validation,extraction,no_high_or_medium_explicit_target_list
PMC8929052,Elucidating Drug-Like Compounds and Potential Mechanisms of Corn Silk ( Stigma Maydis ) against Obesity: A Network Pharmacology Study,extraction,no_high_or_medium_explicit_target_list
PMC7886515,Uncovering the Anti-Lung-Cancer Mechanisms of the Herbal Drug FDY2004 by Network Pharmacology,extraction,no_high_or_medium_explicit_target_list
PMC11354307,"Integrating 16S rRNA Sequencing, Microflora Metabolism, and Network Pharmacology to Investigate the Mechanism of SBL in Alleviating HDM-Induced Allergic Rhinitis",extraction,no_high_or_medium_explicit_target_list
PMC12263816,Molecular mechanisms of phytoconstituents from selected Egyptian plants against non-small cell lung cancer using integrated in vitro network pharmacology and molecular docking approach,extraction,no_high_or_medium_explicit_target_list
PMC7788712,Systematic elucidation of the pharmacological mechanisms of Rhynchophylline for treating epilepsy via network pharmacology,extraction,no_high_or_medium_explicit_target_list
PMC9798501,Bioinformatics and Network Pharmacology of the First Crystal Structured Clerodin: Anticancer and Antioxidant Potential against Human Breast Carcinoma Cell,extraction,no_high_or_medium_explicit_target_list
PMC6720938,Exploration in the Mechanism of Action of Licorice by Network Pharmacology,extraction,no_high_or_medium_explicit_target_list
PMC11238457,Integrated network pharmacology and metabolomics to reveal the mechanism of Pinellia ternata inhibiting non-small cell lung cancer cells,extraction,no_high_or_medium_explicit_target_list
PMC9539046,Exploring the role of Xingren on COVID ‐19 based on network pharmacology and molecular docking,extraction,no_high_or_medium_explicit_target_list
PMC11703118,"Using network pharmacology and molecular docking technology, proteomics and experiments were used to verify the effect of Yigu decoction (YGD) on the expression of key genes in osteoporotic mice",extraction,no_high_or_medium_explicit_target_list
PMC6286735,A Network Pharmacology Analysis to Explore the Effect of Astragali Radix-Radix Angelica Sinensis on Traumatic Brain Injury,extraction,no_high_or_medium_explicit_target_list
PMC13149083,AI-driven network pharmacology and multi-omics validation identify KCNH2 as a prognostic biomarker and candidate therapeutic vulnerability of Acorus tatarinowii in glioblastoma,extraction,no_high_or_medium_explicit_target_list
PMC13113808,"Molecular Mechanisms of Zhizhu Kuanzhong Capsule in the Treatment of Co-Morbid Anxiety and Depression of Functional Dyspepsia: Network Pharmacology, Molecular Docking and In Vivo Validation",extraction,no_high_or_medium_explicit_target_list
