pmcid,rank,anchor,section,kind,order,gene_count,genes,explicit_count,count_match,density,score,confidence,source_span
PMC9577736,1,key,construction of the ppi network,paragraph,67,13,MCC|IL6|AKT1|STAT3|JUN|PTGS2|CXCL8|CASP3|MMP9|MAPK3|TLR4|CCL2|VEGFA,13,True,0.3333333333333333,18.0,high,"A total of 13 key targets were finally obtained ( Figure 6 ), which were ranked sequentially in MCC descending order ( Table 3 ), as follows: IL6 , AKT1 , STAT3 , JUN , IL - 1 β, PTGS2 , CXCL8 , CASP3 , MMP9 , MAPK3 , TLR4 , CCL2 , and VEGFA ."
PMC9577736,2,core,discussion,paragraph,111,13,IL6|AKT1|STAT3|JUN|IL1B|PTGS2|CXCL8|CASP3|MMP9|MAPK3|TLR4|CCL2|VEGFA,,False,0.2549019607843137,15.0,medium,"We performed PPI analysis of the 138 targets intersected by STDP against MVA, and the core targets were further obtained using the plug-in cytoHubba. The results indicated that IL6, AKT1, STAT3, JUN, IL-1β, PTGS2, CXCL8, CASP3, MMP9, MAPK3, TLR4, CCL2, and VEGFA play critical roles in the PPI network."
PMC11533665,1,candidate,discussion,paragraph,57,3,HYCC1|PLG|CHKA,41,False,0.0967741935483871,3.935483870967742,low,"Particularly, those candidate targets were highly correlated with HCC in our functional enrichment results. Finally, we for the first time identified PLG, a coagulation-related target, in the treatment of CKI."
PMC7195658,1,overlap,abstract,paragraph,0,3,IL17A|SETD2|CFH,,False,0.07894736842105263,12.578947368421053,low,"In conclusion, Huangqi has potential effect on regulating overlapping targets and GE-RAGE signaling pathway in diabetic complications, IL-17 signaling pathway, HIF-1 signaling pathway, and so on to be a latent multitarget, multipathway treatment for HF."
PMC7195658,2,top,3.6. kegg pathways of targets' intersection of hf and huangqi,paragraph,17,5,AKT1|TNF|RAF1|IL6|IL1B,,False,0.14705882352941177,9.941176470588236,medium,"In addition, the top 5 targets were AKT1, TNF, RAF1, IL-6, and IL-1 β enriched in KEGG pathways. The top 5 signaling pathways with lowest P value were shown in Table 5 ."
PMC7195658,3,top,3.4. ppi network of targets' intersection of hf and huangqi,paragraph,15,5,IL6|TNF|AKT1|VEGFA|NOS3,,False,0.0847457627118644,8.694915254237287,medium,"The top 5 targets included IL-6 (38), TNF (37), AKT1 (36), VEGFA (35), and NOS3 (33) ( Figure 4 ). MCODE was used to analyze the most significant module and obtained 25 core target nodes, including the top 5 targets in initial PPI network, which further proved that the importance of IL-6, TNF, AKT1, VEGFA, and NOS3 ( Figure 5 )."
PMC7195658,4,overlap,4. discussion,paragraph,22,3,CFH|AKT1|VEGFA,,False,0.07894736842105263,7.578947368421053,low,"Moreover, overlapping targets of Huangqi and HF had similar biological processes and multitarget synergistic characteristics. For example, enhancing autophagy of cardiomyocytes by inhibiting AKT1 expression and VEGFA increase contribute to improved cardiac dysfunction, angiogenesis, and remodeling [ 40 , 41 ]."
PMC7195658,5,overlap,4. discussion,paragraph,22,8,CFH|IL6|AKT1|VEGFA|NOS3|RAF1|IL1B|TNF,46,False,0.16,7.199999999999999,low,"A total of the most 16 significant GO functional annotations were enriched in 46 overlapping targets of Huangqi and HF. More importantly, the most pivotal 7 targets from of PPI and KEGG analysis were screened using network analysis including IL-6, AKT1, VEGFA, NOS3, RAF1, IL-1 β , and TNF."
PMC7195658,6,overlap,3.6. kegg pathways of targets' intersection of hf and huangqi,paragraph,17,4,CFH|IL17A|SETD2|TNF,,False,0.06153846153846154,6.230769230769231,low,"It was found that overlapping targets of HF and Huangqi were involved in 65 pathways by using ClueGO analysis, including AGE-RAGE signaling pathway in diabetic complications, IL-17 signaling pathway, HIF-1 signaling pathway, apelin signaling pathway, VEGF signaling pathway, proteoglycans in cancer, TNF signaling pathway, T cell receptor signaling pathway, Toll-like receptor signaling pathway, Th17 cell differentiation, and so on ( Figure 7 )."
PMC7195658,7,overlap,3.3. hf-target and targets' intersection of hf and huangqi network construction,paragraph,14,14,CFH|NOS2|PLAT|SOD1|PON1|IFNG|PPARG|CRP|NOS3|SERPINE1|ADRB1|TNF|VEGFA|CCL2,46,False,0.3684210526315789,6.0,low,"There were 46 overlapping targets of HF and Huangqi, including PXDH, NOS2, PLAT, SOD1, PON1, IFNG, PPARG, CRP, NOS3, SERPINE1, ADRB1, TNF, VEGFA, CCL2, and so on, accounting for 11.14% of the total number of HF targets."
PMC11476943,1,top,2.4. analysis of protein-protein interaction,paragraph,8,10,AKT1|PPARG|PTGS2|ESR1|MMP9|PPARA|CCND1|TLR4|SLC6A4|CNR1,,False,0.21739130434782608,11.0,medium,"The top 10 genes identified in the analysis were AKT1, PPARG, PTGS2, ESR1, MMP9, PPARA, CCND1, TLR4, SLC6A4, and CNR1 ( Figure 2 A). The genes with the highest degree in the network were highly interconnected, suggesting they may be critically involved in the same biological activity."
PMC10754605,1,overlap,4. discussion,paragraph,31,6,IL10|TNF|OPRM1|SLC6A4|MAOA|ESR1,,False,0.16666666666666666,11.333333333333332,low,"In this study, we found the potential targets of Radix Aconiti kusnezoffii in the treatment of migraine by looking for overlapping targets of Radix Aconiti kusnezoffii and migraine, including IL10, TNF, OPRM1, SLC6A4, MAOA, ESR1, etc."
PMC10754605,2,overlap,3.2. prediction results of potential targets of drug treatment,paragraph,17,3,IL6|TNF|VEGFA,,False,0.06,11.2,low,"The topological heterogeneity of overlapping targets is analyzed. Among them, IL-6, tumor necrosis factor (TNF), and VEGFA are the relatively high degree targets in the corresponding targets of Radix Aconiti kusnezoffii, which indicates that Radix Aconiti kusnezoffii can play a role in the treatment of migraine through multiple targets."
PMC7603558,1,core,3.6. targets prediction in the candidate ingredient-target network,paragraph,25,6,TP53|BCL2|BAX|FAS|VDR|CDKN1A,,False,0.08450704225352113,10.690140845070422,medium,"According to the prediction of the PPI network, we have formed a network of interactions between core proteins whose combined scores are higher than 0.9 [ 22 , 23 ]. In this network, the big red nodes (TP53, BCL-2, BAX, NF- κ B, FAS, VDR, and CDKN1A) have a higher degree of freedom, which indicates that these genes may be more important targets in the 12 herbs and the development of OvCa."
PMC8430321,1,hub,abstract,paragraph,0,11,STAT3|CTNNB1|MAPK1|MAPK3|AGT|NQO1|TOP2A|FDFT1|ALDH4A1|KCNH2|SCN10A,,False,0.3142857142857143,20.0,high,"Six PPI clusters were identified and ten hub targets were obtained, including STAT3, CTNNB1, MAPK1, MAPK3, AGT, NQO1, TOP2A, FDFT1, ALDH4A1, and KCNH2. The experimental study indicated that SNS reduced hyperlipidemia, liver steatosis, and inflammation."
PMC8430321,2,hub,protein-protein interaction network-based hub genes identification,paragraph,48,10,STAT3|CTNNB1|MAPK1|MAPK3|AGT|NQO1|TOP2A|FDFT1|ALDH4A1|KCNH2,10,True,0.2564102564102564,19.0,high,"As shown in Table 1 , the top 10 genes were identified as hub genes by executing the RWR algorithm on the above sub-PPI network, including STAT3, CTNNB1, MAPK1, MAPK3, AGT, NQO1, TOP2A, FDFT1, ALDH4A1, and KCNH2 ( Table 1 )."
PMC8430321,3,important,discussion,paragraph,62,3,STAT3|SCN10A|SETD2,,False,0.07692307692307693,8.538461538461538,low,"According to the RWR score, STAT3 was the most important target related to SNS targets. And most importantly, STAT3 played a core role in enriched KEGG pathways, including AGE-RAGE signal, FoxO signal, HIF-1 signal, and insulin resistance."
PMC8514782,1,core,the molecular docking of ingredient and key target proteins,paragraph,40,3,AKT1|MAPK1|TNF,,False,0.09090909090909091,9.818181818181818,medium,"Three core target proteins (AKT1, MAPK1, and TNF-α) with high degrees were identified with nine active compounds (quercetin, hyperoside, rutin, heriguard, 2-undecanone, isoquercitrin, quercitrin, β-stigmasterol, and myrcene) by AutoDock Vina."
PMC9073317,1,key,abstract,paragraph,5,3,MMP2|DRD2|AKR1B1,,False,0.17647058823529413,16.529411764705884,high,"MMP2, DRD2, and AKR1B1 are key targets of Jinhong tablets in the treatment of chronic superficial gastritis."
PMC9073317,2,overlap,target screening in the symptom-guided pharmacological network for jht,paragraph,46,14,CHRM1|CHRM4|TYMS|DRD3|DRD2|TUBB1|HTR1A|HTR2A|PTGS1|PTGS2|AKR1B1|MPO|XDH|SLC18A2,,False,0.2692307692307692,10.0,low,"these overlapping targets include CHRM1, CHRM4, TYMS, DRD3, DRD2, TUBB1, HTR1A, HTR2A, PTGS1, PTGS2, AKR1B1, MPO, XDH, and SLC18A2. Except for TYMS, the other 13 targets were recognized to be involved in “pain,” indicating that for the treatment of gastritis, “pain” is the most important symptom for drugs approved by the FDA."
PMC7970560,1,key,validation of targets and pathways,paragraph,53,7,VEGFA|FGF2|PIK3CA|MAPK1|IL2|IL1B|TNF,,False,0.1794871794871795,11.58974358974359,medium,"VEGFA, FGF2, PIK3CA, MAPK1, and IL2 were the key targets involved in the PI3K-AkT signaling pathway. MAPK1 and FGF2 as well as IL1B and TNF (measured by ELISA) were the critical targets participating in the MAPK signaling pathway."
PMC7970560,2,key,molecular docking,paragraph,43,6,STAT3|VEGFA|FGF2|PIK3CA|MAPK1|IL2,,False,0.13953488372093023,10.790697674418604,medium,"The network pharmacology results revealed the potential key targets and pathways of ginseng against ALI/ARDS. To verify the reliability of the prediction results of network pharmacology, the 25 compounds were docked with STAT3, VEGFA, FGF2, PIK3CA, MAPK1, and IL2 using AutoDock Vina."
PMC8192979,1,hub,protein–protein interaction network for gp in the treatment of t2dm and hub genes analysis,paragraph,28,4,AKT1|MAPK1|CASP3|CASP8,,False,0.0851063829787234,11.702127659574469,medium,"Based on the PPI network and hub ClueGO analysis, six hub targets were screened out: insulin (iNS), AKT serine/threonine kinase 1 (AKT1), mitogen-activated protein kinase 1 (MAPK1), nitric oxide synthase (NOS), endothelial (eNOS), caspase-3 (CASP3), and caspase-8 (CASP8) ( Figure 4D ; Supplementary Table S4 )."
PMC8192979,2,potential,revealing compound-pathway-gene network and analyses,paragraph,31,15,PTGS2|MAPK1|TNF|INSR|IL6|MAPK8|PRKCB|NOS3|PIK3CG|BCL2|VEGFA|EGFR|CCND1|CASP3|FOS,,False,0.36585365853658536,8.0,low,"The network predicted that quercetin, luteolin, kaempferol, and phaseoloidin might be potential ingredients in GP and that PTGS2, AKT, MAPK1, TNF, INSR, IL6, MAPK8, PRKCB, NOS3, iNS, PIK3CG, BCL2, VEGFA, EGFR, CCND1, CASP3, and FOS might be potential targets of T2DM."
PMC10727557,1,hub,3.7. molecular docking results,paragraph,31,6,AKT1|MTOR|IL6|MAPK1|ERBB2|IL2,,False,0.08955223880597014,16.791044776119403,medium,"Twelve hub genes enriched in the PI3K/Akt signaling pathway were selected for molecular docking with 12 core ingredients of VJJ, including vascular endothelial growth factor A, epidermal growth factor receptor, AKT1, MTOR, IL6, mitogen-activated protein kinase 3, cyclin D1, heat shock protein 90 alpha family class A member 1, MAPK1, erb-b2 receptor tyrosine kinase 2, v-rel reticuloendotheliosis viral oncogene homolog A, and IL2."
PMC10727557,2,hub,abstract,paragraph,0,3,CCL3|CASP3|AKT1,,False,0.06521739130434782,16.304347826086957,medium,"VJJ may exert its therapeutic effects on SCI through the iridoid fraction, acting on signal transducer and activator of transcription 3, CASP3, AKT1, tumor necrosis factor, mammalian target of rapamycin, interleukin 6, and other hub genes, which may be related to the PI3K/Akt signaling pathway."
PMC10727557,3,hub,4. discussion,paragraph,41,7,CCL3|STAT3|CASP3|AKT1|TNF|MTOR|IL6,,False,0.14583333333333334,14.916666666666668,medium,"In summary, VJJ may exert its therapeutic effect on SCI through iridoid fractions, including valtrate, isovaltrate acetoxyhydrin, patriscadoid I, patriscadoid II, repsin B, and valeriandoid F, acting on STAT3, CASP3, AKT1, TNF, MTOR, IL6, and other hub genes, which may be related to the PI3K/Akt signaling pathway."
PMC10727557,4,hub,4. discussion,paragraph,39,3,CASP3|IL6|TNF,,False,0.13043478260869565,13.608695652173914,medium,"The hub genes predicted by network pharmacology include CASP3, IL6, TNF, etc. CASP3 encodes caspase-3, which is essential in apoptosis and pyroptosis."
PMC10727557,5,core,3.4. construction of the ppi network and identification of hub gene,paragraph,19,6,CCL3|CASP3|AKT1|TNF|MTOR|IL6,,False,0.13636363636363635,12.727272727272727,medium,"As illustrated in Figure S2, Supplemental Digital Content, http://links.lww.com/MD/K924 , the core targets of VJJ in SCI included mainly signal transducer and activator of transcription 3, CASP3, AKT1, tumor necrosis factor (TNF), mammalian target of rapamycin (MTOR), interleukin 6 (IL6)."
PMC9268138,1,core,2.3.3. construction of the ppi network,paragraph,173,10,TNF|IL6|IL1B|ALB|AKT1|IL10|CXCL8|CCL2|INS|IL4,10,True,0.2564102564102564,18.0,high,"The top 10 core targets were TNF (degree = 85), IL6 (degree = 84), IL1B (degree = 79), ALB (degree = 76), AKT1 (degree = 74), IL10 (degree = 72), CXCL8 (degree = 71), CCL2 (degree = 67), INS (degree = 66), and IL4 (degree = 66) ( Table 3 )."
PMC11972970,1,key,results,paragraph,2,5,HIF1A|EP300|PRKCA|TERT|SETD2,,False,0.10638297872340426,15.127659574468085,high,"Further, 17 key targets in the PPI network were identified and HIF1A, EP300, PRKCA, and TERT were included for subnet analysis. Next, a network of “Chinese medicine-active compound-potential target-signal pathway” was obtained and the HIF-1 signaling pathway was identified as the key pathway."
PMC11972970,2,hub,discussion,paragraph,103,7,TP53|MAPK3|EGFR|SRC|ESR1|HIF1A|PRKCA,,False,0.18421052631578946,14.68421052631579,medium,"The identification of hub genes such as TP53, MAPK3, EGFR, SRC, ESR1, HIF1A, and PRKCA, coupled with active compounds like baicalein, quercetin, licochalcone B, diisooctyl succinate, and kaempferol, highlights the multi-component and multi-target nature of BD."
PMC11972970,3,hub,discussion,paragraph,104,5,SRC|MAPK3|PRKCA|HIF1A|HT,,False,0.13157894736842105,13.631578947368421,medium,"They can directly influence hub gene function by enzymatically inhibiting or activating targets like SRC, MAPK3, and PRKCA, or by regulating transcription factors such as HIF1A, which subsequently alters the expression of downstream genes involved in HT pathogenesis."
PMC11972970,4,potential,results,paragraph,2,6,SETD2|MAPK3|SRC|TERT|HIF1A|HT,,False,0.10714285714285714,12.142857142857142,low,"Next, a network of “Chinese medicine-active compound-potential target-signal pathway” was obtained and the HIF-1 signaling pathway was identified as the key pathway. Finally, 8 active compounds and their stable binding to target proteins were confirmed by molecular docking; MAPK3, SRC, TERT, and HIF1A were upregulated in HT relative to the goiter samples."
PMC11972970,5,potential,results,paragraph,2,5,HT|HIF1A|EP300|PRKCA|TERT,,False,0.11904761904761904,11.380952380952381,low,"A total of 136 active compounds in BD were screened, and 74 potential targets related to HT were identified in BD. Further, 17 key targets in the PPI network were identified and HIF1A, EP300, PRKCA, and TERT were included for subnet analysis."
PMC11972970,6,important,ppi network and hub genes,paragraph,45,10,HIF1A|EP300|PIK3CA|SRC|AR|PRKCA|TERT|SLC2A1|NFE2L2|PTGS2,,False,0.22727272727272727,11.0,low,"Subnet 1 was centered on HIF1A and EP300, and important targets connected to them included PIK3CA, SRC, and AR ( Figure 4A ); the core of subnet 2 comprised PRKCA and TERT, and points included SLC2A1, NFE2L2, PTGS2 are important targets connected to them ( Figure 4B )."
PMC11972970,7,key,ppi network and hub genes,paragraph,45,20,PPARG|BRCA1|HIF1A|GAPDH|NR3C1|MAPK3|EP300|TP53|EGFR|SRC|MAPK1|TNF|HSP90AA1|PTGS2|CXCL8|ESR1|CCND1|RELA|PIK3CA|AR,,False,0.1282051282051282,10.564102564102564,medium,ARG PPARG 15 BRCA1 BRCA1 BRCA1 BRCA1 BRCA1 16 HIF1A HIF1A HIF1A HIF1A HIF1A 17 GAPDH GAPDH GAPDH GAPDH GAPDH 18 NR3C1 NR3C1 NR3C1 NR3C1 NR3C1 19 MAPK3 MAPK3 MAPK3 MAPK3 MAPK3 20 EP300 EP300 EP300 EP300 EP300 Table 3 Topological Parameter Analysis of Key Targets Name Closeness Betweenness Degree TP53 0.72028 0.089257 65 MAPK3 0.691275 0.075607 58 EGFR 0.664516 0.053446 54 SRC 0.668831 0.062957 54 MAPK1 0.668831 0.051797 53 TNF 0.664516 0.071755 52 HSP90AA1 0.647799 0.042616 49 PTGS2 0.651899 0.065981 49 CXCL8 0.647799 0.050733 48 ESR1 0.64375 0.043074 47 CCND1 0.631902 0.026968 47 EP300 0.605882 0.015898 41 RELA 0.602339 0.010473 39 BRCA1 0.575419 0.016872 36 PIK3CA 0.588571 0.019866 35 AR 0.581921 0.02361 34 HIF1A 0.578652 0.005801 33 Figure 3 PPI network.
PMC11972970,8,hub,molecular docking and histological confirmation,paragraph,93,5,HT|MAPK3|SRC|TERT|HIF1A,10,False,0.12195121951219512,9.939024390243903,medium,"The expression levels of the 10 hub genes were confirmed in HT and goiter samples ( Figure 9 ). The expression levels of 4 out of the 10 genes (MAPK3, SRC, TERT, and HIF1A) were remarkably elevated in HT relative to goiter samples."
PMC11972970,9,key,molecular docking and histological confirmation,paragraph,93,9,ID1|TP53|ESR1|SRC|GAPDH|MAPK3|EGFR|PRKCA|TERT,,False,0.07086614173228346,9.417322834645669,medium,Table 6 Molecular Docking Between Key Targets and Related Compounds Target PDB ID Compound CDOCKER Energy TP53 5HOU Baicalein −10.9873 Dinatin −5.0247 ESR1 4ZNH Luteolin −22.6955 Kaempferol −37.1051 Quercetin −37.218 Dinatin −37.4256 Glycyrol 19.9689 Licochalcone B −37.8944 (+)-Epitaxifolin −25.7716 SRC 1Y57 Quercetin −38.3636 GAPDH 1U8F Licochalcone B −34.1484 MAPK3 2ZOQ Luteolin −38.6381 Baicalein −37.7433 Quercetin −57.8526 Dinatin −51.8096 (+)-Epitaxifolin −38.5834 EGFR 5XWD Luteolin −47.7778 Kaempferol −137.87 Baicalein −52.1556 Quercetin −115.496 PRKCA 3IW4 Diisooctyl succinate −59.1465 TERT 7BG9 Luteolin −23.0698 Kaempferol −64.2461 Baicalein −20.044 Quercetin −44.2354 Dinatin −42.7057 (+)-Epitaxifolin −19.0275 Figure 8 3D and 2D simulation diagram of the molecular docking.
PMC11972970,10,important,ppi network and hub genes,paragraph,45,28,PRKCA|TERT|SLC2A1|NFE2L2|PTGS2|MCC|TP53|CCNB1|EGFR|CREBBP|AR|PIK3CA|PGR|SIRT1|IGF1R|SRC|SMAD3|MAPK1|RELA|TNF|ESR1|PPARG|BRCA1|HIF1A|GAPDH|NR3C1|MAPK3|EP300,,False,0.16184971098265896,9.23699421965318,low,"the core of subnet 2 comprised PRKCA and TERT, and points included SLC2A1, NFE2L2, PTGS2 are important targets connected to them ( Figure 4B ). Table 2 Cytohubba Algorithm Calculation Results Sorting Rank MCC CLONESS MNC EPC DEGREE 1 TP53 TP53 TP53 TP53 TP53 2 CCNB1 EGFR EGFR EGFR EGFR 3 EGFR CREBBP CREBBP CREBBP CREBBP 4 CREBBP AR AR AR AR 5 AR PTGS2 PTGS2 PTGS2 PTGS2 6 PTGS2 PIK3CA PIK3CA PIK3CA PIK3CA 7 PGR SIRT1 IGF1R SIRT1 IGF1R 8 PIK3CA SRC SIRT1 SRC SIRT1 9 SIRT1 SMAD3 SRC SMAD3 SRC 10 SRC MAPK1 MAPK1 MAPK1 MAPK1 11 SMAD3 RELA RELA RELA RELA 12 MAPK1 TNF TNF TNF TNF 13 RELA ESR1 ESR1 ESR1 ESR1 14 ESR1 PPARG PPARG PPARG PPARG 15 BRCA1 BRCA1 BRCA1 BRCA1 BRCA1 16 HIF1A HIF1A HIF1A HIF1A HIF1A 17 GAPDH GAPDH GAPDH GAPDH GAPDH 18 NR3C1 NR3C1 NR3C1 NR3C1 NR3C1 19 MAPK3 MAPK3 MAPK3 MAPK3 MAPK3 20 EP300 EP300 EP300 EP300 EP300 Table 3 Topological Parameter Analysis of Key Targets Name Closeness Betweenness Degree TP53 0.72028 0.08"
PMC9412739,1,hub,collection of ingredient–disease targets and analysis of ppi network,paragraph,69,8,MCC|GSTP1|HRAS|AKR1B1|GSTA1|AR|GSR|LDHB,,False,0.1509433962264151,13.018867924528301,medium,"After visualization of the PPI network by Cytoscape software, hub gene screening was performed using the Cytohubba plugin. The top seven ranked key gene intersections were extracted based on MCC, DEGREE, EPC, EcCentricity, Closeness, and Betweenness scores, namely, GSTP1, HRAS, AKR1B1, GSTA1, Androgen receptor (AR), GSR, and LDHB ( Figure 12B ) ( Supplementary Table 2 )."
PMC11905198,1,core,figure,caption,30,6,MCC|PTGS2|MAPK1|ESR1|PPARG|TP53,,False,0.12,15.4,medium,"(I) Quantification of the core targets of purslane in the treatment of vitiligo. MCC, maximal clique centrality; EPC, edge percolated component; MNC, maximum neighborhood component; PTGS2, prostaglandin-endoperoxidase synthase 2; MAPK1, mitogen-activated protein kinase 1; ESR1, estrogen receptor 1; PPARG, peroxisome proliferator-activated receptor γ; TP53, tumor protein p53."
PMC11905198,2,key,abstract,paragraph,0,3,AKT1|TP53|PPARG,,False,0.07692307692307693,14.538461538461538,medium,"In addition, six key targets, namely AKT1, tumor protein p53, peroxisome proliferator-activated receptor γ (PPARG), estrogen receptor 1, prostaglandin-endoperoxidase synthase 2 and mitogen-activated protein kinase 1, and eight pathways in purslane-based vitiligo treatment were identified."
PMC11905198,3,potential,main component-target gene-signaling pathway network of purslane for vitiligo treatment,paragraph,36,6,AKT1|TP53|PPARG|ESR1|PTGS2|MAPK1,6,True,0.10526315789473684,11.105263157894736,high,"Overall, the screening process led to the identification of 7 principal components, namely kaempferol, hesperetin, luteolin, quercetin, arachidonic acid, cycloartenol and β-sitosterol, from 54 potential ingredients, in addition to 6 key targets, namely AKT1, TP53, PPARG, ESR1, PTGS2 and MAPK1, from 54 potential targets, and 8 pathways from 20 potential pathway for purslane-based vitiligo treatment."
PMC6193325,1,crucial,"3.5. hb-pc-pt network, pt-f network construction, and molecule docking analyses of xfzyd for the treatment of tbi",paragraph,77,6,TGFB1|EGFR|CAV1|MAPK1|PRKCB|AKT1,,False,0.14634146341463414,8.926829268292682,medium,"We found that TGFB1 was the crucial protein, because it participated in 9 biological processes related to TBI such as apoptosis, blood coagulation, cell proliferation, and MAPK cascade followed by EGFR (8), CAV1 (7), MAPK1 (6), PRKCB (6), and AKT1 (6)."
PMC6193325,2,candidate,3.3. hb-cc-ct network construction and analysis,paragraph,46,8,PTGS2|HSP90AB2P|AR|NCOA2|PRSS1|PTGS1|PPARG|F10,,False,0.14285714285714285,7.857142857142857,low,"PTGS2 (degree=126), HSP90AB2P (degree=85), AR (degree=81), NCOA2 (degree=75), PRSS1 (degree=68), PTGS1 (degree=67), PPARG (degree=66), and F10 (degree=60) were predicted as the major candidate targets of quercetin, followed by kaempferol (degree=65), which was contained by Carthami Flos (Jun), Achyranthis Bidentatae Radix (Chen), and Radix Bupleuri, licorice (Zuo-Shi)."
PMC8572587,1,core,4. discussion,paragraph,23,11,MCC|VEGFA|MAPK3|MAPK1|EGF|EGFR|IL6|PTGS2|STAT3|MMP9|MMP2,10,True,0.14864864864864866,18.972972972972975,high,"Protein-protein interaction (PPI) network was used to screen out 10 core genes by Matthews correlation coefficient (MCC) algorithm. They are VEGFA (vascular endothelial growth factor A), MAPK3 (mitogen-activated protein kinase 3), MAPK1 (mitogen-activated protein kinase 1), EGF (epidermal growth factor), EGFR (epidermal growth factor receptor), IL-6 (interleukin-6), PTGS2 (prostaglandin endoperoxide synthase 2), STAT3 (signal transducer and activator of transcription 3), MMP9 (matrix metalloproteinase 9), and MMP2 (matrix metalloproteinase 2)."
PMC8572587,2,core,results,paragraph,2,5,IL6|PTGS2|MAPK1|MAPK3|CALCA,,False,0.16129032258064516,17.225806451612904,high,"Molecular docking results showed that quercetin, luteolin, kaempferol, tanshinone IIa, wogonin, naringenin, nobiletin, dihydrotanshinlactone, beta-sitosterol, and salviolone have good affinity with core target proteins IL6, PTGS2, MAPK1, MAPK3, and CGRP1."
PMC8572587,3,key,results,paragraph,2,10,AKT1|IL6|MAPK3|VEGFA|EGFR|CASP3|EGF|MAPK1|PTGS2|ESR1,,False,0.3333333333333333,17.0,high,"The key targets include AKT1, IL6, MAPK3, VEGFA, EGFR, CASP3, EGF, MAPK1, PTGS2, and ESR1. A total of 1939 items were obtained by GO functional enrichment analysis ( P < 0.05)."
PMC8572587,4,top,3.3. construction of “drug-ingredient-target” network,paragraph,15,10,PTGS2|HSP90AA1|SCN5A|AR|ADRB2|ACHE|ESR1|NOS2|PPARG|GABRA1,,False,0.2631578947368421,11.0,medium,"The top 10 target genes in screening value were PTGS2, HSP90AA1, SCN5A, AR, ADRB2, ACHE, ESR1, NOS2, PPARG, and GABRA1, which could interact with 136, 91, 84, 70,62, 53, 43, 41, 35, and 28 active components, respectively."
PMC11064180,1,potential,conclusions,paragraph,47,4,F13A1|ACAN|TENT5D|STK32B,,False,0.09523809523809523,8.904761904761905,low,"Our research also identified potential targets of DEmiRNAs, including F13A1, ACAN, TENT5D, and STK32B, through a miRNA-mRNA coexpression network. While further investigation is needed to fully understand the effects of these targets, our findings provide a solid groundwork for future research."
PMC7591987,1,potential,results,paragraph,2,3,HDC|SETD2|PPARA,,False,0.03409090909090909,7.681818181818182,low,"A total of 176 of HDC's active components and 442 potential targets were obtained. The results of network analysis show that HDC can regulate DCM-related biological processes (such as negative regulation of the apoptotic process, response to hypoxia, the steroid hormone-mediated signaling pathway, cellular iron ion homeostasis, and positive regulation of phosphatidylinositol 3-kinase signaling) and signaling pathways (such as the HIF-1 signaling pathway, the estrogen signaling pathway, insulin resistance, the PPAR signaling pathway, the VEGF signaling pathway, and the PI3K-Akt signaling pathway)."
PMC9192286,1,core,abstract,paragraph,0,9,AKT1|ESR1|MMP9|CES1|SRC|HIF1A|ABCB1|CASP3|SNCA,,False,0.2903225806451613,19.0,high,"92 intersection targets of epilepsy of Abrus cantoniensis , including 9 core targets such as AKT1, ESR1, MMP9, CES1, SRC, HIF1A, ABCB1, CASP3, and SNCA; 8 core targets were flavanone constituent proteins."
PMC10727545,1,core,5. conclusion,paragraph,127,10,AKT1|TP53|IL6|TNF|VEGFA|CTNNB1|MYC|PTGS2|HIF1A|CASP3,,False,0.18181818181818182,16.636363636363637,high,"In this paper, core genes including AKT1, TP53, IL6, TNF, VEGFA, CTNNB1, MYC, PTGS2, HIF1A, and CASP3 were screened out using network pharmacology and molecular docking methods. Subsequently, related pathways were screened out using enrichment analysis, and important compounds were compared with molecular docking of the core target to simulate the in vivo binding process."
PMC10727545,2,hub,3.5. molecular docking,paragraph,117,4,TNF|ID1|CASP3|PTGS2,,False,0.08888888888888889,11.777777777777779,medium,"According to the results of PPI screening, we carried out molecular docking of the hub genes closely related to the pathway [TNF(PDB ID: 5m2j), CASP3(PDB ID: 2dko), PTGS2(PDB ID: 5f19)] screened by enrichment analysis and important active compounds of THSWD (Supplementary Fig."
PMC9764286,1,key,figure,caption,34,14,ADA|APRT|CA1|LCN2|MPO|TDP1|PIK3CG|HDAC4|HK2|PPP3CA|PTGS1|ALDH2|LGALS2|LY96,,False,0.2,16.0,medium,"(C) Degree ranking of key targets. GEB, Gastrodia elata Blume; ADA, adenosine deaminase; APRT, adenine phosphoribosyltransferase; CA1, carbonic anhydrase 1; LCN2, lipocalin 2; MPO, myeloperoxidase; TDP1, tyrosyl-DNA phosphodiesterase 1; PIK3CG, phosphatidylinositol-4,5-bisphosphate 3-kinase catalytic subunit γ; HDAC4, histone deacetylase 4; HK2, hexokinase 2; PPP3CA, protein phosphatase 3 catalytic subunit α; PTGS1, prostaglandin-endoperoxide synthase 1; ALDH2, aldehyde dehydrogenase 1 family member 2; LGALS2, galectin 2; LY96,"
PMC9764286,2,core,abstract,paragraph,0,3,STAT3|MPO|MMP9,,False,0.10344827586206896,15.06896551724138,high,"Cell Counting Kit-8 assay and western blot analysis demonstrated that these three active components of GEB regulated core targets of molecular docking, such as STAT3, MPO and MMP9."
PMC9764286,3,core,discussion,paragraph,56,6,TEAD1|TLR4|STAT3|MPO|PTGS2|MMP9,32,False,0.1016949152542373,9.033898305084746,medium,"Based on KEGG analysis, the genes or proteins involved in the ‘atherosclerosis’, ‘lipid metabolism disorders’, and ‘AA metabolism’ pathway of IS were considered core targets. A total of five genes was identified from the PPI network of 32 key targets, namely TLR4, STAT3, MPO, PTGS2 and MMP9, which may play a key role in the pharmacological function of GEB."
PMC9764286,4,key,discussion,paragraph,56,5,TLR4|STAT3|MPO|PTGS2|MMP9,32,False,0.14705882352941177,8.941176470588236,medium,"A total of five genes was identified from the PPI network of 32 key targets, namely TLR4, STAT3, MPO, PTGS2 and MMP9, which may play a key role in the pharmacological function of GEB."
PMC13093626,1,key,conclusion,paragraph,83,3,LYN|CFTR|CFH,,False,0.061224489795918366,12.224489795918368,medium,"We identified two signature genes (LYN and CFTR) as key targets of BJJP, which are closely associated with immune microenvironment remodeling in HF. UHPLC‐HRMS characterized 133 active compounds in BJJP, and molecular docking confirmed strong binding affinities between core compounds (e.g., kaempferol, baicalein, luteolin) and LYN/CFTR."
PMC12150923,1,hub,3.3. ppi network analyses,paragraph,38,10,SRC|PIK3CA|PIK3R1|HSP90AA1|ESR1|AKT1|PLCG1|EGFR|JAK2|HRAS,10,True,0.4,19.0,high,"The top 10 hub genes identified according to their degree values were SRC, PIK3CA, PIK3R1, HSP90AA1, ESR1, AKT1, PLCG1, EGFR, JAK2, and HRAS (Fig. 2 )."
PMC12150923,2,key,results:,paragraph,2,9,SRC|PIK3CA|PIK3R1|HSP90AA1|ESR1|AKT1|PLCG1|EGFR|JAK2,,False,0.1836734693877551,16.6734693877551,high,"Key targets identified through this approach included SRC, PIK3CA, PIK3R1, HSP90AA1, ESR1, AKT1, PLCG1, EGFR, and JAK2. Enrichment analyses suggested that the core components of AAHP may regulate the PI3K-Akt and JAK-STAT signaling pathways via modulating signal transduction, protein phosphorylation, and the negative regulation of apoptotic activity."
PMC9166517,1,key,results,paragraph,3,4,STAT3|HSP90AA1|TP53|AKT1,,False,0.18181818181818182,15.636363636363637,high,"STAT3, HSP90AA1, TP53, and AKT1 could be the key targets. MAPK signaling pathway might play an important role in HLXLD against AS."
PMC9166517,2,key,discussion,paragraph,132,8,STAT3|HSP90AA1|TP53|AKT1|SRC|RELA|ESR1|JUN,,False,0.27586206896551724,14.0,medium,"The main active components are quercetin, dihydrotanshinone I, pelargonidin, luteolin, guggulsterone and β-sitosterol, as well as key targets are STAT3, HSP90AA1, TP53, AKT1, SRC, RELA, ESR1 and JUN."
PMC9166517,3,key,discussion,paragraph,130,7,STAT3|HSP90AA1|TP53|AKT1|SRC|RELA|JUN,,False,0.1590909090909091,13.181818181818182,medium,"In this study, eight key target genes (STAT3, HSP90AA1, TP53, AKT1, SRC, RELA, ESR1and JUN) and four key pathways (lipid and atherosclerosis, fluid shear stress and atherosclerosis, MAPK signaling pathway, and PI3K-Akt signaling pathway) were regulated by three or more compounds in HLXLD."
PMC9166517,4,candidate,molecular docking analysis,paragraph,109,9,STAT3|ID1|HSP90AA1|TP53|AKT1|SRC|RELA|ESR1|JUN,,False,0.13636363636363635,8.727272727272727,low,"Thus, the top eight candidate target proteins with the highest degree values (STAT3, PDB ID: 5AX3; HSP90AA1, PDB ID: 1UYD; TP53, PDB ID:2VUK; AKT1, PDB ID: 3O96; SRC, PDB ID:2H8H; RELA, PDB ID: 6YOW; ESR1, PDB ID: 1QKT; JUN, PDB ID: 1JUN) and six active compounds with degree >53 ( Table 2 , Figure 10 ) were chosen to conduct molecular docking ( Table 3 , Supplement Figure 1 )."
PMC11336640,1,core,the mechanism of action of core proteins in dxp treatment of depression and mafld,paragraph,43,6,TNF|AKT1|ALB|TP53|IL1B|HT,5,True,0.09375,15.875,high,"Among them, the top 5 core target proteins for DXP acting on depression and MAFLD are TNF, AKT1, ALB, TP53, and IL1B, respectively. As a classic pro-inflammatory cytokine, TNF has been revealed to affect the homeostasis of central tryptophan neurotransmitters by regulating the activity of glial 5-HT receptors, making the association between chronic inflammatory diseases and depression easier to understand [ 68 , 69 ]."
PMC11336640,2,core,"construction of ""diseases - potential targets - active ingredients - traditional chinese medicine - prescriptions"" and ppi network, as well as screening of core targets",paragraph,21,5,TNF|AKT1|ALB|IL1B|TP53,,False,0.1388888888888889,11.777777777777779,medium,"Through analysis, it was found that TNF, AKT1, ALB, IL1B and TP53 ranked relatively high in terms of degree values, closeness values, and betweenness values among numerous targets, and were the main core targets of action."
PMC11336640,3,potential,figure,caption,22,4,DPEP1|C4B|FLT3LG|GC,,False,0.10256410256410256,9.051282051282051,low,"Network diagram of ""Diseases - Potential targets - Active ingredients - Traditional Chinese medicine - Prescriptions"" (MDP: Peony skin; ZZ: Gardenia; DG: Angelica sinensis; BS: Radix paeoniae alba; CH: Radix bupleuri; BZ: Atractylodes macrocephala; FL: Poria cocos; GC: Licorice; SJ: Ginger; BH: Mint)."
PMC11309690,1,core,5. conclusion and outlook,paragraph,51,5,MAPK1|MAPK14|MAP2K1|MAPK11|AR,,False,0.09090909090909091,14.818181818181818,medium,"The 10 targets of MAPK1, Akt serine/threonine kinase 1, phosphatidylinositol-4,5-bisphosphate 3-kinase catalytic subunit alpha, retinoid X receptor alpha, estrogen receptor 1, MAPK14, nuclear receptor subfamily 3 group C member 1, MAP2K1, MAPK11, and AR may be the core targets of persicae semen-carthami flos pair in the treatment of RF."
PMC9608341,1,core,network pharmacology analysis,paragraph,96,10,ACTB|HSP90AA1|PPARA|AHR|ESR1|CEBPB|PPARG|CYP1B1|NR1I2|RXRA,,False,0.19230769230769232,12.846153846153847,medium,"The 41 target genes were drawn as a histogram in the PPI, and the top 30 targets with the highest degree values were drawn as a core gene histogram, as shown in Figure 8D . The top 10 disease targets involved include ACTB, HSP90AA1, PPARA, AHR, ESR1, CEBPB, PPARG, CYP1B1, NR1I2, and RXRA."
PMC10882657,1,key,discussion,paragraph,50,14,EGFR|MAPK1|MYC|CDKN1A|AKT1|EGF|TP53|BAX|ERBB2|ELK1|CASP9|GSK3B|CCND1|RAF1,14,True,0.4,19.0,high,"39 In addition, through KEGG pathway analysis, we identified 14 key genes (EGFR, MAPK1, MYC, CDKN1A, AKT1, EGF, TP53, BAX, ERBB2, ELK1, CASP9, GSK3B, CCND1, and RAF1) that are involved in the endometrial cancer pathway."
PMC9310033,1,intersection,potential target prediction of material basis,paragraph,34,8,CYP2B6|CYP3A4|CYP17A1|TNF|PIK3CA|PTGS2|PTGS1|CYP19A1,,False,0.11764705882352941,8.352941176470589,low,"Then, genecards and the OMIM database were used to search PD-related targets and obtain the intersection targets. There were 27 common targets in total, including Cytochrome P450 3A4 (CYP3A4), Steroid 17-alpha-hydroxylase/17,20 lyase (CYP17A1), tumor necrosis factor (TNF), phosphatidylinositol 4,5-bisphosphate 3-kinase catalytic subunit alpha isoform (PIK3CA), prostaglandin G/H synthase 2 (PTGS2), prostaglandin G/H synthase 1 (PTGS1), aromatase (CYP19A1), etc."
PMC10239169,1,top,discussion,paragraph,92,10,MAPK3|TP53|VEGFA|PPARG|HIF1A|MMP9|FN1|JUN|ERBB2|NFKBIA,,False,0.2702702702702703,14.0,medium,"Results demonstrated that MAPK3, TP53, VEGFA, PPARG, HIF1A, MMP9, FN1, JUN, ERBB2, NFKBIA were considered as top 10 targets; quercetin, stigmasterol, beta-sitosterol, baicalein, kaempferol, nobiletin, wogonin, naringenin, berberine, palmatine were most important anti-PD bioactive compounds."
PMC10239169,2,top,collection of targets of bioactive compounds in jcj and pd-related targets,paragraph,62,12,ID1|GNE|MAPK3|TP53|VEGFA|PPARG|HIF1A|MMP9|FN1|JUN|ERBB2|NFKBIA,,False,0.17391304347826086,10.478260869565217,medium,Table 2 Top 10 target of JCJ-related targets for PD treatment Gene ID Protein ID Degree Gene Name NM_001109891.2 Q16644 28 MAPK3 NM_001276761.3 Q12888 26 TP53 NM_001317010.1 P15692 26 VEGFA NM_001354666.3 P37231 25 PPARG NM_001243084.2 Q16665 25 HIF1A NM_004994.3 P14780 24 MMP9 NM_001306132.2 P02751 23 FN1 NM_002228.4 P05412 23 JUN NM_001382782.1 P04626 21 ERBB2 NM_020529.3 P25963 21 NFKBIA
PMC10239169,3,crucial,discussion,paragraph,96,3,MAPK3|TP53|VEGFA,,False,0.06,9.2,medium,"Of these 47 genes, MAPK3, TP53, and VEGFA were recognized as the most crucial genes that participated in the JCJ treatment of PD. MAPK3 (also known as ERK1), an key member of Mitogen-activated protein kinase (MAPK) signaling pathway, its phosphorylation can be activated by a MAPK kinase (MAPKK) [ 33 ]."
PMC12143954,1,key,abstract,paragraph,4,13,EGFR|TP53|BCL2|AKT1|JUN|TNF|CASP3|IL6|MMP9|ERBB2|CCND1|PTGS2|IL17A,12,True,0.30952380952380953,23.0,high,"Then, a PPI analysis identified 12 key genes (including EGFR , TP53 , BCL2 , AKT1 , JUN , TNF , CASP3 , IL6 , MMP9 , ERBB2 , CCND1 , and PTGS2 ) that were related to oxidative stress, PI3K-Akt, IL-17, p53, and JAK-STAT pathways, inflammatory response, and apoptosis pathways."
PMC12143954,2,core,3.2. construction and analysis of ppi,paragraph,22,12,EGFR|TP53|BCL2|AKT1|JUN|TNF|CASP3|IL6|MMP9|ERBB2|CCND1|PTGS2,12,True,0.2857142857142857,18.0,high,"Then, 12 core targets were identified ( EGFR , TP53 , BCL2 , AKT1 , JUN , TNF , CASP3 , IL6 , MMP9 , ERBB2 , CCND1 , and PTGS2 ), and the network between the core and noncore targets was constructed ( Figure 3 ), in which the target degree is proportional to node sizes."
PMC12143954,3,key,3.1. identifying active compounds and the disease target construction,paragraph,21,8,CASP9|PTGS2|PRKACA|PIK3CG|IL6|PTGS1|TP53|HSP90AA1,,False,0.10810810810810811,9.162162162162161,medium,"The intersection between the Brucea javanica drug targets and the CC disease targets determined 51 potential active compound–disease interaction targets ( Figure 1 ), in which luteolin and beta-sitosterol are closely associated with these gene targets in the drug–compound–disease network by using Cytoscape 3.8.0, such as CASP9, PTGS2, PRKACA, PIK3CG, IL6, PTGS1, TP53, and HSP90AA1 that exhibited higher degrees of crosslinking and were regarded as the key nodes ( Figure 2 )."
PMC11645930,1,key,the combination interaction of bbr and target,paragraph,34,6,ALB|CASP3|SRC|EGFR|HSP90AA1|IGF1,,False,0.17142857142857143,11.428571428571429,medium,"Key targets implicated in the anti-RA effects of BBR included ALB, CASP3, SRC, EGFR, HSP90AA1, and IGF1, based on their degree in the network, The details of these targets are shown in Table S2 ."
PMC11645930,2,key,discussion,paragraph,61,3,PIK3CB|PIK3CD|NOS3,24,False,0.04285714285714286,5.857142857142858,low,"We identified 24 key targets (PIK3CB, PIK3CD, and NOS3, among others), 6 key metabolites (D-Galactose, 4-Guanidinobutanoate, 3’-monoiodo-L-thyronine, 3alpha,7alpha-Dihydroxy-5beta-cholestane, Androst-5-ene-3beta,17beta-diol, and 3’,5’-Cyclic AMP), and 6 related pathways (tyrosine metabolism, phosphatidylinositol phosphate metabolism, androgen and estrogen biosynthesis and metabolism, bile acid biosynthesis, purine metabolism, and urea cycle and metabolism of arginine, proline, glutamate, aspartate, and asparagine)."
PMC11645930,3,key,integrated analysis of metabolomics and network pharmacology,paragraph,44,3,STS|GSTP1|NOS3,24,False,0.08108108108108109,4.621621621621621,medium,"Through correlating potential targets from network pharmacology with genes in MetScape analysis, 24 key targets were pinpointed, encompassing STS, GSTP1, NOS3, and others. The associated key metabolites included D-Galactose, 4-Guanidinobutanoate, and 3’-monoiodo-L-thyronine."
PMC10905894,1,core,analysis of target data results of res and op,paragraph,23,17,ID1|AKT1|IL6|IL1B|VEGFA|CASP3|STAT3|MAPK3|MYC|PPARG|CTNNB1|PTGS2|MMP9|CXCL8|MTOR|BCL2L1|BCL2,,False,0.11724137931034483,16.344827586206897,high,The red core target suggests an important role in Res treatment of OP. Table 1 Basic information of some key targets of Res against OP UniProt ID Gene symbol Protein names Degree P31749 AKT1 RAC-alpha serine/threonine-protein kinase 75 P05231 IL6 Interleukin-6 71 P01584 IL1B Interleukin-1 beta 66 P15692 VEGFA Vascular endothelial growth factor A 64 P42574 CASP3 Caspase-3 63 P40763 STAT3 Signal transducer and activator of transcription 3 62 Q16644 MAPK3 Mitogen-activated protein kinase 3 60 P01106 MYC Myc proto-oncogene protein 58 P37231 PPARG Peroxisome proliferator-activated receptor gamma 57 P35222 CTNNB1 Catenin beta-1 54 P35354 PTGS2 Prostaglandin G/H synthase 2 54 P14780 MMP9 Matrix metalloproteinase-9 52 P10145 CXCL8 C-X-C motif chemokine 8 52 P42345 MTOR Serine/threonine-protein kinase mTOR 51 Q07817 BCL2L1 Bcl-2-like protein 1 50 P25963 N
PMC10905894,2,key,analysis of target data results of res and op,paragraph,23,21,ID1|AKT1|IL6|IL1B|VEGFA|CASP3|STAT3|MAPK3|MYC|PPARG|CTNNB1|PTGS2|MMP9|CXCL8|MTOR|BCL2L1|BCL2|NFKBIA|CCND1|PRB3|IL10,,False,0.14093959731543623,15.818791946308725,high,Table 1 Basic information of some key targets of Res against OP UniProt ID Gene symbol Protein names Degree P31749 AKT1 RAC-alpha serine/threonine-protein kinase 75 P05231 IL6 Interleukin-6 71 P01584 IL1B Interleukin-1 beta 66 P15692 VEGFA Vascular endothelial growth factor A 64 P42574 CASP3 Caspase-3 63 P40763 STAT3 Signal transducer and activator of transcription 3 62 Q16644 MAPK3 Mitogen-activated protein kinase 3 60 P01106 MYC Myc proto-oncogene protein 58 P37231 PPARG Peroxisome proliferator-activated receptor gamma 57 P35222 CTNNB1 Catenin beta-1 54 P35354 PTGS2 Prostaglandin G/H synthase 2 54 P14780 MMP9 Matrix metalloproteinase-9 52 P10145 CXCL8 C-X-C motif chemokine 8 52 P42345 MTOR Serine/threonine-protein kinase mTOR 51 Q07817 BCL2L1 Bcl-2-like protein 1 50 P25963 NFKBIA NF-kappa-B inhibitor alpha 50 P24385 CCND1 G1/S-specific cyclin-D1 49 P22301 IL10 Interleuk
PMC10905894,3,hub,results of molecular docking,paragraph,99,3,TNF|IL6|CASP3,,False,0.06976744186046512,15.395348837209303,medium,"Combining the results of PPI screening and enrichment analysis, we performed molecular docking of three hub genes of apoptosis (TNF, IL6, CASP3) with Res. The small molecule ligands can spontaneously bind to the protein receptors when the binding energy is <0 kJ mol."
PMC10905894,4,key,results of enrichment analysis of res treatment op,paragraph,46,3,ID1|EGFR|TNF,,False,0.018867924528301886,12.377358490566039,low,"3 A GO enrichment analysis results, B KEGG enrichment analysis results, C Reactome enrichment analysis results, D key gene-signaling pathway correlation analysis. Table 3 The top 20 KEGG enrichment items ID Term p -value hsa04933 AGE-RAGE signaling pathway in diabetic complications 2.51E-30 hsa05200 Pathways in cancer 1.46E-26 hsa05212 Pancreatic cancer 3.22E-20 hsa04210 Apoptosis 1.95E-19 hsa04932 Non-alcoholic fatty liver disease 1.05E-18 hsa05161 Hepatitis B 8.49E-18 hsa05167 Kaposi sarcoma-associated herpesvirus infection 2.41E-17 hsa04931 Insulin resistance 2.78E-17 hsa05160 Hepatitis C 9.24E-17 hsa05215 Prostate cancer 9.57E-17 hsa05162 Measles 1.56E-16 hsa05210 Colorectal cancer 3.07E-16 hsa05163 Human cytomegalovirus infection 6.60E-16 hsa01521 EGFR tyrosine kinase inhibitor resistance 2.05E-15 hsa05206 MicroRNAs in cancer 2.57E-15 hsa04068 FoxO signaling pathway 1.80E-14 hsa04668 TNF signaling pathway 2.44E-14 hsa05418 Fluid shear stress and"
PMC10905894,5,key,discussion,paragraph,113,10,AKT1|IL6|IL1B|VEGFA|CASP3|STAT3|MAPK3|MYC|PPARG|CTNNB1,26,False,0.2127659574468085,11.0,medium,"Based on the bioinformatics data analysis, 91 intersectional targets of Res for OP were initially screened, and 26 key targets of Res for OP were further screened and obtained. The top 10 targets playing important roles were: AKT1, IL6, IL1B, VEGFA, CASP3, STAT3, MAPK3, MYC, PPARG, CTNNB1."
PMC12169005,1,hub,results,paragraph,2,7,IL6|AKT1|TNF|ICAM1|MMP9|IL10|VCAM1,,False,0.14893617021276595,17.97872340425532,high,"PPI analyses highlighted ten hub genes, including interleukin-6 (IL6), AKT serine/threonine kinase 1 (AKT1), tumor necrosis factor (TNF), intercellular adhesion molecule 1 (ICAM1), matrix metalloproteinase 9 (MMP9), interleukin-10 (IL10), vascular cell adhesion molecule 1 (VCAM1), nitric oxide synthase 3, albumin, and C-reactive protein."
PMC12169005,2,hub,byhwd-mi/ri ppi network and hub genes analysis,paragraph,90,12,MCC|MITF|IL6|AKT1|TNF|ICAM1|MMP9|IL10|VCAM1|NOS3|ALB|CRP,,False,0.35294117647058826,15.0,medium,"Using the CytoHubba plugin and MCC algorithm, the top hub genes associated with BYHWD’s effects in MI/RI were identified: IL6, AKT1, TNF, ICAM1, MMP9, IL10, VCAM1, NOS3, ALB, and CRP ( Figure 3C )."
PMC12169005,3,hub,figure,caption,162,4,ICAM1|VCAM1|MMP9|AKT1,,False,0.07407407407407407,13.481481481481481,medium,"Effect of BuYang HuanWu Decoction (BYHWD) on protein expression of hub genes. ( A – G ) Western blot analysis for the protein expression levels of Intercellular Adhesion Molecule 1 (ICAM-1), Vascular Cell Adhesion Molecule 1 (VCAM-1), Matrix Metalloproteinase-9 (MMP-9), and Protein Kinase B alpha (AKT1) / Phosphorylated AKT1 (p-AKT1) in each group."
PMC12169005,4,hub,figure,caption,156,3,AKT1|IL10|MMP9,,False,0.06382978723404255,13.27659574468085,medium,"Results of molecular docking between hub genes and key active compounds. ( A ) Protein Kinase B alpha (AKT1) with quercetin , ( B ) AKT1 with kaempferol , ( C ) Interleukin-10 (IL-10) with beta-sitosterol , ( D ) IL-10 with stigmasterol , ( E ) Matrix metalloproteinase-9 (MMP9) with baicalein , ( F ) MMP9 with baicalin ."
PMC12169005,5,top,byhwd-mi/ri ppi network and hub genes analysis,paragraph,90,11,MCC|IL6|TNF|AKT1|ICAM1|IL10|MMP9|VCAM1|NOS3|ALB|CRP,,False,0.12790697674418605,10.558139534883722,medium,"Table 3 The Top 10 Genes Based on MCC Method Rank Gene Score 1 IL6 20262 2 TNF 19172 3 AKT1 13541 4 ICAM1 12192 5 IL10 10776 6 MMP9 10404 7 VCAM1 7344 8 NOS3 7324 9 ALB 5864 10 CRP 5092 Abbreviations : IL6, Interleukin 6; TNF, Tumor Necrosis Factor; AKT1, AKT serine/threonine kinase 1; ICAM1, Intercellular Adhesion Molecule 1; IL10, Interleukin 10; MMP9, Matrix Metalloproteinase 9; VCAM1, Vascular cell adhesion protein 1; NOS3, Nitric Oxide Synthase 3; ALB, Albumin; CRP, C-Reactive Protein."
PMC8675254,1,key,abstract,paragraph,0,3,XS|SLC6A4|SLC6A3,,False,0.08333333333333333,14.666666666666666,medium,"These data suggest that network pharmacology combined with metabolomics provides deep insight into the antidepressant effect of XS volatile oil, which includes regulating key targets like SLC6A4 and SLC6A3 , and pathways of serotonergic and dopaminergic synapses."
PMC8675254,2,crucial,discussion,paragraph,122,5,CYP19A1|CYP17A1|SLC6A4|SLC6A3|XS,,False,0.14705882352941177,10.941176470588236,medium,"Results of network pharmacology also suggested that targets such as CYP19A1 , CYP17A1 , SLC6A4 , and SLC6A3 were the crucial targets of XS volatile oil against menopausal depression ranked by degree, betweenness centrality, and closeness centrality."
PMC8675254,3,crucial,go and kegg enrichment analyses of xs volatile oil against menopausal depression,paragraph,96,4,CYP19A1|CYP17A1|SLC6A4|SLC6A3,,False,0.13793103448275862,8.758620689655173,medium,"The crucial genes like CYP19A1 and CYP17A1 were involved in ovarian steroidogenesis signaling pathways, SLC6A4 was related to the serotonergic synapse, and SLC6A3 was related to the dopaminergic synapse."
PMC8675254,4,crucial,targets and network analysis of xs volatile oil against menopausal depression,paragraph,93,6,CYP2B6|CYP19A1|CYP17A1|SLC6A4|SLC6A3|XS,,False,0.1,8.0,medium,"In addition, several targets such as cytochrome P450 family 19 subfamily A member 1 ( CYP19A1 ), cytochrome P450 family 17 subfamily A member 1 ( CYP17A1 ), solute carrier family six-member 4 ( SLC6A4 ), and solute carrier family six-member 3 ( SLC6A3 ) were considered as the crucial targets of XS volatile oil against menopausal depression ranked by degree, betweenness centrality, and closeness centrality."
PMC10704204,1,core,discussion,paragraph,57,5,TNF|IL6|TP53|EGFR|INS,,False,0.13513513513513514,12.702702702702702,medium,"The PPI and core target network diagrams revealed that the treatment of DCM with Jiawei Jiaotai Pill mainly involves genes such as TNF, IL6, TP53, EGFR, and INS . TNF-α is a major cytokine associated with obesity."
PMC9715340,1,hub,4. discussion,paragraph,22,9,TP53|SRC|JUN|HRAS|AKT1|VEGFA|EGFR|ESR1|SETD2,10,True,0.09183673469387756,18.836734693877553,high,"PPI network analysis identified 111 hub targets, and the top 10 hub targets included PIK3RA, TP53, SRC, JUN, HRAS, AKT1, VEGFA, EGFR, ESR1, and PI3KCA. In addition, GO terms and KEGG pathway enrichment analyses revealed that Mingmu Dihuang pill may be effective for treatment of diabetic retinopathy through biological processes of positive regulation of cell migration, response to inorganic substance, transmembrane receptor protein tyrosine kinase signaling pathway via the AGE-RAGE signaling pathway in diabetic complications, PI3K-AKT signaling pathway, Rap1 signaling pathway, HIF-1 signaling pathway, VEGF signaling pathway, Erb B signaling pathway, and Foxo signaling pathway."
PMC9715340,2,hub,results,paragraph,2,8,TP53|SRC|JUN|HRAS|AKT1|VEGFA|EGFR|ESR1,10,False,0.18604651162790697,17.72093023255814,high,"The top 10 hub targets included PIK3RA, TP53, SRC, JUN, HRAS, AKT1, VEGFA, EGFR, ESR1, and PI3KCA. GO terms and KEGG pathway enrichment analyses identified AGE-RAGE, PI3K-AKT, and Rap1 signaling pathways as major pathways involved in MMDHP treatment for diabetic retinopathy."
PMC9715340,3,key,results,paragraph,2,3,AKT1|SRC|VEGFA,,False,0.09375,13.875,medium,"Molecular docking confirmed a good binding affinity of active ingredients of MMDHP, including luteolin, acacetin, naringenin, and alisol B, with AKT1, SRC, and VEGFA as the three key targets of diabetic retinopathy."
PMC9715340,4,key,2.7. molecular docking verification,paragraph,14,4,AKT1|ID1|SRC|VEGFA,,False,0.057971014492753624,9.159420289855072,low,"According to the degree values of active ingredients in the traditional Chinese medicine-ingredient-target-diabetic retinopathy network, the degree value of the node in the PPI network and GO terms and KEGG pathway enrichment analysis results, four major active ingredients (alisol B, luteolin, naringenin, and acacetin) and three key targets AKT1 (PDB ID: 4EJN), SRC (PDB ID: 4U5J), and VEGFA (PDB ID: 3BDY) were selected for molecular docking."
PMC9568303,1,crucial,1. introduction,paragraph,14,3,NLRP3|IL1B|TNF,,False,0.0625,4.25,medium,"Subsequently, molecular docking technology was performed to forecast the binding form and the affinity between the key ingredients of WSP and the vital proteins such as p65, NLRP3, IL-1 β , TNF- α , and p38 of TNF signaling, which were the crucial targets closely related to gout disease."
PMC10624676,1,core,abstract,paragraph,0,3,ALB|VCL|KAT5,,False,0.08823529411764706,15.764705882352942,medium,"The result of docking indicated that Stigmasterol, interacts well with the core proteins ALB, VCL and KAT5. Following the screening, we identified the targets, active components, and key pathways associated with YWD osteoporosis prevention."
PMC10624676,2,key,conclusion,paragraph,55,6,GNRH1|BRD2|ALB|C3|SNCA|CLTC,,False,0.16216216216216217,15.243243243243244,high,"We concluded that YWD can reduce GnRH and FSH in POI rats, with the key targets being ALB, C3, SNCA, and CLTC. Calcium signaling, growth hormone synthesis, secretion, and action, and the renin-angiotensin system are critical."
PMC10624676,3,core,network pharmacology,paragraph,39,4,ALB|VCL|KAT5|CLTC,,False,0.17391304347826086,11.478260869565217,medium,"Using molecular docking, Stigmasterol was discovered to bind well to the core proteins ALB, VCL, KAT5, and CLTC. For more information, see Fig."
PMC10624676,4,core,key target screening,paragraph,24,5,ALB|VCL|CLTC|KAT5|EIF4G1,30,False,0.2,9.0,medium,"Figure 6 depicts the core proteins of protein interaction, which include ALB, VCL, CLTC, KAT5, and EIF4G1, among others. Supplement S2 depicts the protein interaction."
PMC11204876,1,key,5. conclusions,paragraph,40,6,SRC|STAT3|PIK3CA|MAPK1|EGFR|JAK1,,False,0.1875,15.75,high,"The study particularly highlighted the inhibition of SRC, STAT3, PIK3CA, MAPK1, EGFR, and JAK1 through molecular docking, which are key proteins involved in the EGFR Tyrosine Kinase Inhibitor Resistance pathway in NSCLC."
PMC11204876,2,key,2.3. docking potency of compounds in the cre,paragraph,10,10,SRC|STAT3|PIK3CA|MAPK1|EGFR|JAK1|ERBB2|MTOR|BRAF|ALK,,False,0.29411764705882354,13.0,medium,"The table showcases the effectiveness of the identified compounds from CRE, which were utilized for molecular docking with several key proteins: SRC, STAT3, PIK3CA, MAPK1 (ERK2), EGFR, JAK1, ERBB2 (HER2), MTOR, BRAF, and ALK."
PMC11385794,1,core,discussion,paragraph,82,10,STAT3|TLR4|HSP90AA1|JUN|MMP9|PTPRC|JAK2|PTGS2|KIT|CSF1R,10,True,0.2564102564102564,20.0,high,"In our study, preliminary results showed that 10 core targets, including STAT3, TLR4, HSP90AA1, JUN, MMP9, PTPRC, JAK2, PTGS2, KIT and CSF1R, that might be the key targets of 1,4-naphthoquinone scaffold-derived compounds against AML were identified."
PMC11385794,2,top,protein–protein interaction network analysis,paragraph,28,11,STAT3|TLR4|HSP90AA1|JUN|MMP9|PTPRC|JAK2|PTGS2|KIT|CSF1R|DCX,,False,0.18032786885245902,10.60655737704918,medium,"Finally, 10 top targets with greatest performance were obtained, including STAT3, TLR4, HSP90AA1, JUN, MMP9, PTPRC, JAK2, PTGS2, KIT and CSF1R. Moreover, Table 2 was included gene names, DC, BC and CC of these top 10 targets, and these top 10 targets may play the most important role in the progress of 1,4-naphthoquinone scaffold-derived compounds treatment of AML."
PMC11385794,3,core,clinical relevance of core genes,paragraph,76,3,HSP90AA1|MMP9|PTPRC,,False,0.06666666666666667,9.333333333333334,medium,"The results from the Bloodspot database showed that the expression level of HSP90AA1, MMP9 and PTPRC was significantly correlated with overall survival (P < 0.05), while the expression of the other core targets was not significantly related to the overall survival of AML patients (Fig."
PMC8741373,1,hub,results,paragraph,2,9,ESR1|HSP90AA1|JUN|MAPK1|MAPK14|MAPK8|RB1|RELA|TP53,,False,0.19148936170212766,18.829787234042552,high,"Prediction and analysis of protein-protein interactions resulted in the selection of nine hub genes (ESR1, HSP90AA1, JUN, MAPK1, MAPK14, MAPK8, RB1, RELA, and TP53). In addition, a total of four ingredients (petunidin, isorhamnetin, quercetin, and luteolin) from this Chinese medicine could act on these hub genes."
PMC8741373,2,core,3.6. ppi network of therapeutic targets for herbs against depression,paragraph,28,11,HSP90AA1|AKT1|MAPK1|CCND1|MAPK14|RB1|TP53|JUN|ESR1|RELA|MAPK8,11,True,0.3055555555555556,18.0,high,"We screened the nodes with a centrality value greater than the mean and finally obtained 11 core targets ( Figure 8 ). These core genes included HSP90AA1, AKT1, MAPK1, CCND1, MAPK14, RB1, TP53, JUN, ESR1, RELA, and MAPK8."
PMC8741373,3,key,results,paragraph,2,3,PRKACA|NCOA2|PPARA,,False,0.058823529411764705,13.176470588235293,low,"The compound target network consisted of 24 compounds and 138 corresponding targets, and the key targets involved PRKACA, NCOA2, PPARA, and so on. GO and KEGG analysis revealed that the most commonly used Chinese medicine could regulate multiple aspects of depression through these targets, related to metabolism, neuroendocrine function, and neuroimmunity."
PMC8741373,4,core,4. discussion,paragraph,34,3,IL17A|MAPK14|MAPK1,,False,0.10344827586206896,12.068965517241379,medium,"MAPKs are the core targets involved in the IL-17 signaling pathway. The possible effects are petunidin on MAPK14, isorhamnetin on MAPK14, quercetin on MAPK1, and luteolin on MAPK1."
PMC9580962,1,hub,construction of the ppi network,paragraph,26,11,MCC|CASP3|AKT1|SRC|MMP9|EGFR|ANXA5|IGF1|MAPK14|RHOA|HSP90AA1,10,True,0.20754716981132076,20.0,high,"Furthermore, the cytoHubba plugin was used to select the top 10 hub gene targets from the PPI network using the MCC method. The top 10 hub gene targets are CASP3, AKT1, SRC, MMP9, EGFR, ANXA5, IGF1, MAPK14, RHOA, and HSP90AA1 according to a degree in cytoHubba, and details are shown in Figure 3B ;"
PMC9580962,2,hub,construction of the ppi network,paragraph,26,10,CASP3|AKT1|SRC|MMP9|EGFR|ANXA5|IGF1|MAPK14|RHOA|HSP90AA1,10,True,0.3225806451612903,20.0,high,"The top 10 hub gene targets are CASP3, AKT1, SRC, MMP9, EGFR, ANXA5, IGF1, MAPK14, RHOA, and HSP90AA1 according to a degree in cytoHubba, and details are shown in Figure 3B ;"
PMC9580962,3,hub,abstract,paragraph,2,5,CASP3|AKT1|EGFR|MMP9|IGF1,10,False,0.16129032258064516,15.725806451612904,high,"Network topology analysis identified 10 hub targets, such as CASP3, AKT1, EGFR, MMP9, and IGF1. GO enrichment analysis mainly focuses on the negative regulation of the apoptotic process and signal transduction."
PMC9580962,4,hub,discussion,paragraph,45,4,CASP3|AKT1|EGFR|IGF1,10,False,0.07017543859649122,9.403508771929825,medium,"We further obtained 10 hub targets from 114 cross targets by constructing the PPI network and compound–target–disease network analysis. We selected four targets closely related to SLE together with a higher node degree in the network (CASP3, AKT1, EGFR, and IGF1), and performed molecular docking to verify the interaction between IGU and the four targets."
PMC11162075,1,key,kegg pathway enrichment analysis,paragraph,70,14,AKT1|MAPK3|IL6|TP53|VEGFA|TNF|SRC|MAPK1|STAT3|EGFR|CXCL8|JUN|CASP3|MAPK8,14,True,0.32558139534883723,17.0,high,"Above the degree of targets, the 14 key target points of the highest value were AKT1, MAPK3, IL6, TP53, VEGFA, TNF, SRC, MAPK1, STAT3, EGFR, CXCL8, JUN, CASP3, and MAPK8, suggesting that these 14 targets may be critical in AD with BSYJF treatment."
PMC11162075,2,key,discussion,paragraph,98,3,AKT1|AKT2|AKT3,,False,0.04838709677419355,9.967741935483872,low,"The AKT gene was the key target with the highest value, which was linked to Aβ deposition and AD development [ 21 ]. The Akt family kinases consist of three different subtypes (AKT1, AKT2, and AKT3), which are involved in the PI3K/AKT pathway and play a central role in many cellular processes, including promoting cell proliferation, impairing apoptosis, and so on [ 22 , 23 ]."
PMC11162075,3,key,the interaction of target–signaling pathway–network,paragraph,71,3,AKT1|BCL2|CASP3,,False,0.06818181818181818,8.363636363636363,medium,"The more edges of the node showed the higher description value, indicating that the node may be the key node for treating AD. These findings implied that the BSYJF components might have a strong potential to directly bind with AKT1, Bcl-2, and CASP3."
PMC6688518,1,hub,discussion,paragraph,21,7,CDK2|ESR1|EP300|RELA|TRAF6|TP53|STAT3,,False,0.16279069767441862,15.255813953488373,medium,"Through screening and integration of hub nodes, related signal pathways, and OP experimental research, we screened out CDK2, ESR1, EP300, RELA, TRAF6, TP53, and STAT3 by performing computer simulations of molecular docking in order to verify the enrichment pathway and T-T network."
PMC9005278,1,hub,4. discussion,paragraph,81,10,AKT1|IL6|TNF|TP53|JUN|PTGS2|CXCL8|MAPK8|MMP9|CASP3,10,True,0.3225806451612903,21.0,high,"The correlations of 99 common component-disease targets were presented in the PPI network, of which 10 hub genes were AKT1, IL6, TNF, TP53, JUN, PTGS2, CXCL8, MAPK8, MMP9, and CASP3."
PMC9005278,2,key,figure,caption,66,3,TNF|IL6|PTGS2,3,True,0.12,17.4,high,"Molecular docking model of the top 3 key target proteins with the highest docking scores docked with quercetin. (a) TNF, (b) IL6, and (c) PTGS2."
PMC12027698,1,key,2.2.7. detection of protein levels in the jak/stat3 and pi3k/akt pathways,paragraph,16,3,STAT3|AKT1|TP53,,False,0.046875,7.9375,low,"We used Western blot to measure the expression levels of key proteins in the JAK/STAT3 and PI3K/AKT pathways (like PI3K, AKT1, and TP53) in rat mandibular bone tissue. The results indicated that, compared to the SOG, the expression levels of JAK (p-JAK) and STAT3 (p-STAT3) proteins were significantly lower in the OVX group ( p < 0.01) ( Figure 4 A,B)."
PMC6899322,1,core,results,paragraph,2,10,TNF|IL1A|CSF2|IFNG|CTLA4|IL18|DPP4|CXCL8|IL6|MAP3K14,9,True,0.15384615384615385,22.076923076923077,high,"Networks showed that 9 core targets (TNF, IL1 β , CSF2, IFNG, CTLA4, IL18, CD26, CXCL8, and IL6) of RA were based on Venn diagrams. In addition, molecular docking simulation indicated that CSF2, IL1 β , TNF, and IL6 had good binding activity with the corresponding compounds (degree > 10).The 6 compounds (degree ≥ 5) of HS and essential oil had good interaction with 5 or more targets."
PMC6899322,2,core,5. conclusions,paragraph,27,5,MAP3K14|CSF2|IL1A|TNF|IL6,4,True,0.14705882352941177,19.941176470588236,high,"HS exerted treatment effects on RA by regulating 4 core targets (CSF2, IL1 β , TNF, and IL6), which involved in 15 pathways such as rheumatoid arthritis, TNF signaling pathway, and cytokine-cytokine receptor interaction."
PMC6899322,3,core,3.3. protein-protein interaction (ppi) network and hub gene of ra,paragraph,17,9,TNF|IL1A|CSF2|IFNG|CTLA4|IL18|CD28|CXCL8|IL6,9,True,0.16363636363636364,18.272727272727273,high,"9 core targets (TNF, IL1 β , CSF2, IFNG, CTLA4, IL18, CD28, CXCL8, and IL6) are shown in Figure 5(b) . 9 core targets entered into String database: a total of 9 nodes, number of edges of 34, average node degree of 7.56, with PPI enrichment P value < 6.2 E − 13 ( Figure 5(c) )."
PMC6899322,4,core,3.4. molecular docking verification,paragraph,18,9,TNF|IL1A|CSF2|IFNG|CTLA4|IL18|DPP4|CXCL8|IL6,8,True,0.23684210526315788,18.0,high,"These 8 core targets (TNF, IL1 β , CSF2, IFNG, CTLA4, IL18, CD26, CXCL8, and IL6) were inputted into sybyl 2.1.1 for molecular docking verification ( Figure 6 ). A total of 47 compound combinations were delivered into docking."
PMC9678516,1,core,4. discussion,paragraph,95,9,AKT1|TP53|MAPK1|MAPK8|JUN|IL6|TNF|MAPK3|EGFR,10,True,0.15254237288135594,19.05084745762712,high,"Using PPI network analysis to assess the 10 core targets for drug-diseases interactions, AKT1, TP53, MAPK1, MAPK8, JUN, IL6, TNF, STST3, MAPK3, EGFR, etc. AKT, also known as protein kinase B (PKB), is a serine/threonine kinase that participates in a variety of important cell signal transduction pathways, including cell survival, proliferation, invasion, apoptosis, and angiogenesis were observed."
PMC9678516,2,core,3.4.2. screening of key targets based on ppi network .,paragraph,32,7,SREBF1|ICAM1|AHR|FOS|SPP1|HIF1A|PRKCD,7,True,0.5384615384615384,18.0,high,"The core targets identified were SREBF1, ICAM1, AHR, FOS, SPP1, HIF1A, and PRKCD."
PMC9678516,3,core,5. conclusion,paragraph,98,10,AKT1|TP53|MAPK1|MAPK8|JUN|IL6|TNF|MAPK3|EGFR|IL17A,,False,0.15151515151515152,16.03030303030303,high,"The core targets (AKT1, TP53, MAPK1, MAPK8, JUN, IL6, TNF, STST3, MAPK3, and EGFR) play an important role in CRAs. In addition, the KEGG analysis conducted in this study shows that the intervention of TKD on CRA is related to multiple pathways, including the AGE-RAGE signaling pathway in diabetic complications, lipid metabolism, atherosclerosis, IL-17 signaling, small cell lung cancer, hepatitis-C, and TNF signaling."
PMC9883450,1,potential,compounds-target interaction analysis by molecular docking and molecular dynamic simulation,paragraph,25,5,STAT3|VEGFA|HSP90AA1|FGF2|IL2,5,True,0.1724137931034483,12.448275862068966,high,"Among the 17 main targets of Aspiletreins in NSCLC, the top 5 potential targets, including STAT3, VEGFA, HSP90AA1, FGF2, and IL-2, were investigated for possible interaction with Aspiletreins."
PMC8675883,1,key,figure,caption,93,5,VEGFA|SRC|PTGS2|TLR4|APP,,False,0.17857142857142858,14.571428571428571,medium,"Among them, the degree values of VEGFA, SRC, PTGS2, TLR4 and APP were 39, 32, 27, 26, and 24, respectively, which were the key nodes of the network."
PMC8675883,2,key,abstract,paragraph,2,4,IL1B|IL6|TNF|IRF6,,False,0.057971014492753624,14.159420289855072,low,"The molecular docking showed that the top five key targets were of good binding activity with the active components of Guizhi. To in vitro experiment, CA, the main active component of Guizhi, inhibited the secretion of IL-1β, IL-6, TNF-α in LPS challenged RAW264.7 cells, and down regulated the protein expression of p-NF-κB p65 and p-p38 MAPK in LPS challenged RAW264.7 cells."
PMC8675883,3,important,molecular docking,paragraph,101,3,VEGFA|TLR4|APP,,False,0.06,6.2,low,"Through molecular docking, it was found that the above five important targets had good binding activities with the active components of Guizhi ( Table 5 ) ( Figure 6 ). Among them, CA showed good binding activity to VEGFA, TLR4 and APP with binding energy of −6.8,−9.6, and−9.6, respectively."
PMC12808706,1,core,abstract,paragraph,0,3,TP53|IL6|AKT1,15,False,0.075,11.5,medium,"Network analysis prioritized 15 key components ( baicalein and quercetin) and 36 core targets (TP53, IL6, and AKT1). Functional enrichment revealed involvement in hormone response, MAPK cascade regulation, and kinase binding with pathways including lipid metabolism, PI3K/Akt, and MAPK signaling."
PMC11326102,1,core,discussion,paragraph,38,8,EGFR|MMP9|PTGS2|SIRT1|NOS3|ICAM1|PPARG|MMP2,,False,0.16666666666666666,14.333333333333332,medium,"By analysis of the PPI network, our study revealed that the core targets were EGFR, MMP9, PTGS2, SIRT1, NOS3, ICAM1, PPARG, MMP2 and ACE. EGFR is expressed in 100% of hormone-refractory PCa metastases, which indicates that this receptor is the main transduction pathway for tumour growth[ 27 ]."
PMC11326102,2,key,analysis of the ppi network,paragraph,23,9,EGFR|MMP9|PTGS2|SIRT1|NOS3|ICAM1|VCAM1|PPARG|MMP2,,False,0.21428571428571427,12.0,medium,"PPI network analysis revealed 10 genes with scores higher than the mean, which were selected as key targets. The top 10 nodes were EGFR , MMP9 , PTGS2 , SIRT1 , NOS3 , ICAM1 , VCAM1 , PPARG , MMP2 and ACE , and these nodes had 49 edges (Figure 3C )."
PMC11326102,3,top,molecular docking,paragraph,30,4,MMP2|MMP9|NOS3|SIRT1,,False,0.13333333333333333,8.666666666666666,medium,"The top 4 targets, including MMP2, MMP9, NOS3 and SIRT1, had the greatest binding affinity for the 2 main active components of CC (asponguanosines A and aspongpyrazine A) (Table 1 )."
PMC11310868,1,hub,abstract,paragraph,0,10,NPC1|AKT1|BCL2|CASP3|CTNNB1|ESR1|HSP90AA1|MMP9|STAT3|IL17A,8,False,0.3333333333333333,19.0,high,"Network pharmacology analysis identified 117 potential targets of morusin against NPC, with 8 hub targets including AKT1, BCL2, CASP3, CTNNB1, ESR1, HSP90AA1, MMP9, STAT3, and the IL-17 signaling pathway."
PMC11310868,2,hub,discussion,paragraph,26,8,NPC1|AKT1|CTNNB1|HSP90AA1|BCL2|STAT3|CASP3|ESR1,,False,0.21052631578947367,16.0,medium,"Additionally, PPI network construction, GO, and KEGG pathway enrichment analyses allowed the identification of eight hub targets from a pool of 117 targets of morusin against the NPC, namely AKT1, CTNNB1, HSP90AA1, BCL2, STAT3, CASP3, ESR1, and MMP."
PMC11310868,3,hub,molecular docking,paragraph,9,8,AKT1|BCL2|CASP3|CTNNB1|ESR1|HSP90AA1|MMP9|STAT3,,False,0.16666666666666666,14.333333333333332,medium,"Briefly, the molecular structures of hub targets were obtained from Protein Data Bank (PDB), including AKT1 (PDB-ID:1h10), BCL2 (PDB-ID:1g5m), CASP3 (PDB-ID:1nme), CTNNB1 (PDB-ID:2z6h), ESR1 (PDB-ID:2bj4), HSP90AA1 (PDB-ID:1byq), MMP9 (PDB-ID:1gkc), and STAT3 (PDB-ID:6njs)."
PMC11310868,4,core,distribution of core target expression in npc tissue,paragraph,21,9,NPC1|AKT1|CTNNB1|HSP90AA1|CASP3|BCL2|STAT3|MMP9|ESR1,,False,0.20454545454545456,13.0,medium,"Overall, this comprehensive analysis provides insights into the distribution of core target expression within the complex microenvironment of NPC tissue, showing the potential significance of AKT1, CTNNB1, HSP90AA1, CASP3, BCL2, STAT3, and MMP9 in driving NPC pathogenesis, while highlighting ESR1's potential regulatory divergence."
PMC11310868,5,core,identification of the anti-npc comprehensive pathway analysis of morusin,paragraph,20,10,MCC|NPC1|AKT1|CTNNB1|HSP90AA1|BCL2|STAT3|CASP3|ESR1|MMP9,8,False,0.3125,11.0,medium,"By employing algorithms such as MNC, Degree and MCC of CytoHubba, 8 core targets were identified as focal in NPC modulation, including AKT1, CTNNB1, HSP90AA1, BCL2, STAT3, CASP3, ESR1, and MMP9 (Fig."
PMC9371493,1,core,abstract,paragraph,2,6,STAT3|IL6|JUN|VEGFA|MAPK14|AKT1,,False,0.09523809523809523,16.904761904761905,medium,"STAT3, IL6, JUN, VEGFA, MAPK14, and AKT1 are the core target proteins of the active compounds, among which VEGFA and AKT1 are the key target proteins. PPI network results showed that β-carotene, quercetin, kaempferol, luteolin, and naringenin had higher degree values and more corresponding targets than other 5 active compounds and had the stable binding ability to regulatory proteins VEGFA and AKT1."
PMC9371493,2,key,abstract,paragraph,2,3,VEGFA|AKT1|IL17A,,False,0.06521739130434782,14.304347826086957,medium,"The core components β-carotene, quercetin, kaempferol, and luteolin exerted their therapeutic effects on AS by acting on the key target proteins VEGFA and AKT1 to regulate fluid shear stress and the AGE-RAGE signaling pathway and IL-17 signaling pathway of diabetic complications of AS."
PMC9371493,3,core,3.3. construction of the ppi network and key node screening,paragraph,54,5,STAT3|IL6|VEGFA|MAPK14|AKT1,,False,0.20833333333333334,13.0,medium,"Based on the PPI network’s degree values, the top 6-core target proteins were STAT3, IL6, Jun, VEGFA, Mapk14, and AKT1 (Fig. 4 )."
PMC12120097,1,key,protein–protein interaction network of ppi-related hcc targets,paragraph,32,11,JUN|IL6|PTGS2|FOS|EGF|MMP9|CXCL8|MAPK1|CASP3|IL1B|RPS5,10,True,0.3235294117647059,17.0,high,"Specifically, JUN, IL6, PTGS2, FOS, EGF, MMP9, IL8, MAPK1, CASP3 and IL1B are the top 10 key proteins, which are associated with the cell growth, apoptosis and migration of tumor cells (Supplementary Table S5)."
PMC12120097,2,key,discussion,paragraph,54,9,JUN|IL6|PTGS2|FOS|EGF|MMP9|CXCL8|MAPK1|CASP3,,False,0.16363636363636364,13.272727272727273,medium,"We constructed a protein–protein interaction network using the 90 overlapping targets and analyzed the network topology to identify key targets based on their connectivity. Our analysis revealed that 30 targets, including JUN, IL6, PTGS2, FOS, EGF, MMP9, IL8, MAPK1, and CASP3, exhibited high connectivity, suggesting their crucial roles in PPI's anti-HCC effects."
PMC12120097,3,potential,analysis of effective components—gene symbols—disease network,paragraph,29,5,EGFR|STAT3|MMP3|CASP3|CASP7,,False,0.15625,6.125,low,"Among the 90 potential targets of PPI, there are targets related to cell proliferation, cell invasion and metastasis, such as EGFR, STAT3, MMP3, and apoptosis-related targets, such as CASP3 and CASP7."
PMC8741256,1,core,molecular docking results,paragraph,93,3,SHD|INS|IL6,,False,0.07317073170731707,14.463414634146341,medium,"We selected the centrality value, centricity value and grade value of SHD in the ‘herb-compound-target’ network and comprehensively ranked the three active compounds (naringenin, luteolin and apigenin) their corresponding core targets (INS, Akt and IL-6) for docking analysis."
PMC8741256,2,hub,ppi network construction,paragraph,86,10,INS|AKT1|IL6|MAPK3|CASP3|VEGFA|MAPK8|PTGS2|EGF|JUN,,False,0.21739130434782608,14.0,medium,"As a key node to evaluate the entire network, hub targets are defined by their number of interactions. As shown in Figure 4(B) , the target genes INS, Akt1, IL6, MAPK3, CASP3, VEGFA, MAPK8, PTGS2, EGF and JUN were likely the core targets in the network."
PMC8741256,3,key,discussion,paragraph,106,4,CREB1|TNF|IL6|SHD,,False,0.07692307692307693,10.538461538461538,medium,"Five key targets (PI3K, Akt, CREB1, TNF-α and IL-6) were validated through pharmacological experiments. By network pharmacological analysis, nine components (apigenin, luteolin, nobiletin, naringenin, beta-sitosterol, emodin, tetramethoxyluteolin, isosinensetin and tangeretin) with more than 10 target genes were identified as key components of the effect of SHD against ischaemic stroke."
PMC8926352,1,hub,5 discussion,paragraph,81,6,TNF|CHRM1|IL10|PTGS2|REN|F2,,False,0.1111111111111111,13.222222222222221,medium,"In the PPI network, a total of 14 targets, such as TNF, CHRM1, ACE, IL10, PTGS2, REN, and F2, were the hub targets of MVO for treating hypertension. Studies have shown that those targets are closely related to thrombus formation and inflammation, which are involved in the development of hypertension ( Otterdal et al., 2008 )."
PMC8926352,2,top,4.2.4 the construction and analysis of ppi network,paragraph,51,13,TNF|CHRM1|IL10|PTGS2|REN|F2|SLC6A3|GABRA6|GRIA2|CHRNA7|GABRA1|CHRM2|GABRA2,,False,0.40625,11.0,medium,"Based on the degree principle of each target, TNF, CHRM1, ACE, IL10, PTGS2, REN, F2, SLC6A3, GABRA6, GRIA2, CHRNA7, GABRA1, CHRM2, and GABRA2 were determined as the hub’s top 14 targets."
PMC9675225,1,hub,conclusions,paragraph,69,7,RPS6|MAPK1|MAPK3|MDM2|DDX5|TP53|MITF,,False,0.18421052631578946,17.684210526315788,high,"Finally, pathway-gene network analysis indicated that RPS6 , MAPK1 , MAPK3 , MDM2 , DDX5 , and TP53 might be the key target genes of SJC in the treatment of MI, and the drug-key compounds-hub targets-pathways network was constructed."
PMC9675225,2,hub,discussion,paragraph,68,5,RELA|EGFR|MYC|AKT1|MITF,,False,0.1111111111111111,14.222222222222221,medium,"By integrating the compound anti-MI targets network and pathway-gene network, several hub targets with related pathways associated with key compounds of SJC were also identified, including RELA , EGFR , MYC , AKT1 , and so on, which might directly mediate the action of SJC on MI."
PMC9675225,3,core,discussion,paragraph,68,6,RPS6|MAPK1|MAPK3|MDM2|DDX5|TP53,,False,0.15384615384615385,14.076923076923077,medium,"RPS6 was regarded as the core target due to its highest BC value, and the other 5 genes, including MAPK1 , MAPK3 , MDM2 , DDX5 , and TP53, were identified as the key target genes thanks to their higher BC value too."
PMC9675225,4,key,construction of the pathway-target network,paragraph,58,5,MAPK1|MAPK3|MDM2|DDX5|TP53,,False,0.1388888888888889,9.777777777777779,medium,"Meanwhile, several other genes presented with a larger BC, such as MAPK1 , MAPK3 , MDM2 , DDX5 , and TP53 , also play important roles in this network They might be the key target genes for SJC against male infertility."
PMC9675225,5,candidate,networks construction and candidate target identification,paragraph,12,3,MITF|DCX|LCT,,False,0.05263157894736842,5.052631578947368,low,"To identify the candidate targets of SJC against MI, we merged the PPI network of SJC targets and the PPI network of MI-related genes, and the candidate targets were then obtained by limiting topological parameters, including betweenness centrality (BC), degree centrality (DC), closeness centrality (CC), eigenvector centrality (EC), network centrality (NC), and local average connectivity (LAC)."
PMC8084007,1,important,discussion,paragraph,50,6,PTGS2|AR|NOS2|PPARG|ESR1|CHRM3,,False,0.13636363636363635,10.727272727272727,low,"According to degree ranking of main targets, prostaglandin G/H synthase2 (PTGS2), androgen receptor (AR), nitric oxide synthase2 (NOS2), peroxisome proliferator-activated receptor gamma (PPARG), estrogen receptor 1 (ESR1), and muscarinic acetylcholine receptor M3 (CHRM3) are the important targets involved in HQ against aging."
PMC9205703,1,key,abstract,paragraph,0,7,ALB|CCND1|ESR1|AR|CCNA2|AURKA|HYCC1,,False,0.14285714285714285,16.857142857142858,high,"Moreover, a total of six key differential genes, namely, ALB, CCND1, ESR1, AR, CCNA2, and AURKA, were identified as most significant targets associated with lenvatinib treating HCC and further verified by molecular docking, which demonstrated that lenvatinib had a strong binding efficiency with these six key gene-encoded proteins."
PMC9205703,2,core,3.5. molecular docking of lenvatinib with five candidate core targets,paragraph,17,6,ALB|CCND1|ESR1|AR|CCNA2|AURKA,,False,0.13333333333333333,11.666666666666666,medium,"In the current study, according to core target genes in the PPI network, the key genes with degree values in the top six were selected, namely ALB, CCND1, ESR1, AR, CCNA2, and AURKA, to perform molecular docking analyses of these gene-encoded proteins with lenvatinib."
PMC9205703,3,key,4. discussion,paragraph,21,3,HYCC1|MMP2|MMP9,,False,0.05454545454545454,10.09090909090909,low,"Furthermore, a total of six key target genes were obtained in accordance with the above analysis of network pharmacology. Among these genes, ALB-encoded albumin performs an integra function in HCC progression as a tumor suppressor and inhibition of albumin enhanced the migration and invasion of HCC cells by upregulating MMP2, MMP9, and uPAR [ 25 ]."
PMC10680469,1,key,ppi network analysis,paragraph,74,5,AKT1|IL6|TP53|TNF|IL1B,,False,0.16666666666666666,11.333333333333332,medium,"The top five targets are AKT1, IL-6, TP53, TNF and IL-1β, which can be considered as key targets in the anti-UC pharmacological mechanism of BYD ( Table 6 )."
PMC10680469,2,top,molecular docking analysis,paragraph,96,5,AKT1|ID1|IL6|TP53|TLR4,,False,0.12195121951219512,10.439024390243903,medium,"According to network pharmacology results and animal experiments, quercetin (MOL000098) and kaempferol (MOL000422) were screened for molecular docking with the top 4 targets, AKT1 (PDB ID: 1UNQ), IL-6 (PDB ID: 1ALU), TP53 (PDB ID: 7DHZ) and TLR4 (PDB ID: 2Z62)."
PMC10844032,1,core,result,paragraph,3,12,CASP3|IL1B|IL6|TNF|TP53|GAPDH|PTGS2|MYC|INS|VEGFA|ESR1|PPARG,12,True,0.23529411764705882,23.0,high,"Among them, 12 core targets (CASP3, IL1B, IL6, TNF, TP53, GAPDH, PTGS2, MYC, INS, VEGFA, ESR1, PPARG) were identified. Gene Ontology enrichment analysis demonstrated significant associations with the regulation of inflammatory response, cell apoptosis, and the positive regulation of extracellular regulated protein kinases 1 and extracellular regulated protein kinases 2 cascades."
PMC10111676,1,overlap,the selection of sms and its targets from gm,paragraph,41,3,SEA|SMS|PPP1R3A,,False,0.12,7.4,low,The overlapping targets identified by SEA and STP were identified as critical targets associated with SMs from GM. It is defined as GM-related targets.
PMC10111676,2,overlap,the secondary metabolites (sms) of as and its targets,paragraph,48,3,SMS|ID1|HBD,25,False,0.01276595744680851,1.2553191489361701,low,"The 25 overlapping targets were considered as significant protein-coding gene associated with AS. Table 2 The physicochemical properties of the secondary metabolites (SMs) of Avena sativa (AS) identified by NPASS No Compounds PubChem ID Lipinski's Rules Lipinski's Violations Bioavailability Score TPSA(Å 2 ) MW HBA HBD MLog P < 500 < 10 ≤ 5 ≤ 4.15 ≤ 1 > 0.1 < 140 1 Castanin 5281704 298.29 5 1 1.01 0 0.55 68.90 2 4',7,8-Trihydroxyisoflavone 5466139 270.24 5 3 0.52 0 0.55 90.90 3 (-)-Epicatechin 72276 290.27 6 5 0.24 0 0.55 110.38 4 (-)-Catechin 73160 290.27 6 5 0.24 0 0.55 110.38 5 Protocatechuic Acid 72 154.12 4 3 0.40 0 0.55 77.76 6 Spermidine 1102 145.25 3 3 0.08 0 0.55 64.07 7 Formononetin 5280378 268.26 4 1 1.33 0 0.55 59.67 8 (3S)-Vestitol 177149 272.30 4 2 1.87 0 0.55 58.92 9 Raspberryketone 21648 164.20 2 1 1.74 0 0.55 37.30 10 Medicarpin 336327 270.28 4 1 1.87 0 0.55 47.92 11 Vestitol 92503 272.30 4 2 1.87 0 0.55 58.92 12 Mdl-26752 492218 244.42 4 4 1.03 0 0.55 76.10 Fig."
PMC9524248,1,core,discussion,paragraph,37,3,STAT3|STAT1|HIF1A,,False,0.07692307692307693,11.538461538461538,medium,"Consistent with the results of the gene–pathway network, STAT3, STAT1, and HIF1A are the main targets in the PPI network with median values, suggesting that they may be the core targets of FFXST in the treatment of IS."
PMC9524248,2,key,gene ontology and kyoto encyclopedia of genes and genomes pathway enrichment analyses,paragraph,26,4,STAT3|STAT1|HIF1A|RPS5,,False,0.13793103448275862,10.758620689655173,medium,"The genes of STAT3, STAT1, and HIF1A related to the greatest number of signaling pathways might be the key genes for FFXST against IS ( Figure 8 ; Supplementary Table S5 )."
PMC9524248,3,intersection,discussion,paragraph,37,10,PTGS2|AKR1B1|MMP9|CD40LG|STAT3|STAT1|CYP1B1|AKR1C3|HIF1A|HK2,33,False,0.2702702702702703,8.0,low,"The topological analysis of the PPI network was performed for 33 intersection genes, revealing 33 strongly related proteins, among which 10 proteins (PTGS2, AKR1B1, MMP9, CD40LG, STAT3, STAT1, CYP1B1, AKR1C3, HIF1A, and HK2) are the predicted targets."
PMC12928922,1,core,3.7. molecular docking results,paragraph,39,9,AKT1|PTGS2|IL6|TNF|ESR1|ACHE|PPARG|CYP3A4|RELA,,False,0.225,19.0,high,"[ 15 ] Molecular docking analyses were conducted to assess the binding affinities between core target proteins (AKT1, PTGS2, IL-6, TNF, ESR1, ACHE, PPARG, CYP3A4, and RELA) and their corresponding active compounds : kaempferol, (−)-dihydroquercetin, β-sitosterol, epicatechin, dihydroquercetin, (+)-catechin, and paeoniflorin."
PMC12928922,2,core,abstract,paragraph,0,5,AKT1|IL6|TNF|CYP2B6|IL17A,,False,0.06578947368421052,15.315789473684212,medium,"The antidepressant mechanism of the Guizhi–Baishao pair may involve multiple active compounds (such as kaempferol, dihydroquercetin, β-sitosterol, epicatechin, catechin, and paeoniflorin) regulating core proteins like RAC-αserine/threonine protein kinase, prostaglandin G/H synthase, IL-6, TNF, estrogen receptor 1, acetylcholinesterase, peroxisome proliferator-activated receptor γ, cytochrome P450 3A4 enzyme, and NF-κB p65 protein, as well as pathways related to apoptosis, T helper 17 cell differentiation, TNF, IL-17, and NF-κB signaling."
PMC12928922,3,core,abstract,paragraph,0,3,AKT1|TNF|CYP2B6,,False,0.057692307692307696,15.153846153846153,low,"Protein interaction analysis revealed core targets potentially influenced by the active compounds, including RAC-α serine/threonine protein kinase, prostaglandin G/H synthase, interleukin (IL)-6, tumor necrosis factor (TNF), estrogen receptor 1, acetylcholinesterase, sodium-dependent neurotransmitter transporter, peroxisome proliferator-activated receptor γ, cytochrome P450 3A4 enzyme, and NF-κB p65 protein."
PMC12928922,4,key,5. conclusion,paragraph,53,10,AKT1|PTGS2|IL6|TNF|ESR1|ACHE|PPARG|CYP3A4|RELA|IL17A,,False,0.19230769230769232,14.846153846153847,high,"The results suggest that bioactive compounds such as kaempferol, paeoniflorin, (+)-catechin, (–)-dihydroquercetin, β-sitosterol, epicatechin, and dihydroquercetin may exert antidepressant effects by interacting with key targets including AKT1, PTGS2, IL-6, TNF, ESR1, ACHE, PPARG, CYP3A4, and RELA, while also modulating major signaling pathways including IL-17, NF-κ B, and TNF."
PMC12928922,5,core,3.3. ppi network analysis,paragraph,23,10,AKT1|PTGS2|IL6|TNF|ESR1|ACHE|PPARG|CYP2B6|CYP3A4|RELA,,False,0.14285714285714285,11.857142857142858,medium,"the outer green circles represent the related proteins, while the inner red circles denote the core proteins, including RAC-αserine/threonine protein kinase (AKT1), prostaglandin G/H synthase 2 (PTGS2), IL-6, tumor necrosis factor (TNF), estrogen receptor 1 (ESR1), acetylcholinesterase (ACHE), solute carrier family 6 member 4, peroxisome proliferator-activated receptor gamma (PPARG), cytochrome P450 family 3 subfamily A member 4 (CYP3A4), and NF-kappa B p65 protein (RELA)."
PMC9560825,1,key,4. discussion,paragraph,59,12,AKT1|ESR1|SRC|CASP3|EGFR|IGF1|MMP9|HSP90AA1|RHOA|ANXA5|MDM2|MAPK14,13,True,0.23076923076923078,19.0,high,"In order to further explore the role of Forsythoside A in the treatment of male infertility, this study also molecularly docked Forsythoside A with 13 key targets. The results showed that Forsythoside A had a good combination with AKT1, ESR1, SRC, CASP3, EGFR, IGF1, MMP9, HSP90AA1, RHOA, ANXA5, MDM2, and MAPK14, respectively."
PMC9560825,2,key,3.4. molecular docking,paragraph,33,13,AKT1|ESR1|SRC|CASP3|EGFR|IGF1|MMP9|HSP90AA1|RHOA|ANXA5|MDM2|MAPK14|MMP2,13,True,0.35135135135135137,17.0,high,"In order to further study the relationship between these 13 key targets (AKT1, ESR1, SRC, CASP3, EGFR, IGF1, MMP9, HSP90AA1, RHOA, ANXA5, MDM2, MAPK14, MMP2) and Forsythoside A. We used Sybyl X2.0 software for molecular docking."
PMC9560825,3,key,3.2. common genes of drugs and diseases and their biomolecular network regulation model,paragraph,21,14,AKT1|ESR1|SRC|CASP3|EGFR|IGF1|MMP9|HSP90AA1|RHOA|IGKV2D-26|ANXA5|MDM2|MAPK14|MMP2,13,True,0.15053763440860216,16.010752688172044,high,"After inputting its interaction information into Cytoscape software, a PPI network diagram was obtained (see Figure 3 ), and 13 key genes were screened out (serine/threonine kinase 1 (AKT1), estrogen receptor 1 (ESR1), SRC Proto-Oncogene, Non-Receptor Tyrosine Kinase (SRC), caspase 3 (CASP3), epidermal growth factor receptor (EGFR), insulin-like growth factor 1 (IGF1), matrix metallopeptidase 9 (MMP9), heat shock protein 90 alpha family class A member 1 (HSP90AA1), ras homolog family member A (RHOA), annexin A5 (ANXA5), proto-oncogene (MDM2), mitogen-activated protein kinase 14 (MAPK14), and matrix metallopeptidase 2 (MMP2))."
PMC12531212,1,key,network pharmacology and analysis,paragraph,24,6,ESR1|PPARG|CASP3|CA2|BAX|PES1,,False,0.13333333333333333,9.666666666666666,medium,"Through network pharmacology analysis, several key targets were identified (degree>6), including ESR1, PPARG, CASP3, CA2, and BAX. Additionally, the analysis highlighted critical active ingredients (degree>18), such as quercetin, baicalin, beta-sitosterol, and wogonin, which play significant roles in the therapeutic effects of PEs."
PMC7937485,1,key,results,paragraph,1,4,IL6|TNF|VEGFA|AKT1,,False,0.1111111111111111,14.222222222222221,high,"PPI network showed that the top ten key targets were IL6, TNF, VEGFA, AKT1, etc. The enrichment analysis demonstrated candidate BHD targets were more frequently involved in TNF, PI3K-Akt, and NF-kappa B signaling pathway."
PMC7937485,2,central,3.4.2. compound-target network analysis,paragraph,24,10,IL6|MMP9|TNF|AKT1|ICAM1|IL1B|PTGS2|IL10|VEGFA|MAPK1,,False,0.23255813953488372,10.0,medium,"In this network, we could find that one target could be hit by several compounds (central nodes, such as IL6, MMP-9, TNF, AKT1, ICAM1, IL1B, PTGS2, IL-10, VEGFA, and MAPK1), but some were modulated by only one compound in this network."
PMC7937485,3,potential,4. discussion,paragraph,31,4,TNF|IL1B|MYC|TGFB1,,False,0.13333333333333333,7.666666666666666,low,"In this present study, TNF, IL-1B, MYC, and TGFB1 are potential targets of BHD, suggesting that BHD plays a neuroprotective role against ischemia-reperfusion injury through TNF signaling pathway."
PMC12358392,1,core,figure,caption,38,3,JAK2|STAT3|AKT1,11,False,0.17647058823529413,10.529411764705882,medium,"(D, E) PPI network and core targets. 11 key targets (JAK2, STAT3, AKT1, etc.) identified via CytoHubba."
PMC12358392,2,key,figure,caption,38,4,JAK2|STAT3|AKT1|MCC,11,False,0.16666666666666666,9.833333333333332,medium,"11 key targets (JAK2, STAT3, AKT1, etc.) identified via CytoHubba. (F) Subnetwork of top-ranked targets from MCC algorithm analysis, highlighting high-confidence interactions."
PMC11132292,1,top,"protein-protein interaction, go and kegg pathway enrichment analysis",paragraph,25,7,LIAS|TNF|HSP90AA1|GCK|AKR1B1|RBP4|TTR,,False,0.14583333333333334,9.916666666666668,medium,"The top genes that are pivotal to T2DM targeted by LS and MC compounds include TNF, HSP90AA1, GCK, AKR1B1, ADLH2, RBP4 and TTR. The centrality gives an estimate of how important a particular node is and is commonly measured using the degree, the betweenness and the closeness centrality."
PMC9732420,1,potential,figure,caption,62,16,MMP9|CA2|FBP1|CCNA1|CCNA2|CDK2|AOC3|MMP1|TOP2A|AURKA|CDK1|CCNB1|CCNB2|KCNQ1|ADORA2B|GABRE,,False,0.37209302325581395,12.0,low,The 3D molecular docking models between DHA and potential targets. (A) MMP9; (B) CA2; (C) FBP1; (D) CCNA1; (E) CCNA2; (F) CDK2; (G) AOC3; (H) MMP1; (I) TOP2A; (J) AURKA; (K) CDK1; (L) CCNB1; (M) CCNB2; (N) KCNQ1; (O) ADORA2B; and (P) GABRE.
PMC8328704,1,core,results,paragraph,2,6,AKT1|TP53|RELA|JUN|CDKN1A|EGFR,,False,0.15789473684210525,17.157894736842106,high,"Molecular docking demonstrated that these core targets had a great binding affinity with quercetin, kaempferol, isorhamnetin, and formononetin components. ROC curve analysis showed that AKT1, TP53, RELA, JUN, CDKN1A, and EGFR are effective in discriminating DN from controls."
PMC8328704,2,hub,figure,caption,148,10,MAPK1|AKT1|GSK3B|CDKN1A|TP53|RELA|MYC|GRB2|JUN|EGFR,,False,0.43478260869565216,17.0,medium,"Receiver operating characteristic curves of hub genes, including MAPK1, AKT1, GSK3B, CDKN1A, TP53, RELA, MYC, GRB2, JUN, and EGFR in the GSE30528 dataset."
PMC8328704,3,core,4. discussion,paragraph,154,7,MAPK1|AKT1|TP53|RELA|MYC|GRB2|EGFR,,False,0.20588235294117646,15.0,medium,"The core genes MAPK1, AKT1, TP53, RELA, MYC, GRB2, and EGFR are involved directly or indirectly in the PI3K-Akt signaling pathway regulating cell proliferation and MAPK signaling pathway resulting in apoptosis [ 93 – 96 ]."
PMC8328704,4,hub,4. discussion,paragraph,158,4,TP53|AKT1|RELA|JUN,,False,0.11764705882352941,13.352941176470589,medium,"TP53, AKT1, RELA, and JUN with an AUC of 0.97436, 0.93162, 0.92308, and 0.86325, respectively, indicate that these hub genes exhibit high diagnostic values to distinguish DN patients and controls."
PMC8328704,5,core,3.5. construction of the component-target-pathway network,paragraph,139,11,MAPK1|ID1|AKT1|GSK3B|CDKN1A|TP53|RELA|MYC|GRB2|JUN|EGFR,,False,0.14102564102564102,12.820512820512821,medium,"Hence, we speculated that quercetin (MOL000098), kaempferol (MOL000422), isorhamnetin (MOL000354), and formononetin (MOL000392) regulate the PI3K-Akt signaling pathway, viral carcinogenesis, microRNAs in cancer, cell cycle, and MAPK signaling pathway, and so on, via core target genes MAPK1 (PDB ID: 4iz5), AKT1 (PDB ID: 1unq), GSK3B (PDB ID: 4afj), CDKN1A (PDB ID: 2zvw), TP53 (PDB ID: 2k8f), RELA (PDB ID: 1nfi), MYC (PDB ID: 5g1x), GRB2 (PDB ID: 1gri), JUN (PDB ID: 1s9k), and EGFR (PDB ID: 5wb7)."
PMC12594247,1,core,discussion,paragraph,80,10,AR|TNF|AKT1|MMP9|BCL2|IL2|PTGS2|VCAM1|ICAM1|RELA,18,False,0.29411764705882354,10.0,medium,"This study utilized network pharmacology analysis to identify 123 possible targets for XBY in AR, comprising 18 core targets, such as TNF, AKT1, MMP9, BCL2, IL-2, PTGS2, VCAM-1, ICAM-1, and RELA."
PMC11394753,1,key,3.4. construction of ppi network,paragraph,31,15,TP53|PPARG|ESR1|TNF|CCL2|AKT1|RELA|MAPK1|IL6|CXCL8|IL1A|IL4|IL10|IL1B|IFNG,15,True,0.35714285714285715,17.0,high,"By screening and removing duplicate targets from the first six targets in each item, 15 key targets were obtained ( Figure 2 E and Table 3 ), namely TP53, PPARG, ESR1, TNF, CCL2, AKT1, RELA, MAPK1, IL6, CXCL8, IL1A, IL4, IL10, IL1B, and IFNG."
PMC11394753,2,core,5. conclusions,paragraph,43,6,TP53|PPARG|ESR1|AKT1|RELA|MAPK1,,False,0.13953488372093023,14.790697674418604,high,"The research results indicate that compounds in AHT, such as quercetin, luteolin, kaempferol, and baicalein, might affect hyperlipidemia by targeting core targets such as TP53, PPARG, ESR1, AKT1, RELA, MAPK1, as well as by acting on the PI3K-Akt and MAPK signaling pathways."
PMC13255016,1,hub,3.2. network pharmacological analysis identifies potential targets and mechanisms of res in dpn,paragraph,32,4,MTOR|MMP9|AR|RELA,,False,0.3333333333333333,13.0,medium,"These hub genes included MTOR , MMP9 , AR , RELA , etc. (Figure 2 C)."
PMC13255016,2,candidate,methods,paragraph,1,5,NR3C2|PRKAA1|PRKAA2|MTOR|BCL2,,False,0.1388888888888889,6.777777777777778,low,"Candidate targets and pathways were identified via network pharmacology and protein–protein interaction analysis. Two‐sample MR was performed using eQTL and GWAS data to assess causal associations of PRKAA1, PRKAA2, MTOR, and BCL2 with DPN."
PMC12268575,1,central,network pharmacology,paragraph,40,6,KIT|NTRK2|PLK3|PRKCA|PRKCB|PRKCD,,False,0.10714285714285714,8.142857142857142,medium,"Central proteins in a PPI network are often functionally important and may play a regulatory or signaling role. The clustering of proteins such as KIT, NTRK2, and PRK family members (PRKCA, PRKCB, PRKCD, etc.) suggests that these proteins could be part of a shared signaling cascade or functional pathway, possibly involving protein kinases and growth factors."
PMC12268575,2,central,network pharmacology,paragraph,40,3,LCK|PDPK1|WEE1,,False,0.08108108108108109,7.621621621621622,medium,"The proteins LCK, PDPK1 and WEE1 appear to act as central nodes, indicating that they interact with multiple proteins. Central proteins in a PPI network are often functionally important and may play a regulatory or signaling role."
PMC9019414,1,potential,results,paragraph,2,5,TNF|IL6|TP53|JUN|VEGFA,,False,0.1724137931034483,12.448275862068966,low,"The tumor necrosis factor (TNF), interleukin-6 (IL-6), cellular tumor antigen p53 (TP53), transcription factor AP-1 (JUN), and vascular endothelial growth factor A (VEGFA) were potential targets."
PMC11453126,1,core,3.4.2 construction ppi network,paragraph,53,10,PTGS2|CTNNB1|MMP9|STAT3|SIRT1|GSK3B|EGFR|PPARA|NFE2L2|ICAM1,10,True,0.3333333333333333,18.0,high,"The top 10 core targets of degree were based on the results of the degree value sorting, which were PTGS2, CTNNB1, MMP9, STAT3, SIRT1, GSK3B, EGFR, PPARA, NFE2L2, and ICAM1."
PMC11453126,2,core,3.5 conjoint analysis,paragraph,56,18,PTGS2|PPARA|MAPK8|CYP1A2|PARP1|NOS2|PTGS1|MMP2|ABCB1|STAT3|HMGCR|CYP1B1|MMP9|TLR4|ACLY|CTNNB1|APP|RELA,,False,0.6206896551724138,13.0,medium,"A total of 18 were considered as core targets, including PTGS2, PPARA, MAPK8, CYP1A2, PARP1, NOS2, PTGS1, MMP2, ABCB1, STAT3, HMGCR, CYP1B1, MMP9, TLR4, ACLY, CTNNB1, APP, and RELA."
PMC11453126,3,core,3.5 conjoint analysis,paragraph,57,15,ACACA|MDM2|SRC|NOS2|CASP3|MAPK14|AGT|ACHE|MMP9|MAOB|PPARG|CYP1A2|MMP2|SLC5A2|MAPK1,,False,0.2727272727272727,13.0,medium,"A total of 16 were considered as core targets, including ACACA, MDM2, SRC, NOS2, CASP3, MAPK14, ACE, AGT, ACHE, MMP9, MAOB, PPARG, CYP1A2, MMP2, SLC5A2, and MAPK1. Furthermore, citric acid, ornithine, L-glutamine, L-valine, D-sorbit, glycine, creatinine, phenylalanine, linoleic acid, and D-glucose were recognized as potential biomarkers for fenofibrate treatment of hyperlipidemia."
PMC11453126,4,overlap,4 discussion,paragraph,69,4,CYP1A2|MMP2|MMP9|NOS2,,False,0.11764705882352941,9.352941176470589,low,"The analysis of the C-T-M network in Figures 7G, H indicates that FA and fenofibrate, both used in the treatment of hyperlipidemia, have several overlapping targets, including CYP1A2, MMP2, MMP9, and NOS2."
PMC9478232,1,core,5. conclusion,paragraph,51,7,AKT1|IL1B|PTGS2|JUN|IL17A|TNF|ELAVL1,,False,0.14893617021276595,15.97872340425532,high,"In summary, Ermiao san may play a role in reducing inflammation, antioxidation, and anti-apoptotic activity and lowering UA levels through AKT1, IL-1β, PTGS2, and JUN etc core targets and NF-κB, IL-17 and TNF main signaling pathways in the treatment of HUA and gout."
PMC9478232,2,hub,3.4. ppi network of ermiao san in the treatment of hua and gout,paragraph,31,15,AKT1|TP53|MMP9|HIF1A|CASP3|VEGFA|JUN|EGF|PTGS2|NFKB1|NFKBIA|IL6|FN1|MYC|IL1B,,False,0.2054794520547945,14.0,medium,"finally, 14 nodes and 1133 lines with the highest degree were screened as hub genes, which included AKT1, tumor protein p53 (TP53), matrix metallopeptidase 9 (MMP9), hypoxia-inducible factor 1-alpha (HIF1α), caspase-3 (CASP3), vascular endothelial growth factor A (VEGFA), JUN, epidermal growth factor (EGF), prostaglandin-endoperoxide synthase 2 (PTGS2), NF-kappaB inhibitor alpha (NFKBIA), interleukin-6 (IL-6), Fibronectin 1 (FN1), myelocytomatosis oncogene (MYC), and interleukin-1 beta (IL-1β) (Fig."
PMC9478232,3,core,3.4. ppi network of ermiao san in the treatment of hua and gout,paragraph,31,17,DCX|LCT|AKT1|TP53|MMP9|HIF1A|CASP3|VEGFA|JUN|EGF|PTGS2|NFKB1|NFKBIA|IL6|FN1|MYC|IL1B,,False,0.17346938775510204,13.46938775510204,medium,"According to the DC, BC, CC, EC, LAC, and NC values, the core target was obtained after 2 topological analyses (Fig. 3 B and C); finally, 14 nodes and 1133 lines with the highest degree were screened as hub genes, which included AKT1, tumor protein p53 (TP53), matrix metallopeptidase 9 (MMP9), hypoxia-inducible factor 1-alpha (HIF1α), caspase-3 (CASP3), vascular endothelial growth factor A (VEGFA), JUN, epidermal growth factor (EGF), prostaglandin-endoperoxide synthase 2 (PTGS2), NF-kappaB inhibitor alpha (NFKBIA), interleukin-6 (IL-6), Fibronectin 1 (FN1), myelocytomatosis oncogene (MYC), and interleukin-1 beta (IL-1β) (Fig."
PMC9478232,4,core,3.6. molecular docking,paragraph,38,14,TP53|FN1|MMP9|HIF1A|CASP3|VEGFA|IL6|JUN|EGF|PTGS2|MYC|AKT1|EGFR|IL1B,,False,0.3888888888888889,13.0,medium,"Furthermore, AutoDock Vina software was adopted for the molecular docking study of the core active compounds and core targets (TP53, FN1, MMP9, HIF1α, CASP3, VEGFA, IL-6, JUN, EGF, PTGS2, MYC, AKT1, EGFR, and IL-1β)."
PMC9478232,5,core,4. discussion,paragraph,49,5,ELAVL1|AKT1|IL1B|PTGS2|JUN,,False,0.10204081632653061,12.040816326530612,medium,"Through the screening of network targets, the results showed that Ermiao san may treat HUA and gout through core targets such as AKT1, IL-1β, PTGS2, and JUN. AKT1 (namely, protein kinase B α) is mainly involved in various biological processes, such as metabolism, proliferation, cell growth and angiogenesis."
PMC9478232,6,candidate,4. discussion,paragraph,45,4,CASP3|JUN|PTGS2|IL1B,,False,0.11428571428571428,7.285714285714285,low,"Meanwhile, several compounds, including quercetin, wogonin, and beta-sitosterol, were selected for docking simulation with candidate target molecules, such as CASP3, JUN, PTGS2, and IL-1β, to verify the prediction results of the network pharmacology."
PMC8028125,1,key,discussion,paragraph,49,6,IL6|APP|AKT1|HTR1A|DRD2|FOS,,False,0.1875,13.75,medium,"15 The key targets collected by topology analysis covered IL6, APP, AKT1, HTR1A, DRD2, and FOS, which implied that ZZHPD may influence inflammation, neurotransmitter receptors, cell proliferation, and apoptosis to improve insomnia."
PMC8028125,2,key,enrichment analysis of go and kegg,paragraph,33,4,AKT1|FOS|RELA|ADORA1,18,False,0.08695652173913043,4.739130434782609,medium,"We analyzed the top 18 key proteins with degree by topological analysis and top 10 pathways obtained in KEGG ( Figure 8 ). AKT1, FOS, RELA, and ADORA1 were more involved in pathways, which further reflects the activity of ZZHPD in regulating cell apoptosis and anti-inflammatory activity."
PMC9673803,1,hub,discussion,paragraph,55,8,STAT3|CXCL8|IL6|CXCL12|TNF|RELA|TP53|PTPN11,,False,0.22857142857142856,16.0,medium,"Then, we identified the nine hub targets based on the PPI network and obtained the core KEGG signal pathway. In our study, the core targets were STAT3, CXCL8, IL6, CXCL12, TNF, RELA, TP53, and PTPN11."
PMC9673803,2,hub,construction of ppi network between jffzlz targets and uc targets,paragraph,34,15,STAT3|APP|SRC|CXCL8|IL6|CXCL12|TNF|JUN|RELA|HRAS|POMC|TP53|AKT1|EGFR|PTPN11,,False,0.3488372093023256,14.0,medium,"Furthermore, after filtering with the network topological parameter degree, we identified the hub targets with a higher degree (score > 24) ( Figure 4(B) ). These hub targets included STAT3, APP, SRC, CXCL8, IL6, CXCL12, TNF, JUN, RELA, HRAS, POMC, TP53, AKT1, EGFR, and PTPN11."
PMC9673803,3,hub,expression of core hub targets in colon tissues of uc patients,paragraph,46,9,STAT3|CXCL8|CXCL12|IL6|PTPN11|TNF|RELA|EGFR|TP53,,False,0.2571428571428571,14.0,medium,"The results showed that some hub targets were significantly upregulated in UC patients compared to control, including STAT3, CXCL8, CXCL12, IL6, PTPN11, and TNF, while RELA, EGFR, and TP53 were downregulated ( Figure 6(A–E) )."
PMC9673803,4,hub,jffzlz released the uc rats’ inflammatory response and downregulated the hub targets expression,paragraph,49,9,STAT3|CXCL8|CXCL12|IL6|RELA|EGFR|TP53|PTPN11|MGAM,,False,0.1836734693877551,13.673469387755102,medium,"And the results demonstrated that the mRNA expression of the hub targets included STAT3, CXCL8, CXCL12, IL6, RELA, EGFR, TP53, and PTPN11 were all upregulated in the MG rats compared to the BG rats, and JFFZLZ treatment could downregulate these genes expression compared to MG rats ( Figure 7(B) )."
PMC9673803,5,hub,figure,caption,50,3,GAPDH|IL6|TNF,,False,0.075,13.5,medium,"(B) The mRNA expression of the hub targets in rat colonic tissues, detected by RT-PCR and GAPDH as internal control gene. (C-D) The protein expression of IL6 (C) and TNFα (D) in rat colonic tissues, detected by ELISA."
PMC9673803,6,hub,construction of ppi network between jffzlz targets and uc targets,paragraph,34,4,IL6|TNF|RELA|STAT3,,False,0.14814814814814814,12.962962962962962,medium,"Among these, the core pathway related to UC was inflammatory bowel disease (KEGG:05321), containing the hub targets of IL6, TNF, RELA, and STAT3 ( Figure 4(D) )."
PMC9673803,7,key,discussion,paragraph,55,3,EGFR|TP53|PTPN11,,False,0.1,11.0,medium,"Beyond these, EGFR, TP53, and PTPN11 are also the key genes in this study. It’s reported that EGFR could accelerate cellular proliferation, which was related to UC carcinogenesis [ 54 ]."
PMC9673803,8,key,discussion,paragraph,56,3,IL6|TNF|STAT3,,False,0.06382978723404255,10.27659574468085,medium,"On protein level, the key proteins like IL-6, TNF-α, NFKBp65, and STAT3 of the inflammatory bowel disease pathway had the same change trend. These findings indicated that JFFZLZ could reduce the UC disease by reducing the expression of inflammatory factors and inhibiting the inflammatory pathways."
PMC13261025,1,core,discussion,paragraph,33,5,GRB2|ALDH2|HSP90AA1|HSP90AB1|PRKACA,,False,0.1111111111111111,13.222222222222221,medium,"Molecular docking studies reinforced these findings, indicating strong binding affinity between HM and all ten core targets. Notably, the binding energies of GRB2, ALDH2, HSP90AA1, HSP90AB1, and PRKACA were particularly robust, suggesting that these proteins play pivotal roles in mediating the anticancer effects of HM."
PMC13261025,2,core,ppi network analysis and core target selection,paragraph,16,12,MCC|HSP90AA1|HSP90AB1|GSR|CDC42|GRB2|GSTP1|CDK2|ALDH2|CAMP|PRKACA|GSTM1,,False,0.19672131147540983,12.934426229508198,medium,"The top ten targets ranked by their MCC score were HSP90AA1, HSP90AB1, GSR, CDC42, Growth Factor Receptor Bound Protein 2 (GRB2), Glutathione S-Transferase Pi 1 (GSTP1), Cyclin Dependent Kinase2 (CDK2), Aldehyde Dehydrogenase 2 Family Member (ALDH2), Protein Kinase CAMP-Activated Catalytic Subunit Alpha (PRKACA), and Glutathione S-Transferase M1 (GSTM1), which were selected as core targets within this network (Fig."
PMC13261025,3,core,molecular docking analyses of core targets with hm,paragraph,18,5,HSP90AA1|HSP90AB1|GSR|CDC42|GRB2,,False,0.10638297872340426,11.127659574468085,medium,"As the selected targets were determined by an HM pull-down assay, all the core targets strongly bound by HM, with all the binding energies less than − 10 KJ/mol. The top five targets were HSP90AA1, HSP90AB1, GSR, CDC42, and GRB2 in ascending order of binding energy."
PMC13261025,4,key,construction of an hsp90aa1-knockdown ags gc cell line via lentivirus-mediated small interfering rna,paragraph,63,3,JAG1|HSP90AA1|GC,,False,0.041666666666666664,8.833333333333332,low,"AGS and knockdown AGS cells were subsequently divided into six groups for functional experiments to further verify that HSP90AA1 is a key target of HM in GC cells: the blank group (AGS group), blank + HM group (AGS + HM group), control virus infection group (sh-NC group), control virus infection + HM group (sh-NC + HM group), knockdown virus infection group (sh-HSP90AA1 group), and knockdown virus infection + HM group (sh-HSP90AA1 + HM group)."
PMC8491704,1,core,results,paragraph,3,6,PTGS2|NOS2|AKT1|ESR1|TNF|MAPK14,,False,0.11538461538461539,16.307692307692307,high,"Moreover, criteria of degree value greater than 7 were applied, and PTGS2, NOS2, AKT1, ESR1, TNF, and MAPK14 were inferred as the core targets in treating DR. After identification of components absorbed into blood, luteolin and formononetin were selected and used to investigate the pharmacokinetic parameters of TWMM after its oral administration."
PMC8491704,2,top,molecular docking,paragraph,25,6,PTGS2|ID1|NOS2|AKT1|ESR1|TNF,,False,0.14634146341463414,10.926829268292682,medium,"The conformation of the top 5 proteins screened by network pharmacology was collected from the Protein Data Bank (PDB) database: PTGS2 (PDB ID: 5IKR), NOS2 (PDB ID: 4NOS), AKT1 (PDB ID: 3CQW), ESR1 (PDB ID: 1XP9), and TNF (PDB ID: 2AZ5)."
PMC12014062,1,intersection,3.7. molecular docking results,paragraph,29,6,AKT1|IL1B|RHAG|IL6|TP53|STAT3,5,True,0.07317073170731707,18.46341463414634,high,"The 5 core intersection target genes obtained were used as protein receptors to find their corresponding small molecule ligands (active ingredients), and the results showed that:the core gene AKT1 corresponded to the active ingredients baicalein, naringenin, kaempferol, quercetin, diosgenin,core gene IL1B corresponds to the active ingredient quercetin, ginsenoside Rh2, core gene IL6 corresponds to the active ingredient quercetin, core gene TP53 corresponds to the active ingredients baicalein, quercetin, diosgenin, and nobiletin, and the core gene STAT3 corresponded to licochalcone A."
PMC12014062,2,core,4. discussion,paragraph,41,5,AKT1|IL1B|IL6|TP53|STAT3,5,True,0.12195121951219512,18.4390243902439,high,"In this study, we screened 5 core target genes, namely AKT1, IL1B, IL6, TP53, and STAT3. Akt1 is a serine/threonine protein kinase, which acts as a proto-oncogene and is involved in the regulation of cellular metabolism, growth, and development."
PMC12014062,3,core,3.4. constructing a drug-disease protein–protein interaction network map,paragraph,15,33,MMP2|HMOX1|CCL2|HSP90AA1|SERPINE1|ESR1|TP53|BCL2|EGF|GSK3B|NFE2L2|STAT3|CASP3|CYCS|AR|TNF|MAPK3|ERBB2|CXCL8|IL10|MMP9|MPO|RUNX2|AKT1|NR3C1|IFNG|IL6|MYC|PPARG|CCND1|HIF1A|IL1B|STAT1,33,True,0.2,18.0,high,"the TSV file obtained from the STRING database was imported into the Cytoscape 3.10.2 software, using cytoNCA plug-in for core gene screening to node parameters are greater than the central place value: Betweness 64.59300362,Closeness 0.180623974, Degree9, Eigenvector 0.049875759, Local average connectivity5.6, Network6.222222222, the first screening was performed, and 33 core genes were obtained: MMP2, HMOX1, CCL2, HSP90AA1, SERPINE1, ESR1, TP53, BCL2, EGF, GSK3B, NFE2L2, STAT3, CASP3, CYCS, AR, TNF, MAPK3, ERBB2, CXCL8, IL10, MMP9, MPO, RUNX2, AKT1, NR3C1, IFNG, IL6, MYC, PPARG, CCND1, HIF1A, IL1B, STAT1; with node parameters all greater than the central bit value: Betweness 8.901381745, Closeness 0.711111111, Degree19, Eigenvector 0.17462483, Local average connectivity13.78947368, Network16.02832168, a second screening was performed, and the 13 core genes were obtained: TNF, MAPK3, MMP9, TP53, AKT1 BCL2, IL6, MYC, HIF1A, IL1B, STAT1, STAT3, CASP3; to node parameters are greater than the central place value: Betweness 24.63555468, Closeness 0.820512821, Degree 25, Ei"
PMC12014062,4,core,3.4. constructing a drug-disease protein–protein interaction network map,paragraph,15,13,TNF|MAPK3|MMP9|TP53|AKT1|BCL2|IL6|MYC|HIF1A|IL1B|STAT1|STAT3|CASP3,13,True,0.08843537414965986,16.768707482993197,high,"with node parameters all greater than the central bit value: Betweness 8.901381745, Closeness 0.711111111, Degree19, Eigenvector 0.17462483, Local average connectivity13.78947368, Network16.02832168, a second screening was performed, and the 13 core genes were obtained: TNF, MAPK3, MMP9, TP53, AKT1 BCL2, IL6, MYC, HIF1A, IL1B, STAT1, STAT3, CASP3; to node parameters are greater than the central place value: Betweness 24.63555468, Closeness 0.820512821, Degree 25, Eigenvector 0.212222859, Local average connectivity 15.65217391, Network 21.77641023, the third screening was performed, and the 5 core genes were obtained: Tumor Protein p53 (TP53), AKT Serine/Threonine Kinase 1 (AKT1), interleukin 6 (IL6), Interleukin 1 Beta (IL1B), Signal Transducer and Activator of Transcription 3 (STAT3); the results are shown in Figure 3 , from the outside to the inside, the deeper the color of the circle represents the greater the degree value of the core gen"
PMC12014062,5,core,3.7. molecular docking results,paragraph,36,4,AKT1|IL1B|RHAG|IL6,,False,0.03773584905660377,14.754716981132075,low,"Constructing the molecular docking model of core genes and active ingredients (Fig. 7 ), the results showed that AKT1 formed hydrogen bonding with baicalein at GLU-91 site, with naringenin at ARG-67, THR-87, GLU-85 sites, with quercetin at LYS-20, ARG-86 sites, and with diosgenin element at GLU-91 site but kaempferol no hydrogen bonding sites are formed; IL1B formed hydrogen bonds with quercetin at sites TYR-90, ASN-7, SER-43, LEU-62, LEU-67, and ginsenoside Rh2 at sites ASP-415, LEU-134, and LEU-80; IL6 formed hydrogen bonds with quercetin at sites GLN-175 and ARG-179; and TP"
PMC12014062,6,core,3.7. molecular docking results,paragraph,30,3,IL1B|RHAG|IL6,,False,0.06666666666666667,14.333333333333334,medium,The docking binding energies of the core gene IL1B and the active ingredient quercetin and ginsenoside Rh2 were lower than −7.3 kcal/mol. The docking binding energies of the core gene IL6 with the active ingredient quercetin were lower than −7.3 kcal/mol.
PMC10846330,1,key,results,paragraph,2,4,TP53|CCND1|EGFR|VEGFA,,False,0.1,14.0,high,"Combined with The Cancer Genome Atlas (TCGA) differential analysis, key targets, including TP53 , cyclin D1 (CCND1), EGFR, and VEGFA, were screened. Molecular docking results showed that quercetin and kaempferol had the good binding potential for TP53, CCND1, EGFR, and VEGFA."
PMC10846330,2,hub,construction and analysis of the protein–protein interaction network,paragraph,28,5,IL6|PTGS2|IL1B|SIRT1|PTEN,,False,0.09433962264150944,11.88679245283019,medium,"R was used to perform the statistical analysis and visualization of the correlation heat map of the 14 gastrointestinal-cancer hub genes [ Figure 3 C]. The coefficient of correlation between IL6 and PTGS2 r = 0.718, IL6 and IL1B r = 0.69, and SIRT1 and PTEN r = 0.693, which are moderately correlated."
PMC10846330,3,key,construction and analysis of the protein–protein interaction network,paragraph,28,6,TP53|VEGFA|JUN|IL6|AKT1|EGFR,14,False,0.11538461538461539,6.307692307692308,medium,"14 key targets were selected from the PPI network via the cytoHubba plugin of Cytoscape software, including TP53 , VEGFA , JUN , IL6 , AKT1 , and EGFR [ Figure 3 B]. R was used to perform the statistical analysis and visualization of the correlation heat map of the 14 gastrointestinal-cancer hub genes [ Figure 3 C]."
PMC8933113,1,key,abstract,paragraph,0,4,SRC|EGFR|AKT1|MAPK8,4,True,0.07142857142857142,19.42857142857143,high,"Further comprehensive analysis focused on 4 key targets, including SRC, EGFR, AKT1, and MAPK8, and their related core metabolites and pathways. This study combines metabolomics and network pharmacology analysis to explore the key targets and mechanisms of G-Re in the treatment of IR, in order to provide new strategies for clinical treatment of radiotherapy injury."
PMC8933113,2,hub,3.4. network pharmacology analysis,paragraph,24,10,STAT3|SRC|EGFR|AKT1|MTOR|MAPK8|GRB2|PIK3CA|IL2|MMP9,10,True,0.2222222222222222,19.0,high,"At the same time, cytoHubba plug-in was used to screen the core targets, and the top 10 genes were considered as the hub genes combined with the scores of the calculation method (STAT3, SRC, EGFR, AKT1, MTOR, MAPK8, GRB2, PIK3CA, IL-2, and MMP9)."
PMC8933113,3,hub,3.4. network pharmacology analysis,paragraph,24,11,ELAVL1|STAT3|SRC|EGFR|AKT1|MTOR|MAPK8|GRB2|PIK3CA|IL2|MMP9,,False,0.13924050632911392,12.784810126582279,medium,"As shown in Figure 3(a) , in order to identify the hub genes of G-Re and HUA, Cytoscape 3.8.2 was used for visual analysis to construct the protein-protein interaction network. At the same time, cytoHubba plug-in was used to screen the core targets, and the top 10 genes were considered as the hub genes combined with the scores of the calculation method (STAT3, SRC, EGFR, AKT1, MTOR, MAPK8, GRB2, PIK3CA, IL-2, and MMP9)."
PMC8933113,4,potential,3.5. comprehensive analysis of metabolomics and network pharmacology,paragraph,25,15,GSR|PPP5C|ROCK1|ROCK2|AKT1|AKT2|CDK2|MAPK8|EGFR|IGF1R|CSF1R|NTRK2|NTRK1|SRC|SYK,,False,0.2777777777777778,8.0,low,"By matching potential targets identified in network pharmacology with genes in MetScape analysis, we found GSR and PLA2G2 are related to oxidized glutathione and linoleic acid, and PPP5, ROCK1, ROCK2, AKT1, AKT2, CDK2, MAPK8, EGFR, IGF1R, CSF1R, NTRK2, NTRK1, SRC, and SYK are related to palmitic acid, dodecanoic acid, and myristic acid ( Table 6 )."
PMC8202066,1,hub,figure,caption,35,12,VEGFA|COL1A1|COL3A1|EGF|HK2|SHMT2|PLA2G4F|ADH1A|ADH1C|CAV1|TIMP1|PIPOX,12,True,0.3157894736842105,22.0,high,"Prognostic value of hub genes related to BSJPF for ccRCC patients from TCGA cohort ( A–L ) Survival plots were performed in 12 hub genes, including VEGFA, COL1A1, COL3A1, EGF, HK2, SHMT2, PLA2G4F, ADH1A, ADH1C, CAV1, TIMP1 and PIPOX."
PMC10014786,1,key,discussion,paragraph,57,13,AURKA|CCNA2|ALB|LCN2|NQO1|CDA|PLAU|LGALS3|MMP2|REG1A|MMP7|MMP9|PIK3CG,13,True,0.2549019607843137,19.0,high,"To further explore the signatures of targets for Dendrobin A against PDAC, we overlapped these 90 genes with targets related to PDAC from the MalaCards database, and 13 key genes previously reported in PDAC were found, namely, AURKA , CCNA2 , ALB , LCN2 , NQO1 , CDA , PLAU , LGALS3 , MMP2 , REG1A , MMP7 , MMP9 , and PIK3CG ."
PMC10014786,2,key,discussion,paragraph,58,18,AURKA|KIF11|TK1|CDK1|CCNA1|AURKB|CCNA2|PLAU|SERPINA1|CTSS|REN|SELP|PPARG|LGALS3|MMP1|MMP9|NOS2|LCN2,19,True,0.5454545454545454,19.0,high,"We also found that a specific module consisted of 19 key genes, namely, AURKA , KIF11 , TK1 , CDK1 , CCNA1 , AURKB , CCNA2 , PLAU , SERPINA1 , STSB , CTSS , REN , SELP , PPARG , LGALS3 , MMP1 , MMP9 , NOS2 , and LCN2 ."
PMC10014786,3,potential,screening potential targets of dendrobin a,paragraph,9,3,SLC12A1|C2|BGLAP,,False,0.046875,4.9375,low,"To identify the potential targets of Dendrobin A, we first collected the drug compound information from PubChem ( https://pubchem.ncbi.nlm.nih.gov/ ) with PubChem CID 44418770. The Dendrobin A canonical SMILES ‘COC1 = CC = CC (=C1) CCC2 = CC(=C(C(=C2)OC)O)O’ was submitted into the drug target predictions web server SwissTargetPrediction ( Gfeller et al., 2014 ) and PharmMapper ( Wang et al., 2017 )."
PMC12216624,1,core,molecular docking,paragraph,41,9,AKT1|ID1|STAT3|TP53|ESR1|CASP3|CCND1|HIF1A|BCL2,,False,0.2,14.0,medium,"Nine core targets—AKT1 (PDB ID: 6hhh), STAT3 (PDB ID: 6nuq), TP53 (PDB ID: 3exj), ESR1 (PDB ID: 1GWQ), CASP3 (PDB ID: 2xyg), CCND1 (PDB ID: 2W96), HIF1A (PDB ID: 1h2m), BCL2 (PDB ID: 2w3l), and, mTOR (PDB ID: 3ML9)—were selected as receptor proteins."
PMC12216624,2,core,construction of the ppi network,paragraph,35,8,AKT1|STAT3|TP53|ESR1|CASP3|CCND1|HIF1A|BCL2,,False,0.25,13.0,medium,"These core targets—AKT1, STAT3, TP53, ESR1, CASP3, CCND1, HIF1A, BCL2, and mTOR (Fig. 1 E)—are likely to play a pivotal role in Bletilla striata ’s potential therapeutic effects against glioma."
PMC12216624,3,core,discussion,paragraph,51,9,AKT1|STAT3|TP53|ESR1|CASP3|CCND1|HIF1A|BCL2|ATP8A2,,False,0.140625,12.8125,medium,"Nine core targets—AKT1, STAT3, TP53, ESR1, CASP3, CCND1, HIF1A, BCL2, and mTOR—were identified through topological analysis. GO enrichment analysis revealed that Bletilla striata ’s therapeutic effects are associated with key biological processes such as phosphorylation, positive regulation of transcription by RNA polymerase II, signal transduction, protein binding, ATP binding, and protein kinase activity, all of which play pivotal roles in glioma pathogenesis."
PMC12216624,4,core,introduction,paragraph,6,3,AKT1|TNF|EGFR,,False,0.09090909090909091,7.818181818181818,medium,"Similarly, Yue Wang’s research on chronic skin ulcers, combining Bletilla striata with Galla Chinensis , identified AKT1, TNF, and EGFR as core targets, implicating its role in suppressing inflammation and oxidative stress 14 ."
PMC10229821,1,crucial,abstract,paragraph,0,7,MMP2|BAX|ADORA3|HIF1A|PIM1|CA12|ALOX5,,False,0.19444444444444445,16.88888888888889,medium,"Among them, MMP2, BAX, ADORA3, HIF1A, PIM1, CA12, and ALOX5 exhibited higher expression in the peritoneum with encapsulating peritoneal sclerosis compared with those in the control, which might be crucial targets of baicalein against peritoneal fibrosis."
PMC10977553,1,key,3.7. molecular docking,paragraph,34,4,IL6|TNF|IL1A|CCL2,4,True,0.0975609756097561,14.951219512195122,high,"Quercetin and β-sitosterol, the core components with the highest concentration of agarwood, were docked in a molecular level with IL6 (PDB: 1ALU), TNF (PDB: 1TNF), IL1β (PDB: 1I1B), CCL2 (PDB: 1DOK), the top 4 key targets in the PPI network."
PMC10977553,2,core,figure,caption,44,4,IL6|TNF|IL1B|CCL2,,False,0.13793103448275862,13.758620689655173,medium,"Molecular docking between the main active components of agarwood and core targets. (A–D) 3D and 2D images of the docking of quercetin with IL6, TNF, IL1B, and CCL2."
PMC12735668,1,core,abstract,paragraph,0,5,ARSL|TNF|IL1B|IL6|CCL2,,False,0.078125,16.5625,medium,"Molecular docking results demonstrated that the abovementioned four compounds detected in ASE showed good interaction with all of the above five core targets. Moreover, both the four compounds and ASE were observed to attenuate NO release and suppress the release of various inflammatory factors (TNF-α, IL-1β, IL-6, and MCP-1) in a dose-dependent manner in LPS-induced BV2 microglial cells."
PMC12735668,2,intersection,abstract,paragraph,0,5,TNF|STAT3|IL1B|AKT1|SRC,,False,0.18518518518518517,15.703703703703702,low,"Network pharmacology predicted that 103 compounds of Yinchen had 198 intersection targets with IS. The top five of these targets were TNF, STAT3, IL1B, AKT1, and SRC."
PMC12735668,3,core,5. conclusions,paragraph,69,6,TNF|STAT3|IL1B|AKT1|SRC|ARSL,,False,0.12,15.4,high,"Among Yinchen and IS’s intersecting targets, TNF, STAT3, IL1B, AKT1, and SRC were the top five core targets. Through HPLC-HRESIMS and HPLC-UV analyses, four compounds, including isochlorogenic acid C, isochlorogenic acid B, isochlorogenic acid A, and chlorogenic acid, were identified in ASE, which was extracted from Yinchen."
PMC12735668,4,core,5. conclusions,paragraph,69,4,TNF|IL1B|IL6|CCL2,,False,0.07407407407407407,13.481481481481481,medium,"These four major representative compounds showed good interaction with all of the above five core targets through molecular docking. Also, they were found to reduce the production of NO as well as the generation of inflammatory factors (TNF-α, IL-1β, IL-6, and MCP-1) in LPS-induced BV2 microglial cells dose-dependently."
PMC12735668,5,core,2.12. ase alleviates the inflammation in the ischemic brain of tmcao rats,paragraph,44,7,TNF|STAT3|IL1B|AKT1|SRC|MTR|ARSL,,False,0.125,11.5,medium,"Also, the top five Yinchen and IS intersecting core targets were TNF, STAT3, IL1B, AKT1, and SRC. Molecular docking results demonstrated that four major active compounds, including isochlorogenic acid C, isochlorogenic acid B, isochlorogenic acid A, and chlorogenic acid, identified by HPLC and MS in ASE, showed good interaction with all the above five core targets."
PMC12735668,6,core,3. discussion,paragraph,46,3,TNF|IL1B|IL6,,False,0.04,10.8,low,"Our research also revealed that in the classic tMCAO stroke model, the levels of TNF-α and IL-1β, two of the five core target genes, increased significantly. Su’s study demonstrated that Yinchen and a Gancao Decoction significantly reduced the expression levels of IL-1β, IL-6, and TNF-α in the hepatocyte and revealed that hepatocyte necrosis caused by cholestatic liver injury can be alleviated by reducing the release of inflammatory cytokines [ 23 ]."
PMC12510934,1,core,4 discussion,paragraph,50,5,TNF|IL6|IL1A|ALB|AKT1,16,False,0.125,8.5,medium,"Using Cytoscape software, we constructed a protein-protein interaction (PPI) network and identified 16 core targets (including TNF, IL6, IL1β, ALB, AKT1, etc.), which are involved in multiple pathological processes such as inflammatory response, oxidative stress, apoptosis, and metabolic regulation."
PMC9467798,1,core,figure,caption,43,6,IL6|EGFR|CCND1|CASP3|MAPK8|PPARG,,False,0.2222222222222222,17.0,medium,"Molecular docking of active ingredients and core genes: (a) IL6-quercetin, (b) EGFR-quercetin, (c) CCND1-quercetin, (d) CASP3-kaempferol, (e) MAPK8-kaempferol, and (f) PPARG-kaempferol."
PMC9467798,2,core,4. discussion,paragraph,48,7,IL6|CASP3|EGFR|MAPK8|ESR1|CCND1|PPARG,,False,0.2,15.0,medium,"IL6, CASP3, EGFR, MAPK8, ESR1, CCND1, and PPARG were found to be the core genes of YPF in treating asthma. These genes are connected with host immunity, cell apoptosis, signal transduction, and cell cycle regulation."
PMC7593729,1,key,5. conclusion,paragraph,115,4,AKT1|IL6|FOS|TNF,,False,0.038461538461538464,10.76923076923077,low,"In conclusion, this comprehensive bioinformatic analysis provides numerous testable hypotheses about the molecular mechanisms of HLJDD formula for the treatment of T2DM as well as diabetic complications (cognitive dysfunction, vascular disease, and cardiomyopathy) and predicted that quercetin, baicalein, wogonin, kaempferol, and oroxylin A were potential active ingredients of HLJDD, which acts on key genes such as AKT1, IL-6, and FOS to regulate many biological processes (signaling transduction, inflammatory response, apoptotic process, vascular processes, etc.) and pathways (AGE-RAGE signaling pathway in diabetic, IL-17signaling pathway, TNF signaling pathway, Toll-like receptors signaling pathway, type II diabetes, endocrine resistance, insulin resistance signaling pathways, etc.)."
PMC7593729,2,key,results,paragraph,2,5,AKT1|IL6|FOS|VEGFA|CASP3,39,False,0.08064516129032258,10.612903225806452,medium,"What is more, 39 key targets (AKT1, IL-6, FOS, VEGFA, CASP3, etc.) and 3 clusters were obtained after topological and cluster analysis. Further, GO and KEGG analysis showed that HLJDD may play an important role in treating T2DM and its complications by synergistically regulating many biological processes and pathways which participated in signaling transduction, inflammatory response, apoptotic process, and vascular processes."
PMC7593729,3,key,3.8. validation of compound-target interaction by molecular docking,paragraph,99,4,AKT1|IL6|FOS|DCX,,False,0.07142857142857142,8.428571428571429,medium,"To further validate the binding capacity between active compounds and key targets and improving the accuracy of target network, molecular docking through AutoDock was performed. Molecular docking analyzed three targets (AKT1, IL-6, and FOS) with highest DC in different clusters and 5 compounds (quercetin, wogonin, baicalein, kaempferol, oroxylin A) obtained from active components- targets network."
PMC7593729,4,potential,4. discussion,paragraph,114,3,AKT1|IL6|FOS,,False,0.057692307692307696,6.153846153846154,low,"The top degrees of the potential target genes in the three clusters for the HLJDD in the treatment of T2DM by cluster and topological analysis include AKT1, IL-6, and FOS. We compared the gene expression levels of AKT1, IL-6, and FOS between diabetic patients and nondiabetic and the statistical relationship."
PMC12602249,1,core,construction of the ppi network,paragraph,74,6,AKT1|IL1B|TNF|TP53|IL6|ESR1,,False,0.18181818181818182,12.636363636363637,medium,"The top seven core targets, AKT1, IL1B, TNF, TP53, NRF2, IL6, and ESR1, were identified ( Figure 5B , Table 6 ). These results suggest that the formula exerts therapeutic effects by modulating these key targets."
PMC12602249,2,key,discussion,paragraph,185,4,IL1A|TNF|IL6|EMSLR,,False,0.1111111111111111,10.222222222222221,medium,"Further network pharmacology analysis (PPI and KEGG enrichment analysis) showed that key targets such as AKT, IL1, TNF, NRF2, and IL-6, as well as antioxidant pathways, play important roles in the pathological process of EMs."
PMC11654441,1,key,results,paragraph,3,7,NFE2L2|HMOX1|PTGS2|ACSL4|TF|GPX4|FTH1,,False,0.1,15.0,high,"According to network pharmacology prediction, NFE2L2, HMOX1 and PTGS2 may be the key genes for ferroptosis in PD. In the in vivo experiments, CDG ultimately improved the neurobehavior of PD rats by alleviating the damage of dopamine neurons, decreasing the levels of MDA, ROS and Fe 2+ , increasing the GSH level, inhibiting ferroptosis by decreasing ACSL4, TF, and PTGS2 expression levels, and increasing the GPX4, FTH, Nrf2, and HMOX1 levels."
PMC11654441,2,key,target prediction of potential compounds of cdg against pd,paragraph,44,3,NFE2L2|PTGS2|HMOX1,,False,0.16666666666666666,10.333333333333332,medium,"Notably, three of these key targets—NFE2L2, PTGS2, and HMOX1—are recognized as pivotal genes associated with ferroptosis."
PMC11654441,3,key,discussion,paragraph,81,4,MTR|NFE2L2|PTGS2|HMOX1,56,False,0.11428571428571428,7.285714285714285,medium,"In the present study, network pharmacology along with LC–MS, 56 key targets were screened out from the 201 targets using PPI network analysis, including NFE2L2, PTGS2 and HMOX1, which are recognized markers of ferroptosis."
PMC12116500,1,core,results,paragraph,2,17,SETD2|CPS1|HRAS|MAPK14|PAH|ALDOB|AKT1|GSK3B|HSP90AA1|BHMT2|EGFR|CASP3|MAT1A|APOM|APOA2|APOC3|APOA1,,False,0.3617021276595745,18.0,high,"The metabolic pathway, insulin signaling pathway, HIF-1 signaling pathway, FoxO signaling pathway, lipid and atherosclerosis pathway, and core targets including CPS1, HRAS, MAPK14, PAH, ALDOB, AKT1, GSK3B, HSP90AA1, BHMT2, EGFR, CASP3, MAT1A, APOM, APOA2, APOC3, and APOA1 are involved in regulating the therapeutic effect of Cpn."
PMC12116500,2,core,figure,caption,78,9,EGFR|MAPK14|SRC|HSP90AA1|AKT1|CASP3|HRAS|MMP9|GSK3B,,False,0.24324324324324326,16.0,medium,"RT-qPCR analysis of the mRNA expression of network pharmacology-predicted core targets. The relative mRNA expression of EGFR (A) , MAPK14 (B) , SRC (C) , HSP90AA1 (D) , AKT1 (E) , CASP3 (F) , HRAS (G) , MMP9 (H) , and GSK3B (I) ."
PMC12116500,3,hub,3.2.3 ppi network construction,paragraph,57,10,GAPDH|AKT1|CASP3|EGFR|MAPK14|HRAS|SRC|HSP90AA1|MMP9|GSK3B,,False,0.1282051282051282,13.564102564102564,medium,"Using the Centiscape2.2 plug-in, the top ten hub genes identified were glyceraldehyde-3-phosphate dehydrogenase (GAPDH), AKT serine/threonine kinase 1 (AKT1), caspase 3 (CASP3), epidermal growth factor receptor (EGFR), mitogen-activated protein kinase 14 (MAPK14), Harvey rat sarcoma viral oncogene homolog (HRAS), proto-oncogene tyrosine-protein kinase Src (SRC), heat shock protein 90 alpha family class A member 1 (HSP90AA1), matrix metalloproteinase 9 (MMP9), and glycogen synthase kinase 3 beta (GSK3B) ( Figure 4B ; Table 2 )."
PMC12116500,4,core,3.3 analysis of cordycepin’s anti-obesity targets using quantitative transcriptomics,paragraph,65,10,ALDOB|MAT1A|CPS1|APOA1|C3|APOC3|APOA2|APOM|PAH|BHMT2,,False,0.2,13.0,medium,"From this, nine core proteins were identified as potential anti-obesity targets, including fructose-1,6-bisphosphate aldolase b (ALDOB), methionine adenosyltransferase 1A (MAT1A), carbamoyl-phosphate synthase 1 (CPS1), apolipoprotein A1 (APOA1), apolipoprotein C3 (APOC3), apolipoprotein A2 (APOA2), apolipoprotein M (APOM), phenylalanine hydroxylase (PAH), betaine-homocysteine S-methyltransferase 2 (BHMT2)."
PMC12116500,5,hub,3.3 analysis of cordycepin’s anti-obesity targets using quantitative transcriptomics,paragraph,65,3,CYP2B6|RAD51|BRCC3,,False,0.046153846153846156,9.923076923076923,low,"We then constructed a PPI network using these genes and selected hub genes based on their topological characteristics ( Figure 6C ). Seven genes, including tryptophan 5-hydroxylase 1, cytochrome P450 4A10, DNA repair protein RAD51 homolog 1, lys-63-specific deubiquitinase BRCC36, autophagy-related protein 101, cytochrome c oxidase subunit 7B, and Fms related tyrosine kinase 1, showed no interactions, leaving a network of 16 genes."
PMC10962663,1,key,conclusion,paragraph,65,5,COPD|SRC|ADRB2|MMP2|NOS3,,False,0.10416666666666667,14.083333333333334,high,"In conclusion, our study is the pioneering investigation into the core ingredient, key targets, and underlying mechanisms of CBM for treating COPD. The findings indicate that peimisine, the core ingredient of CBM, may exert an anti-COPD effect by modulating the expression of SRC, ADRB2, MMP2 , and NOS3 ."
PMC8763506,1,hub,4. discussion,paragraph,74,3,EGF|IL2|IL4,3,True,0.0625,17.25,high,"In this network ( Figure 8 ), there were 17 active components and 3 hub genes (EGF, IL2, and IL4) related to it. By analyzing the results of 51 docking times, we can find that wedelolactone, dimethyl wedelolactone, specnuezhenide, ursolic acid, acacetin, beta-sitosterol, apigenin, and kaempferol had high activity."
PMC8763506,2,hub,3.5. molecular docking,paragraph,54,4,IL2|IL4|EGF|KLF4,,False,0.0851063829787234,10.702127659574469,medium,"IL2, IL4, and EGF exist in both hub genes and PI3K-Akt signaling pathway ( Figure 2(b) and Figure 8 ), so we selected the corresponding proteins of these genes as receptors. Similarly, we selected the 17 active components in EZF and PI3K-Akt signaling pathway as ligands."
PMC13227184,1,candidate,discussion,paragraph,56,10,TPM1|TPM2|ITGA1|ITGB5|CALD1|ACTA2|ACTG2|LMOD1|MYH11|SORBS1,11,True,0.43478260869565216,16.0,high,"We obtained a subnetwork containing 11 candidate genes ( TPM1 , TPM2 , ITGA1 , ITGB5 , MLC2 , CALD1 , ACTA2 , ACTG2 , LMOD1 , MYH11 , and SORBS1 ) ( Fig. 1 C)."
PMC13227184,2,key,figure,caption,26,4,MMP12|MMRN1|AKT1|PRKG1,,False,0.030303030303030304,11.606060606060606,low,"(D) Transcription levels of key genes in six and 12 samples of normal renal papillary tissue from controls and calcium oxalate kidney stone patients, respectively. ME, module eigengene; WGCNA, weighted gene co-expression network analysis; GEO, Gene Expression Omnibus; KEGG, Kyoto Encyclopedia of Genes and Genomes; GO, Gene Ontology; BP, biological process; CC, cellular component; MF, molecular function; TGF-β, transforming growth factor-beta; ECM, extracellular matrix; ER, endoplasmic reticulum; CAFB, contractile actin filament bundle; DGC, dystrophin-associated glycoprotein complex; PDGF, platelet-derived growth factor; RAC, regulation of actin cytoskeleton; HCM, hypertrophic cardiomyopathy; PI3K–Akt, phosphatidylinositol 3-kinase–protein kinase B; cGMP–PKG, cyclic guanosine monophosphate–protein kinase G; VSMC, vascular smooth muscle contraction; ARVC, arrhythmogenic right ventricular cardiomyopathy; PDA, protein digestion and absorption; HPV, human papillomavirus; N.S., no statistical significance."
PMC13227184,3,key,the reverse network pharmacology study suggested that quercetin has the potential to treat kidney stones by targeting mlck/mlc2,paragraph,30,4,ITGA1|TPM1|TPM2|ITGB5,,False,0.10526315789473684,9.105263157894736,medium,"and ursolic acid was linked to five key genes ( ITGA1 , MLC2 , TPM1 , TPM2 , and ITGB5 ). These findings suggested that these ingredients might regulate key differentially expressed genes, thus impacting the occurrence and development of calcium oxalate kidney stones."
PMC9016333,1,key,drug–compound–target–disease network and ppi network,paragraph,62,8,PTGS1|PTGS2|PRSS1|RXRA|AR|HSP90AA1|ESR1|NOS2,,False,0.34782608695652173,12.0,medium,"PTGS1, PTGS2, PRSS1, RXRA, AR, HSP90AA1, ESR1, and NOS2 genes were identified as the key genes of the drug–compound–target–disease network."
PMC8856020,1,core,results,paragraph,2,10,TP53|MAPK8|MAPK14|STAT3|IFNG|ICAM1|IL4|TGFB1|PPARG|MMP1,45,False,0.17857142857142858,13.571428571428573,high,"A total of 153 compound-related genes and 1485 IMN-related genes were obtained, and 45 core genes that overlapped between both categories were identified. The protein–protein interaction network and MCODE results indicated that the targets TP53, MAPK8, MAPK14, STAT3, IFNG, ICAM1, IL4, TGFB1, PPARG, and MMP1 play important roles in the treatment of T."
PMC8856020,2,important,discussion,paragraph,51,7,MAPK8|STAT3|IFNG|ICAM1|IL4|TGFB1|MMP1,,False,0.22580645161290322,12.0,low,"Using STRING, MCODE, and combined the results of KEGG, we found the MAPK8, STAT3, IFNG, ICAM1, IL4, TGFB1, MMP1 may be important targets of T . wilfordii in the treatment of IMN."
PMC8415621,1,core,figure,caption,29,4,EGFR|SRC|PTGS2|ESR1,,False,0.2,15.0,medium,"Molecular docking and experimental validation of acacetin binding core targets predicted by network pharmacology. (A) EGFR, SRC, PTGS2 and ESR1."
PMC8975676,1,key,results,paragraph,2,5,IL6|ALB|AKT1|TNF|VEGFA,,False,0.25,17.0,high,"Five key targets (IL6, ALB, AKT1, TNF, and VEGFA) may be involved in the treatment of MF using Panax notoginseng."
PMC8975676,2,key,figure,caption,46,6,IL6|ALB|AKT1|TNF|VEGFA|RB1,,False,0.25,16.0,medium,Molecular docking simulation of bioactive compound-key target: (a) IL6-dihydrorutaecarpine; (b) ALB-rutaecarpine; (c) AKT1-rutaecarpine; (d) TNF-rutaecarpine; (e) VEGFA-ginsenoside Rb1.
PMC8640358,1,potential,predicting functional enrichment analysis for pm,paragraph,61,7,RELA|CASP3|CASP9|BAX|BCL2|CCND1|PRB1,,False,0.175,7.5,low,"Among these potential targets, RELA ( RELA proto-oncogene, NF-κB subunit), CASP3, CASP9, BAX, BCL2, CCND1, and CDKNIA were screened as relatively high-level targets ( Figure 5 ), which played an essential role in the inhibition effect of PM on CRC."
PMC9066831,1,hub,results,paragraph,2,9,ESR1|APP|MAPK8|HSP90AA1|AKT1|MMP2|PTGS2|TGFB1|JUN,,False,0.20930232558139536,19.0,high,"The hub genes included ESR1, APP, MAPK8, HSP90AA1, AKT1, MMP2, PTGS2, TGFB1 and JUN. The antioxidant activity signaling pathways of the compounds for the treatment of diseases were the cancer signaling pathway, estrogen signaling pathway, colorectal cancer signaling pathway, MAPK signaling pathway, etc."
PMC9066831,2,hub,ppi network of the targets,paragraph,43,10,MCC|ESR1|APP|MAPK8|HSP90AA1|AKT1|MMP2|PTGS2|TGFB1|JUN,,False,0.29411764705882354,14.0,medium,"Nine hub genes were identified by the intersection targets of MCC and MCODE (ESR1, APP, MAPK8, HSP90AA1, AKT1, MMP2, PTGS2, TGFB1 and JUN). The corresponding five metabolites were emodin, quercetin, liriodenine, chrysophanol and kaempferol."
PMC9066831,3,potential,results,paragraph,2,3,AKT1|ESR1|PTGS2,,False,0.3,12.0,low,"tanguticum seeds could inhibit potential targets (AKT1, ESR1 and PTGS2)."
PMC9066831,4,hub,discussion,paragraph,103,3,MAPK8|AKT1|ESR1,,False,0.0967741935483871,11.935483870967742,medium,"In addition, the location of the target was assigned, and the pathway diagram was plotted, suggesting the pivotal role of hub genes (such as MAPK8, AKT1 and ESR1) in these pathways."
PMC9066831,5,key,pathway–target–component network construction,paragraph,89,3,ESR1|APP|MAPK8,,False,0.13636363636363635,9.727272727272727,medium,"The top three key targets were ESR1, APP and MAPK8. Using the KEGG mapper tool to obtain the pathway map of R."
PMC9155915,1,core,figure,caption,108,12,HSP90AA1|AKT1|MAPK1|JUN|RELA|MAPK14|ESR1|FOS|IL6|MYC|CDKN1A|RB1,12,True,0.24489795918367346,21.0,high,"The docking model of quercetin with the top 12 core target genes and apoptosis-related target genes in the topological analysis of AD-related PPI networks. (a-l) Twelve core target genes, including HSP90AA1, AKT1, MAPK1, JUN, RELA, MAPK14, ESR1, FOS, IL-6, MYC, CDKN1A, and RB1, with quercetin."
PMC9155915,2,core,figure,caption,108,14,HSP90AA1|AKT1|MAPK1|JUN|RELA|MAPK14|ESR1|FOS|IL6|MYC|CDKN1A|RB1|BCL2|BAX,,False,0.34146341463414637,16.0,medium,"(a-l) Twelve core target genes, including HSP90AA1, AKT1, MAPK1, JUN, RELA, MAPK14, ESR1, FOS, IL-6, MYC, CDKN1A, and RB1, with quercetin. (m-q) Apoptosis-related target genes, including Bcl2, BAX, Caspase-8, Caspase-9, and Caspase-3, with quercetin."
PMC9155915,3,core,6. discussion,paragraph,137,3,HSP90AA1|AKT1|MAPK1,,False,0.09090909090909091,11.818181818181818,medium,"The PPI network was constructed to reveal that HSP90AA1, AKT1, and MAPK1 might represent core targets in the anti-AD process of SHCJ, given that these genes were linked to most target nodes."
PMC9155915,4,hub,5.2.3. inhibition of a β 25-35 -induced apoptosis and protein expression in the pi3k/akt pathway by shcj,paragraph,133,4,CASP3|CASP9|BCL2|BAX,,False,0.10526315789473684,11.105263157894736,medium,"Bioinformatics analysis results identified multiple apoptosis-related genes, including CASP3, CASP9, BCL2, and BAX, in the hub target genes. In addition, the PI3K/AKT pathway was identified as a key one that defined SHCJ's effects against AD."
PMC9155915,5,top,4.2.2. construction of the ad-related ppi network and analysis of its topological features,paragraph,92,5,HSP90AA1|AKT1|MAPK1|JUN|RELA,,False,0.20833333333333334,11.0,medium,"The results showed that the top 5 nodes were HSP90AA1, AKT1, MAPK1, JUN, and RELA, and these genes could be actively involved in AD."
PMC9155915,6,top,4.2.1. construction and topological analysis of the c-d-t network,paragraph,89,5,PTGS2|PTGS1|HSP90AA1|PRKACA|ADRB2,,False,0.15625,10.125,medium,"The top 5 gene nodes were PTGS2, PTGS1, HSP90AA1, PRKACA, and ADRB2, with degree values of 39, 31, 26, 22, and 20, respectively. These genes may represent critical nodes within the network."
PMC9155915,7,core,5.1. molecular docking analysis,paragraph,107,5,HSP90AA1|AKT1|MAPK14|ESR1|FOS,12,False,0.10416666666666667,7.583333333333334,medium,"Further analysis showed that the cohesive energy between quercetin and 12 core proteins was less than −5 kcal/mol, suggesting stable binding effects. Among them, the cohesive energies of HSP90AA1, AKT1, MAPK14, ESR1, and FOS were all less than −8 kcal/mol, yielding a more stable docking result."
PMC10210165,1,crucial,network-based analysis of the effects and mechanisms of rjjd,paragraph,45,3,AKT1|CASP3|TP53,,False,0.09090909090909091,7.818181818181818,medium,"In this network, we identified AKT1, CASP3 and TP53 as the three crucial targets for treating ALI, suggesting that these proteins may play an important roles in the treatment of ALI by RJJD."
PMC12143337,1,core,results,paragraph,2,7,HSPA8|HSP90AA1|HSP90AB1|YWHAZ|EGFR|ESR1|EP300,,False,0.2413793103448276,18.0,high,"Among them, HSPA8, HSP90AA1, HSP90AB1, YWHAZ, EGFR, ESR1 and EP300 were selected as the core targets because of high degree value and direct connection with inflammation or microbial infection."
PMC12143337,2,key,figure,caption,86,8,SLC25A3|EP300|ESR1|HSPA8|YWHAZ|HSP90AA1|HSP90AB1|EGFR,,False,0.27586206896551724,16.0,medium,"The effect of QLOL on the expression of key targets related to inflammation after PIC. A–G: Quantitative analysis of EP300, ESR1, HSPA8, YWHAZ, HSP90AA1, HSP90AB1, EGFR, ESR1, EP300."
PMC12143337,3,important,construction of a network of “component-target” based on component analysis of qlol through network pharmacology,paragraph,75,13,SLC25A3|YWHAZ|HSP90AA1|EGFR|TP53|APP|VCP|CUL3|ESR1|HSPA8|HSP90AB1|UBC|EP300,53,False,0.34210526315789475,6.0,low,"As a result, 53 important targets for QLOL's treatment to PIC were identified. YWHAZ, HSP90AA1, EGFR, TP53, APP, VCP, CUL3, ESR1, HSPA8, HSP90AB1, UBC, EP300 in the ""compound-target"" network have higher degree values than other gene."
PMC11401857,1,hub,"analysis of protein–protein interaction, protein selection for molecular docking and network construction",paragraph,23,8,ALB|CASP3|ESR1|PARP1|HSP90AB1|CDK2|CDK1|ABL1,10,False,0.27586206896551724,14.0,medium,"There were 10 hub genes found when the aforementioned criteria were used to filter the data (Fig. 4 ): ALB, CASP3, ESR1, PARP1, HSP90AB1, CDK2, CDK1, ABL1, CSP8, and ACE."
PMC11401857,2,core,"analysis of protein–protein interaction, protein selection for molecular docking and network construction",paragraph,23,17,MMP7|MMP12|TCF12|ADAM17|MMP3|ALB|MME|FGF2|TYR|CAB39|CXCL10|FOLH1|PON1|ACHE|SLC5A2|MMP13|BACE1,,False,0.32075471698113206,13.0,medium,"These targets included MMP7, MMP12, TCF12, ADAM17, MMP3, ALB, MME, FGF2, TYR, CAB39, CXCL10, FOLH1, PON1, ACHE, SLC5A2, and MMP13.It was shown that MMP7 and BACE1 are the core nodes in each functional module, which suggests that these major targets have a considerable influence on the effects that naringin has against GBM."
PMC11401857,3,important,conclusion,paragraph,80,3,TNF|TP53|IL17A,,False,0.10714285714285714,11.142857142857142,low,"Naringin controls important targets involved in apoptosis, necrosis, angiogenesis, metastasis, and chemotherapy resistance, including those relevant in treating GBM via the TNF, P53, and IL-17 signaling pathways."
PMC11401857,4,top,molecular binding analysis,paragraph,47,9,ALB|CASP3|ESR1|PARP1|HSP90AB1|CDK2|CDK1|ABL1|CASP8,,False,0.2571428571428571,11.0,medium,"A selection of the top 10 proteins (ALB, CASP3, ESR1, PARP1, HSP90AB1, CDK2, CDK1, ABL1, CASP8, ACE) were made for conducting molecular docking studies. These proteins were then compared with the drugs the FDA approved."
PMC7414372,1,top,3.2. tcm-intersecting targets-disease network analysis,paragraph,69,8,EP300|AKT1|HSP90AA1|CTNNB1|EGFR|CDK1|HRAS|KAT2B,,False,0.17391304347826086,10.478260869565217,medium,"In this network, as shown in Figure 2(c) , the top 8 genes with the highest node connectivity were EP300, AKT1, HSP90AA1, CTNNB1, EGFR, CDK1, HRAS, and KAT2B. Among them, EP300 has 31 connections with other genes, and 7 other genes have more than 15 connectivities."
PMC8820870,1,potential,3.2. network construction and biological process analysis,paragraph,41,10,IL1R1|IRAK4|MYD88|TIRAP|TLR4|TRAF6|IRAK2|TLR3|TLR5|TLR6,,False,0.18181818181818182,7.636363636363637,low,"A KEGG pathway analysis of potential target genes (IL1R1, IRAK4, MYD88, TIRAP, TLR4, and TRAF6) revealed signaling pathways related with anti-inflammatory effects (see Table 2 ). Figure S2 shows the PPI network with 12 proteins (IL1R1, IRAK2, MYD88, IRAK4, IRAK2, MYD88, TIRAP, TRAF6, TLR3, TLR4, TLR5, and TLR6), all of which have anti-inflammatory effects."
PMC7920725,1,key,4. discussion,paragraph,23,7,TEAD1|HYCC1|EGFR|ESR1|CCND1|MYC|PTGS2,,False,0.17073170731707318,13.414634146341463,medium,"As observed in the results of KEGG pathway enrichment analysis, the key targets of AA acting on HCC were mainly related to the EGFR signaling pathway, ESR1 signaling pathway, CCND1 signaling pathway, MYC signaling pathway, PTGS2 signaling pathway, and so on."
PMC7920725,2,crucial,4. discussion,paragraph,23,5,PTGS2|STK33|MTOR|COX2|HYCC1,,False,0.11627906976744186,11.325581395348838,medium,"In addition, the crucial proteins of the PTGS2 signaling pathway such as AKT, STK33, and MTOR were all elevated in COX-2-driven HCC; thus, targeting these proteins could active these oncogenic cascades by COX-2 overexpression during the pathogenesis of HCC [ 30 ]."
PMC7920725,3,key,4. discussion,paragraph,24,3,EGFR|TEAD1|HYCC1,,False,0.08823529411764706,10.764705882352942,medium,The molecular docking assay in this study showed that quercetin were conferred strong binding activity with EGFR and further demonstrated that EGFR was the key target related to the treatment of AA for HCC.
PMC12064105,1,hub,network pharmacology analysis of xsbo treating ad,paragraph,48,9,MAPK1|MAPK3|AKT1|RXRA|RXRB|RARA|RARB|RARG|EGFR,,False,0.23684210526315788,14.0,medium,"The PPI network and MCODE plugin were employed to analyze the critical modules derived from the hub genes, thereby elucidating the action mechanisms of the core targets (MAPK1, MAPK3, AKT1, RXRA, RXRB, RARA, RARB, RARG, EGFR) of XSBO."
PMC12064105,2,core,network pharmacology analysis of xsbo treating ad,paragraph,64,5,PPARD|PPARA|FABP5|AR|CYP19A1,,False,0.29411764705882354,13.0,medium,"These effects are mediated through core target genes, including PPARD, PPARA, FABP5, AR and CYP19A1, among others."
PMC11825621,1,hub,molecular docking analysis,paragraph,54,15,IL1B|TNF|STAT1|IL6|PTGS2|JUN|PPARG|RELA|IL2|NFKBIA|IFNG|IL10|IL1A|IRF1|MAPK1,14,True,0.42857142857142855,19.0,high,"To confirm the interaction between QUE and AR-related genes, its 14 hub targets, IL1B, TNF, STAT1, IL6, PTGS2, JUN, PPARG, RELA, IL2, NFKBIA, IFNG, IL10, IL1A, IRF1, and MAPK1, were selected for molecular docking."
PMC11825621,2,important,abstract,paragraph,0,15,IL1B|TNF|STAT1|IL6|PTGS2|RELA|IL2|NFKBIA|IFNG|IL10|IL1A|IRF1|EGFR|CXCL10|AR,,False,0.4411764705882353,16.0,low,"The protein–protein interaction (PPI) network analysis and molecular docking revealed IL1B, TNF, STAT1, IL6, PTGS2, RELA, IL2, NFKBIA, IFNG, IL10, IL1A, IRF1, EGFR, and CXCL10 as important targets of QUE in AR treatment."
PMC11825621,3,hub,discussion,paragraph,66,16,IL1B|TNF|STAT1|IL6|PTGS2|JUN|PPARG|RELA|IL2|NFKBIA|IFNG|IL10|IL1A|IRF1|MAPK1|IL17A,,False,0.1951219512195122,15.902439024390244,medium,"Based on the 61 QUE targets, the PPI network indicated IL1B, TNF, STAT1, IL6, PTGS2, JUN, PPARG, RELA, IL2, NFKBIA, IFNG, IL10, IL1A, IRF1, and MAPK1 as the key hub genes. The targets of QUE were genes primarily participating in numerous biological processes, including response to oxidative stress, wound healing, and regulation of apoptotic signaling pathway; these genes were also involved in inflammation-related processes and pathways such as TNF signaling, NF-kB signaling, inflammatory bowel disease, and IL-17 signaling pathways."
PMC11825621,4,hub,discussion,paragraph,69,5,RELA|JUN|NFKBIA|IRF1|IFNG,,False,0.1282051282051282,14.564102564102564,medium,"The PPI network established from the 56 QUE targets has revealed important hub genes, including RELA, JUN, NFKBIA, IRF1, and IFNG. RELA and JUN coordinate gene expression, whereas NFKBIA serves as a restrictive agent in the NF-κB pathway."
PMC11825621,5,important,protein–protein interaction network of que targets in ar and their function,paragraph,51,14,IL1B|TNF|STAT1|IL6|PTGS2|RELA|IL2|NFKBIA|IFNG|IL10|IL1A|IRF1|EGFR|CXCL10,,False,0.45161290322580644,10.0,low,"Successive clustering analysis from the string database indicated that the important targets of QUE were IL1B, TNF, STAT1, IL6, PTGS2, RELA, IL2, NFKBIA, IFNG, IL10, IL1A, IRF1, EGFR, and CXCL10 (Fig."
PMC10988798,1,top,ppi network,paragraph,43,10,AKT1|HSP90AA1|STAT3|EGFR|MAPK3|TLR4|PIK3R1|RXRA|ESR1|ALB,,False,0.3448275862068966,11.0,medium,"From this analysis, we identified the top 10 genes with the highest degree values, including AKT1, HSP90AA1, STAT3, EGFR, MAPK3, TLR4, PIK3R1, RXRA, ESR1, and ALB (Fig. 2 B)."
PMC11211499,1,core,ppi network analysis,paragraph,31,10,EGFR|TNF|MMP9|AKT1|PARP1|MET|MCL1|IGF1R|PTGS2|MMP2,10,True,0.3448275862068966,18.0,high,"The top 10 core targets were EGFR, TNF, MMP9, AKT1, PARP1, MET, MCL1, IGF1R, PTGS2, and MMP2. The network analysis of top-ranked targets are depicted in Figure 5 ."
PMC12263669,1,key,3.6 network pharmacology analysis,paragraph,46,3,TNF|IL6|AKT1,,False,0.07894736842105263,8.578947368421053,medium,"As shown in Figure 5B , the PPI network analysis revealed TNF, IL6 and AKT1 as key targets within the topological network, suggesting that blood-entry components may primarily act on these key targets, thereby regulating other downstream targets."
PMC12086915,1,core,conclusion,paragraph,81,7,FOS|JUN|STAT3|MAPK3|ESR1|TP53|HSP90AA1,8,True,0.1794871794871795,21.58974358974359,high,"We identified 8 core targets, including FOS, JUN, STAT3, MAPK3, ESR1, TP53, and HSP90AA1 of BXD for PCOS. The biological functions of these targets are mainly related to oxidative stress, the development of reproductive structures, hormonal response, and apoptosis."
PMC12086915,2,core,discussion,paragraph,66,8,STAT3|AKT1|MAPK3|JUN|HSP90AA1|FOS|TP53|ESR1,8,True,0.21621621621621623,20.0,high,"Using these potential targets, we constructed a PPI network with GeneMANIA from which we identified 8 core targets – STAT3, AKT1, MAPK3, JUN, HSP90AA1, FOS, TP53, and ESR1 – that may be particularly important in treating PCOS with BXD."
PMC12086915,3,hub,conclusions,paragraph,3,5,FOS|JUN|MAPK3|TP53|HSP90AA1,,False,0.15151515151515152,17.03030303030303,high,"Five oxidative stress-related hub targets of BXD for PCOS were identified, including FOS, JUN, MAPK3, TP53 and HSP90AA1, while three key ingredients of BXD, quercetin, glycyrrhetinic acid A and naringenin, were uncovered."
PMC12086915,4,hub,results,paragraph,2,5,JUN|MAPK1|MAPK3|FOS|TP53,8,False,0.1,15.5,high,"By PPI and algorithmic analysis, we identified 8 hub genes, 5 of which (JUN, MAPK1, MAPK3, FOS, TP53) were related to oxidative stress. Further analysis indicated that quercetin, glycyrrhetinic acid A and naringenin are the three key ingredients of BXD, and they have superior binding effects on the hub genes."
PMC12086915,5,core,key ingredients of bxd,paragraph,45,3,GNRH1|IL17A|TNF,5,False,0.041666666666666664,6.833333333333334,low,"PPI network analysis of the 92 targets revealed 5 core genes that overlap with BXD ( Figure 7b ). GO and KEGG enrichment analysis showed an 82% repetition rate, with enrichment in processes such as reactive oxygen species metabolic process, response to steroid hormone, reproductive structure development, regulation of apoptotic signaling pathway, Ovarian steroidogenesis, GnRH secretion, IL-17 signaling pathway, TNF signaling pathway, MAPK signaling pathway and PI3K-AKT signaling pathway ( Figure 7c,d )."
PMC7499271,1,core,3.2. ppi network analysis,paragraph,12,11,MCC|VEGFA|PTGS2|CCND1|JUN|RELA|STAT1|AHR|NR3C1|MCL1|MMP2,,False,0.36666666666666664,13.0,medium,"The top 10 target genes with the highest MCC scores were VEGFA , PTGS2 , CCND1 , JUN , RELA , STAT1 , AHR , NR3C1 , MCL1 , and MMP2, which were considered the core targets ( Figure 4 )."
PMC7499271,2,important,abstract,paragraph,0,3,RELA|VEGFA|STAT1,,False,0.06382978723404255,12.27659574468085,low,"RELA , VEGFA , and STAT1 were the important target genes in the gene network associated with the THSWT formula for the treatment of ONFH. Therefore, the present study suggested that the THSWT formula has an action mechanism involving multiple compounds and network targets for the treatment of ONFH."
PMC7499271,3,core,3.4. go and kegg pathway enrichment analyses,paragraph,16,4,RELA|JUN|VEGFA|CCND1,,False,0.11428571428571428,9.285714285714285,medium,"The network diagram suggested that RELA had the maximum degree (number of connected nodes) and thus was considered the core target. Several other targets also had more significant degrees, such as JUN , VEGFA , and CCND1 ."
PMC10476849,1,core,abstract,paragraph,0,10,ST6GALNAC4|TNF|IL6|IL1B|TLR4|CXCL8|CCL2|IL10|VEGFA|MMP9,,False,0.2857142857142857,19.0,high,"The main anti-inflammatory active components of RA were quercetin, Astragaloside IV, kaempferol, 7-O-methylisomucronulatol, and formononetin, and the strongly interacting core proteins were TNF, IL6, IL1B, TLR4, CXCL8, CCL2, IL10, VEGFA, and MMP9."
PMC10476849,2,core,3.5. visualization of molecular docking results,paragraph,48,10,TNF|ID1|IL6|IL1B|TLR4|CXCL8|CCL2|IL10|VEGFA|MMP9,,False,0.19607843137254902,18.92156862745098,high,"The protein structures of the core targets were obtained from the PDB database, including TNF (PDB ID:2AZ5), IL6 (PDB ID:1ALU), IL1B (PDB ID:5R8Q), TLR4 (PDB ID:2Z65), CXCL8 (PDB ID: 6WZM), CCL2 (PDB ID: 1DOK), IL10 (PDB ID: 1LK3), VEGFA (PDB ID: 6BFT), and MMP9 (PDB ID: 1GKC)."
PMC10476849,3,core,4. discussion,paragraph,61,4,ST6GALNAC4|TNF|TLR4|IL10,,False,0.0975609756097561,12.951219512195122,medium,"Molecular docking results suggest that the binding energies of Astragaloside IV and kaempferol with the core protein are ≤−6 kcal/mol. Particularly, the binding energies of Astragaloside IV with TNF, TLR4, and IL10 are lower; therefore, these bindings are more stable."
PMC6176282,1,hub,establishment of the compound–target–disease network of adq,paragraph,34,22,CAV1|HIF1A|CCNB1|BAX|BCL2|PARP1|ERBB3|MCL1|PRKCA|CDCA7|CDKN1A|CDKN2A|TOP1|TOP2A|SELE|ATP5F1B|RUNX2|BIRC5|ATF2|RUNX1T1|MT2A|EIF5B,,False,0.43137254901960786,14.0,medium,"These hub genes included CAV1, HIF1A, CCNB1, BAX, BCL2, PARP1, ERBB3, MCL1, PRKCA, CDCA7, CDKN1A, CDKN2A, TOP1, TOP2A, SELE, ATP5B, RUNX2, BIRC5, ATF2, RUNX1T1, MT2A, and EIF5B ( Figure 7B ), among which CAV1 was the key target with the largest node size according to “Degree” in the node size mapping ( Figure 7C )."
PMC11114218,1,hub,prediction of the binding between hq active ingredients and target genes by molecular docking,paragraph,30,10,APOE|TNF|BCL2|MYC|MMP9|TLR4|ESR1|HIF1A|VCAM1|CDH1,10,True,0.17543859649122806,18.50877192982456,high,"Next, significant differences of 10 hub genes between failing heart tissues and control heart tissues were analysed based on GSE25765 database. As indicated by the results, there was 1 differentially downregulated drug target gene (APOE), and 9 differentially upregulated drug target genes (TNF, BCL2, MYC, MMP9, TLR4, ESR1, HIF1A, VCAM1 and CDH1) in heart failure (Figure 5B )."
PMC12246733,1,key,analysis of the ppi network,paragraph,25,7,EGFR|IL6|JAK2|MAP2K1|MMP9|CDK4|AR,8,True,0.2692307692307692,17.0,high,"As a result of this analysis, the top 8 key targets were determined to be mTOR, EGFR, IL6, JAK2, MAP2K1, MMP9, CDK4, and AR (Fig. 1C )."
PMC12246733,2,core,molecular docking,paragraph,29,8,MTOR|EGFR|IL6|JAK2|MAP2K1|MMP9|CDK4|AR,,False,0.2222222222222222,13.0,medium,"The core genes were chosen by identifying the overlap between the top eight core genes (MTOR, EGFR, IL6, JAK2, MAP2K1, MMP9, CDK4, and AR) discovered in the protein-protein interaction (PPI) networks mentioned in Table 2 ."
PMC10170285,1,top,construction and analysis of the ppi network,paragraph,117,20,SLC6A4|GRM5|SLC6A3|GRIN2B|CNR1|IL6|CTNNB1|TNF|COMT|NTRK2|DLG4|DRD2|GRM2|IL1B|HTR1A|HTR2A|SLC6A2|CHRNA4|HTR3A|GRIN1,,False,0.5263157894736842,11.0,medium,"Finally, the 20 top targets with the highest nodal degree values were obtained, which were SLC6A4 , GRM5 , SLC6A3 , GRIN2B , CNR1 , IL6 , CTNNB1 , TNF , COMT , NTRK2 , DLG4 , DRD2 , GRM2 , IL1B , HTR1A , HTR2A , SLC6A2 , CHRNA4 , HTR3A , and GRIN1 ( Figure 2D )."
PMC10869047,1,core,abstract,paragraph,0,10,TP53|TNF|AKT1|VEGFA|PTGS2|STAT3|HIF1A|MYC|EGFR|CASP3,10,True,0.2,24.0,high,"A topological analysis of the PPI network revealed 10 core targets including TP53, tumor necrosis factor-alpha (TNF), AKT1, vascular endothelial growth factor A (VEGFA), prostaglandin-endoperoxide synthase 2 (PTGS2), signal transducer and activator of the transcription 3 (STAT3), HIF1A, MYC, epidermal growth factor receptor (EGFR), and CASP3 (Caspase-3)."
PMC12714189,1,key,abstract,paragraph,0,6,AKT1|MMP9|ICAM1|TLR4|BCL2|HIF1A,,False,0.21428571428571427,18.0,high,"Our identified six key target genes ( AKT1 , MMP9 , ICAM1 , TLR4 , BCL2 , and HIF1A ) were mainly involved in the regulations of immunometabolism, inflammation, and cell survival in both diseases."
PMC9936039,1,core,3.6. compound-target docking studies,paragraph,64,6,EGFR|PTGS2|MAPK14|PPARA|MAPK8|CYP19A1,5,True,0.24,19.0,high,"In summary, sesamin binds well to 5 core targets: EGFR, PTGS2, MAPK14, PPARA, and MAPK8. Quercetin binds well to 2 protein targets, CYP19A1 and PPARA."
PMC9936039,2,core,4. discussion,paragraph,70,9,EGFR|CREB1|PTGS2|PPARG|PPARA|MMP9|MAPK8|MAPK14|IL1B,,False,0.1323529411764706,13.647058823529411,medium,"In this study, EGFR, CREB1, PTGS2, PPARG, PPARA, MMP9, MAPK8, and MAPK14 were identified as core protein targets for the treatment of CA. Reducing the expression of PPARα, MMP9, and IL-1β proteins, elevate MAPK levels, inhibit reactive oxygen specie production, and enhance nitric oxide bioactivity in blood vessels, thereby ameliorate endothelial disorders and hypertension, reducing the inflammatory response, and altering the progression of cerebral atherosclerosis and thrombosis."
PMC9936039,3,core,3.6. compound-target docking studies,paragraph,64,5,CYP2E1|PPARG|CREB1|MMP9|ESR1,2,False,0.22727272727272727,11.5,medium,"Bicuculline binds well to 2 core proteins, CYP2E1 and PPARG. Kaempferol, luteolin, and ginkgolide bind well to CREB1, MMP9, and ESR1, respectively."
PMC7914091,1,core,results,paragraph,2,30,STAT3|INS|TP53|VEGFA|AKT1|TNF|IL6|JUN|EGF|CASP3|MAPK3|MAPK1|MAPK8|SRC|IGF1|CCND1|ESR1|EGFR|PTEN|MTOR|FOS|PTGS2|CXCL8|HRAS|CDH1|BCL2L1|FN1|MMP9|ERBB2|JAK2,30,True,0.7142857142857143,23.0,high,"At the same time, we also obtained 30 core targets, including STAT3, INS, TP53, VEGFA, AKT1, TNF, IL6, JUN, EGF, CASP3, MAPK3, MAPK1, MAPK8, SRC, IGF1, CCND1, ESR1, EGFR, PTEN, MTOR, FOS, PTGS2, CXCL8, HRAS, CDH1, BCL2L1, FN1, MMP9, ERBB2, and JAK2."
PMC7914091,2,important,4.3. inflammation and immune,paragraph,29,3,STAT3|IL6|CD8A,,False,0.06382978723404255,6.276595744680851,low,"Therefore, STAT3 has become an important protein in immunotherapy research [ 70 ]. IL-6 produced by the tumor-bearing host can aggravate the immunosuppression in the tumor microenvironment by inhibiting antitumor cells including CD8 + T cells, thus leading to the metastasis and colonization of colon cancer cells [ 71 ]."
PMC10999575,1,key,ppi network construction and key target identification,paragraph,41,9,HSP90AA1|ESR1|FOS|EGFR|MAPK8|BCL2|MYC|IL6|CASP3,9,True,0.09375,15.875,high,"After deleting targets lower than the mean value of degree (4.271186441), betweenness centrality (0.057581465), and closeness centrality (0.338852949), the remaining 9 targets were considered as the potential key targets in BYD treatment for asthma ( Table 2 ): heat shock protein 90 alpha family class A member 1 (HSP90AA1), estrogen receptor 1 (ESR1), proto-oncogenec-Fos (FOS), epidermal growth factor receptor (EGFR), mitogen-activated protein kinase 8 (MAPK8), B-cell lymphoma-2 (BCL2), proto-oncogene Myc (MYC), IL6, caspase 3 (CASP3), and most of which are involved in the PI3K/AKT signaling pathways ( Laboratories, 2024 )."
PMC8767100,1,hub,conclusion,paragraph,94,6,PTGS2|COX2|MMP2|ERBB2|PRKCA|INSR,,False,0.2,18.0,high,"Moreover, the hub genes including PTGS2 (COX-2), MMP2, ERBB2, PRKCA, and INSR were screened out based on the analysis of the topological character of the protein–protein interaction network."
PMC8767100,2,hub,discussion,paragraph,91,6,EGFR|SETD2|PRKCA|INSR|ERBB2|PTGS2,,False,0.11538461538461539,14.307692307692308,medium,"aureum can regulate the expression of these hub genes is in accordance with the predicted results. To sum up, the regulation of ErbB and HIF-1 signaling pathways by regulating the expression of PRKCA, INSR, ERBB2, and PTGS2 may be the reason for its mitigation of oxidative damage of cells ( Figure 10 )."
PMC9895386,1,key,figure,caption,59,6,MAPK1|CTNNB1|AKT1|PIK3CA|TP53|HSP90AA1,,False,0.21428571428571427,16.0,medium,The molecular docking results of berberine (BBR) and key targets. BBR and (A) Mapk1 ; (B) Src ; (C) Ctnnb1 ; (D) Akt1 ; (E) Pik3ca ; (F) Tp53 ; (G) Jun ; (H) Hsp90aa1 .
PMC9895386,2,core,5. discussion,paragraph,67,3,AKT1|CTNNB1|TP53,,False,0.08823529411764706,11.764705882352942,medium,"Molecular docking showed that the core targets dovetailed well with BBR, and RT-qPCR validated that the anti-aging-related cognitive dysfunction of BBR may be achieved by modulating Akt1 , Ctnnb1 , Tp53 , and Jun ."
PMC13191495,1,hub,ppi network construction and hub gene identification,paragraph,59,11,MCC|SRC|MAPK3|MAPK1|PTPN11|EGFR|STAT3|HRAS|PIK3R1|PIK3CA|IL6,10,True,0.3235294117647059,19.0,high,"Subsequently, the CytoHubba plugin (MCC algorithm) was employed to rank and identify the top 10 hub genes from the PPI network. These were SRC, MAPK3, MAPK1, PTPN11, EGFR, STAT3, HRAS, PIK3R1, PIK3CA, and IL6."
PMC13191495,2,hub,discussion,paragraph,131,10,SRC|MAPK3|MAPK1|PTPN11|EGFR|STAT3|HRAS|PIK3R1|PIK3CA|IL6,,False,0.3125,16.0,medium,"Our integrated approach identified ten hub targets, which are SRC, MAPK3, MAPK1, PTPN11, EGFR, STAT3, HRAS, PIK3R1, PIK3CA, and IL6. These targets are intimately associated with neuroinflammatory and apoptotic processes in PD."
PMC13191495,3,hub,figure,caption,127,6,SRC|HRAS|PTPN11|EGFR|PIK3R1|AKT1,,False,0.14634146341463414,15.926829268292682,medium,"Crocin I modulates hub gene expression and activates the PI3K-AKT pathway in vivo. (A–F) Relative mRNA expression levels of (A) SRC, (B) HRAS, (C) PTPN11, (D) EGFR, (E) PIK3R1, and (F) AKT1 in the striatum, determined by RT-qPCR."
PMC13191495,4,hub,discussion,paragraph,136,5,SRC|HRAS|PTPN11|PIK3R1|AKT1,,False,0.14705882352941177,14.941176470588236,medium,"At the molecular level, crocin I normalized the rotenone-induced dysregulation of key hub genes, reducing the elevated mRNA levels of SRC, HRAS, and PTPN11 while increasing the suppressed expression of PIK3R1 and AKT1."
PMC13191495,5,key,abstract,paragraph,0,3,SRC|HRAS|PTPN11,,False,0.08333333333333333,14.666666666666666,medium,"This involves key targets including SRC, HRAS, and PTPN11, along with regulation of the PI3K-AKT signaling pathway. In vivo evidence supported these predictions, showing that crocin I attenuated motor dysfunction and protected to dopaminergic neurons."
PMC13191495,6,core,crocin i modulates the expression of hub genes,paragraph,126,5,SRC|HRAS|PTPN11|EGFR|PIK3R1,,False,0.125,11.5,medium,"Experimental validation of the core targets from network pharmacology was carried out by measuring striatal mRNA levels of SRC, HRAS, PTPN11, EGFR, and PIK3R1. Rotenone treatment significantly upregulated SRC, HRAS, and PTPN11 and downregulated PIK3R1 compared to the control group."
PMC8478540,1,hub,4. conclusions,paragraph,115,8,PIK3CA|MAPK1|PIK3R1|AKT1|SRC|APP|HRAS|STAT3,,False,0.11764705882352941,15.352941176470587,high,"Third, hub genes, such as PIK3CA, MAPK1, PIK3R1, AKT1, SRC, APP, HRAS, and STAT3, were screened from the protein-protein interaction network. Fourth, the bioactivity of 279 inflammation targets spreads widely, involving response to toxic substance, response to inorganic substance, cellular response to nitrogen compound, positive regulation of MAPK cascade, positive regulation of kinase activity, cellular response to organonitrogen compound, response to antibiotic, and response to oxidative stress."
PMC8478540,2,hub,3.5. molecular docking analysis,paragraph,96,3,PIK3R1|PIK3CA|MAPK1,,False,0.05555555555555555,10.11111111111111,low,"The dock results of 29 components and hub genes (AKT, PIK3R1, PIK3CA, and MAPK1) are shown in Figure 11 , and the docking ligand-protein binding energy is summarized in Table 5 . It is generally considered that the value of the Autodock Vina score indicates the binding activity between a compound and a protein [ 16 ]."
PMC8478540,3,top,3.2. protein-protein interaction (ppi) network,paragraph,60,10,PIK3CA|MAPK1|PIK3R1|SRC|APP|HRAS|STAT3|HSP90AA1|NRAS|FYN,,False,0.1282051282051282,9.564102564102564,medium,"The top 10 targets, including PIK3CA (phosphatidylinositol-4,5-bisphosphate 3-kinase catalytic subunit alpha), MAPK1 (mitogen-activated protein kinase 1), PIK3R1 (phosphoinositide-3-kinase regulatory subunit 1), SRC (SRC proto-oncogene), APP (amyloid beta precursor protein), HRAS (HRas proto-oncogene), STAT3 (signal transducer and activator of transcription 3), HSP90AA1 (heat shock protein 90 alpha family class A member 1), NRAS (NRAS proto-oncogene), and FYN (FYN proto-oncogene), were selected according to their degree values ( Figure 6 )."
PMC13159095,1,key,3.6. compound–target–pathway network analysis,paragraph,70,5,BCL2|CASP3|CASP9|SQSTM1|MAP1LC3A,,False,0.11363636363636363,9.272727272727273,medium,"Key targets such as BCL2, CASP3, CASP9, SQSTM1 (p62), and MAP1LC3A (LC3) are closely linked to the apoptosis signaling pathway and interact with the identified compounds. These components and targets likely represent the active ingredients and mechanisms of YWT in treating CDDP‐induced AKI."
PMC8845118,1,core,abstract,paragraph,0,5,IL1B|IL6|TNF|NOS3|MAPK1,,False,0.1282051282051282,16.564102564102562,high,"The core targets including IL-1 β , IL-6, TNF, NOS3, and MAPK1 were identified using protein-protein interaction network analysis, whereas dozens of signaling pathways such as the p38MAPK signaling pathway were identified using functional pathway enrichment analysis."
PMC8845118,2,top,3.5.1. protein-protein interaction network analysis,paragraph,71,10,TNF|VEGFA|GAPDH|IL6|STAT3|NOS3|MAPK1|PTGS2|IL1A|HSP90AA1,,False,0.24390243902439024,11.0,medium,"The top 10 targets were TNF, VEGFA, glyceraldehyde-3-phosphate dehydrogenase (GAPDH), IL6, signal transducers, and activators of transcription3 (STAT3), nitric oxide synthase 3 (NOS3), MAPK1, PTGS2, IL1 β , and heat shock protein 90 alpha family class A member 1 (HSP90AA1)."
PMC12733305,1,core,abstract,paragraph,0,5,AKT1|EGFR|HSP90AA1|SRC|STAT3,,False,0.125,17.5,high,"Network pharmacology analysis identified AKT1, EGFR, HSP90AA1, SRC, and STAT3 as core targets, primarily enriched in the MAPK, PI3K-Akt, and Ras signaling pathways. Molecular docking and molecular dynamics simulations further demonstrated stable interactions between major metabolites and core targets."
PMC12733305,2,core,2.2.3. functional enrichment analysis of gene ontology (go) and kyoto encyclopedia of genes and genomes (kegg) pathways,paragraph,14,3,AKT1|EGFR|HSP90AA1,,False,0.08108108108108109,9.621621621621621,medium,"Multiple core targets were involved in key signaling pathways. For instance, AKT1 and EGFR were implicated in both the MAPK and Ras signaling pathways, while AKT1, EGFR, and HSP90AA1 were involved in the PI3K-Akt signaling pathway."
PMC12733305,3,core,2.2.3. functional enrichment analysis of gene ontology (go) and kyoto encyclopedia of genes and genomes (kegg) pathways,paragraph,13,4,AKT1|EGFR|STAT3|SRC,,False,0.07692307692307693,8.538461538461538,medium,"Among the top enriched BP terms, the identified core targets demonstrated broad functional involvement ( Figure 7 B). For example, AKT1 participated in seven biological processes, EGFR and STAT3 were involved in six, and SRC contributed to five biological processes, highlighting their essential roles in mediating the anti-tumor effects of steamed PJR."
PMC12494972,1,hub,abstract,paragraph,0,5,AR|CDK4|EGFR|MAPK1|MAPK3,,False,0.19230769230769232,19.846153846153847,high,"sativa, highlighting hub genes. Molecular docking studies were conducted to validate the interactions of select bioactive compounds with key receptors (AR, CDK4, EGFR, MAPK1, and MAPK3)."
PMC12494972,2,hub,discussion,paragraph,78,9,AKT1|IL6|SRC|EGFR|MAPK3|MAPK1|PTGS2|CDK4|AR,,False,0.2647058823529412,16.0,medium,"Hub genes identified through PPI analysis, including AKT1, IL6, SRC, EGFR, MAPK3, MAPK1, PTGS2, CDK4, and AR, play crucial roles in oncogenic signaling pathways associated with skin cancer progression, survival, and metastasis 46 – 49 ."
PMC12494972,3,hub,ppi network construction and analyses,paragraph,29,15,AKT1|IL6|SRC|EGFR|MAPK3|PTGS2|MAPK1|GSK3B|MDM2|HMGCR|AR|PRKCA|CDK4|PTPN11|MAPK14,,False,0.3333333333333333,14.0,medium,"The top hub genes with the highest degrees of overlapping were found as AKT1 (137), IL6 (133), SRC (121), EGFR (107), MAPK3 (93), PTGS2 (92), MAPK1 (76), GSK3B (66), MDM2 (59), HMGCR (55), AR (55), PRKCA (53), and CDK4 (48), PTPN11 (33), MAPK14 (20) ( Fig."
PMC12494972,4,hub,discussion,paragraph,77,4,AKT1|EGFR|MAPK3|CDK4,,False,0.12903225806451613,13.580645161290322,medium,"Notably, the protein–protein interaction network analysis revealed several hub genes, including AKT1, EGFR, MAPK3, and CDK4, which are critically involved in the regulation of cell survival, proliferation, and apoptosis 11 ."
PMC12267510,1,core,discussion,paragraph,89,6,IL6|IL1B|TP53|AKT1|TNF|EGFR,,False,0.2,16.0,medium,"Based on the comprehensive application of GEPIA and molecular docking technology, we identified six core targets: IL-6, IL-1β, TP53, AKT1, TNF, and EGFR, which exhibit significant network importance."
PMC11303875,1,top,3.3 construction and analysis of protein-protein interaction networks,paragraph,34,10,TP53|INS|AKT1|STAT3|EGFR|CTNNB1|PIK3CA|HRAS|EGF|ESR1,,False,0.47619047619047616,12.0,medium,"The top 10 targets with the highest Degree values are: TP53, INS, AKT1, STAT3, EGFR, CTNNB1, PIK3CA, HRAS, EGF, and ESR1."
PMC11303875,2,top,3.3 construction and analysis of protein-protein interaction networks,paragraph,37,10,AKT1|TNF|SRC|EGFR|ESR1|PPARG|PTGS2|CCND1|MMP9|ERBB2,,False,0.47619047619047616,12.0,medium,"The top 10 targets with the highest Degree values are: AKT1, TNF, SRC, EGFR, ESR1, PPARG, PTGS2, CCND1, MMP9, and ERBB2."
PMC8933636,1,hub,case study,paragraph,41,4,JUN|IL6|MAPK1|STAT3,,False,0.04938271604938271,9.987654320987655,low,"Pivotal ingredients Hub targets Liu et al.’s work INPUT (Rank)a Liu et al.’s work INPUT (Rank) a quercetin Y (1) JUN Y (1) β-sitosterol Y (2) IL6 Y (4) kaempferol Y (4) MAPK1 Y (8) Formononetin Y (6) STAT3 N naringenin Y (9) paeoniflorin Y (13) Licochalcone A Y (41) a Y indicates that the identified ingredient or hub target is consistent with Liu et al.’s work [36] , N indicates failed to find the hub target."
PMC10762922,1,hub,abstract,paragraph,7,9,IL6|TNF|IL1B|CXCL8|IL10|CCL2|ICAM1|STAT3|IL4,,False,0.391304347826087,20.0,high,"• IL6, TNF, IL1B, CXCL8, IL10, CCL2, ICAM1, STAT3 and IL4 are hub genes and have a strong binding capacity to potential active ingredients."
PMC10762922,2,hub,discussion,paragraph,106,10,MCC|IL6|TNF|IL1B|CXCL8|IL10|CCL2|ICAM1|STAT3|IL4,,False,0.17857142857142858,15.571428571428571,medium,"Further, we performed MCC analysis on the PPI network to identify Hub targets including IL6, TNF, IL1B, CXCL8, IL10, CCL2, ICAM1, STAT3 , and IL4 . Low-grade inflammation, which plays a role in the development and progression of multiple diseases, has been associated with IL6, IL-1B, CXCL8, IL4, TNF , and IL10 in various diseases [ 51 , 52 ]."
PMC10762922,3,hub,discussion,paragraph,108,3,CXCL8|IL1B|CCL2,,False,0.06976744186046512,12.395348837209303,medium,"Lastly, we performed GSEA analysis on CXCL8 , IL1B , and CCL2 , three hub genes with significant docking activity, using the results of molecular docking. The GSEA analysis further demonstrated the pivotal roles of CXCL8 , IL1B , and CCL2 in diabetes through immune and inflammatory mechanisms."
PMC8106469,1,potential,discussion,paragraph,52,17,ARSA|KDSR|GALC|GBA1|GLA|UGCG|UGT8|DEGS1|SPHK1|B4GALT6|GAL3ST1|CERS2|SGPP1|ACER1|SGMS1|AKT2|MAPK1,,False,0.5483870967741935,10.0,low,"Moreover, as disclosed in this context, ARSA, KDSR, GALC, GBA, GLA, NEU, UGCG, UGT8, DEGS1, SPHK1, B4GALT6, GAL3ST1, CERS2, SGPP1, ACER1, SGMS1, AKT2, and MAPK1 were potential targets in sphingolipid metabolism."
PMC8106469,2,potential,discussion,paragraph,52,3,SQLE|LSS|FDFT1,,False,0.1,7.0,low,"The targets participating in cholesterol biosynthesis, including SQLE, LSS, FDFT1, and SOAT, are potential targets, and baicalin, baicalein, coptisine, epiberberine, wogonin, and sitosterol may be potential active ingredients of S."
PMC8806438,1,core,discussion,paragraph,70,3,TP53|BAX|BCL2,,False,0.06521739130434782,11.304347826086957,medium,"Topological analysis harvested core targets network also revealed some clues which may help to understand the therapeutic action of YSNJF. TP53, a typical tumor-inhibiting gene, was reported to upregulating the expression of BAX while downregulating Bcl-2 so that it could promote target cell apoptosis."
PMC8806438,2,core,construction of ysnjf-compounds-target-mds network,paragraph,31,5,PTGS1|ESR1|AR|PPARG|THBD,,False,0.1111111111111111,11.222222222222221,medium,"Core targets as determined in the same manner have also revealed that prostaglandin-endoperoxide synthase 1 (PTGS1), estrogen receptor 1 (ESR1), androgen receptor (AR), peroxisome proliferator-activated receptor γ (PPARG), and thrombomodulin (THBD) were potentially key targets for MDS treatment ( Figure 3 and Table 3 )."
PMC8806438,3,top,ppi network construction and major and core targets network identification,paragraph,51,9,MAPK1|PRB3|CCND1|TP53|MAPK3|STAT3|IL2|THBD|EGFR,,False,0.15,10.0,medium,"As determined by String, the average node degree of constructed network was 40.3, and the top targets with the highest node degrees were mitogen-activated protein kinase 1(MAPK1), G1/S-Specific Cyclin-D1 (CCND1), tumor protein P53(TP53), MAPK3, signal transducer and activator of transcription 3 (STAT3), interleukin 2 (IL-2), THBD and epidermal growth factor receptor (EGFR)."
PMC13180395,1,hub,results of network pharmacology and in silico target analysis,paragraph,53,23,IL1A|IL6|IL2|IFNG|STAT1|MAPK1|HIF1A|FOS|MMP9|MMP2|MPO|PTGS2|VCAM1|ICAM1|CXCL8|CXCL2|CCL2|CRP|SERPINE1|PPARG|IL10|TGFB1|HMOX1,25,False,0.42592592592592593,18.0,high,"Notably, 23 of the 25 hub targets (92%) were functionally associated with inflammatory processes, including inflammation-initiating factors (IL1A, IL6, IL2, and IFNG), signaling mediators (STAT1, MAPK1, HIF1A, and FOS), inflammatory effector molecules (MMP9, MMP2, MPO, PTGS2, VCAM1, ICAM1, CXCL8, CXCL2, CCL2, CRP, and SERPINE1), and anti-inflammatory regulators (PPARG, IL10, TGFB1, and HMOX1)."
PMC13180395,2,key,results of network pharmacology and in silico target analysis,paragraph,55,10,VCAM1|CXCL8|PARP1|PLAU|PRKCB|IL1A|BCL2|PTGS2|CXCL2|ICAM1,3,False,0.3225806451612903,13.5,high,"Table 3 Key Signaling Pathways and Associated Targets Term Pathway Key Targets in the Pathway hsa04064 NF-kappa B signaling pathway VCAM1, CXCL8, PARP1, PLAU, PRKCB, IL1β, BCL2, PTGS2, CXCL2, ICAM1"
PMC10800909,1,key,ppi networks and key target genes,paragraph,51,12,AKT1|TP53|TNF|IL6|VEGFA|PPARG|HIF1A|ESR1|ERBB2|CRP|MAPK1|PPARA,12,True,0.3076923076923077,17.0,high,"Nodes that meet these three thresholds were considered as key target. A total of 12 potential key targets for treating obesity with RLE polyphenols were AKT1, TP53, TNF, IL-6, VEGFA, PPARG, HIF1A, ESR1, ERBB2, CRP, MAPK1, and PPARA."
PMC10800909,2,key,results and discussion,paragraph,2,4,TNF|IL6|AKT1|PPARA,,False,0.15384615384615385,15.076923076923077,high,"Combined with protein-protein interaction network, enrichment analysis and experimental results, TNF, IL-6, AKT1, and PPAR were predicted as potential key targets for RLE polyphenols."
PMC8643239,1,core,results,paragraph,2,5,VEGFA|MAPK3|SRC|PTGS2|MAPK8,,False,0.1388888888888889,16.77777777777778,high,"In PPI network, VEGFA, MAPK3, SRC, PTGS2, and MAPK8 were the core targets. GO and KEGG analyses showed that the main pathways of Guizhi in treating NS involved VEGF, Toll-like receptor, and MAPK signaling pathway."
PMC11018190,1,core,4. discussion,paragraph,94,7,TP53|AKT1|ESR1|ERBB2|EGFR|JUN|HSP90AA1,7,True,0.23333333333333334,20.0,high,"After the key targets were placed in metascape to perform KEGG pathway and GO enrichment analysis, we identified 7 core targets, namely TP53, AKT1, ESR1, ERBB2, EGFR, JUN, and HSP90AA1."
PMC11018190,2,core,figure,caption,71,8,TP53|ID1|AKT1|ESR1|ERBB2|EGFR|JUN|HSP90AA1,7,True,0.0975609756097561,19.951219512195124,high,"Parts of the molecular docking diagram of active component in ACP with 7 core targets protein. A-G action mode of quercetin (MOL000098) with target TP53 (PDB ID: 5O1F), sitosterol (MOL000359) with target AKT1(PDB ID:4EKL), quercetin (MOL000471) with target ESR1(PDB ID:3CBP), ent-Epicatechin (MOL000073) with target ERBB2(PDB ID:3PPO), beta-sitosterol (MOL000358) with target EGFR(PDB ID:5UG9), beta-sitosterol (MOL000358) with target JUN(PDB ID:1JNM), aloe-emodin (MOL000471) with target HSP90AA1 (PDB ID:4BQG), respectively."
PMC11018190,3,key,4. discussion,paragraph,95,5,AKT1|EGFR|ERBB2|HSP90AA1|TP53,,False,0.1282051282051282,12.564102564102564,medium,"[ 42 ] AKT1, EGFR, ERBB2, HSP90AA1, TP53 genes involved in this pathway, AKT is the key gene in this pathway, and studies have shown that active ingredient quercetin inhibited breast cancer cell proliferation by influencing the PI3k/Art signaling pathway."
PMC11450433,1,core,establishment of a rhodiola rosea database and visualization of the drug-active ingredient relationship network diagram,paragraph,22,5,ALB|IL6|AKT1|MMP9|CASP3,,False,0.07352941176470588,10.470588235294118,medium,"The primary five core targets were identified as serum ALB (Degree=81.0), IL6 (Degree=71.0), AKT1 (Degree=68.0), MMP9 (Degree=59.0) and CASP3 (Degree=57.0). Using the DAVID database, these targets were analyzed and 317 biological processes (BP), 52 cellular components (CC) and 76 molecular functions (MF) predominantly involved in the negative regulation of apoptosis, protein hydrolysis and cell proliferation were identified ( Fig."
PMC11425098,1,core,results,paragraph,2,3,PLK4|FCGRT|PRKAR2A,,False,0.10344827586206896,15.068965517241379,high,"Three core targets associated with AD and PD (PLK4, FCGRT, and PRKAR2A) were finally identified through comprehensive transcriptome analysis, and experimentally verified in cell models of AD and PD."
PMC7607277,1,core,4. discussion,paragraph,47,14,TP53|CCND1|MYC|VEGFA|CTNNB1|RHOA|CCNA2|AR|HSP90AA1|CDK2|CDH1|CDK1|EP300|JUN,,False,0.2916666666666667,15.0,medium,"The core targets were the nodes whose degree was more than twice the mean degree of the nodes in the PPI network. These targets included candidate protein targets (TP53, CCND1, MYC, VEGFA, CTNNB1, RHOA, CCNA2, AR, and HSP90AA1) and human other targets (CDK2, CDH1, CDK1, EP300, and JUN)."
PMC7607277,2,core,3.4. ppi network construction and analysis,paragraph,32,15,TP53|CCND1|MYC|VEGFA|CTNNB1|RHOA|CCNA2|AR|HSP90AA1|CDK2|CDH1|CDK1|DHTKD1|EP300|JUN,,False,0.1875,11.75,medium,"The PPI network of the core targets was constructed ( Figure 4 ). These targets included candidate protein targets such as cellular tumor antigen p53 (TP53), cyclin D1 (CCND1), myc protooncogene protein (MYC), vascular endothelial growth factor A (VEGFA), catenin beta-1 (CTNNB1), transforming protein RhoA (RHOA), cyclin-A2 (CCNA2), AR, and HSP90AA1, and human other targets including cyclin-dependent kinase 2 (CDK2), cadherin-1 (CDH1), cyclin-dependent kinase 1 (CDK1), E1A binding protein P300 (EP300), and transcription factor AP-1 (JUN)."
PMC7607277,3,candidate,4. discussion,paragraph,47,16,TP53|CCND1|MYC|VEGFA|CTNNB1|RHOA|CCNA2|AR|HSP90AA1|CDK2|CDH1|CDK1|EP300|JUN|PRB3|HYCC1,,False,0.27586206896551724,11.0,low,"These targets included candidate protein targets (TP53, CCND1, MYC, VEGFA, CTNNB1, RHOA, CCNA2, AR, and HSP90AA1) and human other targets (CDK2, CDH1, CDK1, EP300, and JUN). The mutation of TP53 (cellular tumor antigen p53) and CCND1 (G1/S-specific cyclin-D1), serving as tumor suppressors associated with cell cycle regulation, is regarded as drivers of HCC development [ 49 ]."
PMC7607277,4,candidate,3.6. integrated network construction,paragraph,42,8,HYCC1|PTGS2|HSP90AA1|AR|TP53|KRAS|PIK3CG|CCND1,,False,0.10666666666666667,7.133333333333333,low,"This integrative network indicated that the antitumor effect of SR on HCC might be attributed to the active components (wogonin, oroxylin A, and baicalein) acting on candidate protein targets (PTGS2, HSP90AA1, AR, TP53, GTPase KRas (KRAS), phosphatidylinositol 4,5-bisphosphate 3-kinase catalytic subunit gamma isoform (PIK3CG), and CCND1) that regulate key pathways (pathways in cancer, proteoglycans or microRNAs in cancer, hepatitis B, and PI3K-Akt signaling pathway) to affect the survival of HCC cells."
PMC11191986,1,core,abstract,paragraph,0,8,CYP1A1|CYP1A2|CXCL8|ADH1C|MMP1|SERPINE1|COL1A1|APOB,,False,0.24242424242424243,19.0,high,"Further molecular docking showed that the core targets CYP1A1, CYP1A2, CXCL8, ADH1C, MMP1, SERPINE1, COL1A1, APOB, MMP1, and their corresponding 4 active ingredients, Naringenin, Kaempferol, Quercetin, and Stigmasterol, have a greater docking potential."
PMC11191986,2,core,4. discussion,paragraph,73,9,CYP1A1|CYP1A2|CXCL8|ADH1C|MMP1|SERPINE1|COL1A1|APOB|SETD2,,False,0.36,15.0,medium,"The potential core targets include CYP1A1, CYP1A2, CXCL8, ADH1C, MMP1, SERPINE1, COL1A1, APOB, and MMP1. The main signaling pathways include the HIF-1 signaling pathway."
PMC11191986,3,overlap,3.2.2. results of variance analysis based on geo datasets,paragraph,25,4,APOB|CXCL8|FOS|MMP1,,False,0.12903225806451613,12.580645161290322,low,"In the volcano map, the overlapping genes are shown to be differentially expressed at higher levels than the others in APOB, CXCL8, FOS, and MMP1, etc (Fig. 5 A and B)."
PMC11191986,4,core,4. discussion,paragraph,71,3,MMP1|APOB|ADH1C,,False,0.12,12.4,medium,"Furthermore, MMP1, APOB, and ADH1C were selected as core targets in GSE100901 . These targets are strongly correlated with inflammatory response, ethanol metabolism, and lipid metabolism."
PMC7289712,1,core,discussion,paragraph,122,11,IL6|MAPK3|MAPK8|CASP3|IL10|IL1B|CXCL8|MAPK1|CCL2|IFNG|IL4,,False,0.4074074074074074,15.0,medium,"The core gene map in Fig. 3 b shows that the top-ranking genes were IL6, MAPK3, MAPK8, CASP3, IL10, IL1B, CXCL8, MAPK1, CCL2, IFNG, IL4, etc."
PMC7289712,2,core,results,paragraph,2,3,IL6|IL1B|CCL2,,False,0.09375,14.875,medium,"Second, the molecular docking results showed that there was a certain affinity between the core compounds (kaempferol, quercetin, 7-Methoxy-2-methyl isoflavone, naringenin, formononetin) and core target genes (IL6, IL1B, CCL2)."
PMC7289712,3,key,results,paragraph,2,3,IL6|CCL2|IL17A,,False,0.05555555555555555,12.11111111111111,low,"This study demonstrated that the use of DYY in the treatment of COVID-19 involved a variety of biological processes, and DYY acted on key targets such as IL6, ILIB, and CCL2 through signaling pathways such as the IL-17 signaling pathway, AGE-RAGE signaling pathway in diabetic complications, and cytokine–cytokine receptor interaction."
PMC13096405,1,hub,discussion,paragraph,50,8,MMP9|HSP90AA1|STAT1|NFKB1|EP300|TP53|SRC|BCL2,,False,0.3333333333333333,16.0,medium,"PPI and hub gene analyses prioritized eight candidate regulators ( MMP9 , HSP90AA1 , STAT1 , NFKB1 , EP300 , TP53 , SRC , and BCL2 ) as hub genes within the network."
PMC9253672,1,core,construction of the interaction network of herb active ingredients and disease intersection targets and proteins,paragraph,124,6,SLC6A4|SLC6A3|SLC6A2|NR3C1|ESR1|HTR2A,,False,0.2222222222222222,13.0,medium,"The greater the number of adjacent nodes, the more likely it becomes a core protein. The core proteins mainly included SLC6A4, SLC6A3, SLC6A2, NR3C1, ESR1, and HTR2A."
PMC9253672,2,core,construction of the interaction network of herb active ingredients and disease intersection targets and proteins,paragraph,124,7,SLC6A4|SLC6A3|SLC6A2|NR3C1|ESR1|HTR2A|PRB1,,False,0.08433734939759036,10.686746987951807,medium,"The core proteins mainly included SLC6A4, SLC6A3, SLC6A2, NR3C1, ESR1, and HTR2A. These core proteins (as shown in Figure 5 ) play an essential role in the regulation of the PPI network, but they are not the existing core intervention targets of the traditional Chinese medicine (as shown in Figure 4 ), suggesting that we can try to start from the abovementioned targets and use these targets as potential therapeutic targets of PMS/PMDD for subsequent research and development of targeted drugs against these targets."
PMC9253672,3,intersection,construction of the interaction network of herb active ingredients and disease intersection targets and proteins,paragraph,121,6,ESR2|AR|CHRM1|PGR|VSX2|ESR1,,False,0.13043478260869565,8.608695652173914,low,"On observing all of the active ingredients in herbs, the ESR2, AR, CHRM1, and PGR intersection targets appeared to be the most frequently seen. RET-1 combines all ten single herbs, acting on two overlapping targets, namely, ESR1/ESR2 (see the red line in Figure 4 )."
PMC9253672,4,overlap,construction of the interaction network of herb active ingredients and disease intersection targets and proteins,paragraph,121,6,VSX2|ESR1|ESR2|MCS97|AR|CHRM2,,False,0.1,8.0,low,"RET-1 combines all ten single herbs, acting on two overlapping targets, namely, ESR1/ESR2 (see the red line in Figure 4 ). When used in conjunction with other RET-3 groups, the RET-3 group (except Fructus Aurantii ) includes AR, CHRM2, and other seven intersection targets, with the most significant number of intervention intersection targets ( Figure 4 blue line mark)."
PMC9253672,5,intersection,network pharmacological analysis common targets of 10 therapeutic pms/pmdd herbs,paragraph,145,3,ESR1|ESR2|PRB1,,False,0.09090909090909091,6.818181818181818,low,"Among these targets, ESR1/ESR2 was the only target similar to the selected herb ingredient–disease intersection target ( Supplementary Table S6 ). The current research on PMS/PMDD has not investigated the remaining targets."
PMC9253672,6,intersection,construction of the interaction network of herb active ingredients and disease intersection targets and proteins,paragraph,121,3,MCS97|AR|CHRM2,,False,0.07894736842105263,6.578947368421053,low,"When used in conjunction with other RET-3 groups, the RET-3 group (except Fructus Aurantii ) includes AR, CHRM2, and other seven intersection targets, with the most significant number of intervention intersection targets ( Figure 4 blue line mark)."
PMC9253672,7,intersection,construction of the interaction network of herb active ingredients and disease intersection targets and proteins,paragraph,121,19,PRB1|CHRM1|CHRM2|CHRM3|CHRM4|CHRM5|SLC6A2|SLC6A3|SLC6A4|ADRA1A|ADRA1B|ADRA1D|ADRA2A|ADRA2B|ADRA2C|ESR1|ESR2|DRD1|DRD2,26,False,0.3275862068965517,6.5,low,"Through the target intersection of active ingredients and diseases of PMS/PMDD, we obtained CHRM1/CHRM2/CHRM3/CHRM4/CHRM5, SLC6A2/SLC6A3/SLC6A4, ADRA1A/ADRA1B/ADRA1D/ADRA2A/ADRA2B/ADRA2C, ESR1/ESR2, and DRD1/DRD2 and other 26 intersection targets, mainly belonging to solute carrier family 6, cholinergic receptor, adrenergic receptor, estrogen receptor, and dopamine receptor families ( Supplementary Table S6 )."
PMC13282690,1,core,abstract,paragraph,0,3,SOAT1|JAK1|STAT3,,False,0.07317073170731707,15.463414634146341,medium,"Pharmacological targets predicted via network pharmacology and validated by molecular docking identified 81 overlapping targets, which were primarily enriched in MAPK, NF‐κB, and JAK–STAT pathways, confirming robust affinity between SOL and core targets including NFκB1, JAK1/2, and STAT3."
PMC13282690,2,key,figure,caption,33,7,JAK1|JAK2|STAT3|MAP3K7|MAP3K14|NFKB1|TLR4,,False,0.3181818181818182,15.0,medium,"Molecular docking simulations and binding energy analysis of SOL with key target proteins, including JAK1, JAK2, STAT3, MAP3K7, MAP3K14, NFKB1, and TLR4."
PMC13282690,3,hub,discussion,paragraph,60,3,JAK1|STAT3|MAP3K7,,False,0.05357142857142857,12.071428571428571,low,"Molecular docking further substantiated these findings, revealing high‐confidence binding affinities between SOL and hub proteins like JAK1, STAT3, and MAP3K7. These in silico predictions provided a robust theoretical roadmap for our subsequent experiments, suggesting that SOL likely acts through a polypharmacological mechanism, exerting synergistic orchestration over multiple signalling hubs rather than a single‐molecule interaction."
PMC12810852,1,core,conclusions,paragraph,148,9,PPARA|NR1H4|PTGS2|FABP1|HMGCR|ESRRA|CYP19A1|NR3C1|G6PD,,False,0.3,17.0,high,"Network pharmacology revealed 36 diabetes-related targets, with nine core targets (PPARA, FXR, PTGS2, FABP1, HMGCR, ESRRA, CYP19A1, NR3C1, G6PD) implicated in nuclear receptor signaling, lipid metabolism, and inflammatory pathways."
PMC11361609,1,potential,abstract,paragraph,0,3,EP300|PPARG|PPARGC1A,,False,0.06976744186046512,10.395348837209303,low,"Network pharmacology results obtained with the skyline query technique using a block-nested loop (BNL) showed that histone acetyltransferase p300 (EP300), peroxisome proliferator-activated receptor gamma (PPARG), and peroxisome proliferator-activated receptor gamma coactivator 1-alpha (PPARGC1A) are potential targets for treating obesity."
PMC12597982,1,hub,integration of the ppi network and analysis of hub gene,paragraph,75,11,MCC|PTGS2|JUN|VEGFA|STAT3|MMP9|AKT1|IL6|TP53|TNF|CASP3,10,True,0.28205128205128205,19.0,high,"Specifically, the MCC (Maximal Clique Centrality) algorithm was applied to pinpoint the top 10 hub genes in the context of HQGG treatment for MAFLD (Figure 5C ), which were PTGS2, JUN, VEGFA, STAT3, MMP9, AKT1, IL6, TP53, TNF, and CASP3."
PMC12597982,2,key,molecular docking result,paragraph,96,5,PTGS2|AKT1|MAPK1|JUN|PPARG,,False,0.14705882352941177,15.941176470588236,high,"By integrating “PPI” and “C‐T‐P” network analysis, the core active ingredients of HQGG, including quercetin, kaempferol, formononetin, and puerarin, were predicted to bind to key targets PTGS2, AKT1, MAPK1, JUN, and PPARG."
PMC12597982,3,candidate,compound‐target (c‐t) network analysis,paragraph,65,5,PTGS2|PTGS1|PPARG|HSP90B2P|PRSS1,,False,0.15625,8.125,low,"In addition, candidate targets of PTGS2 (degree = 17), PTGS1 (degree = 14), PPARG (degree = 13), HSP 90 (degree = 13), and PRSS1 (degree = 12) may be the primary action targets of their active ingredients."
PMC11471080,1,key,results,paragraph,2,5,AKT1|TNF|TP53|IL6|VEGFA,,False,0.22727272727272727,17.0,high,"The key targets identified include AKT1, TNF, TP53, IL6, and VEGFA. Notably, the PI3K/AKT signaling pathway emerged as the primary pathway."
PMC11471080,2,core,discusssion,paragraph,164,6,AKT1|TNF|TP53|IL6|VEGFA|CASP3,,False,0.15,12.0,medium,"The core target genes with the highest Degree were AKT1, TNF, TP53, IL6, VEGFA, CASP3 and so on. AKT1 is a core component of the PI3K/AKT signaling pathway and plays a role in regulating metabolism, apoptosis, and vascular endotheliogenesis."
PMC9987733,1,core,conclusions,paragraph,59,4,AKT1|CASP3|IL6|TNF,,False,0.05714285714285714,12.142857142857142,low,"In conclusion, the chemical components like luteolin, wogonin, and kaempferol in GYD, the core targets including AKT1, CASP3, and IL6, the processes such as muscle cell proliferation, membrane raft and cytokine receptor binding, as well as the signaling pathways such as AGE-RAGE signaling pathway in diabetic complications, lipid, and atherosclerosis, TNF signaling pathway, etc., are the potential mechanisms accounting for the effects of GYD in the treatment of FRNS."
PMC9987733,2,core,discussion,paragraph,54,3,AKT1|CASP3|IL6,,False,0.057692307692307696,10.153846153846153,low,"Among them, 10 targets, such as AKT1, CASP3, IL6, etc, had higher degree values and were identified as potential core targets for GYD in the treatment of FRNS. Based on the enrichment analysis, we found that GYD could play a potential role in the treatment of FRNS by intervening multiple signaling pathways."
PMC12944351,1,core,3. discussion and conclusions,paragraph,37,6,IL6|AKT1|JUN|TNF|CASP3|ESR1,,False,0.20689655172413793,17.0,high,"Molecular docking analysis demonstrated that formononetin, the principal bioactive constituent of Astragalus root, exhibited strong binding affinity toward core targets, including IL-6, AKT1, JUN, TNF, CASP3, and ESR1."
PMC12086034,1,key,abstract,paragraph,3,4,SRC|JAK2|IGF1R|EGFR,,False,0.19047619047619047,16.80952380952381,high,"Molecular docking indicated that four key targets (SRC, JAK2, IGF1R, and EGFR) effectively bind to the active components of P. notoginseng ."
PMC12086034,2,key,3.5. molecular docking,paragraph,66,6,SRC|JAK2|IGF1R|EGFR|IDS|ID1,,False,0.0967741935483871,10.935483870967742,medium,"Following comprehensive research on PPI networks, four key proteins—SRC [ 22 ], JAK2 [ 16 ], IGF1R [ 23 ], and EGFR [ 24 ], were selected for molecular docking studies. To perform the docking simulations, the 3D structures of these proteins were obtained from the PDB with the following PDB IDs: SRC (PDB ID: 4BVM), IGF1R (PDB ID: 1P4O), JAK2 (PDB ID: 7TEU), and EGFR (PDB ID: 8A27)."
PMC12086034,3,key,4. discussion,paragraph,76,3,SRC|JAK2|EGFR,,False,0.08333333333333333,9.666666666666666,medium,"notoginseng and key targets such as SRC, IBF1R, JAK2, and EGFR. These proteins are involved in various cellular processes, including immune regulation, cell signaling, and regulation of cell proliferation and differentiation, which may contribute to P."
PMC8357467,1,core,4. discussion,paragraph,24,10,PTGS2|NOS2|CDK2|GSK3B|CCNA2|PPARG|MAPK14|CASP3|BCL2|RELA,,False,0.2777777777777778,15.0,medium,"According to the node degrees in our constructed core component-target network, PTGS2, NOS2, CDK2, GSK3B, CCNA2, PPARG, MAPK14, CASP3, BCL2, and RELA were suggested as core targets of FXF for the treatment of pulmonary fibrosis."
PMC8357467,2,core,3.4. enrichment analysis of fxf core targets for the treatment of pulmonary fibrosis,paragraph,19,3,IL17A|TNF|SETD2,,False,0.07142857142857142,9.428571428571429,medium,"These core targets were mostly concentrated on several KEGG pathways, like IL-17, AGE-RAGE, TNF, HIF-1, PI3K-AKT, NOD-like receptor, T/B cell receptor, and virus infection-related pathways, indicating their important parts in the treatment of pulmonary fibrosis."
PMC8357467,3,core,3.3. compound-target network validation,paragraph,18,3,BCL2|CASP3|RELA,,False,0.06666666666666667,9.333333333333334,medium,"It was observed from the results of binding free energy in Table 1 that most of the core compounds could tightly combine with core targets. Typically, stigmasterol is most closely bounded to BCL2 ( Figure 3(i) ), CASP3 ( Figure 3(h) ), and RELA ( Figure 3(j) )."
PMC12582814,1,core,4. discussion,paragraph,35,5,TNF|ALB|IL6|TP53|IL1B,27,False,0.13513513513513514,9.702702702702702,medium,"A PPI network of common targets of the disease and active compounds was established using the STRING database with 27 core targets screened via Cytoscape software package, including the main targets TNF, ALB, IL6, TP53, and IL1B."
PMC12582814,2,core,3.4. ppi network analysis,paragraph,18,6,DCX|IL6|ALB|TP53|TNF|IL1B,27,False,0.08,5.6,medium,"A total of 27 core targets were screened in accordance with the topological parameters of DC, betweenness centrality, and closeness centrality (Table 1 ). In this PPI network, target proteins, such as interleukin 6 (IL6), albumin (ALB), tumor protein 53 (TP53), tumor necrosis factor (TNF), and interleukin 1 beta (IL1B), had high degree values (as shown in darker colors), indicating that they may play an important role in the antipsoriasis effects of Liangxue Jiedu oral liquid."
PMC12727906,1,core,results,paragraph,2,3,MMP9|EGFR|FOS,,False,0.05357142857142857,15.071428571428571,low,"Molecular docking results indicated that quercetin binds to the three core targets (MMP9, EGFR, FOS), while luteolin binds preferentially to EGFR and MMP9. In vitro , Aβ 25–35 -induced PC12 cells treated with quercetin/luteolin had concentration-dependent viability increases (all P < 0.001); 15% MFXD-containing serum restored viability to ≥ 95% (P < 0.001 vs."
PMC9637639,1,potential,discussion,paragraph,85,5,AKT1|MAPK3|TLR4|HIF1A|CASP3,,False,0.14285714285714285,7.857142857142858,low,"As shown by the YFBP-CRC potential target gene network, many target genes appeared to be regulated by a variety of compounds in YFBP, including but not limited to AKT1, MAPK3, TLR4, HIF1A, and CASP3."
PMC9396374,1,hub,abstract,paragraph,0,4,EGFR|MAPK1|AKT1|AR,,False,0.125,17.5,high,"Finally, three hub gene targeting epidermal growth factor receptor (EGFR), mitogen-activated protein kinase 1 (MAPK1), and protein kinase B1 (AKT1) related to YPFS and AR were identified by network pharmacology analysis."
PMC9396374,2,hub,discussion,paragraph,45,4,AKT1|MAPK1|EGFR|NELFCD,,False,0.0975609756097561,13.951219512195122,medium,"Through PPI network analysis of the 140 targets, three hub gene targets with the strongest interactions were found: AKT1, MAPK1, and EGFR, which are enriched in T-helper 1 (Th1) and 2 types (Th2) immune responses and T cell cytokine production."
PMC9396374,3,hub,identifying the docking sites between active ingredients and hub genes,paragraph,39,3,EGFR|MAPK1|AKT1,,False,0.13636363636363635,11.727272727272727,medium,"These results showed that YPFS could target the hub proteins EGFR, MAPK1, and AKT1 via the active ingredients decursin, anomalin, and wogonin."
PMC9396374,4,hub,yu-pingfeng san reduced the expression of the hub genes in the nasal mucosa of ovalbumin-induced allergic rhinitis mice,paragraph,36,3,MAPK1|AKT1|AR,,False,0.0625,10.25,medium,"Compared with the control group, the expression levels of the hub genes Egfr, Mapk1 , and Akt1 in the nasal mucosa of the OVA-induced AR group were significantly increased, and no significant expression differences were found between the YPFS treatment group and the control group ( Figures 7A–C )."
PMC12832263,1,core,discussion,paragraph,94,6,STAT3|AKT1|PIK3CA|PIK3R1|JUN|MAPK1,,False,0.17142857142857143,14.428571428571429,medium,"Through the construction of a comprehensive PPI network, we identified six core targets, including STAT3, AKT1, PIK3CA, PIK3R1, JUN, and MAPK1, which are likely central to the mechanism of action of DLQGD in viral pneumonia."
PMC12832263,2,core,discussion,paragraph,94,5,STAT3|MAPK1|AKT1|PIK3CA|PIK3R1,,False,0.13513513513513514,13.702702702702702,medium,"Subsequent molecular docking studies revealed favorable binding affinities between six principal components and core targets (STAT3, MAPK1, AKT1, PIK3CA, and PIK3R1). Western blot experiments also confirmed the inhibitory effects of DLQGD on phosphorylated Stat3, Akt and Erk."
PMC12832263,3,key,potential targets of dlqgd for treating viral pneumonia,paragraph,58,11,TP53|STAT3|HSP90AA1|HSP90AB1|AKT1|SRC|EGFR|PIK3CA|PIK3CB|HRAS|PIK3R1,,False,0.55,12.0,medium,"TP53, STAT3, HSP90AA1, HSP90AB1, AKT1, SRC, EGFR, PIK3CA, PIK3CB, HRAS, and PIK3R1 were key genes regulated by DLQGD ( Figure 2B )."
PMC12832263,4,key,discussion,paragraph,94,3,AKT1|PIK3CA|PIK3R1,,False,0.1,11.0,medium,"Among them, AKT1, PIK3CA, and PIK3R1 are key targets in the PI3K-Akt signaling pathway. The PI3K-Akt signaling pathway serves as a crucial modulator of both pro-inflammatory responses."
PMC11334046,1,hub,results,paragraph,3,6,ESR1|EGFR|CYP2B6|CYP3A4|MAPK14|CYP1A2,6,True,0.11538461538461539,22.307692307692307,high,"Following PPI analysis, 6 hub targets were identified, namely, estrogen receptor 1 ( ESR1 ), epidermal growth factor receptor ( EGFR ), cytochrome P450 family 3 subfamily A member 4 ( CYP3A4 ), mitogen-activated protein kinase 14 ( MAPK14 ), cytochrome P450 family 1 subfamily A member 2 ( CYP1A2 ), and cytochrome p450 family 2 subfamily B member 6 ( CYP2B6 )."
PMC11334046,2,hub,results,paragraph,3,4,CYP3A4|MAPK14|CYP1A2|CYP2B6,,False,0.19047619047619047,17.80952380952381,high,"mRNA levels of hub targets CYP3A4 , MAPK14 , CYP1A2 , and CYP2B6 in BGC-823 cells were significantly increased in each dose group."
PMC11334046,3,hub,survival analysis,paragraph,100,7,ESR1|EGFR|CYP3A4|MAPK14|CYP1A2|CYP2B6|GC,,False,0.17073170731707318,13.414634146341463,medium,"Using the Kaplan-Meier plot database for survival analysis of the hub targets, we have observed high expression of targets (including ESR1 , EGFR , CYP3A4 , MAPK14 , CYP1A2 , and CYP2B6 ) was linked to poor survival in GC patients, as shown in Figure 6 ."
PMC9013574,1,key,results,paragraph,2,3,MAOA|MMP2|HSPB1,,False,0.08571428571428572,13.714285714285715,medium,"Three key targets (MAOA, MMP2, and HSPB1) were screened out by MCODE analysis. KEGG enrichment analysis was mainly enriched in neuroactive ligand-receptor interaction, serotonin-containing synapse, gap junction, cAMP signaling pathway, and dopaminergic synapse."
PMC9013574,2,key,4. discussion,paragraph,77,7,MAPK3|EGFR|SRC|HSP90AA1|MAOA|MMP2|HSPB1,11,False,0.19444444444444445,12.88888888888889,medium,"Through PPI network analysis of jujube in appetite regulation, we identified 11 key targets: MAPK3, EGFR, SRC, HSP90AA1, and so on. For further screening by MCODE analysis, three key targets (MAOA, MMP2, and HSPB1) were identified."
PMC9013574,3,key,4. discussion,paragraph,77,5,MAOA|MMP2|HSPB1|ESR1|ADRA2C,,False,0.13157894736842105,12.631578947368421,medium,"For further screening by MCODE analysis, three key targets (MAOA, MMP2, and HSPB1) were identified. The molecular docking results showed that the main components of jujube had strong binding activity to the main targets (ESR1, ADRA2C, and MMP2)."
PMC9013574,4,important,3.4. subnetwork analysis,paragraph,32,6,MAOA|SLC6A3|DRD3|DRD4|SLC18A2|HTR1A,,False,0.15,8.0,low,"Subnetwork 1 is centered on MAOA, and the important targets connected to it, such as SLC6A3, DRD3, DRD4, SLC18A2, and HTR1A, are all dopaminergic synapse-related targets, indicating that subnetwork 1 is closely related to dopaminergic synapses ( Figure 4(a) )."
PMC9013574,5,important,3.4. subnetwork analysis,paragraph,32,4,HSPB1|CHRNA4|BRCA1|HTR3A,,False,0.09523809523809523,5.904761904761905,low,"The core of subnetwork 3 is HSPB1, and the important targets connected with it, such as CHRNA4, BRCA1, and HTR3A, are all targets related to cAMP signaling pathway, indicating that subnetwork 3 is closely related to cAMP signaling channels ( Figure 4(c) )."
PMC12567495,1,key,2.5.1. target screening and interaction analysis,paragraph,31,6,CYP3A4|CYP1A2|CYP2B6|CYP1A1|GSTP1|GSTM1,,False,0.15789473684210525,10.157894736842106,medium,"Key targets, such as CYP3A4, CYP1A2, CYP2B6, CYP1A1, GSTP1, and GSTM1, appear in both the PPI network and core subnetworks, and are crucial for DXT-M’s role in modulating metabolism, as detailed in Section 2.4.2 ."
PMC12567495,2,key,2.5.1. target screening and interaction analysis,paragraph,31,7,TNF|IL1B|CCL2|MMP9|HMOX1|PPARA|IFNG,14,False,0.19444444444444445,8.38888888888889,medium,"Concurrently, TNF, IL1B, CCL2, MMP9, HMOX1, PPARA, and IFNG were key nodes in the PPI network and core subnetwork. Consequently, 14 core liver toxicity targets of DXT-M were identified for further analysis ( Supplementary Table S4 )."
PMC9869961,1,core,abstract,paragraph,2,4,CDK1|CDK4|SRC|E2F1,,False,0.14285714285714285,16.857142857142858,high,"The core targets were CDK1, CDK4, SRC, and E2F1. A total of 3056 GO enrichment entries were obtained, and 180 enrichment results were obtained by KEGG pathway analysis."
PMC9869961,2,core,ppi network construction and core gene screening and verification,paragraph,36,5,CDK1|SRC|CDK4|E2F1|HYCC1,,False,0.20833333333333334,13.0,medium,"These results revealed that CDK1, SRC, CDK4, and E2F1 may be the core genes of Scutellaria barbata to target in the treatment of HCC."
PMC9869961,3,key,ppi network construction and core gene screening and verification,paragraph,36,6,CDK1|SRC|CDK4|PCNA|E2F1|HYCC1,,False,0.1875,11.75,medium,"GEPIA database analysis showed that the mRNA expression levels of key genes CDK1, SRC, CDK4, PCNA and E2F1 in HCC were significantly upregulated compared with those in normal liver tissues ( Figure 3 )."
PMC9869961,4,key,ppi network construction and core gene screening and verification,paragraph,36,6,CDK1|CDK2|CDK4|E2F1|SRC|HYCC1,,False,0.17142857142857143,11.428571428571429,medium,"The results of GEPIA survival analysis showed that the high expression of the key genes CDK1, CDK2, CDK4, E2F1, and SRC in HCC was correlated with poor prognosis (Log-rank p < 0.05) ( Figure 5 )."
PMC9869961,5,key,ppi network construction and core gene screening and verification,paragraph,36,7,MCC|CDK1|SRC|CDK4|PCNA|E2F1|HYCC1,,False,0.14285714285714285,10.857142857142858,medium,"The key genes of TOP10 were obtained by the MCC′ algorithm of′ Cytohubba′ plug-in ( Figure 2 ). GEPIA database analysis showed that the mRNA expression levels of key genes CDK1, SRC, CDK4, PCNA and E2F1 in HCC were significantly upregulated compared with those in normal liver tissues ( Figure 3 )."
PMC11284526,1,potential,abstract,paragraph,2,6,TP53|JUN|AKT1|STAT3|TNF|IL6,,False,0.1875,13.75,low,"PPI analysis suggested that TP53, JUN, AKT1, STAT3, TNF and IL6 were potential targets for QDF treatment of HR-HPV. Molecular docking shows that two compounds have strong binding activity with AKT1."
PMC11284526,2,core,3.2.4 ppi network of qdf targets for the treatment of hr-hpv,paragraph,37,8,TP53|JUN|AKT1|STAT3|TNF|ESR1|IL6|HSP90AA1,,False,0.21621621621621623,13.0,medium,"Core targets were identified with a screening condition of count ≥3 times. The results indicate that TP53, JUN, AKT1, STAT3, TNF, ESR1, IL6, and HSP90AA1 could be potential targets for treating HR-HPV with QDF ( Figure 4B )."
PMC9300327,1,core,result,paragraph,2,6,TNF|JUN|IL6|STAT3|MAPK1|MAPK3,,False,0.12,16.4,high,"Among the 97 potential therapeutic targets that were screened out, the 6 core targets were TNF, JUN, IL6, STAT3, MAPK1, and MAPK3. A total of 2260 terms of GO enrichment analysis were obtained, including 2090 for biological processes (BP), 37 for cellular components (CC), and 133 for molecular function (MF)."
PMC12440942,1,core,results,paragraph,2,6,HSP90AA1|TP53|MAPK1|AKT1|RELA|TNF,,False,0.2222222222222222,18.0,high,"Network pharmacology identified core targets including HSP90AA1, TP53, MAPK1, AKT1, RELA, TNF. Molecular docking revealed that TNF, HSP90AA1, TP53, and MAPK1 had strong binding affinities with CYP."
PMC12440942,2,core,3.4 go analysis and kegg signaling pathway,paragraph,32,21,IL17A|HSP90AA1|CXCL8|MMP1|MMP3|FOS|PTGS2|MAPK14|TNF|MMP9|RELA|NFKBIA|CXCL10|IL6|MAPK8|CASP8|IFNG|IL1B|CASP3|CCL2|MAPK1,,False,0.525,13.0,medium,"The pathways with the highest enrichment levels included IL-17 signaling pathway, the core targets related to it included HSP90AA1, CXCL8, MMP1, MMP3, FOS, PTGS2, MAPK14, TNF, MMP9, RELA, NFKBIA, CXCL10, IL6, MAPK8, CASP8, IFNG, IL1B, CASP3, CCL2, and MAPK1."
PMC12440942,3,key,figure,caption,39,3,TNF|HSP90AA1|TP53,,False,0.08333333333333333,11.666666666666666,medium,"Western blot results showing HQH’s regulatory effects on key protein TNF, ERK, HSP90AA1, p53 in hippocampal tissue (A–E) . (F) Representative images of hippocampal sections stained with hematoxylin and eosin (H&E) at ×200 magnification."
PMC12440942,4,key,3.5 molecular docking,paragraph,35,4,TNF|HSP90AA1|TP53|MAPK1,,False,0.08,8.6,medium,"As depicted in Figures 6A–G , the binding energy of cyclophosphamide with six targets ranged from −5.95 to −4.5 kcal/mol, of which, four targets (TNF, HSP90AA1, TP53, MAPK1) with binding energy below −5 kcal/mol were identified as having high affinity and were thus considered key targets."
PMC12566675,1,core,2.4.2. protein target network analysis,paragraph,27,3,IL6|IL1B|TNF,,False,0.05263157894736842,9.052631578947368,low,"This finding is consistent with research on Cinnamomum zeylanicum essential oil, where PTGS was identified as a core target, and benzyl benzoate showed significant binding affinity, contributing to anti-inflammatory effects through reduced PGE2, IL-6, IL-1β, and TNF-α production in LPS-induced RAW macrophages [ 60 ], further emphasizing essential oil’s multi-system therapeutic approach."
PMC10832243,1,hub,results,paragraph,2,5,TP53|JUN|AKT1|STAT3|MAPK3,,False,0.15625,18.125,high,"Network analyses spotlighted 79 hub genes, including TP53 , JUN , AKT1 , STAT3 , and MAPK3 , crucial in NSCLC treatment. GO and KEGG analyses underscored SH003’s multifaceted anti-NSCLC effects from a genetic perspective."
PMC10832243,2,key,discussion,paragraph,81,3,CASP9|MAPK9|MCL1,,False,0.07317073170731707,9.463414634146341,medium,"Revisiting our network pharmacology analysis, we uncovered new key targets and pathway enrichment patterns. Previously unexplored targets such as CASP9 , MAPK9 , MCL1 , and others, absent from the initial list of 79 targets, were discovered and supported by recent publications [ 140 – 144 ]."
PMC8923798,1,core,3.2.6. molecular docking and molecular dynamic simulation results,paragraph,51,4,PIK3CA|CTNNB1|HPSE|AKT1,,False,0.13793103448275862,15.758620689655173,high,"The two core potential compounds luteolin and genistein were molecularly docked with the four core targets PIK3CA, CTNNB1, HPSE, and AKT1 to obtain the group receptor-ligand docking results."
PMC7768820,1,core,abstract,paragraph,2,5,AKT1|CAT|TNF|CASP3|PTGS2,,False,0.14705882352941177,17.941176470588236,high,"lactiflora (kaempferol, ß-sitosterol, betulinic acid, palbinone, paeoniflorin and (+)-catechin) as well as six core targets strongly related to PD treatment [AKT1, interleukin-6, CAT, Tumor necrosis factor (TNF), CASP3, and PTGS2] were identified."
PMC7768820,2,key,protein-protein-interaction network analysis,paragraph,44,6,AKT1|IL6|CAT|TNF|CASP3|PTGS2,,False,0.1875,11.75,medium,"Consequently, top 6 targets, AKT1, interleukin-6 (IL-6), CAT, Tumor necrosis factor (TNF), CASP3, and PTGS2, were predicted to be the key targets of P. lactiflora in the treatment of PD."
PMC7768820,3,key,paeonia lactiflora may contribute to the treatment of parkinson’s disease by inhibiting apoptosis,paragraph,101,4,AKT1|CASP3|PTGS2|BCL2,,False,0.15384615384615385,10.076923076923077,medium,"We found that AKT1, CASP3 and PTGS2 are the key targets of P. lactiflora in the treatment of PD, and BCL2 is also among the targets."
PMC7768820,4,important,ingredient-target-pathway network analysis,paragraph,92,5,AKT1|MAPK8|BCL2|TNF|IL6,,False,0.19230769230769232,9.846153846153847,low,"In addition, AKT1, mitogen-activated protein kinase 8(MAPK8), BCL2, TNF, and IL-6 were found to be the top five important targets in this network."
PMC11402759,1,key,key targets and active compounds in dgbxd identified as potential therapeutic agents for giop through a network analysis,paragraph,30,10,TP53|JUN|MAPK3|AKT1|MAPK1|RELA|ESR1|CTNNB1|MAPK14|FOS,,False,0.2702702702702703,12.0,medium,"The key target genes comprised TP53 (degree = 72), JUN (degree = 70), MAPK3 (degree = 68), AKT1 (degree = 66), MAPK1 (degree = 64), RELA (degree = 60), ESR1 (degree = 54), CTNNB1 (degree = 54), MAPK14 (degree = 50), and FOS (degree = 50) ( Fig."
PMC11402759,2,core,result,paragraph,2,3,TP53|JUN|MAPK3,10,False,0.06382978723404255,10.77659574468085,medium,"The PPI network had 43 nodes and 462 edges, and a total of 10 core target genes, including TP53, JUN and MAPK3, were identified. The results of the GO enrichment analysis implied that DGBXD might participate in biological activities, including responses to oxidative stress and nutrient levels."
PMC11402759,3,top,molecular docking,paragraph,16,5,JUN|TP53|MAPK1|MAPK3|AKT1,,False,0.13157894736842105,9.631578947368421,medium,"For further validating the network predictions and illuminating the mechanisms of DGBXD in GIOP, molecular docking of the abovementioned compounds with the top 5 targets, i.e., JUN, TP53, MAPK1, MAPK3 and AKT1, was carried out in turn."
PMC7808160,1,core,abstract,paragraph,0,7,CYP3A4|CYP1A2|PPP3CA|PTGS2|CDK1|SLC17A5|HYCC1,,False,0.12280701754385964,17.45614035087719,high,"CYP3A4 was the core gene and other several genes including CYP1A2, PPP3CA, PTGS2, CCCNB1, and CDK1 were the key genes in the gene-pathway network of SLD for the treatment of HCC. The results indicated that SLD’s effects against HCC may relate to the regulation of an antioxidant function through specific biological processes and related pathways."
PMC7808160,2,important,supporting information available,paragraph,38,3,SLC17A5|PSMD1|PDF,,False,0.10714285714285714,7.142857142857142,low,(B) The PPI network of important proteins extracted from (A). (C) The PPI network of alternative SLD targets for hepatic carcinoma treatment extracted from (B) (Figure S1) ( PDF )
PMC11546154,1,core,ppi network analysis results,paragraph,48,10,AKT1|IL6|TNF|IL1B|TP53|ESR1|EGFR|STAT3|HIF1A|PTGS2,10,True,0.3333333333333333,23.0,high,"The top 10 core target genes were selected using the CytoHubba plug-in, namely AKT1, IL6, TNF, IL1B, TP53, ESR1, EGFR, STAT3, HIF1A, and PTGS2 ( Table 3 , Fig. 5 C)."
PMC11546154,2,core,q-pcr test results,paragraph,73,4,HIF1A|TNF|STAT3|EGFR,,False,0.0975609756097561,14.951219512195122,medium,"In order to further clarify the intervention of WJT on core targets and HIF1 pathway, we assessed the mRNA expression levels of TNF-α, HIF1A, STAT3, and EGFR in the ectopic endometrium of rats from each group using q-PCR ( Fig."
PMC11546154,3,key,results,paragraph,3,4,AKT1|IL6|TNF|IL1B,,False,0.11764705882352941,14.352941176470589,high,"Among these, 187 common targets between WJT and EM were found, with quercetin, kaempferol, and beta-sitosterol emerging as the core chemical components, and AKT1, IL6, TNF, and IL1B identified as the key targets."
PMC11546154,4,key,conclusion,paragraph,83,3,AKT1|HIF1A|STAT3,10,False,0.1,8.5,high,"In conclusion, this study identified 10 core chemical components, including quercetin, kaempferol, and beta-sitosterol, along with 10 key targets such as AKT1, HIF1A, and STAT3, through network pharmacology analysis."
PMC12389041,1,key,figure,caption,34,6,GPX4|SLC7A11|TFRC|SETD2|COX2|ACSL4,,False,0.07692307692307693,13.538461538461538,medium,"Effect of RHDS on the expression levels of key genes and proteins on the GPX4/SLC7A11/Nrf2 pathway in mice infected with H1N1: ( A ) the level of FSP1 gene mRNA; ( B ) the level of VEGF gene mRNA; ( C ) the level of CD71 gene mRNA; ( D – F ) the relative expression level of GPX4, Nrf2, and SLC7A11 ( n = 3); ( G ) Images of the expression of proteins; ( H – J ) the relative expression level of HIF-1α, COX2, and ACSL4 ( n = 3)."
PMC12389041,2,key,3.6. rhds treats h1n1-infected mice by modulating the gpx4/slc7a11/nrf2 signaling pathway,paragraph,24,5,GPX4|SLC7A11|SETD2|COX2|ACSL4,,False,0.07246376811594203,9.44927536231884,medium,"Western blot assay was conducted on the key proteins associated with iron-dependent cell death, including GPX4/SLC7A11/Nrf2, as well as HIF-1α protein expression ( Figure 7 G). The results demonstrated that H1N1 infection significantly inhibited the expression of the proteins that are negatively regulated by iron-dependent cell death, including GPX4, SLC7A11, and Nrf2, while concomitantly up-regulating HIF-1α, COX2, and ACSL4 ( Figure 7 D–J)."
PMC10288138,1,key,abstract,paragraph,2,4,TNF|AKT1|PTGS2|NR0B2,,False,0.07017543859649122,14.403508771929825,medium,"Our results demonstrated that TNF, AKT1 and PTGS2 might be the key targets of SHP in the treatment of nephritis. GO enrichment analysis yielded 2163 GO entries ( p < 0.05), including 2,014 entries of the biological process (BP) category, 61 entries of the cell composition (CC) category and 143 entries of the molecular function (MF) category."
PMC10288138,2,key,4 discussion,paragraph,181,3,TNF|AKT1|PTGS2,,False,0.04838709677419355,9.967741935483872,low,"To further verify the relationship between active ingredients (quercetin, kaempferol and luteolin) and key targets (TNF, AKT1 and PTGS2), we carried out molecular docking. The results showed that the binding energies of quercetin and luteolin with TNF, AKT1 and PTGS2 were lower than −5.0 kJ/mol, indicating the potential for forming an effective and stable complex between the ligand and receptor."
PMC11666830,1,core,ppi network for common targets of sxsm and sss,paragraph,47,17,PPARG|COMT|MTOR|CACNA1C|KCNH2|BMP4|KCNQ1|KCNMA1|PTPN11|ADRB2|CACNA2D1|CACNA1H|CHRM1|ICAM1|VCAM1|CASP8|CYP2D6,17,True,0.5483870967741935,18.0,high,"According to the topological parameters, 17 core targets were screened out, which included PPARG, COMT, MTOR, CACNA1C, KCNH2, BMP4, KCNQ1, KCNMA1, PTPN11, ADRB2, CACNA2D1, CACNA1H, CHRM1, ICAM1, VCAM1, CASP8, and CYP2D6."
PMC11666830,2,key,discussion,paragraph,96,4,BMP4|KCNH2|KCNQ1|KCNMA1,,False,0.14285714285714285,11.857142857142858,medium,"Therefore, we selected BMP4, KCNH2, KCNQ1, and KCNMA1 as the key targets in this study to explain the main mechanism of SXSM involved in the treatment of SSS."
PMC9504917,1,core,figure,caption,62,11,CYP1B1|SRC|ESR2|ABCG2|CYP19A1|AHR|CA4|ALOX5|ABCC1|ESR1|NOS2,,False,0.23404255319148937,17.0,medium,Molecular docking model of vital active ingredients and core targets. ( a ) Quercetin−CYP1B1; ( b ) Quercetin−SRC; ( c ) Quercetin−ESR2; ( d ) Kaempferol−ABCG2; ( e ) Kaempferol−CYP19A1; ( f ) Kaempferol−AhR; ( g ) Luteolin−ABCG2; ( h ) Luteolin−CA4; ( i ) Luteolin−ALOX5; ( j ) Luteolin−ABCC1; ( k ) Naringenin−ESR1; ( l ) Ergosterol peroxide−NOS2.
PMC9504917,2,key,5. conclusions,paragraph,87,3,CA7|CYP1B1|PTPN11,,False,0.06818181818181818,12.363636363636363,medium,"In summary, we firstly performed the network pharmacology combined with molecular docking approach to elucidate that the anti-IBD effects and the underlying mechanism of RSBDP, and the key targets of RSBDP against IBD were partially identified by experiments, including CA7, CYP1B1, and PTPN11."
PMC9504917,3,core,2.2. the construction of the drug-ingredient-target relationship network,paragraph,23,10,CYP1B1|CA7|CYP19A1|CA4|PTPN1|ESR2|ABCC1|ABCG2|ESR1|CDK1,,False,0.12345679012345678,11.469135802469136,medium,"We also analyzed the core targets of RSBDP for IBD treatment in the same way in the Cytoscape 3.7.2 software. The top 10 targets, namely cytochrome P4501B1 (CYP1B1), carbonic anhydrase 7 (CA7), cytochrome P45019A1 (CYP19A1), carbonic anhydrase 4 (CA4), protein tyrosine phosphatase 1 (PTPN1), estrogen receptor 2 (ESR2), multidrug resistance-associated protein 1 (ABCC1), ATP-binding transporter protein G family member 2 (ABCG2), estrogen receptor 2 (ESR1), and cyclin-dependent kinase 1 (CDK1), are also listed in Table 3 ."
PMC9504917,4,top,2.3. the construction and topological analysis of the ppi network,paragraph,38,10,SRC|EGFR|AKT1|PIK3R1|PTPN11|ESR1|AR|AKR1C3|PTPN1|CDK1,,False,0.14084507042253522,10.816901408450704,medium,"The top 10 targets based on their degree values were retained ( Table 4 ): they included tyrosine kinase Src (SRC), epidermal growth factor receptor (EGFR), serine/threonine-protein kinase AKT (AKT1), phosphoinositide-3-kinase regulatory subunit 1 (PIK3R1), tyrosine-protein phosphatase non-receptor type 11 (PTPN11), estrogen receptor 1 (ESR1), androgen receptor (AR), Aldo-keto reductase 1C3 (AKR1C3), tyrosine-protein phosphatase non-receptor type 1 (PTPN1), and cyclin-dependent kinase 1 (CDK1)."
PMC10973190,1,core,abstract,paragraph,5,7,AMY2A|NOX4|RPS6KA3|ADRA2A|CHRM5|IL2|PPARA,,False,0.22580645161290322,19.0,high,"AMY2A, NOX4, RPS6KA3, ADRA2A, CHRM5, and IL2 were identified as core targets for luteolin, kaempferol, alpha amyrin, stigmasterol compounds by modulating neuroactive ligand interaction, P13-AKT, MAPK, and PPAR signaling pathways."
PMC10973190,2,key,abstract,paragraph,5,8,DMPK|AMY2A|NOX4|RPS6KA3|ADRA2A|CHRM5|IL2|PPARA,,False,0.14814814814814814,16.962962962962962,high,"STRING and KEGG pathway analysis was performed for gene enrichment analysis followed by network pharmacology to identify key target proteins involved in DM. AMY2A, NOX4, RPS6KA3, ADRA2A, CHRM5, and IL2 were identified as core targets for luteolin, kaempferol, alpha amyrin, stigmasterol compounds by modulating neuroactive ligand interaction, P13-AKT, MAPK, and PPAR signaling pathways."
PMC10973190,3,core,protein-protein interaction of potential targets,paragraph,42,7,DMPK|AMY2A|NOX4|RPS6KA3|ADRA2A|CHRM5|IL2,,False,0.17073170731707318,12.414634146341463,medium,"The top 5 targets in the PPI network which are considered as core targets of DM as analyzed in Cytoscape, the core targets for our network were found to be AMY2A, NOX4, RPS6KA3, ADRA2A, CHRM5, and IL2 with more number interactions."
PMC8410425,1,core,abstract,paragraph,0,3,TP53|RPS27A|UBC,,False,0.08333333333333333,14.666666666666666,medium,"The components with higher median values in the network were molecularly docked with the core targets. The network contained 10 compounds, including daucosterol, delusive, dioxin, panthogenin-B, and 124 targets, such as TP53, RPS27A, and UBC."
PMC11900046,1,important,5. conclusions,paragraph,134,3,PIK3R1|AKT1|MAPK1,,False,0.06976744186046512,11.395348837209303,low,"The important genes obtained from the two analyses were intersected to obtain three important genes: PIK3R1 , AKT1 , and MAPK1 . A total of 988 ingredients related to nine targets with a moderate value greater than the median of the gene interaction network were screened."
PMC10343517,1,key,2.2. construction of a protein-protein interaction (ppi) network of dc hepatotoxicity,paragraph,7,11,ALB|CYP2E1|CYP1A2|CYP3A4|CYP2C9|ABCB1|AHR|TNF|UGT1A9|GSTP1|DCX,,False,0.2682926829268293,12.0,medium,"The degree values of the nodes were calculated in Cytoscape 3.7.2, and the top 10 targets, ALB, CYP2E1, CYP1A2, CYP3A4, CYP2C9, ABCB1, AHR, TNF, UGT1A9 and GSTP1, were potential key targets that played a significant role in DC hepatotoxicity."
PMC10343517,2,key,2.5. the docking simulation of protein and constituent,paragraph,14,11,ALB|CYP3A4|TNF|CYP1A2|GSR|NR1H4|NR1I2|CDK2|IDH2|TP53|DCX,,False,0.2894736842105263,12.0,medium,"The key targets ALB, CYP3A4, TNF, CYP1A2 and GSR discovered through network toxicology, as well as FXR, PXR, CDK2, IDH2 and P53, which were highly correlated with hepatotoxicity in corresponding pathways, were docked with the metabolites from DC."
PMC10343517,3,key,2.5. the docking simulation of protein and constituent,paragraph,18,3,NR1I2|GSR|CYP1A2,,False,0.125,9.5,medium,"As shown in Figure 2 , there are three-dimensional diagrams of the molecular docking of compound 9 and key targets PXR, GSR and CYP1A2."
PMC10343517,4,core,3. discussion,paragraph,37,3,PIK3CA|AKT1|EGFR,10,False,0.058823529411764705,7.6764705882352935,low,"constructed a hepatotoxicity interaction network of Polygonum multiflorum Thunb and used molecular docking to confirm the high binding activity of eight key toxic ingredients with 10 core targets, including mTOR, PIK3CA, AKT1 and EGFR, providing a theoretical foundation for the toxicity mechanisms of Polygonum multiflorum and its safe clinical application [ 21 ]."
PMC11346898,1,core,abstract,paragraph,0,6,TNF|IL1B|AKT1|PTGS2|BCL2|JUN,,False,0.13333333333333333,17.666666666666668,high,"Core targets of the protein–protein interaction network included TNF, IL-1β, AKT1, PTGS2, BCL2, and JUN. Kyoto Encyclopedia of Genes and Genomes enrichment analysis showed that they were mainly involved in AGE-RAGE signaling pathway in diabetic complications, TNF signaling pathway, Lipid and atherosclerosis."
PMC11346898,2,core,3.5. ppi networks,paragraph,29,7,DCX|TNF|IL1B|AKT1|PTGS2|BCL2|JUN,6,True,0.12727272727272726,16.545454545454547,high,"The targets in the PPI network were topologically analyzed, and the top 6 core targets were selected based on the size of DC value (Table 3 and Fig. 4 B), which TNF, IL-1β, AKT1, PTGS2, BCL2, and JUN may be the core targets of ginseng for the treatment of DM-induced ED and asthenospermia."
PMC11346898,3,core,3.8. molecular docking validation,paragraph,41,8,RHAG|TNF|ID1|IL1B|AKT1|PTGS2|BCL2|JUN,,False,0.14035087719298245,12.807017543859649,medium,"The core ginseng components kaempferol, beta-sitosterol, ginsenoside rh2, stigmasterol, and fumarine were molecularly docked with the core targets TNF (PDB ID: 2TUN), IL-1β (PDB ID: 1HIB), AKT1 (PDB ID: 1H10), PTGS2 (PDB ID: 5F19), BCL2 (PDB ID: 1G5M), and JUN were subjected to molecular docking (Table 4 ), thus validating the results obtained from network pharmacology."
PMC11346898,4,core,4. discussion,paragraph,49,3,TNF|ID1|RHAG,6,False,0.05454545454545454,10.59090909090909,low,"The results showed that the core components of ginseng bound well to the 6 core targets, of which TNF (PDB ID: 2TUN) bound most strongly to ginsenoside rh2. TNF promotes T and B lymphocyte activation and regulation of inflammation-associated acute-phase responses, and is considered to be a mediator of inflammatory and immune responses."
PMC12787952,1,core,molecular docking validation,paragraph,100,14,BCL2|BCL2L1|BIRC5|CASP1|CASP3|CASP7|CASP8|CASP9|CDK9|IL1B|MCL1|RELA|STAT1|STAT3,14,True,0.18181818181818182,17.636363636363637,high,"Based on the values of relevant targets degree, betweenness centrality, and closeness centrality, the frequency of active components, and the relevant literature, 17 active components including Calenduloside E, Tarasaponin VI, Cucurbitacin E, Echinacoside B, Hesperetin 7-O-neohesperidoside, Citric Acid, Luteolin, Dihydroberberine, Quercetin, Syringaresinol, Liriodendrin, Magnoflorine, Berbamine, Matrine, Aesculetin, and Betaine—were selected for molecular docking with 14 core targets (BCL2, BCL2L1, BIRC5, CASP1, CASP3, CASP7, CASP8, CASP9, CDK9, IL1B, MCL1, RELA, STAT1, and STAT3) ( Figure 7 )."
PMC12787952,2,key,4. discussion,paragraph,114,5,BCL2|BIRC5|CDK9|IL1B|MCL1,,False,0.22727272727272727,13.0,medium,"Key targets worthy of attention, such as BCL2, BIRC5, CDK9, IL1B, MCL1, and CASPs (caspase family), were identified. This indicates that B."
PMC12787952,3,key,4. discussion,paragraph,114,4,CASP3|CASP1|CDK9|RELA,,False,0.08333333333333333,10.666666666666666,medium,"Molecular docking experiments were performed to visualize and score the binding affinity between key targets and active compounds [ 27 ]. The results revealed that Calenduloside E with CASP3, Citric Acid with CASP1, Acanthoside B with CDK9, and Dihydroberberine with RELA exhibited relatively low binding energies, indicating stable intermolecular interactions."
PMC12787952,4,intersection,3.5. screening of key antibacterial targets of b. hemsleyana,paragraph,85,5,CASP7|BIRC5|CDK9|STAT1|RELA,,False,0.1724137931034483,9.448275862068966,low,"Meanwhile, the STRING database indicated that CASP7, BIRC5, CDK9, STAT1, and RELA are intersection genes significantly associated with the core targets. Therefore, a total of 19 genes were obtained."
PMC10027700,1,top,potential targets of tpl nephrotoxicity predicted by network pharmacology-based analysis,paragraph,21,5,OTSC1|STAT3|TNF|JUN|CMAS,,False,0.10204081632653061,9.040816326530612,medium,"The contribution scores of 17 OTs were shown in Figure 2C , among which STAT3, TNF and JUN rank the top 3 genes with ≥ 11 gene nodes. By ranking the CSs, genes with CSs ≥ 4 were regarded as candidate targeted genes related to TPL renal toxicity (CTGs-TPL) ( Figure 2C )."
PMC12462212,1,hub,results,paragraph,2,4,ACTB|PPP1CA|MAPK3|PTEN,,False,0.12121212121212122,16.424242424242426,high,"PPI analysis suggests that ACTB, PPP1CA, ERK1, and PTEN may be the hub nodes with maximal centrality. KEGG pathway enrichment highlighted the focal adhesion pathway as pivotal in Yanhusuo’s anti-NP activity."
PMC12462212,2,key,discussion,paragraph,58,9,ACTB|AKT1|CCND1|EGF|ITGA2B|PPP1CA|MAPK3|PRKCA|PTEN,,False,0.1956521739130435,13.91304347826087,medium,"Finally, to elucidate the molecular mechanisms underlying the efficacy of Yanhusuo against NP, we integrated network pharmacology predictions with molecular docking simulations targeting nine key proteins (ACTB, AKT1, CCND1, EGF, ITGA2B, PPP1CA, ERK1, PRKCA, and PTEN) and TCMSP-derived bioactive compounds (e.g., corynoloxine, dehydrocavidine, saulatine)."
PMC12462212,3,key,pseudotime trajectory,paragraph,46,6,CCL8|CRIP1|DAB2|S100A4|STAB1|TMSB10,,False,0.18181818181818182,11.636363636363637,medium,"Pseudotemporal expression kinetics of seven key genes ( Ccl8 , Crip1 , Dab2 , Maf , S100a4 , Stab1 , Tmsb10 ) exhibited consistency with their module assignments (Fig. 4 E), validating the temporal resolution of macrophage state transitions in NP."
PMC12462212,4,key,focal adhesion signal pathway network diagram,paragraph,49,8,ACTB|AKT1|CCND1|EGF|ITGA2B|PPP1CA|MAPK3|PRKCA,,False,0.1951219512195122,10.902439024390244,medium,"7 ), where key genes such as ACTB , AKT1 , CCND1 , EGF , ITGA2B , PPP1CA , ERK1 , PRKCA , and PTE exhibited prominent topological ranking. The convergence of these pathways on shared targets suggests that Yanhusuo’s therapeutic effect on NP arises from multi-pathway regulation."
PMC11479432,1,key,4. discussion,paragraph,32,6,TNF|IL1B|IL6|IL17A|EGR1|THBS1,,False,0.12,11.4,medium,"This is related to the synergistic activity of its key active ingredients, such as Harmaline, Harmine, Quercetin, and Kaempferol, with proteins such as TNF-α, IL-1β, and IL-6, which jointly regulate signaling pathways such as IL-17, NF-kappa B, and TNF in key targets EGR1 and THBS1."
PMC12091606,1,key,5. conclusion,paragraph,46,5,TNF|AKT1|SRC|EGFR|MMP9,,False,0.11627906976744186,13.325581395348838,high,"TNF, AKT1, SRC, EGFR, and MMP9 are the key targets and the TNF signaling pathway, the PI3K-Akt signaling pathway are the key pathways. LWDHP treats periodontitis through actions such as anti-inflammatory and regulation of the balance between osteogenesis and bone destruction."
PMC10783272,1,key,results:,paragraph,2,5,AKT1|PIK3R1|PIK3CA|MAPK1|MAPK8,,False,0.14285714285714285,15.857142857142858,high,"AKT1, PIK3R1, PIK3CA, mTOR, MAPK1 and MAPK8 were the key targets. Furthermore, PI3K-Akt signalling pathway, serotonergic synapse, MAPK signalling pathway and neurotrophin signalling pathway were involved in the antidepressant mechanism of Si-Ni-San."
PMC10627606,1,core,abstract,paragraph,0,5,CXCL8|ESR1|IL1B|MMP1|MMP3,,False,0.13157894736842105,17.63157894736842,high,"JHO active components may regulate skin cell metabolism and inflammatory response and improve cellular immune microenvironment by acting on core targets (CXCL8, ESR1, IL-1 β, MMP1, MMP3, secretory phosphoprotein 1), thus achieving the purpose of treating acne."
PMC10627606,2,core,3.3. ppi network analysis and core genes identification,paragraph,41,6,IL1B|CXCL8|TLR2|CXCL2|LCN2|SPP1,6,True,0.1276595744680851,16.5531914893617,high,"A total of 6 core genes were obtained, namely IL-1 β, CXCL8, toll-like receptor 2 (TLR2), CXCL2, LCN2, and secretory phosphoprotein 1 (SPP1). These genes are the most important genes in the PPI network and may play an important role in the pathogenesis of acne."
PMC10627606,3,core,abstract,paragraph,0,4,IL1B|CXCL8|CXCL2|LCN2,,False,0.09090909090909091,15.818181818181818,medium,"The results of molecular docking showed that 5 active compounds in JHO had strong binding activity to the core protein receptor. IL-1 β, CXCL8, toll-like receptor 2, CXCL2, LCN2, and secretory phosphoprotein 1 may be potential biomarkers for early diagnosis of acne."
PMC10627606,4,core,5. conclusion,paragraph,100,5,CXCL8|IL1B|SPP1|DEGS1|IL17A,,False,0.0847457627118644,14.694915254237287,medium,"In addition, we believe that CXCL8, IL-1β and SPP1 are not only possible biomarkers of acne, but also core targets of JHO in the treatment of acne. Acne DEGs enrichment analysis and core treatment target enrichment analysis showed that both of them were involved in IL-17, Nod-like receptor, Toll-like receptor and NF-κB signal pathway."
PMC10627606,5,key,4. discussion,paragraph,94,7,IL1A|CXCL8|TLR2|CXCL2|LCN2|SPP1|IL1B,,False,0.16279069767441862,13.255813953488373,medium,"Therefore, according to our current samples, we speculate that IL1β and CXCL8, TLR2, CXCL2, LCN2, and SPP1 may be biomarkers for early diagnosis of acne, while CXCL8, IL-1β, and SPP1 may be the key targets for JUO in the treatment of acne."
PMC10627606,6,core,3.5. verification of 6 core expressed genes using gse122592 dataset,paragraph,45,5,IL1A|TLR2|CXCL2|SPP1|LCN2,,False,0.07575757575757576,11.515151515151516,medium,"The diagnostic values of other core genes in acne are: IL1β (AUC:0.833), TLR2 (AUC:0.917), CXCL2 (AUC:0.833), SPP1 (AUC:0.750), LCN2 (AUC:0.667), as shown in Figure 7 . Because they show good diagnostic performance in acne skin samples, according to the current samples, we speculate that these 6 core genes may be biomarkers for the diagnosis of acne diseases."
PMC10627606,7,core,4. discussion,paragraph,97,4,SPP1|CXCL8|IL1B|TLR2,,False,0.041237113402061855,10.824742268041238,low,"[ 42 ] In our study, we found that SPP1 is not only highly expressed in acne skin samples, but also is the core target of JHO in the treatment of acne like CXCL8 and IL-1-β. Therefore, we speculate that SPP1 not only has high diagnostic value (AUC = 0.750) for acne, can be used as an early biomarker for the diagnosis of acne, but also plays a very important role in the pathological process and treatment of acne.In addition, the mechanism of cytokine release activated by Pseudomonas acne is through a pathway dependent on TLR2."
PMC6593161,1,hub,results of qpcr for candidate target genes,paragraph,103,8,SRC|MAPK14|HRAS|HSP90AA1|F2|LCK|CDK2|MMP9,,False,0.24242424242424243,19.0,high,"The hub genes were identified in the PPI network with high degree of connectivity. Among them, SRC, MAPK14, HRAS, HSP90AA1, F2, LCK, CDK2 , and MMP9 were closely related to the emperor’s constituents."
PMC6593161,2,hub,construction of the interaction network and network analysis,paragraph,79,13,SRC|MAPK14|HRAS|HSP90AA1|AR|F2|PRKACA|MMP9|IL2|MAP2K1|LCK|KDR|CDK2,,False,0.21666666666666667,14.0,medium,"In this study, we selected the hub nodes with a degree of connectivity set as ≥ the mean value + standard deviation. SRC (degree = 27), MAPK14 (degree = 24), HRAS (degree = 21), HSP90AA1 (degree = 20), AR (degree = 19), F2 (degree = 17), PRKACA (degree = 14), MMP9 (degree = 14), IL2 (degree = 14), MAP2K1 (degree = 13), LCK (degree = 13), KDR (degree = 13), and CDK2 (degree = 13)."
PMC6593161,3,potential,discussion,paragraph,121,9,SRC|MAPK14|HRAS|HSP90AA1|F2|LCK|CDK2|MMP9|CYP2B6,,False,0.1875,9.75,low,"We found 79 potential target genes and identified SRC, MAPK14, HRAS, HSP90AA1, F2, LCK, CDK2 , and MMP9 as the key potential therapeutic targets of SQW. The 79 target genes mainly related to the metabolism of xenobiotics by cytochrome P450, prostate cancer, and the T cell receptor signaling pathway."
PMC6593161,4,potential,go enrichment and pathway analysis for potential targets of sqw,paragraph,85,3,EGFR|CYP2B6|PPARA,,False,0.06382978723404255,4.276595744680851,low,"Numerous pathways for potential target genes were identified. Our study found that the ErbB signaling pathway, VEGF signaling pathway, and MAPK signaling pathway are associated with signal transduction, the insulin signaling pathway, metabolism of xenobiotics by cytochrome P450, drug metabolism—cytochrome P450, and the PPAR signaling pathway."
PMC12563024,1,key,abstract,paragraph,0,3,CFTR|IL6|ADRB2,,False,0.07317073170731707,14.463414634146341,medium,"An isoproterenol (ISO)-induced rat CF model was established to evaluate the effects of MG-EWE and its main monomers, Laurolitsine and Hecogenin, on cell proliferation, migration, collagen metabolism, IL-6 production, and key proteins in the ADRB2/JNK signaling pathway."
PMC12563024,2,key,3.2. network pharmacology reveals that mg-ewe inhibits il-6 production in cardiac fibroblasts via the adrb2/jnk pathway,paragraph,24,10,MAP2K1|MAP2K2|CHUK|IRAK4|MAPK14|TNF|MAPK10|MAPK11|MAPK8|IL6,,False,0.18181818181818182,11.636363636363637,medium,"Key proteins involved in these pathways included MAP2K1, MAP2K2, CHUK, IRAK4, MAPK14, TNF, MAPK10, and MAPK11. Among them, the JNK family (MAPK8/9/10), as a central node within the MAPK signaling cascade, plays a pivotal role in phosphorylating and activating the transcription factor c-Jun, which in turn regulates the expression of IL-6."
PMC12563024,3,key,abstract,paragraph,0,3,IL6|ADRB2|MAPK9,14,False,0.075,10.5,medium,"A total of 173 compounds were identified in MG-EWE, with 14 core constituents regulating IL-6 synthesis via 16 key targets, including ADRB2 and MAPK9. Gene Ontology enrichment indicated that MG-EWE affects phosphorylation and the JNK signaling cascade."
PMC12277270,1,core,3.1.2 ppi network analysis of key targets of anti-t2dm,paragraph,27,5,GSK3B|TP53|PTGS2|INS|IL1B,17,False,0.25,10.0,medium,"Through Venn analysis, 17 core targets were identified, including GSK3B, TP53, PTGS2, INS, IL1B, among others ( Figure 3A ; Table. 2 )."
PMC8860994,1,hub,in vivo validation of the efficacy of yin-huo-tang,paragraph,90,3,S1PR5|MBTPS1|GNAI1,,False,0.07894736842105263,10.578947368421053,medium,"S1PR5 was one of the hub genes identified by network pharmacology, which contained in sphingolipid signaling pathway. According to the details of the sphingolipid signaling pathway, S1PR5 played an important role through S1P/S1PR5/GNAI1 signaling ( Figure 8 )."
PMC9901982,1,core,4. discussion,paragraph,53,3,TP53|RELA|TNF,3,True,0.0967741935483871,16.935483870967744,high,"Molecular docking results between 3 core proteins (TP53, RELA, and TNF) selected by PPI analysis and the top 3 components(quercetin, kaempferol, and isorhamnetin) filtered by degree are good and standard."
PMC9901982,2,crucial,5. conclusion,paragraph,55,6,TP53|RELA|TNF|SRC|MAPK1|JUN,,False,0.17647058823529413,14.529411764705882,medium,"Among them, the core active compounds include quercetin, kaempferol, and isorhamnetin, the crucial target proteins involve TP53, RELA, TNF, SRC, MAPK1, and JUN, and the dominant BPs are related to cellular response and regulation."
PMC9901982,3,top,4. discussion,paragraph,50,9,SRC|MAPK1|JUN|TP53|HSP90AA1|RELA|TNF|DCX|LCT,,False,0.23076923076923078,13.0,medium,"SRC, MAPK1, JUN, TP53, and HSP90AA1 are the top 5 targets based on the degree value. TP53, RELA, and TNF are the targets that simultaneously satisfy the filter of upper quartiles of DC, BC, CC, EC, NC, and LAC."
PMC9901982,4,core,3.4. ppi network analysis,paragraph,31,5,DCX|LCT|TP53|RELA|TNF,3,False,0.12195121951219512,10.439024390243903,medium,"The upper median value of DC, BC, CC, EC, NC and LAC was filtered to get the network with 36 nodes and 179 edges, after the screening of greater than quartiles, 3 core targets were obtained, namely TP53, RELA and TNF."
PMC9892186,1,top,3.4 ppi network and herb-compound-target network of gjf,paragraph,35,10,HSP90AA1|SRC|CDK1|CCNA2|CDK4|PLK1|CDK2|TOP2A|AURKB|CDK6,,False,0.2631578947368421,11.0,medium,"GJF and the top 10 genes were HSP90AA1, SRC, CDK1, CCNA2, CDK4, PLK1, CDK2, TOP2A, AURKB and CDK6. Based on the results of the KEGG analysis, we verified the role of the PI3K/Akt signaling pathway in GJF."
PMC9892186,2,intersection,3.4 ppi network and herb-compound-target network of gjf,paragraph,35,11,HYCC1|HSP90AA1|SRC|CDK1|CCNA2|CDK4|PLK1|CDK2|TOP2A|AURKB|CDK6,,False,0.3548387096774194,10.0,low,"We performed PPI network analysis of 63 intersection genes between HCC ( Figure 4A ). GJF and the top 10 genes were HSP90AA1, SRC, CDK1, CCNA2, CDK4, PLK1, CDK2, TOP2A, AURKB and CDK6."
PMC9985903,1,key,results,paragraph,2,10,CASP3|TP53|MDM2|AKT1|ESR1|BCL2L1|MCL1|HSP90AA1|CASP9|CCND1,10,True,0.2631578947368421,22.0,high,"Finally, 53 interacting genes between the two databases were obtained, among which, the 10 key node genes were CASP3, TP53, MDM2, AKT1, ESR1, BCL2L1, MCL1, HSP90AA1, CASP9 , and CCND1 , involving 77 typical GO terms and 72 KEGG signals."
PMC9985903,2,hub,discussion,paragraph,59,6,TP53|AKT1|ESR1|BCL2L1|HSP90AA1|CCND1,10,False,0.1875,13.75,medium,"Based on LASSO Cox regression analysis, we screened six prognostic genes, including TP53, AKT1, ESR1, BCL2L1, HSP90AA1 , and CCND1 , from the 10 hub targets for dimensionality reduction to construct the risk model."
PMC9985903,3,hub,discussion,paragraph,57,11,CASP3|TP53|MDM2|AKT1|ESR1|BCL2L1|MCL1|HSP90AA1|CASP9|CCND1|HYCC1,53,False,0.2619047619047619,12.0,medium,"Finally, 53 genes were obtained by Venny analysis, with hub genes including CASP3, TP53, MDM2, AKT1, ESR1, BCL2L1, MCL1, HSP90AA1, CASP9 , and CCND1 . The abnormal expression of most of these hub genes has been reported to be closely related to HCC progression."
PMC9985903,4,key,prognostic modeling based on key node genes,paragraph,39,6,HSP90AA1|MCL1|ESR1|AKT1|TP53|BCL2L1,10,False,0.15789473684210525,9.157894736842106,medium,"Based on the expression of the 10 key node genes, six genes, including HSP90AA1, MCL1, ESR1, AKT1, TP53 , and BCL2L1 , which were related to prognosis were further screened from the LASSO algorithm to construct a prognostic prediction model."
PMC11637857,1,intersection,results,paragraph,2,8,CDKN1B|MAPK3|PRKCD|CDKN1A|MAPK1|RAF1|BIRC5|CTSB,8,True,0.17777777777777778,19.555555555555557,high,"According to the drug and disease database, the common targets of Chen’s Peiyuan Tang and premature ovarian failure were screened, combined with autophagy gene targets and transcriptome analysis, and finally 8 intersection targets were obtained, namely CDKN1B, MAPK3, PRKCD, CDKN1A, MAPK1, RAF1, BIRC5, CTSB."
PMC11637857,2,hub,discussion,paragraph,131,6,CYP2E1|MAPK1|GSK3B|VCAM1|MAPK3|CDK2,,False,0.1875,15.75,medium,"Using the Cytoscape CentiScaPe 2.2 Menu, we analyzed the CSPYT drug ingredient-POF disease target-autophagy target network diagram to identify hub genes, including CYP2E1, MAPK1, GSK3B, VCAM1, MAPK3, and CDK2."
PMC11637857,3,core,molecular docking of key targets,paragraph,116,5,MAPK3|CDKN1A|MAPK1|RAF1|BIRC5,,False,0.09615384615384616,10.923076923076923,medium,"The selection of three core components (quercetin, luteolin, naringenin) for docking with the core targets of MAPK3, CDKN1A, MAPK1, RAF1, and BIRC5 ( Figure 5 ) demonstrated spontaneous binding in the natural state, as indicated by negative binding energies (<0 kcalmol−1), affirming the strong interaction between these proteins and small molecules ( Table 6 )."
PMC9634740,1,hub,discussion,paragraph,45,10,RELA|CCND1|MAPK1|AKT1|MYC|MAPK8|TP53|ESR1|FOS|JUN,11,True,0.29411764705882354,21.0,high,"By screening a total of 117 intersections of a drug-disease gene, the topological analysis of 11 hub genes RELA, APK14, CCND1, MAPK1, AKT1, MYC, MAPK8, TP53, ESR1, FOS, and JUN were finally performed."
PMC12030508,1,hub,3. discussion,paragraph,107,16,HYCC1|EGFR|SRC|STAT3|HSP90AB1|AKT1|ESR1|PTGS2|MAPK1|ALB|TLR4|MMP9|CYP1A1|CYP19A1|AR|NR3C1,15,True,0.41025641025641024,21.0,high,"laxiflora phytoconstituents may target 15 hub genes to treat HCC. These potential targets, including EGFR, SRC, STAT3, HSP90AB1, AKT1, ESR1, PTGS2, MAPK1, ALB, TLR4, MMP9, CYP1A1, CYP19A1, AR, and NR3C1, were involved in the molecular mechanism of HCC pathogenesis."
PMC12030508,2,hub,2.8. molecular docking,paragraph,82,8,MAPK1|AKT1|EGFR|SRC|STAT3|MMP9|PTGS2|ESR1,,False,0.1702127659574468,13.404255319148936,medium,"Based on the top ten hub gene targets and the proteins implicated in the signaling pathways, eight protein targets (MAPK1, AKT1, EGFR, SRC, STAT3, MMP9, PTGS2, and ESR1) were selected for the docking simulation against three ligands (Quercetin, 3-acetylursolic acid, and 3-acetyloleanolic acid) from A."
PMC12030508,3,core,3. discussion,paragraph,112,5,SRC|EGFR|PIK3R1|AKT1|MAPK1,,False,0.11904761904761904,13.380952380952381,medium,"laxiflora using a similar methodology, identifying SRC, EGFR, PIK3R1, AKT1, and MAPK1 as core targets. 3-Acetyloleanolic acid and 3-acetylursolic acid emerged as the most active compounds with antidepressant potential, and molecular docking analysis was performed to validate these findings [ 48 ]."
PMC12030508,4,core,2.7. clusters network analysis,paragraph,79,4,MAPK1|AKT1|EGFR|SRC,,False,0.14814814814814814,10.962962962962962,medium,"MAPK1 was clustered in cluster 3, while cluster 4 had AKT1 as the core target. Similarly, EGFR and SRC were the core nodes in the cluster 2."
PMC12030508,5,hub,2.4. ppi network analysis,paragraph,44,15,EGFR|SRC|STAT3|HSP90AB1|AKT1|ESR1|PTGS2|MAPK1|ALB|TLR4|MMP9|CYP1A1|CYP19A1|AR|NR3C1,42,False,0.2830188679245283,10.0,medium,"Later, 15 hub genes, including EGFR, SRC, STAT3, HSP90AB1, AKT1, ESR1, PTGS2, MAPK1, ALB, TLR4, MMP9, CYP1A1, CYP19A1, AR, and NR3C1, were identified with the screening criteria of the genes with a median value greater than the degree value (12), betweenness centrality value (395.431475), and closeness centrality value (0.409234645) ( Figure 4 )."
PMC11040418,1,key,key targets of rjntf for the treatment of koa,paragraph,16,3,STAT3|ZHX2|PARP1,,False,0.08108108108108109,8.621621621621621,medium,"Finally, 143 key targets and 3,600 target-target interrelationships were obtained by screening with the betweeness centrality value, including STAT3, PI3K, RAF, RAS, AKT, PARP1 and JALK2, the mechanisms of which include proliferation, inflammation and apoptosis."
PMC10651518,1,key,ppi network construction and screening key targets,paragraph,56,10,TNF|TP53|CAT|IL6|CASP3|VEGFA|IL1B|MYC|PPARG|PTGS2,10,True,0.37037037037037035,17.0,high,"The top 10 key proteins according to the Degree value include TNF, TP53, CAT, IL6, CASP3, VEGFA, IL1B, MYC, PPARG and PTGS2, as shown in Table 3 ."
PMC10651518,2,core,discussion,paragraph,79,4,CAT|TNF|TP53|IL6,,False,0.0851063829787234,11.702127659574469,medium,"The core targets of LDF active components were identified through PPI network, including CAT、TNF、TP53、IL-6, which are closely related to the process of Oxidative stress pathway. It is found that DNA base oxidative damage is closely related to the pathogenesis of vitiligo [ 29 , 30 ]."
PMC10651518,3,potential,discussion,paragraph,77,3,CAT|MITF|TYR,,False,0.0625,6.25,low,"Network analysis identified relevant potential targets (CAT). Then, the molecular docking and in vivo juvenile zebrafish model validation further confirmed that, LDF significantly increased the percentage of melanin area and melanin synthesis in juvenile zebrafish, and increased the protein levels of MITF, p-MITF, TYR, TRP1 and TRP2."
PMC8820622,1,hub,discussion,paragraph,88,3,CASP3|CXCL8|MAPK14,,False,0.05084745762711865,12.016949152542374,low,"Most of the hub targets in QUF shown in Fig 5B could be found in GZFLW, except CASP3 , CXCL8 , and MAPK14 . Proteins encoded by these genes play important roles in cell apoptosis, the inflammatory response, proliferation and many other cellular processes, and these processes have been considered as the key effects by which TCM contributes to treating endometriosis [ 17 ]."
PMC8820622,2,top,molecular docking,paragraph,73,5,VEGFA|CXCL8|CCL2|IL1B|PTGS2,,False,0.0847457627118644,8.694915254237287,medium,"Among the top genes in the two key subnetworks, VEGFA , CXCL8 , CCL2 , IL1B and PTGS2 were also considered to be highly related to endometriosis in MalaCards. Therefore, protein 3QTK encoded by VEGFA , protein 5WDZ encoded by CXCL8 , protein 3IFD encoded by CCL2 , protein 5I1B encoded by IL1B , and protein 5F1A encoded by PTGS2 were selected to conduct molecular docking."
PMC9084909,1,crucial,hwjng-gerd target network and enrichment analysis,paragraph,56,10,TP53|AKT1|IL6|STAT3|VEGFA|MAPK1|INS|EGFR|TNF|JUN,,False,0.19230769230769232,10.846153846153847,medium,"TP53, AKT1, IL6, STAT3, VEGFA, MAPK1, INS, EGFR, TNF and JUN represented the crucial targets of HWJNG based on degree. To establish the underlying mechanism of HWJNG in the treatment of GERD, we used Cytoscape ClueGO plugin to conduct GO and KEGG functional enrichment analysis based on the 282 co-target genes."
PMC9084909,2,hub,hwjng inhibited the expression of inflammatory cytokines,paragraph,72,3,IL1B|IL6|TNF,20,False,0.04838709677419355,5.967741935483872,low,"As shown in Figure 6A , inflammatory cytokines including IL-1β, IL-6 and TNF-α were chosen for experimental validation based on the “top-20 Hub Target” screened by PPI analysis. The protein levels of inflammatory cytokines, including IL-1β, IL-6 and TNF-α were significantly increased in the GERD group compared with those in the control group (P <0.001)."
PMC12564757,1,key,"2.2.1. identification of shared targets between active compounds of bhbe and t2dm, network construction, and functional pathway enrichment",paragraph,18,6,GAPDH|AKT1|TNF|SRC|EGFR|PPARA,,False,0.14634146341463414,10.926829268292682,medium,"According to the degree values of nodes in the core PPI network, the top six targets were selected as key nodes potentially mediating the therapeutic effects of BHBE in T2DM. These include GAPDH, AKT1, TNF, SRC, EGFR and PPARγ ( Table 2 )."
PMC10232107,1,hub,4. discussion,paragraph,39,4,AN|MAPK8|MAPK14|NOS3,,False,0.10256410256410256,13.051282051282051,medium,"These findings are in line with the predictions from our network pharmacology analysis that the crosstalk among AN, 6-SG, and BA were likely to occur on their hub gene targets, MAPK8, MAPK14 and NOS3, and their coded proteins."
PMC8727110,1,key,3.6. molecular docking,paragraph,46,10,AKT1|MAPK1|MAPK3|PIK3CG|CASP3|CASP9|TNF|TGFB1|MAPK8|TP53,10,True,0.2564102564102564,18.0,high,"The top 10 key targets based on degree were as follows: AKT1, MAPK1, MAPK3, PIK3CG, CASP3, CASP9, TNF, TGFB1, MAPK8, and TP53. A total of 13 compounds were selected for docking on the 10 target proteins under the procedure."
PMC10448170,1,hub,identification of hub genes,paragraph,41,10,AKT1|ALB|TNF|TP53|EGFR|SRC|MAPK3|JUN|CASP3|ESR1,,False,0.23809523809523808,14.0,medium,"The hub genes, ranked by their degree of connectivity, are AKT1 (158 connections), ALB (149 connections), TNF (134 connections), TP53 (132 connections), EGFR (122 connections), SRC (122 connections), MAPK3 (114 connections), JUN (113 connections), CASP3 (110 connections), and ESR1 (110 connections) ( Fig."
PMC9663660,1,hub,molecular docking analysis,paragraph,123,15,TLR4|CD14|MYD88|HIF1A|IL17A|IL6|TNF|IL1B|CCL2|CXCL8|IL10|STAT1|IFNG|CXCL10|SLC13A1,16,True,0.2,19.0,high,"Then, the TLR4, CD14, MyD88, NF-κB p65, HIF1 α, VEGF, IL17A, and IL6 in the critical pathways, as well as the TNF, IL1B, CCL2, CXCL8, IL10, STAT1, IFNG, and CXCL10 in the critical hub genes of HSSD in treating H1N1, were molecularly docked with the 16 key active compounds of HSSD, including quercetin, beta-sitosterol, ursolic acid, kaempferol, hyperoside, wogonin, luteolin, acacetin, chlorogenic acid, caffeic acid, scutellarin, rosmarinic acid, hesperidin, naringin, paeoniflorin, and nobiletin."
PMC9663660,2,key,conclusion,paragraph,147,7,TLR4|CD14|MYD88|HIF1A|IL17A|IL6|SLC13A1,,False,0.21212121212121213,16.0,high,"Next, eight key targets were identified, including TLR4, CD14, MyD88, NF-κB p65, HIF1 α, VEGF, IL17A, and IL6, which were verified to be key targets for HSSD in the treatment of influenza."
PMC9663660,3,hub,discussion,paragraph,145,16,TLR4|CD14|MYD88|HIF1A|IL17A|IL6|SETD2|TNF|IL1B|CCL2|CXCL8|IL10|STAT1|IFNG|CXCL10|SLC13A1,,False,0.2857142857142857,16.0,medium,"While the TLR4, CD14, MyD88, NF-κB p65 in TLR4/NF-κB p65 signaling pathway, HIF1 α, VEGF, IL17A, and IL6 in HIF-1α/IL17 signaling pathway, as well as the TNF, IL1B, CCL2, CXCL8, IL10, STAT1, IFNG, and CXCL10 in the critical hub genes, were obtained as the key targets of HSSD in treating H1N1."
PMC9663660,4,key,conclusion,paragraph,147,8,TLR4|CD14|MYD88|HIF1A|IL17A|IL6|SETD2|SLC13A1,,False,0.1568627450980392,15.137254901960784,high,"In conclusion, our study suggested that TLR4, CD14, MyD88, NF-κB p65, HIF1 α, VEGF, IL17A, and IL6 in the TLR4/NF-κB p65 signaling pathway and HIF-1α/IL17 signaling pathway may be the key targets for the identified active compounds of HSSD to treat influenza by inhibiting inflammatory responses."
PMC9663660,5,key,conclusion,paragraph,147,11,SLC13A1|IFNA1|IL6|IL10|CCL2|CXCL10|TLR4|CD14|MYD88|HIF1A|IL17A,,False,0.13580246913580246,14.716049382716049,high,"Finally, the H1N1 infection mice model demonstrated that HSSD can inhibit the accumulation of inflammation in influenza mice by decreasing the levels of HA and NP, reducing the cell apoptosis and pathological state in the lung, regulating the levels of routine blood parameters, IFN-γ, IL-6, IL-10, MCP-1, MIP-1α, and IP-10, as well as attenuating the mRNA and protein expressions of key targets including TLR4, CD14, MyD88, NF-κB p65, HIF1 α, VEGF, IL17A, and IL6."
PMC9663660,6,hub,ppi network construction and analysis,paragraph,118,11,SLC13A1|TNF|IL6|IL1B|TLR4|CCL2|CXCL8|IL10|STAT1|IFNG|CXCL10,,False,0.2972972972972973,14.0,medium,"Subsequently, hub genes were screened out from these two PPI networks. Finally, the top 10 critical hub genes of HSSD in treating H1N1 were obtained including TNF, IL6, IL1B, TLR4, CCL2, CXCL8, IL10, STAT1, IFNG, and CXCL10."
PMC9663660,7,key,discussion,paragraph,145,3,SLC13A1|IL17A|TNF,,False,0.05454545454545454,10.09090909090909,low,"Network pharmacology was performed to investigate the potential key targets and critical KEGG signaling pathways of HSSD in treating influenza. As a result, the critical top 10 KEGG signaling pathways are mainly revealed in the IL-17 signaling pathway, TNF signaling pathway, PI3K-Akt signaling pathway, Toll-like receptor signaling pathway, FoxO signaling pathway, etc."
PMC9663660,8,candidate,discussion,paragraph,146,3,TLR4|SETD2|IL17A,,False,0.08333333333333333,7.666666666666666,low,"we tested the critical two signaling pathways of TLR4/NF-κB p65 signaling pathway and HIF-1α/IL17 signaling pathway, which may fail in confirming the other actual effects of candidate targets and other signaling pathways."
PMC10891378,1,key,results,paragraph,2,5,AKT1|NCOA1|JUN|ESR1|MAPK8,,False,0.18518518518518517,16.703703703703702,high,"The key targets included AKT serine/threonine kinase 1 (AKT1), nuclear receptor coactivator 1 (NCOA1), JUN, estrogen receptor alpha (ESR1) and mitogen-activated protein kinase 8 (MAPK8)."
PMC12323944,1,key,3.4. ppi network,paragraph,27,11,MCC|ESR1|AKT1|HSP90AA1|ALB|EGFR|SRC|ANXA5|MAPK1|MDM2|GSK3B,10,True,0.3235294117647059,18.0,high,"Topological analysis of the network was conducted using the cytoHubba plugin, identifying the top 10 key targets with the highest MCC values: ESR1, AKT1, HSP90AA1, ALB, EGFR, SRC, ANXA5, MAPK1, MDM2, and GSK3B (Fig."
PMC12323944,2,key,4. discussion,paragraph,40,10,ESR1|AKT1|HSP90AA1|ALB|EGFR|SRC|ANXA5|MAPK1|MDM2|GSK3B,8,False,0.47619047619047616,14.0,medium,"A PPI network was constructed to select 10 key targets: ESR1, AKT1, HSP90AA1, ALB, EGFR, SRC, ANXA5, MAPK1, MDM2, and GSK3B."
PMC12323944,3,key,4. discussion,paragraph,42,6,AKT1|EGFR|GSK3B|HSP90AA1|MDM2|MAPK1,,False,0.1276595744680851,12.553191489361701,medium,"[ 36 ] AKT1, EGFR, GSK3B, HSP90AA1, MDM2, and MAPK1 are all pivotal in this pathway, with AKT1 highlighted as a key gene. Studies have shown that ursolic acid can induce autophagy and apoptosis in cells by downregulating the PI3K/AKT pathway, inhibiting cyclin-D1, and activating caspase-3."
PMC12323944,4,key,4. discussion,paragraph,43,3,AKT1|EGFR|MAPK1,,False,0.07894736842105263,10.578947368421053,medium,"Key genes involved in this pathway include AKT1, EGFR, and MAPK1. Ursolic acid inhibits the expression of p-ERK in BCS-like cells derived from MCF-7 cells, thereby suppressing cell proliferation by downregulating the ERK signaling pathway."
PMC12751377,1,core,discussion,paragraph,96,8,AKT1|IL6|CASP3|TP53|TNF|IL1A|PTGS2|PPARG,,False,0.14814814814814814,13.962962962962962,medium,"In addition, coupling with molecule docking screened core target components neobaicalein, 5,7,2,5-tetrahydroxy-8,6-dimethoxyflavone, isorhamnetin, 5,7,4’-trihydroxy-8-methoxyflavone, 5,2’-dihydroxy-8-methoxyflavone, and formononetin has pretty good binding energy with corresponding potential therapeutic genes, including AKT1, IL-6, CASP3, TP53, TNF, IL1β, PTGS2, and PPARG."
PMC12751377,2,key,conclusions,paragraph,101,9,AKT1|IL6|CASP3|TP53|TNF|IL1B|PTGS2|PPARG|IL17A,,False,0.10843373493975904,13.168674698795181,high,"HQD may pass through effective ingredients such as formononetin, quercetin, catechin, kaempferol, naringenin, baicalein, β-sitosterol, and stigmasterol, which act on key targets such as AKT1, IL-6, CASP3, TP53, TNF, IL1B, PTGS2, and PPARG, activate or inhibit pathways in cancer, the PI3K-AKT signaling pathway, the MAPK signaling pathway, and the IL-17 signaling pathway, and participate in biological processes, including anti-oxidation, anti-inflammation, improvement of mucosal barrier, and regulation of immunity, so as to play a therapeutic role on IBD."
PMC12751377,3,core,"analysis intersecting genes for hqd and ibd, then constructing a ppi network",paragraph,59,9,AKT1|IL6|CASP3|TP53|TNF|IL1B|PTGS2|PPARG|HSP90AA1,,False,0.14754098360655737,11.950819672131146,medium,"Ak strain Transforming 1 (AKT1), IL6 (Interleukin − 6), Caspase − 3 (CASP3), Tumor Protein 53 (TP53), Tumor Necrosis Factor (TNF), Interleukin − 1 Beta (IL1B), Prostaglandin-endoperoxide synthase 2 (PTGS2), Peroxisome Proliferator-Activated Receptor Gamma (PPARG), and Heat Shock Protein 90 Alpha Family Class A Member 1 (HSP90AA1) are the core targets of HQD for the treatment of IBD, as depicted in Fig."
PMC12751377,4,top,construction of “drug-compound-target-disease” and “drug-compound-target-disease-pathways” networks,paragraph,65,6,HSP90AA1|GSK3B|ESR2|DPP4|PTGS1|PTGS2,,False,0.3333333333333333,11.0,medium,"HSP90AA1, GSK3B, ESR2, DPP4, PTGS1, and PTGS2 are the top 6 targets of the analysis. Shown in Fig."
PMC9459502,1,hub,figure,caption,81,10,CASP3|MYC|ESR1|EGFR|HIF1A|CCND1|VEGFA|IL6|ERBB2|FOS,,False,0.38461538461538464,17.0,medium,"Hub targets of SJZ. As results, the 10 regulator targets were finally identified, showing CASP3, MYC, ESR1, EGFR, HIF1A, CCND1, VEGFA, IL-6 , ERBB2 , and FOS ."
PMC11803458,1,hub,ppi network analysis and hub gene identification,paragraph,45,10,HSP90AA1|SRC|EGFR|TP53|AKT1|STAT3|EP300|MAPK1|ERBB2|ESR1,,False,0.2564102564102564,14.0,medium,"HSP90AA1, SRC, EGFR, TP53, AKT1, STAT3, EP300, MAPK1, ERBB2, and ESR1 are identified as HUB genes in the core‐target PPI network due to their high degree values, potentially contributing significantly to the treatment process according to Table 1 ."
PMC9126727,1,key,abstract,paragraph,0,3,TNF|VEGFA|AKT1,,False,0.09375,14.875,medium,"Candidate targets, of which three key targets (TNF, VEGFA, and AKT1), and the major AGE-RAGE signaling pathway in diabetic complications were ascertained and associated with QUE against podocyte injury in DN."
PMC9126727,2,key,4. discussion,paragraph,23,3,MAPK3|MAPK1|VEGFA,,False,0.057692307692307696,10.153846153846153,low,"It is regulated by candidate target ERK1/2 (also known as MAPK1, degree = 24) and key target AKT (degree = 31), and the excessive production of VEGF subtype A (VEGFA), resulting from the interaction of AGEs and RAGE, is a novel risk factor in the pathogenesis of the endstage renal disease [ 55 , 75 ]."
PMC12537249,1,core,3.5. molecular docking results,paragraph,50,6,AKT1|TNF|IL6|TP53|SRC|DCX,5,True,0.12244897959183673,21.448979591836736,high,"Molecular docking analysis was performed on the top 5 core targets (AKT1, TNF, IL-6, TP53, and SRC) and 5 active compounds (Quercetin, Neryl acetate, 1,7-Dimethoxyxanthone, Cinnamyl acetate, and 3,4,5-Trimethoxycinnamic acid) selected based on their DC values, as shown in Tables 3 and 4 ."
PMC12537249,2,core,3.5. molecular docking results,paragraph,50,5,AKT1|TNF|IL6|TP53|SRC,,False,0.1388888888888889,16.77777777777778,high,"Key core target proteins (AKT1, TNF, IL-6, TP53, and SRC) were docked with AutoDockVina1.1.2 to validate the binding interactions between active compounds and potential targets and enhance the reliability of the target network."
PMC12537249,3,core,3.3. ppi network construction and core target screening,paragraph,28,5,DCX|AKT1|TNF|TP53|SRC,,False,0.0641025641025641,11.282051282051281,medium,"Further screening of Network 2 identified the core target network with BC ≥ 776.68, DC ≥ 0.000701, and CC ≥ 59.52. The results revealed 10 key targets with high degree values in the network: serine/threonine-protein kinase 1 (AKT1), tumor necrosis factor (TNF), interleukin-6, tumor protein p53 (TP53), Proto-oncogene tyrosine-protein kinase Src (SRC), interleukin-1 beta, albumin, signal transducer and activator of transcription 3, transcription factor Jun, and epidermal growth factor receptor (Table 4 )."
PMC12537249,4,key,3.3. ppi network construction and core target screening,paragraph,28,4,AKT1|TNF|TP53|SRC,10,False,0.07017543859649122,6.403508771929825,medium,"The results revealed 10 key targets with high degree values in the network: serine/threonine-protein kinase 1 (AKT1), tumor necrosis factor (TNF), interleukin-6, tumor protein p53 (TP53), Proto-oncogene tyrosine-protein kinase Src (SRC), interleukin-1 beta, albumin, signal transducer and activator of transcription 3, transcription factor Jun, and epidermal growth factor receptor (Table 4 )."
PMC7482508,1,hub,network construction and enrichment analysis of zjw anti-gastric cancer genes,paragraph,49,8,MMP9|SERPINE1|CXCL8|MMP1|SPP1|ERBB2|CRP|MMP3,,False,0.1509433962264151,13.018867924528301,medium,"In the PPI network, the hub genes with the higher degree values were MMP9 , SERPINE1 , CXCL8 , MMP1 , SPP1 , ERBB2 , CRP , and MMP3 . The number of edges connected to these nodes were relatively high (22, 19, 19, 18, 17, 16, 16, and 15 for MMP9 , SERPINE1 , CXCL8 , MMP1 , SPP1 , ERBB2 , CRP , and MMP3 , respectively)."
PMC7482508,2,top,network construction of putative zjw targets,paragraph,46,5,PTGS2|AR|PTGS1|SCN5A|ADRB2,,False,0.4166666666666667,11.0,medium,"The top 5 gene nodes were PTGS2 , AR , PTGS1 , SCN5A , and ADRB2 ."
PMC7482508,3,top,network construction and enrichment analysis of zjw anti-gastric cancer genes,paragraph,59,5,PTGS1|AR|ADRB2|KCNH2|PRSS1,,False,0.2777777777777778,11.0,medium,"The top 5 gene nodes with the greatest number of edges included PTGS1 , AR , ADRB2 , KCNH2 , and PRSS1 ."
PMC7482508,4,key,molecular docking analysis,paragraph,65,3,MMP9|MMP3|MMP1,,False,0.06976744186046512,9.395348837209303,medium,"Three key target proteins, including MMP9 (PDB code: 1gkc), MMP3 (PDB code: 1d5j), and MMP1 (PDB code: 1fbl), were selected as successful preparations of the receptor protein, followed by molecular docking with berberine, isorhamnetin, quercetin, wogonin, (R)-canadine, baicalein, baicalin, berlambine, and evodiamine."
PMC10126622,1,core,abstract,paragraph,0,6,DMPK|GAPDH|EP300|HSP90AB1|KDM6B|CREBBP,,False,0.15789473684210525,18.157894736842106,high,"The GEB components 4,4'-dihydroxydiphenyl methane (DM) and protocatechuic aldehyde (PA) were found to be most strongly associated with AD, and five core targets were identified in the PPI network, including GAPDH, EP300, HSP90AB1, KDM6B, and CREBBP."
PMC10126622,2,core,abstract,paragraph,0,3,DMPK|HSP90AB1|KDM6B,,False,0.06818181818181818,15.363636363636363,medium,"Both DM and PA could upregulate the expression level of core target gene HSP90AB1 (P<0.01), and DM upregulated the expression of KDM6B (P<0.01), suggesting that DM and PA may be potential active components of GEB in the treatment of AD."
PMC10126622,3,core,discussion,paragraph,72,5,DMPK|KDM6B|HSP90AB1|EP300|CREBBP,,False,0.1388888888888889,13.777777777777779,medium,"In conclusion, network pharmacology identified two core components in GEB, DM and PA, and the core targets, KDM6B, HSP90AB1, EP300 and CREBBP. Molecular docking revealed that DM and PA stably bound to the four core targets."
PMC10126622,4,core,figure,caption,57,4,EP300|CREBBP|KDM6B|HSP90AB1,,False,0.08695652173913043,13.73913043478261,medium,"Molecular docking of core genes. (A) EP300-4,4'-dihydroxydiphenyl methane; (B) CREBBP-4,4'-dihydroxydiphenyl methane; (C) KDM6B-4,4'-dihydroxydiphenyl methane; (D) HSP90AB1-4,4'-dihydroxydiphenyl methane; (E) EP300-protocatechuic aldehyde; (F) CREBBP-protocatechuic aldehyde; (G) KDM6B-protocatechuic aldehyde; and (H) HSP90AB1-protocatechuic aldehyde."
PMC10126622,5,core,construction of the drug-active component-target-ad network,paragraph,40,5,GAPDH|EP300|HSP90AB1|KDM6B|CREBBP,,False,0.2,13.0,medium,"GAPDH, EP300, HSP90AB1, KDM6B and CREBBP had the highest degrees, and where therefore considered to be core targets and were used for molecular docking analysis."
PMC10545357,1,core,3.6. molecular docking,paragraph,47,5,HTT|TP53|VEGFA|MMP9|TNF,,False,0.125,11.5,medium,"These direct binding conformation between the core targets and active compounds, as shown in Figure 5 , suggested that the therapeutic effects of HD in treating IBS may be achieved through the regulation of core targets TP53, VEGFA, MMP9, and TNF."
PMC10545357,2,core,3.6. molecular docking,paragraph,47,3,TP53|VEGFA|MMP9,,False,0.046875,8.9375,low,"As shown in Table 3 , the results illustrated that typical binding affinities between the core targets and active compounds were <−7 kcal/mol (Table 3 ). The binding energy between TP53 and MOL004328 (naringenin) was <−9.6 kcal/mol, the binding energy between VEGFA and MOL004328 (naringenin) was <−7.5 kcal/mol, and the binding energy between MMP9 and MOL004328 (naringenin) was <−9 kcal/mol."
PMC13207515,1,core,figure,caption,34,4,TKT|ADRB2|VEGFA|MMP9,4,True,0.12903225806451613,18.58064516129032,high,"( L ) Contribution coefficients of the top 4 core genes (TKT, ADRB2, VEGFA, and MMP9) derived from the Generalized Linear Model (GLM). TKT ranked consistently among the top contributors across all models."
PMC13207515,2,central,2.1. identification of core targets for the ds-dh herb pair in aki via integrated network pharmacology and wgcna,paragraph,10,4,TKT|AKT1|MMP9|CD44,,False,0.15384615384615385,9.076923076923077,medium,"The “Herb–Component–Target” interaction network ( Figure 1 F) highlights a synergistic multi-component regulatory pattern, with TKT, AKT1, MMP9, and CD44 emerging as central nodes."
PMC7069061,1,core,curcuma phaeocaulis (ezhu) and sparganium stoloniferum (buch.-ham. ex graebn.) buch.-ham. ex juz. (sanleng),paragraph,134,7,TP53|SRC|TNF|VEGFA|PIK3CA|CXCL8|EGFR,,False,0.2692307692307692,14.0,medium,"Topological analysis showed the major targets included: TP53, SRC, TNF, VEGFA, PIK3CA, IL8 , and EGFR , among others, which are also the core genes that cause endometriosis."
PMC7069061,2,core,core prescriptions- gfw,paragraph,137,11,VEGFA|MAPK3|JUN|AKT1|TP53|IL6|ALB|INS|MAPK1|MMP9|PTGS2,,False,0.3548387096774194,13.0,medium,"Furthermore, following cytoHubba analysis, we found that VEGFA, MAPK3, JUN, AKT1, TP53, IL6, ALB, INS, MAPK1, MMP9, PTGS2 , among others could be core genes in the regulation of the screened herbs."
PMC7831566,1,overlap,abstract,paragraph,0,4,TNF|MAPK1|IL6|SH3BP5,,False,0.07142857142857142,12.428571428571429,low,"The results indicated that quercetin, luteolin, apigenin and other compounds in XBJ injection could affect TNF, MAPK1, IL6 and other overlapping targets. Meanwhile, anhydrosafflor yellow B (AHSYB), salvianolic acid B (SAB), and rutin could combine with COVID-19 crucial proteins, and then played the role of anti-inflammatory, antiviral and immune response to treat COVID-19."
PMC5859839,1,central,3.2. compound-compound target network analysis,paragraph,45,9,HSD17B1|CA2|MAPK14|BACE1|HSP90AA1|FGFR2|ALDH2|PPIA|IGLV2-8,,False,0.1836734693877551,10.673469387755102,medium,"In this network we can find that many targets are hit by multiple compounds (central nodes, e.g., HSD17B1, CA2, MAPK14, BACE1, and HSP90AA1, can be hit by all compounds), but some can be modulated by only one compound (peripheral nodes, e.g., FGFR2, ALDH2, PPIA, and IGLV2-8)."
PMC11191921,1,core,4. discussion,paragraph,57,11,ESR1|JUN|CYP3A4|CYP17A1|AR|SRD5A1|CYP2C9|CYP1A2|SHBG|SERPINE1|FABP1,12,True,0.3055555555555556,19.0,high,"The screening of PPI core target genes revealed that the HFDP includes 12 core targets, such as ESR1, JUN, CYP3A4, CYP17A1, AR, UGT287, SRD5A1, CYP2C9, CYP1A2, SHBG, SERPINE1, FABP1, etc, which are beneficial for enhancing immunity."
PMC11191921,2,core,3.4. ppi network construction and recognition of hub genes,paragraph,40,12,ESR1|JUN|CYP3A4|CYP17A1|AR|UGT2B7|SRD5A1|CYP2C9|CYP1A2|SHBG|SERPINE1|FABP1,12,True,0.25,17.0,high,"Draw a bar chart for the degree values of 12 core targets, as shown in Figure 3 D. We got the core targets such as ESR1, JUN, CYP3A4, CYP17A1, AR, UGT2B7, SRD5A1, CYP2C9, CYP1A2, SHBG, SERPINE1, and FABP1, and the network diagram was obtained in Figure 3 D."
PMC11191921,3,central,abstract,paragraph,0,5,ESR1|JUN|CYP3A4|CYP2C9|SERPINE1,,False,0.19230769230769232,16.846153846153847,medium,"It may play an essential role in regulating immunity by regulating the expression and polymorphism of the central target genes ESR1, JUN, CYP3A4, CYP2C9, and SERPINE1."
PMC11191921,4,core,4. discussion,paragraph,57,5,CYP2C9|CYP26A1|CYP1A2|CYP3A4|UGT2B7,,False,0.15151515151515152,14.030303030303031,medium,"These core genes can be directly or indirectly involved in metabolism, steroid hormone synthesis, etc, so as to improve immunity. Among them, CYP2C9, CYP26A1, CYP1A2, CYP3A4, and UGT2B7 are related to metabolic pathways."
PMC7336235,1,core,3.2. c-t-d network construction and analysis,paragraph,103,8,BCL2|MAPT|F2|BCL2L1|PRKCD|PRKCB|HIF1A|PRKCA,,False,0.08602150537634409,11.720430107526882,medium,"The key core nodes (target or disease) are screened based on the topological properties of the degree of network nodes. The results showed that the eight targets of BCL2, MAPT, F2, BCL2L1, PRKCD, PRKCB, HIF1A, and PRKCA were in the front of degree ranking (degree > 20), and they were the pivotal nodes in the network, indicating that they might be the core targets of the pharmacological mechanism of candidate components; among the disease nodes, the nervous system diseases, cardiovascular diseases, mental disorders, neoplasms, brain diseases, endocrine system diseases, nutritional and metabolic diseases, digestiv"
PMC11378754,1,potential,results,paragraph,2,10,STAT3|IL6|TNF|AKT1|TP53|IL1B|MAPK3|VEGFA|CASP3|MMP9,,False,0.18518518518518517,13.703703703703702,low,"As a result, 256 active ingredients of Si-ni San and 1128 potential targets were screened out. Among them, quercetin, Luteolin, kaempferol, 7-Methoxy-2-methyl isoflavone, formononetin showed to be the most potential ingredients; while STAT3, IL6, TNF, AKT1, AKT1, TP53, IL1B, MAPK3, VEGFA, CASP3, MMP9 showed to be the most potential targets."
PMC11378754,2,potential,results,paragraph,2,12,STAT3|IL6|TNF|AKT1|TP53|IL1B|MAPK3|VEGFA|CASP3|MMP9|IL17A|SETD2,,False,0.19672131147540983,12.934426229508198,low,"while STAT3, IL6, TNF, AKT1, AKT1, TP53, IL1B, MAPK3, VEGFA, CASP3, MMP9 showed to be the most potential targets. AGE-RAGE signaling pathway in diabetic complications, IL-17 signaling pathway, HIF-1 signaling pathway, PI3K-Akt signaling pathway and TNF signaling pathway, which are involved in anti-inflammation processes, showed to be the most probable pathways regulated by Si-ni San."
PMC11378754,3,top,interactions between potential targets and ingredients,paragraph,49,5,PTGS2|ESR1|NOS2|GSK3B|PPARG,,False,0.08771929824561403,8.75438596491228,medium,"To gain a more comprehensive understanding of the potential effects of drug components and disease targets, the top 5 components obtained from the network topology of active compound-target- pathway network graph ( Supplementary Table 2 ), including quercetin, luteolin, kaempferol, nobiletin and formononetin were each associated with the top 5 targets, including PTGS2, ESR1, NOS2, GSK3B and PPARG."
PMC9553462,1,hub,results,paragraph,3,10,ALB|IL6|TNF|INS|AKT1|IL1B|VEGFA|TP53|JUN|TLR4,,False,0.2702702702702703,19.0,high,"246 SS-related genes in CRCJ were identified by intersection analysis, and then ten hub genes were identified as crucial potential targets from PPI, including ALB, IL-6, TNF, INS, AKT1, IL1B, VEGFA, TP53, JUN, and TLR4."
PMC9553462,2,hub,3.4. construction of a c-t-d network and the protein–protein interaction (ppi) network,paragraph,17,9,ALB|IL6|TNF|INS|AKT1|VEGFA|TP53|JUN|TLR4,,False,0.375,14.0,medium,"The top ten hub targets, namely, ALB, IL-6, TNF, INS, AKT1, ILB1, VEGFA, TP53, JUN, and TLR4, are shown in Figure 2(f) ."
PMC9966887,1,core,abstract,paragraph,0,3,MAPK3|SRC|MAPK1,,False,0.08108108108108109,15.621621621621621,medium,"Molecular docking showed that alkaloids have high affinity with core targets, including MAPK3, SRC, MAPK1, NMDAR 2B and NMDAR 2A . In addition, the difference of binding affinity may be the basis of toxicity differences among different alkaloids."
PMC9966887,2,core,3.5. molecular docking,paragraph,23,6,MAPK3|SRC|MAPK1|GRIN1|GRIN2B|GRIN2A,,False,0.12,11.4,medium,"In addition, the three core targets (MAPK3, SRC and MAPK1) were used as receptors for molecular docking. NMDAR 2B and NMDAR 2A were also used as receptors since NMDAR is involved in the toxicity of Gelsemium , and related genes (GRIN1, GRIN2B and GRIN2A) have also been found in network pharmacology."
PMC11980797,1,core,results,paragraph,2,3,SETD2|HSP90AA1|NFKB1,,False,0.08823529411764706,14.764705882352942,medium,"Network pharmacology analysis revealed that the core targets of Digitonin are involved in key cancer-related signaling pathways, including HIF-1α, Ras, and PI3K-Akt pathways, with HSP90AA1 and NFKB1 identified as central targets."
PMC11980797,2,core,figure,caption,33,4,GC|ESR1|HSP90AA1|NFKB1,,False,0.1,13.0,medium,"Expression Profiles, Prognostic Significance, and Molecular Docking Analysis of Digitonin with Core Targets in GC. ( A ) Expression levels of ESR1, HSP90AA1, and NFKB1 in tumor and adjacent normal tissues across various cancer types, as analyzed using the TIMER2.0 database."
PMC11980797,3,key,conclusion,paragraph,47,3,HSP90AA1|NFKB1|GC,,False,0.07894736842105263,12.578947368421053,medium,"Through network pharmacology and docking analysis, HSP90AA1 and NFKB1 were identified as key proteins of Digitonin. Our findings indicate that Digitonin downregulates HSP90AA1 expression and inhibits the nuclear translocation of NFKB1, leading to increased apoptosis in GC cells."
PMC11980797,4,core,core targets of digitonin in gc predicting by cytoscape network analysis,paragraph,29,8,ESR1|PTPN1|FGF2|IL2|ABCG2|HSP90AA1|CDK1|NFKB1,,False,0.15384615384615385,12.076923076923077,medium,"This analysis revealed that ESR1, PTPN1, FGF2, IL2, ABCG2, HSP90AA1, CDK1, and NFKB1 are the core genes among the intersecting targets ( Figure 3B ). A subsequent visualization of these core targets, ranked by degree centrality, showed that HSP90AA1, ESR1, and NFKB1 had significantly higher degree values compared to the other targets ( Figure 3C )."
PMC11980797,5,core,core targets of digitonin in gc predicting by cytoscape network analysis,paragraph,29,3,HSP90AA1|ESR1|NFKB1,,False,0.10344827586206896,10.068965517241379,medium,"A subsequent visualization of these core targets, ranked by degree centrality, showed that HSP90AA1, ESR1, and NFKB1 had significantly higher degree values compared to the other targets ( Figure 3C )."
PMC10644664,1,hub,results,paragraph,2,4,AQP1|MMP9|JUN|PTGS2,,False,0.06557377049180328,15.311475409836065,medium,"Network pharmacological topology analysis showed that caffeine, 2,4-dichloro-5-methoxy-3-methylphenol, curculigoside, orcinol glucoside, and orcin were the main active ingredients of CO, and matrix metalloproteinase 9 (MMP9), transcription factor AP-1 (JUN), prostaglandin-endoperoxide synthase 2 (PTGS2), brain-derived neurotrophic factor, and receptor-type tyrosine-protein phosphatase C were the hub targets of CO for RA treatment."
PMC10644664,2,hub,ppi network and hub targets,paragraph,38,6,MMP9|JUN|PTGS2|BDNF|PTPRC|AQP1,,False,0.20689655172413793,14.0,medium,"The top 5 nodes ranked by the degree values were MMP9, JUN, PTGS2, BDNF, and PTPRC, which were the hub targets of CO for RA treatment (Fig. 3 b)."
PMC10644664,3,hub,discussion,paragraph,76,3,MMP9|JUN|PTGS2,,False,0.1,13.0,medium,"Curculigoside and orcinol glucoside are the main bioactive compounds, which have a strong binding ability to hub targets (i.e., MMP9, JUN, and PTGS2) in the form of hydrogen bonds."
PMC10644664,4,hub,molecular docking validation,paragraph,47,5,MMP9|JUN|PTGS2|BDNF|PTPRC,,False,0.14705882352941177,12.941176470588236,medium,"The 3D structures of hub genes including MMP9 (4h1q), JUN (5aep), PTGS2 (5f19), BDNF (1b8m) and PTPRC (5fmv) were obtained from the PDB database. The lower the binding energy, the stronger the binding activity."
PMC8055417,1,potential,4. discussion,paragraph,85,9,TNF|IL6|CASP3|JUN|MAPK8|IL1B|MMP9|MAPK3|TLR4,55,False,0.17307692307692307,4.461538461538462,low,"After that, we analyzed the 55 potential target genes through the STRING database. Degree value, Betweenness Centrality, and Closeness Centrality are all greater than the average of 18 nodes, most of which (such as TNF, IL6, CASP3, JUN, MAPK8, IL1B, MMP9, MAPK3, and TLR4) participate in the process of immune-inflammatory response."
PMC8263254,1,hub,3.7. protein-protein interaction networks and prognostic values of hub genes,paragraph,21,16,TP53|AKT1|SRC|STAT3|MAPK3|PIK3CA|MAPK1|PIK3R1|HRAS|JUN|VEGFA|HSP90AA1|EGFR|JAK2|MAPK8|HYCC1,15,True,0.24242424242424243,19.0,high,"On the basis of the PPI data, the top 15 hub genes with the highest degree were identified, and the result was presented in an interaction network ( Figure 8(b) ). As displayed in Figure 8(b) , TP53, AKT1, SRC, STAT3, MAPK3, PIK3CA, MAPK1, PIK3R1, HRAS, JUN, VEGFA, HSP90AA1, EGFR, JAK2, MAPK8, and JUN could be the potential target genes for KCMMs in the treatment of HCC."
PMC8263254,2,key,results,paragraph,2,10,TP53|SRC|STAT3|MAPK3|PIK3R1|HRAS|VEGFA|HSP90AA1|EGFR|JAK2,,False,0.5555555555555556,17.0,high,"Moreover, TP53, SRC, STAT3, MAPK3, PIK3R1, HRAS, VEGFA, HSP90AA1, EGFR, and JAK2 were determined as the key targets."
PMC8263254,3,hub,3.7. protein-protein interaction networks and prognostic values of hub genes,paragraph,21,11,TP53|SRC|STAT3|MAPK3|PIK3R1|HRAS|VEGFA|HSP90AA1|EGFR|JAK2|HYCC1,,False,0.34375,14.0,medium,"Survival analysis of hub genes in TCGA indicated that the expressions of TP53, SRC, STAT3, MAPK3, PIK3R1, HRAS, VEGFA, HSP90AA1, EGFR, and JAK2 were correlated with the prognosis of HCC ( Table 4 )."
PMC8263254,4,hub,4. discussion,paragraph,25,12,TP53|SRC|STAT3|MAPK3|PIK3R1|HRAS|VEGFA|HSP90AA1|EGFR|JAK2|MID1|HYCC1,15,False,0.1643835616438356,13.787671232876711,medium,"The network based on the PPI analysis showed that 15 hub genes were identified as the most important target genes. Among them, the expressions of 10 genes, including TP53, SRC, STAT3, MAPK3, PIK3R1, HRAS, VEGFA, HSP90AA1, EGFR, and JAK2, were significantly related to the OS time of patients with HCC, which implies that KCMMs may exert an anti-HCC effect mainly through these target genes, thus prolonging the survival time of the patients."
PMC8263254,5,core,4. discussion,paragraph,25,3,HYCC1|SRC|STAT3,,False,0.06818181818181818,11.363636363636363,medium,"HBV core protein can promote the development of HCC by increasing the expression of SRC and then activates the SRC/PI3K/Akt pathway [ 45 ]. Constitutive activation of STAT3 is usually observed and is closely related to tumor cell proliferation, invasion, metastasis, and angiogenesis [ 46 ]."
PMC8819592,1,core,3.3 ppi network of dnr’s compound-gd targets,paragraph,37,16,ALB|AKT1|MAPK1|MMP9|EGFR|SRC|IGF1|ESR1|MAPK14|HSP90AA1|NOS3|PIK3R1|IL2|PLG|IGF1R|BCL2L1,16,True,0.2077922077922078,19.0,high,"As shown in Figure 4B , the genes were exhibited in a concentric circle according to their degree, and the innercircle was comprised of 16 core targets: ALB (degree = 60), AKT1 (degree = 54), MAPK1 (degree = 50), MMP9 (degree = 47), EGFR (degree = 46), SRC (degree = 42), IGF-1 (degree = 40), ESR1 (degree = 36), MAPK14 (degree = 32), HSP90AA1 (degree = 32), NOS3 (degree = 31), PIK3R1 (degree = 28), IL2 (degree = 26), PLG (degree = 26), IGF-1R (degree = 24), and BCL2L1 (degree = 23)."
PMC8819592,2,hub,discussion,paragraph,66,3,IGF1R|IGF1|RAF1,,False,0.07317073170731707,12.463414634146341,medium,Some predicted hub targets of diosgenin from network pharmacology were verified by Western blot. The results showed that diosgenin may inhibit the phosphorylation activation of IGF-1R compared with the IGF-1 group and then inhibit the PI3K and Raf1 pathways.
PMC12950218,1,key,3.3.4. construction of the herb–component–target–pathway network,paragraph,56,8,TNF|PTGS2|ESR1|NR3C1|MAOB|MAOA|CXCL8|GRM5,,False,0.13793103448275862,9.758620689655173,medium,"This study showed that potential active ingredients may regulate serotonergic synapse, cocaine addiction, IL‐17 signaling pathway, and other signaling pathways by acting on key targets, such as TNF, PTGS2, ESR1, NR3C1, MAOB, MAOA, CXCL8, IL‐2, and GRM5, and participate in BPs, such as response to a xenobiotic stimulus to alleviate the symptoms of depression and insomnia."
PMC12582737,1,key,abstract,paragraph,0,5,EGFR|JUN|RELA|STAT3|TP53,5,True,0.14705882352941177,21.941176470588236,high,"Finally, EGFR, JUN, RELA, STAT3, and TP53 were identified as key targets by topological analysis and molecular docking, and 5 key genes were further validated by gene and protein expression analysis of key targets."
PMC12582737,2,core,figure,caption,24,6,HPSE|EGFR|JUN|RELA|STAT3|TP53,5,True,0.21428571428571427,21.0,high,"Immunohistochemical image of core target protein expression level in HPA database. Kaplan–Meier analysis of 5 key genes, EGFR, JUN, RELA,STAT3, and TP53 in colorectal cancer patients."
PMC8929114,1,potential,5. conclusions,paragraph,53,6,AKT1|FOS|VEGFA|TP53|JUN|ESR1,,False,0.15,11.0,low,"Through the PPI network analysis, it is found that the potential target of the active components of P. ternata in the treatment of hypertension is AKT1, FOS, VEGFA, TP53, JUN, ESR1, and the network can be divided into three modules."
PMC8929114,2,top,3.3. protein-protein interaction network of targets,paragraph,32,10,AKT1|FOS|VEGFA|TP53|JUN|ESR1|MMP9|CASP3|AR|PTGS2,,False,0.19607843137254902,10.92156862745098,medium,"Combined with the degree statistics of each node ( Figure 2 b), the top 10 nodes (AKT1, FOS, VEGFA, TP53, JUN, ESR1, MMP9, CASP3, AR, PTGS2) are selected ( Figure 2 c). As the key nodes in the PPI network, they may play a key role in the treatment of hypertension in P."
PMC11012793,1,core,3. discussion,paragraph,30,3,PTPN1|IRS1|MET,,False,0.05,11.0,low,"The KEGG enrichment analysis of core targets of kaempferol confirmed our hypothesis, revealing that PTPN1 participates in the significantly enriched ( p value < 0.01, q value < 0.01) pathways, including the adherens junction, insulin resistance, and chemical carcinogenesis—reactive oxygen species—where it plays a role in the upstream dephosphorylation of IRS-1, MET, and β-Catenin, regulating downstream pathways."
PMC7569866,1,core,figure,caption,27,3,AKT1|IL6|RELA,,False,0.15,14.0,medium,"Molecular docking of compounds with core targets. ( A1 – A3 ) Docking process of quercetin with AKT1, IL-6, and RELA, respectively."
PMC7569866,2,hub,1.4. protein–protein interaction and network analysis,paragraph,10,11,STAT3|AKT1|JUN|MAPK1|IL6|RELA|IL2|MAPK14|VEGFA|IL4|MAPK8,,False,0.15714285714285714,13.142857142857142,medium,"As shown in Figure 3 C, the hub genes of compounds with OB < 30% and DL ≥ 0.18 against AD are signal transducer and activator of transcription 3 (STAT3, degree = 39), AKT1 (degree = 30), JUN (degree = 27), MAPK1 (degree = 24), IL-6 (degree = 19), RELA (degree = 19), IL-2 (degree = 18), MAPK14 (degree = 17), vascular endothelial growth factor A (VEGFA, degree = 17), IL-4 (degree = 17), and MAPK8 (degree = 17)."
PMC7569866,3,hub,1.4. protein–protein interaction and network analysis,paragraph,10,11,JUN|AKT1|MAPK1|MAPK3|RELA|IL6|MAPK8|HSP90AA1|EGFR|MAPK14|ESR1,,False,0.11702127659574468,12.340425531914894,medium,"As shown in Figure 3 A, the hub genes of compounds with OB ≥ 30% and DL ≥ 0.18 against AD are activator protein 1 (AP-1, also known as JUN, degree = 28), RAC-alpha serine/threonine-protein kinase (AKT1, degree = 26), mitogen-activated protein kinase 1 (MAPK1, degree = 26), MAPK3 (degree = 26), transcription factor p65 (RELA, degree = 25), IL-6 (degree = 22), MAPK8 (degree = 21), heat shock protein 90 alpha family class A member 1 (HSP90AA1, degree = 19), epidermal growth factor receptor (EGFR, degree = 18), MAPK14 (degree = 18), and estrogen receptor (ESR1, degree = 18)."
PMC10911376,1,hub,abstract,paragraph,0,6,PPARA|ROCK2|PDGFRB|CCND1|MUC1|CDK1,,False,0.17142857142857143,19.42857142857143,high,"Analysis of protein-protein interactions identified eight hub targets. Furthermore, molecular docking indicated that the PPARA binding energy was the lowest for Erianin among the hub targets, followed by ROCK2, PDGFRB, CCND1, MUC1, and CDK1."
PMC10911376,2,hub,ppi network analysis of common targets,paragraph,31,8,CCND1|APOE|PDGFRB|PLAU|CDK1|PPARA|ROCK2|MUC1,8,True,0.27586206896551724,19.0,high,"In the PPI network, we employed the degree method to identify the top 8 hub genes. These include CCND1, APOE, PDGFRB, PLAU, CDK1, PPARA, ROCK2 and MUC1 ( Figure 5A )."
PMC11139529,1,central,"3.2. the main active components, targets, and pathways of tg in the treatment of rau",paragraph,87,6,NOS3|FASLG|RELA|VEGFA|MMP2|MMP9,,False,0.3157894736842105,11.0,medium,"Consequently, six central nodes were obtained, namely, NOS3, FASLG, RELA, VEGFA, MMP2, and MMP9, as shown in Figure 3 ."
PMC9626984,1,core,3.5 quercetin plays a crucial role in treating rsa,paragraph,76,20,AKT1|TP53|TNF|IL6|JUN|CASP3|IL1B|EGFR|PTGS2|MYC|HIF1A|MMP9|PPARG|HSP90AA1|CXCL8|CCND1|MMP2|FOS|CCL2|ERBB2,,False,0.5,13.0,medium,"Ninety-six core targets were retrieved and the top 20 targets in PPI analysis includes AKT1, TP53, TNF, IL6, JUN, CASP3, IL1B, EGFR, PTGS2, MYC, HIF1A, MMP9, PPARG, HSP90AA1, CXCL8, CCND1, MMP2, FOS, CCL2, and ERBB2 ( Supplementary Figures S1A,B )."
PMC9626984,2,top,3.3 ppi network analysis of core targets,paragraph,57,20,ALB|AKT1|TP53|TNF|IL6|JUN|CASP3|CTNNB1|EGFR|ESR1|MYC|IL1B|HIF1A|PTGS2|MMP9|CCND1|FN1|PPARG|FOS|HSP90AA1,,False,0.5882352941176471,11.0,medium,"The top 20 nodes with higher degree were ALB, AKT1, TP53, TNF, IL6, JUN, CASP3, CTNNB1, EGFR, ESR1, MYC, IL1B, HIF1A, PTGS2, MMP9, CCND1, FN1, PPARG, FOS, and HSP90AA1 ( Figure 2D and Table 4 )."
PMC9626984,3,top,3.5 quercetin plays a crucial role in treating rsa,paragraph,76,5,FOS|HIF1A|IL1B|MYC|FN1,,False,0.16129032258064516,10.225806451612904,medium,"However, among the 36 exclusive genes from quercetin, FOS, HIF1A, IL1B, and MYC were also in the top 20 genes. One reduplicative gene, FN1 , was found in particular targets of wogonin."
PMC9626984,4,top,3.5 quercetin plays a crucial role in treating rsa,paragraph,76,4,FOS|HIF1A|IL1B|MYC,,False,0.10256410256410256,8.051282051282051,medium,"Six reduplicative genes were contained in all sections, but only three genes were identified from the top 20 genes. However, among the 36 exclusive genes from quercetin, FOS, HIF1A, IL1B, and MYC were also in the top 20 genes."
PMC9970883,1,core,discussion,paragraph,72,3,MAPK1|MAPK8|MAPK14,,False,0.07142857142857142,11.428571428571429,medium,"PPI cluster showed that MAPK1, MAPK8, and MAPK14 were the core targets. GO analysis revealed that the 198 common targets were significantly enriched in protein phosphorylation, positive regulation of MAPK cascade, cellular response to lipid, inflammatory response, regulation of inflammatory response, etc."
PMC12012937,1,key,discussion,paragraph,70,6,TP53|STAT3|AKT2|TNF|IL6|JUN,,False,0.2,13.0,medium,"Key targets, such as TP53, STAT3, AKT2, TNF, IL-6, and JUN, were identified, with TNF and IL-6 playing crucial roles in inflammatory responses, oxidative stress, and apoptotic pathways."
PMC11813014,1,core,abstract,paragraph,0,6,STAT3|ESR1|EGFR|JUN|PTGS2|SETD2,,False,0.18181818181818182,18.636363636363637,high,"Core target proteins consisted of STAT3, ESR1, EGFR, JUN, and PTGS2. The pathways mainly involved the advanced glycation end products – receptor for advanced glycation end products, estrogen, HIF-1, and relaxin signal pathways."
PMC11813014,2,core,3.7. molecular docking,paragraph,38,5,STAT3|ESR1|EGFR|JUN|PTGS2,5,True,0.11904761904761904,16.38095238095238,high,"Based on the PPI network, the top 5 core target proteins selected by degree ranking were STAT3, ESR1, EGFR, JUN, and PTGS2. Molecular docking was performed between the small molecule ligands and the receptors of core target proteins, demonstrating favorable binding affinities."
PMC11813014,3,key,4. discussion,paragraph,45,10,STAT3|ESR1|EGFR|JUN|PTGS2|HIF1A|BCL2|STAT1|MMP9|RELA,,False,0.2631578947368421,14.0,medium,"[ 28 ] The analysis of the PPI network revealed several key target proteins, including STAT3, ESR1, EGFR, JUN, PTGS2, HIF1A, BCL2, STAT1, MMP9, and RELA. Among these, abnormalities in PTGS2 are implicated in inflammation processes related to bone pathology."
PMC6685170,1,hub,discussion,paragraph,63,11,TNF|PIK3CG|VEGFA|IL6|EGFR|MAPK1|JUN|TP53|BCL2|ESR1|HYCC1,,False,0.25,16.0,medium,"The PPI network analysis revealed that TNF, PIK3CG, VEGFA, IL6, EGFR, MAPK1, JUN, TP53, BCL2, and ESR1 may represent hub genes against HCC. EGFR is a transmembrane receptor tyrosine kinase and a receptor for members of the ErbB family of extracellular protein ligands [ 52 ]."
PMC6685170,2,hub,ppi network,paragraph,39,10,TNF|PIK3CG|VEGFA|IL6|EGFR|MAPK1|JUN|TP53|BCL2|ESR1,,False,0.16393442622950818,13.278688524590164,medium,"Therefore, the hub nodes including TNF, PIK3CG, VEGFA, IL6, EGFR, MAPK1, JUN, TP53, BCL2, and ESR1 contained over 32.6 degrees. The number of edges per node as somewhat large (44 in TP53, 43 in JUN, 40 in IL6, 39 in MAPK1, 39 in VEGFA, 38 in ESR1, 38 in EGFR, 37 in TNF, 35 in PIK3CG, and 34 in BCL2)."
PMC13266507,1,core,discussion,paragraph,110,12,DCX|AKT1|EGFR|ALB|BCL2|HIF1A|HSP90AA1|SRC|ESR1|PTGS2|MAPK3|GSK3B,11,True,0.27906976744186046,20.0,high,"By analysing the DC, BC and CC values of the PPI network, 11 core targets were identified, including AKT1, EGFR, ALB, BCL2, HIF1A, HSP90AA1, SRC, ESR1, PTGS2, MAPK3 and GSK3B, which may serve key roles in the MEAG interaction network targeting Cis-AKI."
PMC13266507,2,hub,network pharmacology,paragraph,76,12,AKT1|EGFR|ALB|BCL2|HIF1A|HSP90AA1|SRC|ESR1|PTGS2|MAPK3|GSK3B|TCEA1,,False,0.5454545454545454,15.0,medium,"These hub targets were AKT1, EGFR, ALB, BCL2, HIF1A, HSP90AA1, SRC, ESR1, PTGS2, MAPK3 and GSK3B ( Fig. 2B and C ; Table SII )."
PMC12778220,1,core,conclusion:,paragraph,3,4,AKT1|STAT3|ESR1|EGFR,,False,0.11764705882352941,14.352941176470589,high,"Kaixin San likely mitigates dementia through flavonoid/xanthone-mediated modulation of core targets (AKT1, STAT3, ESR1) and critical pathways (ErbB, PI3K-AKT), thereby alleviating behavioral deficits, conferring neuroprotection, and attenuating amyloid-β (Aβ) deposition."
PMC12778220,2,core,4. discussion,paragraph,102,5,EGFR|JUN|SRC|ERBB2|AKT1,,False,0.11627906976744186,14.325581395348838,medium,"GO/KEGG analysis prioritized the ErbB signaling pathway (core targets: JUN, SRC, ERBB2, AKT1, EGFR). Literature review additionally identified the PI3K-Akt pathway (core targets: ERBB2, AKT1, EGFR), with AKT1/EGFR common to both pathways, with Akt1 and EGFR present in both pathways."
PMC12778220,3,core,4. discussion,paragraph,102,3,ERBB2|AKT1|EGFR,,False,0.10714285714285714,13.142857142857142,medium,"Literature review additionally identified the PI3K-Akt pathway (core targets: ERBB2, AKT1, EGFR), with AKT1/EGFR common to both pathways, with Akt1 and EGFR present in both pathways."
PMC12778220,4,core,3.5. ppi network construction and core target analysis,paragraph,32,4,AKT1|STAT3|ESR1|SRC,,False,0.2857142857142857,13.0,medium,"As a result, this yielded 4 definitive core targets: AKT1, STAT3, ESR1, and SRC."
PMC12778220,5,intersection,4. discussion,paragraph,98,3,AKT1|ESR1|STAT3,4,True,0.03896103896103896,12.779220779220779,high,"Then, the intersection targets of KaiXin San and dementia were found to be significantly enriched in GO and KEGG pathways, with high relevance pathways being further identified. Finally, molecular docking verification showed that the active constituents in KaiXin San, including Kaempferol, 1,2,3,6,7-pentamethoxyxanthone, 1-hydroxy-3,7-dimethoxyxanthone, and 1-peroxyferolide, could effectively bind to dementia-related targets AKT1, ESR1, and STAT3, with the best binding effect observed between ESR1 and 1-peroxyferolide."
PMC12778220,6,core,3.7. kaixin san-target-pathway-disease network construction,paragraph,90,3,AKT1|EGFR|STAT3,,False,0.06976744186046512,9.395348837209303,medium,"The top 3 targets based on degree values were AKT1, EGFR, and STAT3, all of which were selected as core targets in section 2.5 through CytoNCA analysis. These signaling pathways and targets indicate central mechanisms underlying Kaixin San’s anti-dementia efficacy."
PMC12389595,1,core,5. conclusions,paragraph,64,3,RELA|TP53|TNF,15,False,0.07692307692307693,8.538461538461538,medium,"Network pharmacology suggested that the therapeutic effect of SG on COVID-19 may be related to 15 key ingredients such as quercetin and isoliquiritigenin, core targets such as RELA, TP53 and TNF, and signaling pathways such as NF-κB."
PMC8187140,1,key,abstract,paragraph,0,9,RELA|TNF|TP53|IL6|MAPK1|CXCL8|IL1B|MAPK14|IL17A,,False,0.16666666666666666,16.333333333333332,high,"The herbs-targets network mainly contained 52 compounds and 70 corresponding targets, including key targets such as RELA, TNF, TP53, IL6, MAPK1, CXCL8, IL-1 β , and MAPK14. The GO and KEGG indicated that HSXFF may be mainly acting on the IL-17 signaling pathway, TNF signaling pathway, NF- κ B signaling pathway, etc."
PMC8187140,2,core,discussion,paragraph,71,8,RELA|TNF|TP53|IL6|MAPK1|CXCL8|IL1B|MAPK14,,False,0.2,15.0,medium,"Network analysis showed that RELA, the core target gene, had the largest degree. The other top 7 genes, namely TNF, TP53, IL6, MAPK1, CXCL8, IL-1β, and MAPK14, had high degree values (degree > 14, 2 times higher than the median)."
PMC9477627,1,core,4. discussion,paragraph,87,7,TP53|HRAS|VEGFA|AKT1|STAT3|EGFR|SRC,,False,0.19444444444444445,14.88888888888889,medium,"Moreover, the PPI networks revealed that TP53, HRAS, VEGFA, AKT1, STAT3, EGFR, and SRC were the core target genes in the PPI network. The target genes were not mutually independent but were interacted with each other."
PMC12155304,1,key,2.4. visualization of the herb-compound-target-pathway network and enriched biological process (bp) terms network of key targets,paragraph,12,9,MAPK3|RELA|IL1B|FOS|IL6|TNF|AKT1|CASP3|JUN,,False,0.1875,11.75,medium,"Among the key target genes, MAPK3 and RELA were connected to all four psoriasis-related pathways, highlighting their critical role in the therapeutic mechanism of SHTLS. Additionally, IL1B, FOS, IL-6, TNF, AKT1, CASP3, and JUN were connected to three of the four pathways, further supporting their significance."
PMC12155304,2,key,abstract,paragraph,0,4,TNF|SETD2|IL17A|TP53,36,False,0.1,11.0,high,"A total of 36 key targets were significantly enriched in TNF-α, MAPK, HIF-1α, and IL-17 signaling pathways. SHTLS suppressed TNF-α-induced expression of VEGF and HIF-1α, while upregulating p53, thereby inhibiting keratinocyte hyperproliferation and angiogenesis."
PMC12155304,3,crucial,"2.2. analysis of protein–protein interaction (ppi) network, biological process (bp), and kyoto encyclopedia of genes and genomes (kegg) enrichment of key target genes of sinhyotaklisan (shtls)",paragraph,10,6,AKT1|TNF|IL6|TP53|ALB|IL1B,,False,0.10526315789473684,9.105263157894736,medium,"Among them, AKT1, TNF, IL6, TP53, ALB, and IL1B were identified as the most crucial target genes for the therapeutic effect of SHTLS on psoriasis. Biological process (BP) term enrichment analysis revealed that these key genes were highly associated with “Response to oxygen-containing compound”, “Regulation of cell death”, and “Regulation of apoptotic process” ( Figure 2 C)."
PMC12155304,4,key,3. discussion,paragraph,25,3,TNF|SETD2|IL17A,36,False,0.07142857142857142,6.428571428571429,medium,"The TNF-α, MAPK, HIF-1α, and IL-17 signaling pathways were highly involved in the PPI network of 36 key targets of SHTLS, which are commonly recognized as major pathological features in the development of psoriasis ( Figure 3 and Figure 4 )."
PMC13135239,1,key,"hypoglycemic ingredients, targets and ppi network",paragraph,41,5,PRKAB1|HDAC2|PTGS1|NR3C2|PPARG,,False,0.0847457627118644,9.694915254237287,medium,"Our findings suggested that the hypoglycemic effects of LJF might be achieved through coordinated regulation of multiple key targets, including 5′‐AMP‐activated protein kinase subunit beta‐1 (PRKAB1), histone deacetylase 2 (HDAC2), prostaglandin G/H synthase 1 (PTGS1), mineralocorticoid receptor (NR3C2) and peroxisome proliferator‐activated receptor gamma (PPARG), as well as possibly others (Figure 1 and Table 1 )."
PMC13135239,2,core,"hypoglycemic ingredients, targets and ppi network",paragraph,41,6,PSMD1|PRKAB1|HDAC2|PTGS1|NR3C2|PPARG,20,False,0.0759493670886076,6.518987341772153,medium,"A total of 73 active ingredients from LJF were found to be related to these 20 core targets (Table S1 ). Our findings suggested that the hypoglycemic effects of LJF might be achieved through coordinated regulation of multiple key targets, including 5′‐AMP‐activated protein kinase subunit beta‐1 (PRKAB1), histone deacetylase 2 (HDAC2), prostaglandin G/H synthase 1 (PTGS1), mineralocorticoid receptor (NR3C2) and peroxisome proliferator‐activated receptor gamma (PPARG), as well as possibly others (Figure 1 and Table 1 )."
PMC11931053,1,core,construction of the ppi network and core target screening,paragraph,46,10,AKT1|INS|IL6|IL1B|TNF|BCL2|TP53|PTGS2|PPARG|ESR1,,False,0.23809523809523808,13.0,medium,"By ranking nodes based on their degree values, the core targets (top ten by degree) of HDZJF in RIOM treatment were identified as AKT1, INS, IL-6, IL-1β, TNF, BCL2, TP53, PTGS2, PPARG, and ESR1, as shown in Figures 2B, C ."
PMC11931053,2,key,discussion,paragraph,105,3,EGFR|BAX|BCL2,,False,0.058823529411764705,10.176470588235293,low,"At the molecular level, we investigated the expression of key proteins involved in cell survival, apoptosis, and inflammatory signaling. We found that the expression of EGFR, p-PI3K, p-AKT, and BAX proteins was notably lower in the treatment group, while the anti-apoptotic protein BCL-2 showed significantly higher expression."
PMC11992827,1,key,expression result of key target,paragraph,97,3,AKT1|CAT|STAT1,,False,0.07142857142857142,13.428571428571429,medium,"AKT1, CAT and STAT1 had the highest count among key targets selected by the shortest path of CTPDN. To demonstrate the generality of this predictive analysis strategy and activation of approach, the expression of high appearance target from shortest path were verified."
PMC9983444,1,core,molecular docking verification,paragraph,53,4,TNF|IL6|IL1B|IL10,,False,0.08695652173913043,9.73913043478261,medium,"To verify the degree of binding between this component and our core target, we used (+)-aristolone as a ligand and TNF-α, IL-6, IL-1β, IL-10, and AGEs as receptors. Lower values of binding energy indicate more stable binding between the receptor and ligand."
PMC12063623,1,core,“component–target–pathway” network analysis,paragraph,52,15,ESR2|MAOA|ESR1|ADORA1|NOS2|PTGS2|GRM5|APP|ADORA2A|MAPK8|AKT1|CSNK2A1|ITGB1|CHRNA7|NOS3,15,True,0.3191489361702128,19.0,high,"Similarly, topological analysis was performed on key targets in “component–target–pathway” network, and 15 core targets whose betweenness, closeness, and degree are greater than the average were screened: ESR2, MAOA, ESR1, ADORA1, NOS2, PTGS2, GRM5, APP, ADORA2A, MAPK8, AKT1, CSNK2A1, ITGB1, CHRNA7, and NOS3 ( Table 2 )."
PMC12063623,2,core,conclusion,paragraph,95,7,MTR|NOS1|NOS2|MAOA|AOC1|ALDH7A1|NAGS,,False,0.175,16.5,high,"By using UPLC-QqQ-MS/MS, three differential metabolites (GABA, Pro, and NAG) within these overlapping pathways were detected, and six core target proteins (NOS1, NOS2, MAOA, AOC1, ALDH7A1, and NAGS) were successfully validated using Western blotting and ELISA techniques."
PMC12063623,3,key,results,paragraph,2,6,MAOA|AOC1|ALDH7A1|NAGS|NOS2|NOS3,,False,0.16666666666666666,16.333333333333332,high,"Validation results indicated that EAEAR treatment led to significant alterations ( P <0.05) in six key targets (MAOA, AOC1, ALDH7A1, NAGS, NOS2, and NOS3) and three differential metabolites (GABA, Pro, and NAG) in TTX-intoxicated rats."
PMC12063623,4,key,discussion,paragraph,94,6,ESR2|MAOA|ADORA1|GRM5|NOS2|ITGB1,,False,0.21428571428571427,14.0,medium,"35 The key targets of naringenin include ESR2, MAOA, ADORA1, GRM5, NOS2, and ITGB1, suggesting that naringenin may exert its protective effects against TTX toxicity through these mechanisms."
PMC12063623,5,key,validation of key targets by western blot and elisa,paragraph,78,7,MAOA|AOC1|ALDH7A1|NOS1|NOS2|NOS3|NAGS,,False,0.1891891891891892,11.783783783783784,medium,"The validation of key targets involved in the arginine and proline metabolism pathways, including MAOA, AOC1, ALDH7A1, NOS1, NOS2, and NOS3, as well as NAGS in the arginine biosynthesis pathway, was performed using Western blotting and ELISA."
PMC12063623,6,key,discussion,paragraph,91,5,NOS1|NOS2|MAOA|AOC1|ALDH7A1,,False,0.08196721311475409,11.639344262295081,medium,"The first is by modulating key proteins (NOS1, NOS2, MAOA, AOC1, and ALDH7A1) and the differential metabolites (GABA and Pro) in the arginine and proline metabolism pathway. This pathway, as an integrative metabolic route, involves the interconversion and regulation of arginine and proline and plays several crucial physiological roles in animals, including participation in protein and energy metabolism and immune regulation."
PMC12063623,7,key,discussion,paragraph,94,8,ESR2|MAOA|ESR1|ADORA1|APP|ADORA2A|AKT1|CSNK2A1,,False,0.12903225806451613,11.580645161290322,medium,"34 Its primary action targets include ESR2, MAOA, ESR1, ADORA1, APP, ADORA2A, AKT1, and CSNK2A1, suggesting that apigenin may alleviate TTX toxicity through these key targets. Another key component, naringenin, is one of the herb’s most important active ingredients, used primarily in organisms to reduce inflammatory responses by inhibiting the production and release of inflammatory mediators, such as prostaglandins and interleukins."
PMC12063623,8,key,discussion,paragraph,91,3,NOS1|NOS2|NAGS,,False,0.1,11.0,medium,"Second, EAEAR modulates key proteins (NOS1, NOS2, NAGS) and the differential metabolite (NAG) in the arginine biosynthetic pathway. TTX intoxication causes brain damage in rats, leading to altered arginine metabolism."
PMC12063623,9,key,identification of pathways and key targets,paragraph,75,3,MAOA|NOS2|NOS3,,False,0.08823529411764706,8.764705882352942,medium,"The four differential metabolites (L-glutamate, GABA, Pro, and pyruvic acid) screened by metabolomics and the three key targets of network pharmacology (MAOA, NOS2, and NOS3) cointersected in the arginine and proline metabolic pathways."
PMC12643769,1,candidate,3.2. discovery of potential biomarkers associated with bph,paragraph,21,16,NR3C2|ERBB2|MAP3K8|ABCB1|IL1B|MTOR|DPP4|IFNG|CYP1B1|NQO1|PAM|SGK1|EGF|HSD17B3|LDHA|ENPP1,15,True,0.22857142857142856,15.0,high,"A total of 15 genes were identified through MR analysis, which was conducted on candidate gene of BPH. Among them, ERBB2, MAP3K8, ABCB1, IL1B, MTOR, DPP4, IFNG, CYP1B1, NQO1, PAM were risk factors (odds ratio > 1), while serum/glucocorticoid-regulated kinase 1 (SGK1), epidermal growth factor (EGF), HSD17B3, LDHA, ENPP1 were protective factors (odds ratio < 1) for BPH (Supplementary Material 1, Supplemental Digital Content, https://links.lww.com/MD/Q552 )."
PMC12643769,2,candidate,figure,caption,26,4,EGF|ENPP1|NR3C2|SGK1,,False,0.09523809523809523,8.904761904761905,low,"Funnel plot of the causal effect of the candidate gene related SNPs on BPH. BPH = benign prostatic hyperplasia, EGF = epidermal growth factor, ENPP1 = ectonucleotide pyrophosphatase/phosphodiesterase family member 1, MR = Mendelian randomization, SNP = single nucleotide polymorphism, SGK1 = serum/glucocorticoid-regulated kinase 1."
PMC12643769,3,candidate,figure,caption,22,3,ENPP1|NR3C2|SGK1,,False,0.08108108108108109,8.621621621621621,low,"Scatter plot of the potential effects of candidate gene associated SNPs on BPH. BPH = Benign prostatic hyperplasia, ENPP1 = ectonucleotide pyrophosphatase/phosphodiesterase family member 1, MR = Mendelian randomization, SNP = single nucleotide polymorphism, SGK1 = serum/glucocorticoid-regulated kinase 1."
PMC12643769,4,candidate,3.1. acquisition of 41 candidate genes,paragraph,18,5,PAM|JUN|NQO1|ABCB1|MYC,,False,0.15625,8.125,low,"The active ingredient-candidate gene network showed that PAM corresponded to 9 compounds, JUN, NQO1, PTQB2, ABCB1, and MYC corresponded to 2 compounds, the remaining genes corresponded to only 1 compound (Fig."
PMC9704970,1,core,abstract,paragraph,0,8,JUN|MYC|TP53|HIF1A|ESR1|RELA|MAPK1|CFH,,False,0.25806451612903225,19.0,high,"The core targets are JUN, MYC, TP53, HIF1A, ESR1, RELA, MAPK1, etc. Molecular docking validation showed better binding activity of the major targets of HF to the core components of Epimedium."
PMC6390240,1,potential,"3.3. baicalein adme properties, target prediction, and ppi network construction",paragraph,22,3,TP53|CDK1|DEGS1,38,False,0.13043478260869565,1.608695652173913,low,We further predicted 38 potential targets of baicalein including TP53 and CDK1 ( Table 3 ). PPI networks were constructed of baicalein targets and DEGs.
PMC12419440,1,key,4. discussion,paragraph,41,6,TP53|STAT3|AKT1|IL6|HSP90AA1|JUN,6,True,0.13043478260869565,17.608695652173914,high,"We employed molecular docking technology to predict interactions between 6 key target proteins (TP53, STAT3, AKT1, IL-6, HSP90AA1, and JUN) and active compounds. The molecular docking results demonstrated strong binding affinities ranging from −5.0 to −7.5 kcal/mol between these proteins and ligands."
PMC11770944,1,key,ppi view of the wogonoside-as core target with kegg focus pathway,paragraph,29,12,RELA|STAT3|TLR4|TLR9|TNF|ESR1|ESR2|MAPK1|MAPK3|PDE4D|PTGS2|RAC1,12,True,0.3333333333333333,16.0,high,"Through KEGG enrichment pathway analysis, it was revealed that 12 key targets, such as RELA, STAT3, TLR4, TLR9, TNF, ESR1, ESR2, MAPK1, MAPK3, PDE4D, PTGS2, and RAC1, were significantly enriched in the initial 15 signaling pathways."
PMC11770944,2,core,results,paragraph,3,6,TG|COG2|TNF|IL1B|IL6|APOE,,False,0.0759493670886076,15.518987341772153,medium,"Molecular docking and molecular dynamics simulations showed that wogonoside has good binding properties to the core targets. In vivo experimental results showed that wogonoside significantly inhibited aortic inflammatory response and lipid deposition, significantly reduced the release levels of total cholesterol (TC), triglycerides (TG), low-density-lipoprotein cholesterol (LDL-C), oxidized low density (ox-LDL) and free fatty acid (FFA), and significantly inhibited the release of inflammatory factors TNF-α, IL-1β, IL-6 and oxidative stress in ApoE-/- mice."
PMC11770944,3,core,core target screening,paragraph,23,10,TNF|STAT3|MAPK3|ESR1|PTGS2|TLR4|RELA|MAPK1|ESR2|HNF4A,,False,0.3448275862068966,13.0,medium,"1 C, the ten core targets (degree greater than 13) are listed in descending order of degree as TNF, STAT3, MAPK3, ESR1, PTGS2, TLR4, RELA, MAPK1, ESR2 and HNF4A."
PMC11770944,4,central,figure,caption,33,3,RELA|TLR4|TNF,,False,0.11538461538461539,12.307692307692308,medium,"Molecular docking of wogonoside active ingredient and central target 2D diagram and 3D diagram: ( A ) RELA–wogonside complex, ( B ) TLR4–wogonside complex. ( C ) TNF–wogonside complex"
PMC13118322,1,hub,abstract,paragraph,0,10,STAT1|STAT3|SRC|HCK|EGFR|SYK|PIK3CA|PIK3CB|PIK3R1|PTPN11,10,True,0.3125,25.0,high,"Topological analysis identified 10 hub targets (STAT1, STAT3, SRC, HCK, EGFR, SYK, PIK3CA, PIK3CB, PIK3R1, and PTPN11). Gene Ontology and KEGG pathway enrichment were performed with an FDR cut-off < 0.05."
PMC13118322,2,hub,2.5. molecular docking analysis,paragraph,32,9,PIK3CA|PIK3CB|PIK3R1|SRC|HCK|SYK|EGFR|STAT3|PTPN11,,False,0.23684210526315788,14.0,medium,"Importantly, all major hub targets identified in this work, PIK3CA, PIK3CB, PIK3R1, SRC, HCK, SYK, EGFR, STAT3, and PTPN11, are host signaling proteins that HBV actively hijacks to promote viral replication, immune suppression, hepatocyte survival, and oncogenic progression."
PMC13118322,3,hub,2.4. functional enrichment,paragraph,20,3,PIK3CA|PIK3CB|PIK3R1,,False,0.061224489795918366,10.224489795918368,medium,"A significant amount of the shared HBV-PN target network is physically located within class I PI3K assemblies at the cell membrane, as demonstrated by the overwhelming enrichment in PI3K complexes, which is consistent with the identification of PIK3CA, PIK3CB, and PIK3R1 as central hub proteins in our study."
PMC13118322,4,hub,2.4. functional enrichment,paragraph,15,4,EGFR|SRC|SYK|SOAT1,,False,0.09523809523809523,9.904761904761905,medium,"Several hub genes, such as EGFR, SRC, SYK, STATs, and PI3Ks, are known host dependency factors that various viruses utilize to facilitate entry, immune evasion, and persistence. The PI3K/AKT, JAK–STAT, and chemokine pathways are where HBV, HCV, and herpesviruses converge."
PMC10788922,1,core,results,paragraph,2,5,IL6|TNF|MAPK1|IL1B|IL17A,,False,0.09259259259259259,14.851851851851851,medium,"PPI network and core target analysis indicated that IL-6, TNF, MAPK1, and IL1B were the key targets against COVID-19. In addition, GO and KEGG enrichment analysis showed that the bitter almond-licorice were involved in various biological processes through inflammation-related pathways such as TNF signaling pathway and IL-17 signaling pathway."
PMC10788922,2,core,molecular docking,paragraph,22,5,IL6|ID1|TNF|MAPK1|IL1B,,False,0.11904761904761904,12.380952380952381,medium,"To further verify the therapeutic potential of these 3 active ingredients, we selected 4 targets: IL-6 (PDB ID: 1IL6), TNF (PDB ID: 1A8M), MAPK1 (PDB ID: 1PME), and IL1B (PDB ID: 1I1B), from ten core targets to simulate molecular dockings (Figs."
PMC10788922,3,core,ingredient-covid-19 ppi network,paragraph,19,12,DCX|LCT|IL6|MAPK1|TNF|IL1B|HIF1A|TP53|RELA|MAPK3|STAT3|JUN,10,False,0.10810810810810811,10.162162162162161,medium,"To focus the key targets of the 26 genes to further screen the core targets, we ranked the subnetwork and re-filtered these 26 genes to obtain 10 key targets whose scores were higher than a median BC of 8.8276, a median CC of 0.5814, a median DC value of 8, a median EC value of 0.1636, a median LAC of 4.7186, and a median NC of 5.9946, including IL-6, MAPK1, TNF, IL1B, HIF1A, TP53, RELA, MAPK3, STAT3, and JUN, which may play more critical roles in the target network, and finally, a final PPI network was constructed with 10 nodes and 34 edges (Fig."
PMC10788922,4,core,discussion,paragraph,23,4,IL6|MAPK1|TNF|IL1B,,False,0.04878048780487805,9.975609756097562,low,"To provide the scientific basis for the treatment of COVID-19 with Chinese medicine, this study illustrated the mechanisms of how the bitter almond-licorice treat COVID-19 by the network pharmacology, and revealed that the 89 active ingredients of the bitter almond-licorice acted on COVID-19 through 102 targets which contained core targets, such as IL6, MAPK1, TNF, and IL1B, and that these active components are involved in numerous biological pathways and molecular interactions in the body, and act synergistically."
PMC8766719,1,core,conclusions,paragraph,3,7,JUN|TP53|AKT1|ESR1|AR|CASP3|SETD2,,False,0.1794871794871795,15.589743589743591,high,"PR may regulate OP by regulating core target genes, such as JUN, TP53, AKT1, ESR1, AR and CASP3, and acting on multiple key pathways, such as the HIF-1 signaling pathway, PI3K-Akt signaling pathway, and estrogen signaling pathway."
PMC8766719,2,key,results,paragraph,2,8,JUN|TP53|AKT1|ESR1|MAPK14|AR|CASP3|SETD2,,False,0.11940298507462686,14.388059701492537,high,"Key targets such as JUN, TP53, AKT1, ESR1, MAPK14, AR and CASP3 were identified through PPI network analysis. The results of enrichment analysis showed that the potential core drug components regulate the HIF-1 signaling pathway, PI3K-Akt signaling pathway, estrogen signaling pathway and other pathways by intervening in biological processes such as cell proliferation and apoptosis and estrogen response regulation, with an anti-OP pharmacological role."
PMC8766719,3,key,discussion,paragraph,45,9,JUN|TP53|AKT1|ESR1|MAPK14|AR|CASP3|SETD2|TNF,,False,0.10588235294117647,11.117647058823529,medium,"The study shows that PR may act on key targets such as JUN, TP53, AKT1, ESR1, MAPK14, AR and CASP3 through a variety of chemical components, such as baicalein, beta-sitosterol, diosgenin and 3’-methoxydaidzein, and regulate biological processes, such as estrogen regulatory response, cell antioxidant and antiaging signaling, cell proliferation and apoptosis, to further exert its multicomponent, multitarget and multinetwork anti-OP effect by regulating the p53 signaling pathway, HIF-1 signaling pathway, TNF signaling pathway, PI3K Akt signaling pathway and estrogen signaling pathway."
PMC12143326,1,core,flzp exerts anti-inflammatory activity to alleviate pathological changes in skyd-uc model rats,paragraph,79,3,IL6|TNF|MPO,,False,0.1111111111111111,10.222222222222221,medium,"These core targets included IL-6, TNF, and MPO, all of which are closely related to the inflammatory response. Inflammation is integral to UC incidence and progression."
PMC9747319,1,hub,2.5. comprehensive analysis of metabolomics and network pharmacology,paragraph,151,5,ARG1|P4HA1|NOS3|NOS1|ALDH2,,False,0.12195121951219512,12.439024390243903,medium,"MetScape analysis revealed that five hub genes in network pharmacology (ARG1, P4HA1, NOS3, NOS1, and ALDH2) were associated with metabolites in metabolomics. The related key metabolites are L-Histidine, L-Arginine, L-Proline, 4-Aminobutyric acid, 1-Methylhistidine, and argininosuccinic acid."
PMC12939618,1,central,abstract,paragraph,0,4,ESR1|RXRA|NCOA2|CYP19A1,,False,0.13333333333333333,14.666666666666666,medium,"Network topology analysis identified ESR1, RXRA/B/G, NCOA2, and CYP19A1 as central nodes, reflecting convergence on signaling axes involved in apoptosis, cell proliferation, immune modulation, and transcriptional regulation pathways."
PMC12939618,2,central,5. conclusions,paragraph,204,5,ESR1|NCOA2|CYP19A1|EGFR|MAPK1,,False,0.16666666666666666,13.333333333333332,medium,"The identification of central nodes such as ESR1, RXR isoforms, NCOA2, CYP19A1, EGFR, and MAPK1 highlights the importance of hormone-dependent and signal transduction pathways as key axes of action."
PMC12939618,3,central,4. discussion,paragraph,193,5,SRC|ESR1|RXRA|NCOA2|CYP19A1,,False,0.11904761904761904,11.380952380952381,medium,"Topological analysis of the PPI network highlighted SRC, ESR1, RXRA/B/G, NCOA2, and CYP19A1 as central nodes with high degree values. These are core regulators of apoptosis, genomic stability, proliferation, and survival, and their dysregulation is a hallmark of many cancers."
PMC11106056,1,hub,abstract,paragraph,0,6,TLR4|MMP9|MAPK14|AKT1|VEGFA|HSP90AA1,,False,0.15,19.0,high,"Top hub genes identified were TLR4, MMP9, MAPK14, AKT1, VEGFA and HSP90AA1 with their respective associates. Higher binding affinities was found with three compounds Dihydrokaempferol, Flavan-3-ol and Germichrysone, −7.1, −9.0 and −8.0 kcal/mol, respectively."
PMC11106056,2,hub,construction of protein–protein-interaction (ppi) and hub genes,paragraph,56,9,AKT1|CASP3|HSP90AA1|MAPK14|MMP9|PPARG|PTGS2|TLR4|VEGFA,,False,0.2,14.0,medium,"Among these 12 methods, the degree method was chosen to identify the top ranked hub genes. The following genes, namely AKT1, CASP3, HSP90AA1, MAPK14, MMP9, PPARG, PTGS2, TLR4, and VEGFA, emerged as the top-ranked genes due to their significantly high degree values (Table 5 )."
PMC12638804,1,key,abstract,paragraph,0,7,AKT1|TNF|IL6|ACTB|TP53|SETD2|IL17A,,False,0.16279069767441862,17.25581395348837,high,"Its five key targets were found to be AKT1, TNF, IL6, ACTB, and TP53. GO and KEGG enrichment analyses revealed that these proteins are involved mainly in the HIF-1 signalling pathway, the IL-17 signalling pathway and the PI3K‒Akt signalling pathway."
PMC12638804,2,core,discussion,paragraph,64,6,AKT1|TNF|IL6|ACTB|TP53|COPD,,False,0.13043478260869565,13.608695652173914,medium,"The PPI network identified five putative core targets, AKT1, TNF, IL6, ACTB, and TP53, which are suggested as candidate targets for the treatment of COPD. In the lungs, ACTB (β-actin) is expressed in airway epithelial cells, where it maintains the structural integrity of the airways."
PMC12638804,3,core,molecular docking validation,paragraph,52,5,ACTB|AKT1|IL6|TNF|TP53,,False,0.18518518518518517,12.703703703703702,medium,"The top selected core proteins, ACTB, AKT1, IL6, TNF, and TP53, were molecularly docked with luteolin, psoralenol, liquiritigenin, and isoliquiritigenin, respectively, from the active ingredients of GBKC."
PMC13194826,1,key,abstract,paragraph,0,7,ALB|SRC|HSP90AA1|HRAS|CASP3|MAPK1|ESR1,,False,0.17073170731707318,17.414634146341463,high,"We identified 328 potential targets of brusatol for treating LUAD, and the PPI network analysis identified ALB, SRC, HSP90AA1, HRAS, CASP3, MAPK1, and ESR1 as key genes. Through molecular docking, MAPK1 was identified as the core target of brusatol in LUAD."
PMC13194826,2,key,network pharmacological analysis of brusatol for the treatment of luad,paragraph,28,6,ID1|MAPK1|CASP3|SRC|ESR1|HRAS,,False,0.17647058823529413,11.529411764705882,medium,Table 2 Molecular docking of brusatol and key genes. Target PDB ID Docking score MAPK1 4g6o − 5.418 CASP3 1nme − 4.107 SRC 1fbz − 3.715 ESR1 7ujy − 2.47 HRAS 2quz − 2.384
PMC13194826,3,key,network pharmacological analysis of brusatol for the treatment of luad,paragraph,27,5,MAPK1|CASP3|SRC|ESR1|HRAS,,False,0.16129032258064516,11.225806451612904,medium,"Molecular docking analysis was performed to validate the binding modes of these seven key genes with brusatol. We found that MAPK1, CASP3, SRC, ESR1, and HRAS directly bound to brusatol (Fig."
PMC9393234,1,top,abstract,paragraph,2,10,STAT3|AKT1|TNF|PTGS2|MMP9|EGFR|PPARG|NFE2L2|EP300|GSK3B,,False,0.2,17.0,high,"STAT3, AKT1, TNF, PTGS2, MMP9, EGFR, PPARG, NFE2L2, EP300, and GSK3B were identified as the top 10 targets of CUR against TNBC. In vitro experiment verified that CUR and CUR-NPs could not only restrain the invasion, migration, and proliferation of MDA-MB-231 cells but also induce their apoptosis."
PMC9393234,2,top,ppi of the potential targets of cur against tnbc,paragraph,39,11,MCC|STAT3|AKT1|TNF|PTGS2|MMP9|EGFR|PPARG|NFE2L2|EP300|GSK3B,,False,0.2894736842105263,11.0,medium,"According to the MCC scores, the top 10 targets are STAT3, AKT1, TNF, PTGS2, MMP9, EGFR, PPARG, NFE2L2, EP300, and GSK3B, which may play important roles in the constructed PPI network of potential targets of CUR against TNBC."
PMC9393234,3,top,molecular docking and analysis,paragraph,44,11,STAT3|AKT1|TNF|PTGS2|MMP9|EGFR|PPARG|NFE2L2|EP300|GSK3B|IGKV1-5,,False,0.2558139534883721,11.0,medium,"The top 10 protein targets (STAT3, AKT1 , TNF, PTGS2, MMP9, EGFR, PPARG, NFE2L2, EP300, and GSK3B) from the results of PPI network analysis were chosen for further validation via a method of molecular docking by the Autodock Vina software (v1.1.2.0)."
PMC7936909,1,key,3.3. network analysis and key nodes screening,paragraph,55,3,PTGS2|PTGS1|AR,3,True,0.0967741935483871,13.935483870967742,high,"The first 3 key targets are PTGS2, PTGS1, and AR, and the first 3 key components are quercetin, kaempferol, and emodin, which may all have a great effect on AICH treatment."
PMC7936909,2,core,4.1. ingredients and targets of lxtyf for aich,paragraph,130,3,FOS|PTEN|CASP3,,False,0.13636363636363635,10.727272727272727,medium,"And PPI network of them showed that FOS, PTEN, and CASP3 were core genes playing important roles among the differently expressed genes."
PMC7936909,3,key,3.4. ppi network construction,paragraph,64,7,STAT3|TP53|AKT1|SRC|JUN|TNF|MAPK1,,False,0.1206896551724138,10.413793103448276,medium,"The importance of key proteins was then evaluated in light of the degree of the nodes exported from the STRING database. It is clear that the STAT3 (degree = 45) is much larger than other nodes in the network (Avg.numbers of neighbors = 6.182), followed by TP53, AKT1, SRC, JUN, TNF, and MAPK1 (degree values larger than 30)."
PMC7936909,4,important,4.1. ingredients and targets of lxtyf for aich,paragraph,130,5,PTGS2|TNF|JUN|IL1B|NOS2,,False,0.08771929824561403,7.754385964912281,low,"Via evaluating topological paramters, among all the putative targets of LXTYF associated with AICH, PTGS2, Bax, TNF, JUN, IL1B, and NOS2 are examples of relatively important targets which are involved in MAPK, PI3K-Akt, TNF, and apoptosis signaling pathways, while RNA-seq analysis showed that the LXTYF administration significantly regulated 583 gene transcriptions in AICH rat models."
PMC9772884,1,key,screening results of core targets,paragraph,57,5,AKT1|TNF|STAT3|JUN|EGFR,,False,0.0847457627118644,14.694915254237287,medium,"The key targets screened in Figure 6A were ranked according to the degree values and histograms were plotted, as shown in Figure 6B . Based on these results, AKT1, TNF, STAT3, JUN, and EGFR were closely related to other targets in the PPI network, and presumably, they were identified as the most likely to be important potential targets against AD."
PMC9772884,2,core,bioinformatics analysis of alkaloid targets associated with amyloid beta and tau pathology,paragraph,74,14,JUN|VEGFA|IL1B|CD4|STAT3|MAPK3|MMP2|ICAM1|CDC42|MAPK8|MDM2|LCK|MCL1|HDAC1,,False,0.4,13.0,medium,"JUN, VEGFA, IL1B, CD4, STAT3, MAPK3, MMP2, ICAM1, CDC42, MAPK8, MDM2, LCK, MCL1, and HDAC1 were identified as the core targets sorted by degree ( Figure 11B ), which also confirmed the multitargeting of FRP against AD."
PMC9772884,3,core,molecular docking,paragraph,77,9,AKT1|TNF|SRC|EGFR|JUN|VEGFA|MAPK3|MAPK1|CREB1,,False,0.2647058823529412,13.0,medium,"Ten targets (AKT1, TNF, SRC, EGFR, JUN, VEGFA, CND1, MAPK3, MAPK1, and CREB1) were chosen according to the results of the PPI network as the core targets of FRP for the treatment of AD."
PMC9772884,4,core,discussion,paragraph,86,4,AKT1|EGFR|VEGFA|CREB1,,False,0.11764705882352941,12.352941176470589,medium,"Among these predicted targets, 4 targets were classified as core targets including AKT1 (degree = 16), EGFR (degree = 8), VEGFA (degree = 7), and CREB1 (degree = 4). According to their degree values in the PPI network."
PMC9526650,1,hub,figure,caption,47,12,AKT1|BCL2L1|HIF1A|RELA|CASP3|PPARG|CAT|JUN|ESR1|AR|EGFR|HYCC1,11,True,0.4,22.0,high,"Effect of expression of the 11 hub genes (AKT1, BCL2L1, HIF1A, RELA, Casp3, PPARG, CAT, JUN, ESR1, AR, and EGFR) closely associated with acRoots by TCGA HCC data in UALCAN."
PMC9526650,2,hub,figure,caption,50,10,AKT1|BCL2L1|HIF1A|RELA|CASP3|PPARG|AR|JUN|ESR1|CAT,10,True,0.3225806451612903,22.0,high,"The results of overall survival analysis of the 10 hub genes (AKT1, BCL2L1, HIF1A, RELA, Casp3, PPARG, AR, JUN, ESR1, and CAT) closely associated with acRoots using Kaplan–Meier plotter database."
PMC9526650,3,key,4. discussion,paragraph,72,10,AKT1|CASP3|EGFR|JUN|ESR1|PPARG|AR|HIF1A|RELA|BCL2L1,11,True,0.25,19.0,high,"In spite of the active ingredients in acRoots for potential anticancer activity, this study further identified 11 key target genes, namely, AKT1, Casp3, EGFR, JUN, ESR1, Cat, PPARG, AR, HIF1A, RELA, and BCL2L1, by combining network pharmacology with WGCNA analysis."
PMC9526650,4,key,3.5. identification of hub genes associated with bioactive ingredients of a . chinensis planch root extract,paragraph,38,11,AKT1|CASP3|EGFR|JUN|ESR1|CAT|PPARG|AR|HIF1A|RELA|BCL2L1,11,True,0.171875,16.4375,high,"Notably, analysis of the topological characteristics of the obtained PPI was based on the major parameter of “degree ≥ 20.” The 11 key target genes we mapped in this network include AKT1 (degree = 40), Casp3 (degree = 33), EGFR (degree = 32), JUN (degree = 32), ESR1 (degree = 30), CAT (degree = 28), PPARG (degree = 23), AR (degree = 23), HIF1A (degree = 21), RELA (degree = 20), and BCL2L1 (degree = 20)."
PMC9526650,5,hub,results,paragraph,2,3,ESR1|CAT|HYCC1,,False,0.06521739130434782,15.304347826086957,medium,"Also, the two hub genes (i.e., ESR1 and CAT) were closely associated with the prognosis of HCC patients. As a consequence, we predicated a series of signaling pathways, including estrogen signaling pathway and longevity regulation pathway, through which acRoots could facilitate the treatment for HCC."
PMC9526650,6,candidate,3.2. prediction and analysis of bioactive ingredient targets,paragraph,29,4,PGR|NCOA2|PTGS1|NR3C2,,False,0.11428571428571428,6.285714285714286,low,"According to the obtained results, 38 genes including PGR, NCOA2, and PTGS1, were selected as the candidate targets of beta-sitosterol (MOL000358). The sitosterol (MOL000359) incorporations into PGR, NCOA2, and NR3C2 were higher in human."
PMC9526650,7,candidate,3.2. prediction and analysis of bioactive ingredient targets,paragraph,29,4,PTGS1|PTGS2|HSP90AA1|ESR1,,False,0.1111111111111111,6.222222222222222,low,"In addition, 24 genes, including PTGS1, PTGS2, and HSP90AA1, were selected as the candidate targets of aloe-emodin (MOL000471), whereas 11 genes, including PTGS1, ESR1, and PTGS2, were selected as the candidate targets of (+)-catechin MOL000492)."
PMC9526650,8,hub,3.7. validation and prognosis value of key genes,paragraph,49,3,MID1|ESR1|CAT,11,False,0.04838709677419355,5.967741935483872,low,The correlation between expressions of the 11 hub genes and the overall survival (OS) of patients was investigated by analyzing Kaplan–Meier plotter database. The results demonstrated that the overall survival rate of patients exhibiting significantly high ESR1 and CAT expression was greatly increased compared to the survival rate of patients demonstrating low ESR1 and CAT expression ( P < 0.01) ( Figure 8 ).
PMC9526650,9,candidate,3.2. prediction and analysis of bioactive ingredient targets,paragraph,29,3,PTGS1|AR|PPARG,,False,0.058823529411764705,5.176470588235294,low,"Furthermore, 148 genes including PTGS1, AR, and PPARG were selected as the candidate targets of quercetin (MOL000098). After pooling the targets and removing duplicates, a total of 175 bioactive ingredient targets of acRoots were obtained and the bioactive ingredient target network was constructed, with 181 nodes and 237 edges ( Figure 1 )."
PMC10314554,1,core,discussion,paragraph,50,3,AKT1|IL6|IL1B,,False,0.07692307692307693,12.538461538461538,medium,"The results of the PPI network analysis suggested that AKT1, IL6, and IL1B could be potential core targets for treating DVT with HQGZWWD; IL-1B and IL-6 are proinflammatory cytokines with a wide range of biological activities [ 43 ]."
PMC10314554,2,core,discussion,paragraph,55,3,AKT1|TP53|TNF,,False,0.09090909090909091,11.818181818181818,medium,"Molecular docking experiments revealed that quercetin, beta sitosterol, and kaempferol, the main compounds obtained from HQGZWWD, have binding energies with core target proteins AKT1, TP53, and TNF of < -5 kcal/mol (Table 1 )."
PMC8898804,1,key,results,paragraph,2,17,AKT1|TNF|IL6|TP53|VEGFA|JUN|CASP3|IL1B|STAT3|PTGS2|HIF1A|EGF|MYC|EGFR|MMP9|PPARG|SETD2,,False,0.2537313432835821,16.0,high,"Key targets included AKT1, TNF, IL6, TP53, VEGFA, JUN, CASP3, IL1B, STAT3, PTGS2, HIF1A, EGF, MYC, EGFR, MMP9, and PPARG. Enrichment analysis showed that 735 GO analysis and 85 KEGG pathways were mainly involved in biological processes such as response to the drug, inflammatory response, gene expression, and cell proliferation and apoptosis, as well as signal pathways such as cancer, TNF, HIF-1, and T cell receptor."
PMC8898804,2,top,3.7. molecular docking of main active components with core targets,paragraph,20,5,AKT1|TNF|IL6|TP53|VEGFA,5,True,0.16129032258064516,15.225806451612904,high,"The top 5 targets with degree value in the core target PPI network were AKT1, TNF, IL6, TP53, and VEGFA. The above components and targets were docked by the AutoDockVina software."
PMC8898804,3,core,4. discussion,paragraph,23,16,AKT1|TNF|IL6|TP53|VEGFA|JUN|CASP3|IL1A|STAT3|PTGS2|HIF1A|EGF|MYC|EGFR|MMP9|PPARG,,False,0.2909090909090909,14.0,medium,"The potential target PPI network of HLXLD in the treatment of psoriasis ( Figure 3 ) had selected the core targets by topological analysis ( Figure 4 ), indicating that HLXLD may treat psoriasis by acting on core targets such as AKT1, TNF, IL6, TP53, VEGFA, JUN, CASP3, IL1 β , STAT3, PTGS2, HIF1A, EGF, MYC, EGFR, MMP9, and PPARG."
PMC10578686,1,key,4.1. target,paragraph,54,5,ESR1|TP53|IL6|AKT1|EGFR,5,True,0.08064516129032258,14.612903225806452,high,"This study is based on target-compound network screening, which has identified 5 key targets (ESR1, TP53, IL6, AKT1, and EGFR). ESR1 has been confirmed to be expressed and widely present in human skeletal muscle, [ 28 ] and its expression in skeletal muscle can be modulated by endurance training, indicating that ESR1 expression may change in response to functional demands of the muscle."
PMC9849370,1,hub,3.4 analyses of ppi network and tp network,paragraph,35,16,IL6|RELA|TNF|MAPK1|IL1B|TGFB1|TGFB2|CASP3|CXCL8|BCL2|STAT3|VEGFA|TP53|IL10|IL1A|EGFR,16,True,0.3404255319148936,19.0,high,"The result showed that in the top 30 pathways, there were 16 hub proteins including IL6, RELA, TNF, MAPK1, IL1B, TGFB1, TGFB2, CASP3, CXCL8, BCL2, STAT3, VEGFA, TP53, IL10, IL1A, and EGFR in the TP network for their high frequency (>10 times) ( Supplementary Material Additional file 7 )."
PMC9849370,2,core,results,paragraph,2,6,IL6|TNF|IL1B|VEGFA|STAT3|EGFR,,False,0.2,18.0,high,"The results showed that the core targets of RSV were IL6, TNF, IL1B, VEGFA, STAT3, and EGFR. There existed good binding between RSV and IL6, TNF, IL1B, VEGFA, and EGFR."
PMC9849370,3,hub,3.4 analyses of ppi network and tp network,paragraph,32,9,IL6|TNF|EGFR|PPARA|IL1B|PTGS2|VEGFA|CCL2|STAT3,,False,0.19148936170212766,13.829787234042552,medium,"After topological parameters of the proteins of the PPI network were evaluated and the intersection of the top 15 targets of each parameter was obtained, IL6, TNF, EGFR, PPAR, IL1B, PTGS2, VEGFA, CCL2, and STAT3 were identified as the nine hub targets of PPI network ( Figure 3B )."
PMC9849370,4,core,4 discussion,paragraph,54,4,VEGFA|IL6|TNF|IL1B,,False,0.10256410256410256,12.051282051282051,medium,"Several studies have verified the efficacy of RSV in the treatment of PE through core targets that we found. RSV could improve the expression of VEGFA in PE ( 36 ) and reduce the secretion of IL6, TNF, and IL1B ( 37 )."
PMC11229930,1,hub,unknown,paragraph,6,7,ABCC1|MMP2|MMP9|GSK3B|MMP3|PIK3CG|APCDD1,8,True,0.1320754716981132,18.641509433962263,high,"Core Tip: This study identified 8 hub genes [ CKD2 , ABCC1 , MMP2 , MMP9 , glycogen synthase kinase 3 beta ( GSK3B ), PRARG , MMP3 , and phosphatidylinositol-4,5-bisphosphate 3-kinase catalytic subunit gamma ( PIK3CG )] and five key compounds (MOL004941, MOL004935, MOL004866, MOL004993, and MOL004989) in the WuFuYin (WFY) as an effective treatment for hypertrophic scar (HTS)."
PMC11229930,2,hub,discussion,paragraph,45,4,APCDD1|CDK2|GSK3B|PIK3CG,,False,0.1,13.0,medium,"Therefore, network pharmacological analysis confirmed that they were the hub genes in WFY therapy against HTS. Moreover, enrichment analysis demonstrated that PI3K-Akt was the most important pathway in WFY treatment and was closely related to CDK2 , GSK3B, and PIK3CG ."
PMC11229930,3,hub,molecular docking,paragraph,31,3,CDK2|GSK3B|PIK3CG,,False,0.11538461538461539,11.307692307692308,medium,"As a result, three hub genes, cyclin dependent kinase 2 ( CDK2 ), GSK3B , and PIK3CG , were determined, and five compounds targeting the hub genes were also identified."
PMC9307349,1,core,results,paragraph,2,4,FOS|CCL2|GJA1|CD4,,False,0.08163265306122448,14.63265306122449,medium,"We showed that FOS, CCL2, and GJA1 were the core targets and that the gap junction is an essential signaling pathway in YZP for AD. Furthermore, the AD group had a higher infiltration level of naïve B cells and resting CD4 memory T cells, as determined by the CIBERSORT."
PMC9307349,2,core,4. discussion,paragraph,45,3,FOS|CCL2|GJA1,,False,0.16666666666666666,12.333333333333332,medium,"Our study found that core genes such as FOS, CCL2, and GJA1 represent promising pharmaceutical targets in AD."
PMC5940835,1,important,holistic mechanisms of anti-crc medicinal herbs,paragraph,53,9,RXRA|TOP2A|TNF|PPARA|AKT1|SRC|ERBB2|KDR|VEGFA,,False,0.2647058823529412,10.0,low,"Retinoid X receptor A (RXRA), topoisomerase 2 (TOP2), tumor necrosis factor (TNF), PPARγ, AKT1, SRC, ERBB2, VEGFR, and VEGFA were the most important targets because they were inhibited by multiple components of 18 herbs."
PMC8536441,1,key,abstract,paragraph,0,3,IL6|INS|TNF,41,False,0.04918032786885246,9.98360655737705,low,"11 active components, 41 key targets and 16 significant signaling pathways were identified from Prunella vulgaris L. The main active components of Prunella vulgaris L against DH were quercetin and kaumferol, etc, and potential action targets were IL-6 and INS, etc and signaling pathways were AGE-RAGE signaling pathway, TNF signaling pathway, MAPK signaling pathway, PI3K-AKT signaling pathway, etc."
PMC8536441,2,key,5. conclusion,paragraph,42,3,IL6|NOS3|SETD2,41,False,0.06382978723404255,7.276595744680851,medium,"The eleven active components of Prunella vulgaris L for diabetes combined with hypertension include steroids, flavonoids, etc., 41 key targets IL-6, NOS3, etc., and 21 significant signaling pathways, such as AGE-RAGE, HIF-1, etc., and analyzed the specific role of these targets and signaling pathways."
PMC9325604,1,core,3.4. docking results analysis,paragraph,31,3,RB1|STAT3|CDKN2A,,False,0.06976744186046512,14.395348837209303,medium,"We selected the core targets, including RB1, STAT3, and CDKN2A, for molecular docking with curcumin. The results showed that curcumin has a good affinity with RB1, STAT3, and CDKN2A, and the docking results were visualized by PyMOL software ( Figure 7 and Table 2 )."
PMC8382556,1,key,results,paragraph,2,10,MAPK1|AKT1|PIK3R1|SRC|MAPK8|EGFR|IGF1|HRAS|RHOA|HSP90AA1,,False,0.3125,17.0,high,"Among these targets, 241 were common to PNS, and IS network analysis showed that MAPK1, AKT1, PIK3R1, SRC, MAPK8, EGFR, IGF1, HRAS, RHOA, and HSP90AA1 are key targets of PNS against IS."
PMC8382556,2,core,5. conclusions,paragraph,96,11,RB1|MAPK1|AKT1|PIK3R1|SRC|MAPK8|EGFR|IGF1|HRAS|RHOA|HSP90AA1,,False,0.2894736842105263,17.0,high,"Ginsenoside Rb1 and ginsenoside Rd-qt were related to most core targets. The key targets in the PPI network of the effect of PNS against IS were MAPK1, AKT1, PIK3R1, SRC, MAPK8, EGFR, IGF1, HRAS, RHOA, and HSP90AA1."
PMC8382556,3,key,5. conclusions,paragraph,96,5,RB1|SRC|MAPK1|AKT1|PIK3R1,,False,0.1282051282051282,14.564102564102564,high,"According to molecular docking analysis, ginsenoside Re and ginsenoside Rb1, the active components of PNS, bind well with the key targets SRC, MAPK1, AKT1, and PIK3R1. Ginsenoside Re and ginsenoside Rb1 may play an essential role in IS treatment."
PMC8382556,4,key,4. discussion,paragraph,94,3,PIK3R1|AKT1|EGFR,,False,0.05660377358490566,10.132075471698114,low,"PIK3R1 and AKT1 were the key proteins of the PI3K-AKT [ 59 ] pathways which regulate apoptosis and oxidative stress. EGFR activated epidermal growth factor, initiated a cascade of downstream signalling events leading to activation of the RAS-RAF-MEK-ERK [ 60 ] and PI3K-AKT [ 61 ] pathways, and improved the condition of cerebral infarction."
PMC10825855,1,hub,protein–protein interaction and gene-enrichment analysis,paragraph,24,7,AR|ESR1|IL6|VEGFA|CTNNB1|HRAS|TNF,,False,0.4117647058823529,14.0,medium,"Additionally, AR, ESR1, IL6, VEGFA, CTNNB1, HRAS, and TNF were identified as major hub genes (Fig. S2 † )."
PMC10825855,2,hub,compound-protein-pathway network,paragraph,27,6,HRAS|IL6|TNF|AR|VEGFA|CTNNB1,,False,0.09375,11.875,medium,"Among all the selected phytocompounds, the maximum number of hub genes were modulated by quercetin 3-O-β- d -glucopyranosyl-(1→2)-rhamnopyranoside (HRAS, IL6, TNF, AR, and VEGFA) and 5,4′-dihydroxy-7-methoxyflavone-6-C-(2′′-O-α- l -rhamnopyranosyl)-β- d -glucopyranoside (TNF, AR, CTNNB1, VEGFA, and HRAS), while the maximum number of pathways were modulated by HRAS, CTNNB1, and VEGFA."
PMC11475257,1,candidate,results,paragraph,3,3,TNF|CASP8|DEGS1,,False,0.1111111111111111,11.222222222222221,low,"Tumor necrosis factor (TNF) and caspase-8 (CASP8) were obtained as candidate genes by taking the intersection of DEGs, targets of N. chinensis , and pyroptosis-related genes."
PMC11475257,2,candidate,results,paragraph,3,4,PPARA|CASP8|CD8A|CD4,,False,0.07692307692307693,10.538461538461538,low,"Toll-like receptor (TLR) and peroxisome proliferator-activated receptor (PPAR) signaling pathways were linked to candidate genes. Additionally, immune cell infiltration analysis revealed that CASP8 was associated with natural killer T cells, natural killer cells, regulatory T cells (Tregs), myeloid-derived suppressor cells (MDSC), macrophages, CD8 T cells, and CD4 T cells."
PMC11475257,3,key,discussion,paragraph,63,3,CASP8|CD8A|CD4,,False,0.047619047619047616,9.952380952380953,low,"Of the two key genes screened, CASP8 showed a stronger correlation with the expression of immune cells. Among the immune cells that were highly and positively correlated with CASP8, those highly expressed in the patients with AF were CD8 T cells, CD4 T cells, regulatory T cells (Tregs), myeloid-derived suppressor cell (MDSC), macrophages, plasmacytoid dendritic cells, NK cells, and NK T cells."
PMC11475257,4,core,molecular docking,paragraph,39,3,IDS|CASP8|TNF,,False,0.07142857142857142,9.428571428571429,medium,"We docked each of the five small molecules and the two core targets, and the results showed that all had good binding power (Table 1 ). The protein PDB IDs of CASP8 and TNF collected from the database were 6X8H and 1A8M, respectively."
PMC11475257,5,potential,conclusion,paragraph,4,3,CASP8|TNF|NLRP3,,False,0.11538461538461539,9.307692307692308,low,"CASP8 and TNF are potential targets of N. chinensis intervention in pyroptosis-related AF, and the TLR/NLRP3 signaling pathway may be associated with this process."
PMC9468872,1,core,discussion,paragraph,74,9,AKT1|MAPK1|TP53|TNF|EGFR|INS|CASP3|IL1B|BDNF,,False,0.36,15.0,medium,"AKT1 is the core target of PI3K/AKT signaling pathway. MAPK1, TP53, TNF, EGFR, INS, CASP3, IL1B and BDNF are related to MAPK signaling pathway."
PMC9468872,2,core,prediction of candidate targets and construction of ppi network,paragraph,41,10,ALB|AKT1|TP53|IL6|TNF|INS|CASP3|IL1B|EGFR|BDNF,,False,0.2702702702702703,13.0,medium,"The top 10 are selected as the core targets according to the ranking of Degree value, followed by ALB, AKT1, TP53, IL6, TNF, INS, CASP3, IL1B, EGFR and BDNF. The visualization results are shown in Figure 3B ."
PMC9468872,3,core,go biological process and kegg pathway enrichment analysis,paragraph,47,8,MAPK1|TP53|TNF|EGFR|INS|CASP3|IL1B|BDNF,,False,0.25,13.0,medium,"Among them, MAPK1, TP53, TNF, EGFR, INS, CASP3, IL1B and BDNF in the core targets were all related to MAPK signaling pathway, which is an important mechanism of Fuzi leading to neurotoxicity."
PMC9468872,4,key,discussion,paragraph,75,3,ALB|AKT1|CASP3,,False,0.0967741935483871,10.935483870967742,medium,"Molecular docking results displayed that aconitine, the main toxic substance of Fuzi, exhibited good affinity with key targets ALB, AKT1 and CASP3, and the conformation of the binding site was stable."
PMC9675738,1,core,abstract,paragraph,0,4,GABRG2|GABRA1|GABRB2|GABRA5,,False,0.058823529411764705,16.176470588235293,low,"thirdly, further clustering analysis of active ingredient targets by network pharmacology showed that the GABA pathway with GABRG2 as the core target was significantly enriched; then, we used prominent protein–protein interactions (PPI), relying on a protein-metabolite network, and identified the GABRA1, GABRB2 and GABRA5 as the closest targets to GABRG2; finally, the affinity between the target and its cognate active compound was predicted by molecular docking."
PMC9794283,1,key,4. discussion,paragraph,75,23,AKT1|TNF|ALB|IL6|TP53|VEGFA|EGFR|SRC|JUN|STAT3|IL1B|EGF|MAPK3|MYC|HSP90AA1|PPARG|HRAS|TLR4|PTGS2|IL10|MMP9|ERBB2|PTPRC,,False,0.5609756097560976,14.0,medium,"Through network topology parameter screening, the key targets of Miaoyao Tongfengting Decoction in the treatment of gout are AKT1, TNF, ALB, IL6, TP53, VEGFA, EGFR, SRC, JUN, STAT3, IL1B, EGF, MAPK3, MYC, HSP90AA1, PPARG, HRAS, TLR4, PTGS2, IL10, MMP9, ERBB2, PTPRC."
PMC9794283,2,core,3.6. molecular docking results,paragraph,66,5,TNF|IL6|AKT1|TP53|VEGFA,23,False,0.08771929824561403,11.75438596491228,medium,"Among the 23 core targets, the 5 target proteins with the highest Degree values, TNF, IL6, AKT1, TP53, VEGFA, were selected for molecular docking with the key pharmacodynamic molecules quercetin, bis-demethoxycurcumin, ferulaic acid, (4E, 6E) -1, 7-bis(4-hydroxy-3-methoxyphenyl)hepta-4, 6-dien-3-one,and the results are detailed in Table 6 ."
PMC8570864,1,candidate,abstract,paragraph,0,3,OPRM1|CTSG|TNF,,False,0.046875,10.9375,low,"Furthermore, common targets of CR and MOR related to CG were selected as candidate targets. In this study, the specific target proteins of CR, MOR, and CG were combined by protein-protein interaction (PPI) to construct a pharmacological network of “components-targets-diseases.” In addition, we investigated the effects of CR and MOR on the TNF signaling pathway, which mediated the remission of CG."
PMC8570864,2,potential,5. conclusion,paragraph,133,3,OPRM1|CTSG|MAPK14,,False,0.06382978723404255,8.27659574468085,low,"In this study, we firstly predicted the potential targets of CR and MOR related to the treatment of CG disease by constructing a “compounds-targets-diseases” interaction network. The results showed that “CR” and “MOR” may exert their therapeutic effects by acting on MAPK14 ( p 38) target."
PMC9192289,1,hub,5. conclusion,paragraph,57,11,STAT3|TP53|MAPK3|AKT1|JUN|EGFR|MYC|VEGFA|EGF|CTNNB1|MAP3K14,10,True,0.14666666666666667,20.933333333333334,high,"The top 10 hub genes were STAT3, TP53, MAPK3, AKT1, JUN, EGFR, MYC, VEGFA, EGF, and CTNNB1, which may be the core targets of HS. Our study shows that HS acts simultaneously on a variety of signaling pathways related to CRC, such as the PI3K-Akt signaling pathway, proteoglycans in cancer, and the MAPK signaling pathway, which provides a reference for the research on the specific mechanism of the drug in the treatment of CRC."
PMC9192289,2,core,abstract,paragraph,0,10,STAT3|TP53|MAPK3|AKT1|JUN|EGFR|MYC|VEGFA|EGF|CTNNB1,,False,0.20833333333333334,19.0,high,"The PPI analysis showed that the core targets were STAT3, TP53, MAPK3, AKT1, JUN, EGFR, MYC, VEGFA, EGF, and CTNNB1. Molecular docking results showed that these core ingredients had good binding potential with core targets, especially the docking of each component with MAPK obtained the lowest binding energy."
PMC10489428,1,hub,results:,paragraph,2,4,SERPINF2|JUN|MAPK1|STAT3,,False,0.08333333333333333,15.666666666666666,medium,"Quercetin (Que) was identified as the primary API of HZQMF through network pharmacology analysis, while JUN, MAPK1, and STAT3 were identified as the primary hub genes. Kyoto encyclopedia of genes and genomes enrichment analysis showed that the AGE-RAGE signaling pathway may be crucial to the therapeutic process."
PMC10489428,2,hub,4. discussion,paragraph,63,3,JUN|AKT1|MAPK1,14,False,0.09090909090909091,8.818181818181818,medium,"Through the PPI network, we identified 14 hub genes targeted by HZQMF, including JUN, AKT1, and MAPK1. JUN binds to various gene promoters and participates in the regulation of pro-apoptotic gene transcription."
PMC10489428,3,core,3.3. ppi network,paragraph,36,5,JUN|MAPK1|STAT3|TP53|ESR1,14,False,0.18518518518518517,8.703703703703702,medium,"After further screening using the CytoNCA plugin, 14 core proteins were identified. Among them, five had a degree >10, including JUN, MAPK1, STAT3, Tp53, and ESR1 (Fig."
PMC8814618,1,key,network construction,paragraph,57,15,EGFR|MAPK1|AR|MTOR|AKT1|JAK2|STAT3|BRAF|NOS2|IL6|JAK3|VEGFA|TNF|CASP8|CASP3,15,True,0.42857142857142855,17.0,high,"According to the critical degree between the components and the genes, the top 15 key genes were screened, which were EGFR, MAPK1, AR, MTOR, AKT1, JAK2, STAT3, BRAF, NOS2, IL6, JAK3, VEGFA, TNF, CASP8, CASP3."
PMC8814618,2,key,go function and kegg pathway enrichment analysis,paragraph,53,5,EGFR|MAPK1|IL6|VEGFA|AKT1,,False,0.11627906976744186,9.325581395348838,medium,"According to the results, we speculated that SMI may act on key genes such as EGFR, MAPK1, IL6, VEGFA, AKT1, participate in the regulation of some cancer and immune-related pathways, and thus play a role in the acute treatment of COVID-19."
PMC9641366,1,hub,5 conclusion,paragraph,64,13,AR|PPARG|ESR1|CASP3|IL6|MAPK8|MYC|HIF1A|RELA|NOS3|FOS|GSK3B|NFKBIA,13,True,0.28888888888888886,23.0,high,"13 hub targets, including AR, PPARG, ESR1, CASP3, IL-6, MAPK8, MYC, HIF1A, RELA, NOS3, FOS, GSK3B, and NFKBIA, were identified. According to the GO and KEGG functional enrichment analyses, these intersections were closely related to oxidative stress injury, inflammatory response, and apoptosis signaling pathways."
PMC9641366,2,hub,3.3 regulatory network construction and hub targets,paragraph,32,14,AR|PPARG|ESR1|CASP3|IL6|MAPK8|MYC|HIF1A|RELA|NOS3|FOS|GSK3B|NFKBIA|MITF,,False,0.34146341463414637,14.0,medium,"AR, PPARG, ESR1, CASP3, IL-6, MAPK8, MYC, HIF1A, RELA, NOS3, FOS, GSK3B, and NFKBIA were the hub targets. They played an essential role in the regulatory network, indicating that they might be involved in the development of MI ( Figure 1E )."
PMC9389148,1,core,abstract,paragraph,0,7,TNF|IL6|PPARG|MAPK3|PTGS2|ICAM1|MAPK1,19,False,0.14583333333333334,13.916666666666668,high,"Three key pathways (pathways in cancer, the TNF signaling pathway, and lipid and atherosclerosis) and the top six anti-COVID-19 core targets (IL-6, PPARG, MAPK3, PTGS2, ICAM1, and MAPK1) were determined to be involved in the treatment of COVID-19 with active phytomolecules of Kochiae Fructus."
PMC9389148,2,core,conclusion,paragraph,69,6,IL6|PPARG|MAPK3|PTGS2|ICAM1|MAPK1,19,False,0.12,11.4,high,"Thirteen anti-COVID-19 core targets and three key active phytomolecules have been determined. This research also showed that, out of thirteen targets, the top six (IL-6, PPARG, MAPK3, PTGS2, ICAM1, and MAPK1) are likely to be implicated in the anti-COVID-19 effects of Kochiae Fructus’ active phytomolecules."
PMC9389148,3,core,discussion,paragraph,68,6,TNF|IL6|MAPK1|PPARG|PTGS2|MAPK3,19,False,0.13953488372093023,9.790697674418604,medium,"Among them, pathways in cancer and the TNF signaling pathway are the core pathways followed by five anti-COVID-19 core targets. The abnormal expression of targets (IL6, MAPK1, PPARG, PTGS2, and MAPK3) leads to cell proliferation and a variety of cancer types."
PMC9389148,4,core,protein-protein interaction network construction and analysis,paragraph,30,7,DCX|IL6|PPARG|MAPK3|PTGS2|ICAM1|MAPK1,19,False,0.109375,7.1875,medium,"The 13 anti-COVID-19 core targets sorted by DC are shown as a bar graph in Figure 4 . The top six anti-COVID-19 core targets, IL-6, PPARG, MAPK3, PTGS2, ICAM1, and MAPK1, were selected for molecular docking analyses with key active phytomolecules of Kochiae Fructus identified in section “Network of anti-COVID-19 targets and the Kochiae Fructus’s active phytomolecules.”"
PMC9389148,5,core,molecular complex detection analysis,paragraph,33,4,IL6|PPARG|MAPK3|PTGS2,19,False,0.15384615384615385,7.076923076923077,medium,"Moreover, both cluster networks have found the top six anti-COVID-19 core targets. Cluster network 1 had four of them (IL6, PPARG, MAPK3, and PTGS2)."
PMC9389148,6,key,kyoto encyclopedia of genes and genomes analysis,paragraph,45,4,TYRP1|GNRH1|TNF|SETD2,19,False,0.06557377049180328,4.311475409836065,medium,"The KEGG pathway enrichment study suggested that Kochiae Fructus anti-COVID-19 key targets may be implicated in the AGE-RAGE signaling pathway in diabetic complications, the VEGF signaling pathway, cancer pathways, neurodegeneration-multiple diseases pathways, inflammatory mediator regulation of TRP channels, GnRH signaling pathway, Fc epsilon RI signaling pathway, Sphingolipid signaling pathway, TNF signaling pathway, HIF-1 signaling pathway, etc."
PMC12083493,1,key,analysis of potential anti-colitis mechanisms of qchs_jpbs formula using network pharmacology,paragraph,85,6,EGFR|STAT3|SRC|AKT1|HSP90AA1|DCX,,False,0.07058823529411765,8.411764705882353,medium,"The top five targets are EGFR, STAT3, SRC, AKT1, and HSP90AA1, which can be considered as key targets in the anti-UC pharmacological mechanism of QCHS_JPBS formula. GO enrichment analyses of the 44 intersecting genes (DC>30) identified earlier revealed that the targeted genes were associated with biological processes (such as response to hormone and enzyme-linked receptor protein signaling pathway), cellular components (such as membrane raft and perinuclear region of cytoplasm), and molecular functions (such as protein kinase binding and phosphotransferase activity) ( Figure 10e )."
PMC12083493,2,potential,discussion,paragraph,93,5,EGFR|STAT3|SRC|AKT1|HSP90AA1,,False,0.1111111111111111,8.222222222222221,low,"43 In this study, network pharmacological analyses screened potential targets of QCHS_JPBS formula anti-UC, which included EGFR, STAT3, SRC, AKT1, and HSP90AA1. In addition, a number of signaling pathways were enriched, which included JAK-STAT signaling pathway, Wnt signaling pathway and Calcium signaling pathway."
PMC12083493,3,potential,introduction,paragraph,9,6,NFS1|EGFR|STAT3|SRC|AKT1|HSP90AA1,,False,0.15384615384615385,5.076923076923077,low,"The results showed QCHS_JPBS formula promoted the differentiation of ISCs through gut microbiota to repair the intestinal epithelial barrier in UC mice, and potential targets for therapeutic UC with the QCHS_JPBS formulation involved EGFR, STAT3, SRC, AKT1, and HSP90AA1."
PMC12478307,1,hub,construction of protein–protein interaction (ppi) network and hub gene screening,paragraph,27,10,TP53|ACTB|AKT1|TNF|HIF1A|IL6|MYC|EGFR|IL1B|ALB,10,True,0.30303030303030304,20.0,high,"Node importance was comprehensively assessed based on Degree, Betweenness, and Closeness centrality metrics, leading to the identification of 10 key hub genes: TP53, ACTB, AKT1, TNF, HIF1A, IL6, MYC, EGFR, IL1B, and ALB."
PMC12478307,2,hub,results,paragraph,2,3,IL1A|IL6|MMP9,,False,0.16666666666666666,17.333333333333332,high,"PPI network analysis revealed ten key hub genes, including IL1β, IL6, and MMP9. Enrichment analysis suggested that C."
PMC12478307,3,hub,go and kegg pathway enrichment analysis,paragraph,30,3,AKT1|MAPK3|TNF,,False,0.07894736842105263,10.578947368421053,medium,"Furthermore, many of these pathways include hub targets identified in the protein–protein interaction network analysis (AKT1, MAPK3, TNF), suggesting that these proteins may act as key nodes mediating signal transduction and constitute crucial pathway hubs for C."
PMC12478307,4,hub,discussion,paragraph,52,4,IL1A|IL6|SRC|IFNG,10,False,0.10810810810810811,10.162162162162161,medium,"Based on the hub gene algorithm of the PPI network, this study identified 10 key host genes, including IL1β, IL6, SRC, and interferon gamma (IFNG), as core targets of C. chinensis in the treatment of streptococcal disease."
PMC10957020,1,core,3.6. molecular docking of principal compounds and key targets,paragraph,36,9,FOS|STAT3|RELA|JUN|ESR1|TP53|IL6|IL1B|TNF,9,True,0.21951219512195122,18.0,high,"Concurrently, the 9 core targets, FOS, STAT3, RELA, JUN, ESR1, TP53, IL6, IL1B and TNF functioned as receptors. Batch molecular docking was executed using AutoDock Vina (version 1.1.2), with the resultant binding energy profiles encapsulated in Figure 6 A."
PMC10957020,2,key,4. discussion,paragraph,42,5,STAT3|FOS|RELA|IL6|TNF,,False,0.21739130434782608,14.0,medium,"[ 35 ] The key genes, namely STAT3, FOS, RELA, IL6 and TNF featured in this herbal formula, are implicated in modulating the inflammatory axis."
PMC10957020,3,core,figure,caption,37,3,STAT3|FOS|RELA,,False,0.03409090909090909,12.681818181818182,low,"(A) Core target and receptor molecule docking binding energy heat map; (B) binding poses of glabridin complexed with STAT3, affinity = −11 kcal/mol; (C) binding poses of luteolin complexed with STAT3, affinity = −9.9 kcal/mol; (D) binding poses of luteolin complexed with FOS, affinity = −9.7 kcal/mol; (E) binding poses of stigmasterol complexed with FOS, affinity = −9.6 kcal/mol; (F) binding poses of rutin complexed with FOS, affinity = −9.8 kcal/mol; (G) binding poses of rutin complexed with RELA, affinity = −9.7 kcal/mol."
PMC9827666,1,core,ppi network,paragraph,28,8,AKT1|JUN|GSK3B|CCND1|AR|FOS|TGFB1|PPARD,,False,0.5,13.0,medium,"AKT1, JUN, HSP90A1, GSK3B, CCND1, AR, FOS, JUN, TGFB1, PPARD, etc., were PPI's core genes."
PMC13223287,1,hub,abstract,paragraph,0,5,TNF|AKT1|EGFR|SRC|MMP9,,False,0.2,20.0,high,"Network pharmacology identified genistein and daidzein as key bioactive constituents targeting hub proteins TNF, AKT1, EGFR, SRC, and MMP9, which mediate pathological process in influenza."
PMC12220612,1,key,results,paragraph,2,4,HT|TNFSF11|PPARA|TEAD1,,False,0.08888888888888889,12.777777777777779,medium,"Serum pharmacochemistry identified 44 absorbed components in HT, and network pharmacology analysis predicted 89 key targets of HT related to RA. In vitro experiments demonstrated that HT inhibited RANKL–induced osteoclastic differentiation through multiple pathways, such as PPAR pathway, AA metabolism, and NF-κB pathway."
PMC12220612,2,key,discussion,paragraph,84,3,HT|TNF|MMP9,,False,0.03896103896103896,8.779220779220779,low,"To address this, we used serum pharmacochemistry to identify and screen major absorbed components of HT, such as Salvianolic acid A, Isoxanthohumol, 4-Methoxycinnamic acid, and Pratol, and constructed a component-target-pathway network based on the major absorbed components using network pharmacology analysis, and several key targets of RA have also been confirmed by molecular docking that exhibiting strong binding affinity with components of HT, like TNF and MMP-9, the inflammation and bone destruction biomarkers."
PMC11096846,1,hub,prediction of the key ch-related genes by the rwr algorithm,paragraph,44,10,GNAS|GNB1|CYP2E1|SFTPC|F2|MAPK3|PLG|SRC|HDAC1|STAT3,,False,0.1694915254237288,14.389830508474576,medium,"As shown in Table 2 , the approach yielded the top 10 genes ( GNAS , GNB1 , CYP2E1 , SFTPC, F2 , MAPK3 , PLG , SRC , HDAC1 , and STAT3 ) as hub genes. GNAS is a frequently mutated gene in human cancers; mutations in this gene are seen in many different types of cancer, including liver, lung, pancreatic, and rectal cancers [ [21] , [22] , [23] , [24] , [25] ]."
PMC11096846,2,key,conclusions,paragraph,78,3,GNAS|STAT3|C4B,,False,0.09375,12.875,medium,"Our study suggested that the GNAS/STAT3 pathway may serve as a potential mechanism for treating CH and preventing liver cancer, with GNAS identified as a key target ( Fig. 7 a-c)."
PMC11096846,3,important,prediction of the key ch-related genes by the rwr algorithm,paragraph,44,11,C4B|GNAS|GNB1|CYP2E1|SFTPC|F2|MAPK3|PLG|SRC|HDAC1|STAT3,,False,0.20754716981132076,10.0,low,"Using the YGJ seed genes as a basis, RWR analysis was conducted on the PPI network to determine affinity scores and identify the important genes in CH. As shown in Table 2 , the approach yielded the top 10 genes ( GNAS , GNB1 , CYP2E1 , SFTPC, F2 , MAPK3 , PLG , SRC , HDAC1 , and STAT3 ) as hub genes."
PMC9304690,1,key,discussion,paragraph,82,6,MAPK14|CDK2|EGFR|F2|SRC|AKT1,,False,0.12244897959183673,12.448979591836736,medium,"Based on the network pharmacology results, the key targets with higher degree values of the compound–target–pathway network included MAPK14, CDK2, EGFR, F2, SRC, AKT1, and so on. The p38 MAPKs signaling pathway plays an important role in regulating neutrophil activation, especially endotoxin stimulation ( Li et al., 2021 )."
PMC12204778,1,key,pathways in cancer,paragraph,38,14,F2|AR|EGFR|FLT3LG|FLT3|HGF|IGF1R|PRRT2|COX2|SETD2|PIM1|CDK4|FASLG|TERT,,False,0.13333333333333333,10.666666666666666,medium,"Key proteins associated with these pathways include coagulation factor II (F2), G protein-coupled receptors (GPCR), Rho guanine nucleotide exchange factor (RhoGEF), androgen receptor (AR), epidermal growth factor receptor (EGFR), FLT3LG, Fms-like tyrosine kinase 3 (FLT3), hepatocyte growth factor (HGF), insulin-like growth factor receptor (IGFR), protein kinase C (PKC), rapidly accelerated fibrosarcoma (Raf), cyclooxygenase (COX2), HIF-1β, VEGF, Pim-1 proto-oncogene (PIM1/2), MMPs, cyclin-dependent kinases (CDK4/6), retinoic X receptor (RXR), estrogen receptor (ER), Fas cell surface death receptor (Fas), Fas ligand (FasL), and telomerase reverse transcriptase (TERT), all of which are modulated by Bhallataka taila in cancer pathways ( Fig."
PMC10977574,1,core,5. conclusion,paragraph,52,7,DHCR7-DT|GAPDH|IL6|TNF|AKT1|TP53|EGFR,,False,0.1794871794871795,16.58974358974359,high,"In conclusion, this study utilized network pharmacology and molecular docking technology to identify the core components of SHG in treating AP as genkwanin, acetin, apigenin, and quercetin, with GAPDH, IL6, TNF, AKT1, TP53, and EGFR being the core targets."
PMC10977574,2,key,3.4. construction of ppi network for intersection targets,paragraph,25,7,GAPDH|TNF|IL6|AKT1|TP53|EGFR|STAT3,,False,0.16279069767441862,11.255813953488373,medium,"Notably, glyceraldehyde 3-phosphate dehydrogenase (GAPDH), tumor necrosis factor (TNF), interleukin 6 (IL6), serine/threonine protein kinase (AKT1), tumor protein 53 (TP53), epidermal growth factor receptor (EGFR), and activator of transcription 3 (STAT3) nodes exhibit higher Degree values and are considered key targets."
PMC11414759,1,core,construction of protein–protein interaction networks,paragraph,58,3,MMP9|NLRP3|CYP2B6,,False,0.125,10.5,medium,"A total of three gene clusters ( Figure 4 ) and three core genes, including matrix metalloproteinase-9 (MMP9), NLRP3 and cytochrome P450 2D6, were obtained."
PMC11102677,1,key,topological protein-protein network construction,paragraph,36,3,PIK3CA|TNF|MAPK3,,False,0.07894736842105263,8.578947368421053,medium,"Following a comparison between these results and those provided by enrichment assay ( Table 4 ), 3 genes of C wightii particularly PIK3CA, TNF, and MAPK3 were outlined as key targets of anti-arthritis and selected for docking study further."
PMC9692208,1,core,abstract,paragraph,0,10,CP|ELAVL1|TP53|MAPK8|MAPK3|IL6|AKT1|ABCG2|TNF|NLRP3,,False,0.14492753623188406,16.89855072463768,high,"The core targets of CP for treating HUA were TP53, MAPK8, MAPK3, IL-6, c-Jun, AKT1, xanthine oxidase (XOD), and ATP-binding cassette subfamily G member 2 (ABCG2). The Kyoto Encyclopedia of Genes and Genomes (KEGG) enrichment results showed that the anti-HUA effect of CP mainly involved the pathways of inflammation and apoptosis, such as PI3K/Akt, TNF, MAPK, TLR, AMPK, NF-κB, and NLRP3 signaling pathways."
PMC9692208,2,hub,discussion,paragraph,85,5,TP53|MAPK8|MAPK3|IL6|AKT1,,False,0.14285714285714285,15.857142857142858,medium,"Then topological property analysis was performed, and the top 6 genes obtained by calculating the degree, betweennes, and closeness centrality algorithms were selected as hub genes: TP53 , MAPK8 , MAPK3 , IL-6 , c-Jun , and AKT1 ."
PMC9692208,3,hub,effects of cp on the expression of hub genes,paragraph,79,6,CP|IL6|MAPK3|MAPK8|TP53|ELAVL1,,False,0.08333333333333333,11.666666666666666,medium,"To further validate the effects of CP on the hub genes predicted by network analysis, the mRNA and protein expression levels were detected. As shown in Figure 10 , the protein expression levels of p-c-Jun and IL-6, as well as the mRNA levels of MAPK3 , MAPK8 , AKT , and TP53 were markedly up-regulated in the kidney tissues of HUA mice than in those of the NC mice ( p < 0.01)."
PMC9692208,4,potential,abstract,paragraph,0,3,CP|ELAVL1|SLC25A1,,False,0.05660377358490566,10.132075471698114,low,"Active compounds and potential targets of CP, as well as the potential targets related to HUA, were retrieved from multiple open-source databases. The drug-disease overlapping targets were obtained by Venn diagram analysis and used to construct the herb-component-target (HCT), protein-protein-interaction (PPI), and component-target-pathway (CTP) networks."
PMC9692208,5,potential,discussion,paragraph,85,7,CP|ELAVL1|TP53|MAPK8|MAPK3|IL6|AKT1,,False,0.11475409836065574,9.295081967213115,low,"To further elucidate the molecular mechanisms, a PPI network containing 118 nodes and 1079 links was established using the common potential targets of CP and HUA. Then topological property analysis was performed, and the top 6 genes obtained by calculating the degree, betweennes, and closeness centrality algorithms were selected as hub genes: TP53 , MAPK8 , MAPK3 , IL-6 , c-Jun , and AKT1 ."
PMC9692208,6,intersection,discussion,paragraph,85,3,ABCG2|CP|ELAVL1,,False,0.07317073170731707,8.463414634146341,low,"However, due to the strict screening criteria, XOD and ABCG2, two common intersection targets of CP and HUA, were excluded. In view of their important roles in UA metabolism, the expression of XOD and ABCG2 were also evaluated in this study."
PMC9692208,7,overlap,enrichment analysis,paragraph,55,3,TNF|SETD2|NLRP3,,False,0.09090909090909091,6.818181818181818,low,"Moreover, KEGG enrichment analysis indicated that 122 overlapping genes were significantly enriched in inflammation and apoptosis signaling pathways, including PI3K/AKT, TNF, FoxO, MAPK, HIF-1, TLR, NLRP3, AMPK, and NF-κB, etc."
PMC9831705,1,hub,6. discussion,paragraph,57,6,IL6|AKT1|TNF|CAT|JUN|PTGS2,,False,0.21428571428571427,16.0,medium,"Hub targets of the pharmacokinetically active compounds included IL-6, AKT1, TNF, CAT, JUN, and PTGS2. Inflammation, cell proliferation, apoptosis, and fibrosis were all linked to these genes."
PMC12376120,1,core,comprehensive analysis,paragraph,35,5,MAPK1|MAPK3|MAPK8|MAPK10|MAPK14,,False,0.15151515151515152,13.030303030303031,medium,"Furthermore, by integrating network pharmacology with the targets of differential metabolites, we identified five core targets: MAPK1, MAPK3, MAPK8, MAPK10, and MAPK14, along with two affected metabolites, L-glutamic acid, and arachidonic acid."
PMC11239594,1,hub,network construction,paragraph,31,19,DCX|TNF|IL6|ALB|AKT1|TP53|JUN|IL1B|VEGFA|CASP3|EGFR|MMP9|SRC|MAPK3|MYC|CXCL8|PTGS2|CCL2|ESR1,56,False,0.3220338983050847,10.0,medium,"A total of 111 and 56 hub nodes were identified with DC ≥ 43 and 76, respectively. Finally, these 56 crucial targets were identified as the candidate targets of CJAF for the treatment of IBS-D, which included TNF, IL6, ALB, AKT1, TP53, JUN, IL1B, VEGFA, STST3, CASP3, EGFR, MMP9, SRC, MAPK3, MYC, CXCL8, PTGS2, CCL2 and ESR1, etc ( Fig."
PMC11239594,2,crucial,network construction,paragraph,31,18,TNF|IL6|ALB|AKT1|TP53|JUN|IL1B|VEGFA|CASP3|EGFR|MMP9|SRC|MAPK3|MYC|CXCL8|PTGS2|CCL2|ESR1,56,False,0.4186046511627907,7.0,medium,"Finally, these 56 crucial targets were identified as the candidate targets of CJAF for the treatment of IBS-D, which included TNF, IL6, ALB, AKT1, TP53, JUN, IL1B, VEGFA, STST3, CASP3, EGFR, MMP9, SRC, MAPK3, MYC, CXCL8, PTGS2, CCL2 and ESR1, etc ( Fig."
PMC12358555,1,key,abstract,paragraph,0,6,SLC2A4|PPARG|INSR|AKT2|CASP3|MMP9,,False,0.20689655172413793,18.0,high,"Network pharmacology and pathway enrichment analyses revealed key targets (GSK3β, GLUT4, PPARG, INSR, AKT2, CASP3, and MMP9) and highlighted the involvement of PI3K-AKT, AMPK, and GLUT4 signaling pathways."
PMC12358555,2,hub,mt targets multi-target networks against diabetes,paragraph,116,9,FRZB|MAPK14|CA2|PPARG|GSK3B|CA1|CA4|TNKS|MCAT,,False,0.20454545454545456,14.0,medium,"Network analysis identified the interactions of FrE with 745 nodes, including hub targets like MAPK14, CA2, PPARG, and GSK3B. Carbonic anhydrase isoforms (CA1, CA2, and CA4) and TNKS1 emerged as novel targets, linking MT to hepatic gluconeogenesis suppression and GLUT4-mediated insulin sensitivity 47 ."
PMC12358555,3,hub,network pharmacology identifies the mt constituents targeting diabetes-related proteins,paragraph,65,6,MAPK14|CA2|PPARG|GSK3B|AMY2A|CASP3,,False,0.1276595744680851,12.553191489361701,medium,"The target-compound network (1844 edges, 745 nodes) identified hub proteins including MAPK14 (degree = 20), CA2 (20), PPARG (15), GSK3B (11), AMY2A (10), and CASP3 (6). Kinases, hydrolases, and G-protein-coupled receptors emerged as prominent targets, with key interactions observed for kushenol A, clerodin, and neoandrographolide."
PMC12358555,4,key,network pharmacology identifies the mt constituents targeting diabetes-related proteins,paragraph,84,4,PIK3CA|AKT2|GSK3B|PTPN1,,False,0.10526315789473684,9.105263157894736,medium,"Key targets (PIK3CA, AKT2, GSK3B) interacted with 16-acetylgitoxigenin, ellagic acid, and clerodin, modulating GLUT4-mediated glucose uptake. Crosstalk between AMPK and PI3K-AKT signalling was linked to reduced gluconeogenesis (through PTPN1) and improved insulin sensitivity 47 , 48 ."
PMC10235497,1,key,discussion,paragraph,41,3,RELA|TBX21|GATA3,3,True,0.0625,15.25,high,"In particular, 3 key genes, RELA , TBX21 , and GATA3 , were regulated by 3 or more components of Chebulae Fructus linked to inflammation and intestinal mucosal immunity. Most of the compounds were classified as polyphenols, which have been indicated as the most effective ingredients in Chebulae Fructu ( 17 , 24 )."
PMC12215522,1,core,discussion,paragraph,76,4,KCNH2|HSP90AA1|SCN5A|CACNA2D1,,False,0.125,12.5,medium,"It suggests that the core active components can spontaneously and stably join with the core target proteins (KCNH2, HSP90AA1, SCN5A, and CACNA2D1) and play an important role in the therapy of LQTS."
PMC12215522,2,hub,identification of hub genes,paragraph,16,10,KCNH2|HSP90AA1|HSP90B2P|SCN5A|CACNA2D1|CYP3A4|CYP2B6|AR|MDM2|ABCC9,,False,0.09174311926605505,11.8348623853211,medium,Table 1 Designations and topological parameters of hub genes in the PPI network. Gene symbol Protein name Degree Betweenness centrality Closeness centrality KCNH2 Potassium voltage-gated channel subfamily H member 2 7 91.45 0.28 HSP90AA1 Heat shock protein HSP 90-alpha 6 70.34 0.27 SCN5A Sodium channel protein type 5 subunit alpha 6 31.92 0.26 CACNA2D1 Voltage-dependent calcium channel subunit alpha-2/delta-1 6 36.54 0.25 CYP3A4 Cytochrome P450 3A4 4 15.52 0.26 AR Androgen receptor 4 8.50 0.24 MDM2 E3 ubiquitin-protein ligase Mdm2 4 38.00 0.24 ABCC9 ATP-binding cassette sub
PMC12215522,3,hub,discussion,paragraph,74,5,KCNH2|HSP90AA1|SCN5A|CACNA2D1|COX5A,21,False,0.09803921568627451,9.96078431372549,medium,"All 21 hub genes appeared to be directly associated to LQTS treatment, with KCNH2, HSP90AA1, SCN5A, and CACNA2D1 having the highest correlation values. KCNH2 has recently emerged as a hot gene in the research of VA, possibly mediating the quickly activating component of the delayed rectifying potassium current in the heart."
PMC11967982,1,core,abstract,paragraph,0,10,SRC|MAPK3|MAPK1|JUN|PIK3CA|ESR1|PTGS2|PTPN11|IL6|ALOX5,,False,0.2631578947368421,19.0,high,"Protein-protein interaction (PPI) networks and Molecular Complex Detection (MCODE) analyses highlighted 78 anti-AD key targets, including SRC, MAPK3, MAPK1, JUN, PIK3CA, ESR1, PTGS2, PTPN11, IL-6, and ALOX5, among the top ten anti-AD core targets."
PMC11967982,2,core,figure,caption,91,8,SRC|PTPN11|MAPK1|JUN|PIK3CA|IL6|COX2|PTGS2,,False,0.24242424242424243,16.0,medium,"The diagram highlights the relevant pathway anti-AD core targets (SRC, SHP2 (PTPN11), ERK (MAPK1 and MAPK2), AP-1 (JUN), PI3K (PIK3CA), IL-6, and Cox-2 (PTGS2)) through a discernible pink hue."
PMC11967982,3,core,2.10.1. anti-ad core targets: preparation.,paragraph,39,11,SRC|MAPK3|MAPK1|JUN|PIK3CA|ESR1|PTGS2|PTPN11|IL6|ALOX5|IDS,,False,0.22448979591836735,14.0,medium,"The top ten potential anti-AD core targets (SRC, MAPK3, MAPK1, JUN, PIK3CA, ESR1, PTGS2, PTPN11, IL-6, and ALOX5), represented by PDB IDs (1O46, 4QTB, 4FUX, 1A02, 6VO7, 1XP1, 5KIR, 4RDD, 1IL6, and 3V92) respectively, were retrieved from the Protein Data Bank (PDB) database ( https://www.rcsb.org/ )."
PMC11967982,4,key,4. discussion,paragraph,87,9,SRC|MAPK3|MAPK1|JUN|PIK3CA|ESR1|PTGS2|PTPN11|IL6,,False,0.28125,14.0,medium,"PPI network analysis identified several key genes involved in the etiology of AD, including SRC, MAPK3, MAPK1, JUN, PIK3CA (PI3K), ESR1, PTGS2, PTPN11, IL-6, and ALOX ( Fig 3 ). Lu et al."
PMC11967982,5,core,3.5. mcode cluster analysis of the ppi network of anti-ad key targets,paragraph,58,8,SRC|MAPK3|MAPK1|JUN|PIK3CA|ESR1|PTGS2|ALOX5,,False,0.22857142857142856,13.0,medium,"Significantly, Cluster Networks 1, 2, and 3 corroborated the identification of the top eight quintessential anti-AD core targets, namely SRC, MAPK3, MAPK1, JUN, PIK3CA, ESR1, PTGS2, and ALOX5, as illustrated in Fig 3(E) ."
PMC11967982,6,core,4. discussion,paragraph,89,10,EGFR|JUN|SRC|PTPN11|PTGS2|IL6|PIK3CA|MAPK1|MAPK3|ESR1,,False,0.06578947368421052,12.31578947368421,medium,"Among them, C-type lectin receptor signaling pathway, pathways in cancer, Endocrine resistance, Estrogen signaling pathway, EGFR tyrosine kinase inhibitor, VEGF signaling pathway, T cell receptor signaling pathway, and ErbB signaling pathway are the core pathways followed by eight of the ten anti-AD core targets (JUN, SRC, PTPN11, PTGS2, IL6, PIK3CA, MAPK1, and MAPK3), seven of ten anti-AD core targets (PTGS2, MAPK1, MAPK3, JUN, ESR1, IL6, and PIK3CA), six of ten anti-AD core targets JUN, PIK3CA, SRC, MAPK1, ESR1, and MAPK3), six of ten anti-AD core targets (JUN, PIK3CA, SRC, MAPK1, ESR1, and MAPK3), five of ten anti-AD core targets (IL6, PIK3CA, SRC, MAPK1, and MAPK3), five of ten anti-AD core targets (PIK3CA, SRC, MAPK1, PTGS2, and MAPK3), five of ten anti-AD core targets (JUN, PIK3CA, MAPK1, PTPN11, and MAPK3), and five of ten anti-AD core targets (JUN, PIK3CA, SRC, MAPK1, and MAPK3), respectively."
PMC11967982,7,core,3.4. ppi network analysis of anti-ad key targets,paragraph,55,11,DCX|SRC|MAPK3|MAPK1|JUN|PIK3CA|ESR1|PTGS2|PTPN11|IL6|ALOX5,,False,0.15942028985507245,12.18840579710145,medium,"Based on their DC values in the network, the top ten potential anti-AD core targets were SRC, MAPK3, MAPK1, JUN, PIK3CA, ESR1, PTGS2, PTPN11, IL-6, and ALOX5. The potential anti-AD core targets were further verified using the CytoHubba plug-in Cytoscape software, which ranked the same top eight targets based on their DC value in the network, as shown in Fig 3 (C) and 3 (D)."
PMC11967982,8,core,3.9. core pathway analysis and determination,paragraph,68,7,PTGS2|MAPK1|MAPK3|JUN|ESR1|IL6|PIK3CA,,False,0.15555555555555556,12.11111111111111,medium,"In contrast, seven out of ten anti-AD core targets (PTGS2, MAPK1, MAPK3, JUN, ESR1, IL6, and PIK3CA) followed the pathways in cancer. Consequently, this study suggests that these 19 core pathways may play a role in the anti-AD effects of Kochiae Fructus phytochemicals."
PMC11967982,9,core,3.10. molecular docking analysis,paragraph,72,6,MAPK3|MAPK1|PIK3CA|PTPN11|IL6|ALOX5,,False,0.06593406593406594,11.31868131868132,medium,"Notably, compared to other phytochemicals, ecdysterone (MOL002212) exhibited exceptional binding affinities (-7.9 ± 0.04, -8.3 ± 0.03, -5.4 ± 0.03, -7.5 ± 0.02, -7.1 ± 0.04, and -5.1 ± 0.03 kcal/mol) for six anti-AD core targets including MAPK3 (H-Bond: LYS71, GLN122, ASP123, SER170), MAPK1 (H-Bond: GLU31, GLN103, ASP104, LYS149, SER151, ASP165), PIK3CA (H-Bond; HIE160, SER161, GLU218, LYS264, LYS290), PTPN11 (H-Bond: TYR279, TRP423, PRO424, ASP425, ARG465), IL-6 (H-Bond: GLU60, LYS67, GLU173), and ALOX5 (H-Bond: TRP147, ARG411), respectively."
PMC11967982,10,core,4. discussion,paragraph,89,11,DCX|EGFR|JUN|SRC|PTPN11|PTGS2|IL6|PIK3CA|MAPK1|MAPK3|ESR1,19,False,0.09734513274336283,8.946902654867257,medium,"Moreover, network analysis of the top 30 KEGG pathways and top ten anti-AD core targets identified 19 core pathways ranked by DC ≥ average value of (4.933), as shown in Fig 7 (B). Among them, C-type lectin receptor signaling pathway, pathways in cancer, Endocrine resistance, Estrogen signaling pathway, EGFR tyrosine kinase inhibitor, VEGF signaling pathway, T cell receptor signaling pathway, and ErbB signaling pathway are the core pathways followed by eight of the ten anti-AD core targets (JUN, SRC, PTPN11, PTGS2, IL6, PIK3CA, MAPK1, and MAPK3), seven of ten anti-AD core targets (PTGS2, MAPK1, MAPK3, JUN, ESR1, IL6, and PIK3CA), six of ten anti-AD core targets JUN, PIK3C"
PMC8249129,1,core,results,paragraph,2,10,AKT1|VEGFA|MAPK8|FOS|ESR1|NR3C1|IL6|HIF1A|NOS3|AR,10,True,0.18181818181818182,22.636363636363637,high,"PPI network analysis demonstrated that the top 10 core targets were AKT1, VEGFA, MAPK8, FOS, ESR1, NR3C1, IL6, HIF1A, NOS3, and AR. The molecular docking results showed that the binding energies of beta sitosterol with AR, FOS, AKT1, VEGFA, NR3C1, and NOS3 were less than −7.0 kcal·mol −1 , indicating a good docking effect."
PMC8249129,2,important,3.3. ppi network analysis,paragraph,27,3,AKT1|AKT2|AKT3,,False,0.0625,6.25,low,"These targets play an important role in the PPI network, suggesting that they are important targets in the treatment of depression by XPJYD. There are three subtypes of AKT (AKT1, AKT2, and AKT3), and AKT1 is the most important subtype, which plays an important role in depression [ 46 ]."
PMC10050741,1,hub,protein–protein interaction (ppi) analysis and “herb–ingredient–target–signal pathway” network construction of sm,paragraph,28,11,MCC|IL6|TNF|IL1B|IL10|INS|EGF|PTGS2|COX2|EGFR|BCL2L1,10,True,0.2391304347826087,19.0,high,"To find the potential hub genes, 32 intersecting proteins were screened for the top 10 key targets by calculating the MCC (maximal clique centrality) scores including IL-6, TNF, IL-1β, IL-10, INS, EGF, PTGS2 (also known as COX2), EGFR, TGFβ1, and BCL2l1 ( Figure 2B )."
PMC11833389,1,candidate,results,paragraph,2,3,MMP1|SPP1|MID1,,False,0.08108108108108109,10.621621621621621,low,"MMP1 and SPP1 were confirmed to be upregulated candidate genes in cervical cancer tissues, and to be associated with a worse prognosis [overall survival (OS), disease-specific survival (DSS), and progression-free interval (PFI), P<0.05]."
PMC11833389,2,candidate,screening of degs,paragraph,24,8,DEGS1|AR|MAOB|CDKN2A|TOP2A|CXCL8|MMP1|SPP1,,False,0.2222222222222222,10.0,low,"The effective target genes of Coptis chinensis were intersected with the DEGs from this dataset, resulting in the identification of the following seven candidate target genes: AR, MAOB, CDKN2A, TOP2A, CXCL8, MMP1 , and SPP1 ( Figure 1E )."
PMC12110816,1,core,abstract,paragraph,0,3,TNF|EGF|GAPDH,,False,0.11538461538461539,16.307692307692307,high,"Results: Fifty-five overlapping targets were identified, with core targets including TNF , EGF, and GAPDH . Enrichment analysis revealed key pathways such as inflammation and immune regulation."
PMC9288182,1,core,3.2. chinese herbal medicinal ingredient prescription (yfjpt) targets' ppi network analysis,paragraph,30,26,ERBB2|TP53|IL6|PTGS2|FOS|IL1B|IL10|SPP1|PPARG|MMP9|MYC|JUN|HIF1A|CXCL8|ICAM1|MAPK3|CCL2|CCND1|AKT1|TNF|SERPINE1|TGFB1|MMP2|TIMP1|CASP3|EGFR,,False,0.41935483870967744,13.0,medium,"Three topological properties of each node are determined with the intention of finding the core nodes. At last, there are 26 nodes whose average value is more than 52 chosen as core nodes, which means, ERBB2, TP53, IL6, PTGS2, FOS, IL1B, IL10, SPP1, PPARG, MMP9, MYC, JUN, HIF1A, CXCL8, ICAM1, MAPK3, CCL2, CCND1, AKT1, TNF, SERPINE1, TGFB1, MMP2, TIMP1, CASP3, and EGFR."
PMC9288182,2,core,3.3. yfjpt target covid-19 ppi network,paragraph,31,33,IL2|HMOX1|IL4|IFNG|NFKBIA|NOS3|FOS|ICAM1|HIF1A|MAPK3|EGFR|IL10|JUN|CCL2|CXCL8|TP53|IL1B|AKT1|TNF|IL6|ERBB2|RELA|CASP8|PPARA|TIMP1|TGFB1|IL1A|STAT1|MAPK8|MPO|MMP3|MMP1|NFE2L2,,False,0.35106382978723405,12.0,medium,"It shows us an intuitive concept to distinct those core nodes with high connectivity from the others in the network [ 57 – 60 ]. The findings of the network investigation show that there are 33 nodes which have a value of degree ≥30, node between ≥0.002, and combined-score ≥0.4 might be regarded as main nodes, namely, IL2, HMOX1, IL4, IFNG, NFKBIA, NOS3, FOS, ICAM1, HIF1A, MAPK3, EGFR, IL-10, JUN, CCL2, CXCL8, TP53, IL-1B, AKT1, TNF, IL-6, ERBB2, RELA, CASP8, PPARA, TIMP1, TGFB1, IL1A, STAT1, MAPK8, MPO, MMP3, MMP1, and NFE2L2."
PMC7076893,1,key,conclusion,paragraph,135,4,PPARG|ACACB|NFKB1|PPARA,,False,0.14285714285714285,13.857142857142858,high,"PPARG, PGH2, ACACB, and NFKB1 were key targets. The α-glucosidase inhibitors from RS might influence T2D progression through the type II diabetes mellitus and PPAR signaling pathways."
PMC7076893,2,key,results,paragraph,2,3,PPARG|ACACB|NFKB1,,False,0.046875,12.9375,low,"PPARG ( C d = 0.165, C b = 0.232, C c = 0.401), ACACB ( C d = 0.155, C b = 0.184, C c = 0.318), NFKB1 ( C d = 0.233, C b = 0.161, C c = 0.431), and PGH2 ( C d = 0.194, C b = 0.157, C c = 0.427) exhibited as key targets with the highest scores of centrality indices."
PMC7076893,3,hub,core subnetwork and critical pathways of the α -glucosidase inhibitors from rs,paragraph,130,4,MAPK1|MAPK3|PIK3R1|SLC25A1,,False,0.19047619047619047,12.80952380952381,medium,"Interestingly, chrysin, 5,8,2′-trihydroxy-7-methoxyflavone, MAPK1, MAPK3 and PIK3R1 were also hub nodes of the CTP network. Fig."
PMC9191557,1,potential,conclusion,paragraph,117,14,AKT1|IL6|VEGFA|MAPK1|STAT3|CASP3|PTGS2|FOS|MYC|JUN|MAPK14|BCL2L1|IL17A|SETD2,,False,0.3181818181818182,12.0,low,"AKT1, IL6, VEGFA, MAPK1, STAT3, CASP3, PTGS2, FOS, MYC, JUN, MAPK14, and BCL2L1 might be the potential targets. Moreover, the effect of DS on MIRI might be achieved by regulating the IL-17 signaling pathway, PI3K/Akt signaling pathway or HIF-1 signaling pathway."
PMC9191557,2,key,construction and analysis of protein interaction (ppi) network,paragraph,94,12,AKT1|IL6|VEGFA|MAPK1|STAT3|CASP3|PTGS2|FOS|MYC|JUN|MAPK14|BCL2L1,,False,0.14285714285714285,10.857142857142858,medium,"The PPI network was imported into Cytoscape 3.6.1 software and Cytohubba plug-in was used to analyze the key nodes of the above 61 genes. As shown in Figure 3 , AKT1, IL-6, vascular endothelial growth factor A (VEGFA), MAPK1, STAT3, CASP3, PTGS2, FOS, MYC, JUN, MAPK14, and BCL2L1 interacted with the other proteins in the highest frequency, and the interaction between targets was stronger and the degree value was larger, which indicated to play an important role in the PPI network."
PMC9191557,3,top,discussion,paragraph,115,3,AKT1|IL6|VEGFA,,False,0.08823529411764706,9.764705882352942,medium,"[ 38 , 39 ] In the present study, after analysis of PPI network, the top 3 proteins calculated by degrees were obtained. Respectively, they are AKT1 (RAC-alpha serine/threonine-protein kinase), IL-6, and VEGFA."
PMC9191557,4,potential,figure,caption,110,4,AKT1|PRDX2|IL6|VEGFA,,False,0.07407407407407407,8.481481481481481,low,Molecular docking between active compounds and main potential targets. (A) CPT act on AKT1; (B) Luteolin act on AKT1; (C) TSA act on AKT1; (D) CPT act on IL6; (E) Luteolin act on IL6; (F) TSA act on IL6; (G) CPT act on VEGFA; (H) Luteolin act on VEGFA; (I) TSA act on VEGFA.
PMC12163577,1,core,results,paragraph,2,4,MYC|IL6|IL1B|PTGS2,,False,0.18181818181818182,16.636363636363637,high,"Forty core targets of hesperetin for MASLD mitigation were identified. Notably, MYC, IL-6, IL1B, and PTGS2 had high network association values."
PMC12163577,2,core,discussion,paragraph,81,10,MYC|IL6|IL1B|PTGS2|CYCS|CCL2|CDKN1A|TGFB1|HMOX1|KDR,,False,0.25,16.0,medium,"To explore the core targets, we constructed a PPI network expressing protein interactions by the STRING database and Cytoscape software; MYC , IL-6 , IL1B , PTGS2 , CYCS , CCL2 , CDKN1 , TGFB1 , HMOX1 , and KDR might be the possible core targets warranting attention."
PMC12163577,3,potential,molecular docking,paragraph,15,5,CEBPA|IL1B|IL6|TGFB1|SOCS3,,False,0.18518518518518517,8.703703703703702,low,"Protein crystal structures of the potential targets ( CEBPA , IL1B , IL-6 , TGFB1 , SOCS3 , CYC3 ) were obtained from the Protein Data Bank (PDB) database ( https://www.rcsb.org/ )."
PMC12303444,1,core,abstract,paragraph,0,4,AKT1|ALB|STAT3|TNF,10,False,0.14814814814814814,13.962962962962962,high,"The top 5 active ingredients were quercetin, kaempferol, baicalin, tetrahydropalmatine, and luteolin, and the intersection of the top 10 core proteins were AKT1, ALB, STAT3, and TNF."
PMC12303444,2,core,4. discussion,paragraph,59,5,AKT1|ALB|STAT3|TNF|EMSLR,,False,0.07246376811594203,12.44927536231884,medium,"In conclusion, core target proteins AKT1, ALB, STAT3, and TNF all play important roles in the occurrence and development of EMS. However, how quercetin, kaempferol, baicalin, tetrahydropalmatine, and luteolin, which have good docking effects with the core target proteins, regulate their expression remains to be further verified by experiments In conclusion, the network pharmacology offers an approach to the specific pharmacological mechanism of the treatment of EMS by GXZYT."
PMC12303444,3,intersection,3.5. go function and kegg pathway enrichment analysis,paragraph,48,3,MAPK3|MAPK1|ATP8A2,,False,0.03896103896103896,6.779220779220779,low,"GO enrichment results showed that in BP, intersection genes were mainly related to protein phosphorylation, response to lipopolysaccharide, response to exogenous stimuli, positive regulation of ERK1 and ERK2 cascades, apoptosis, and proliferation; The results of cell component enrichment showed that the intersection genes were widely distributed in the plasma membrane, cell surface and cytoplasm; molecular functional enrichment indicated that intersection genes may affect protein tyrosine kinase activity, enzyme binding, ATP binding, DNA binding and steroid binding, etc."
PMC7718855,1,core,4. discussion,paragraph,46,5,PTGS2|PPARG|NOS2|NR3C1|COPD,,False,0.16129032258064516,14.225806451612904,medium,"Furthermore, based on the topological parameters of nodes in the component-target network, it was speculated that PTGS2, PPARG, NOS2, and NR3C1 were the core targets for BFYSF in treating COPD."
PMC7718855,2,core,figure,caption,38,3,COPD|PTGS2|NOS2,,False,0.12,13.4,medium,"Virtual docking of core components and core targets of BFYSF in treating COPD. The virtual docking of quercetin with PTGS2 (a) and NOS2 (c), respectively."
PMC7718855,3,core,3.4. core target enrichment analysis of bfysf in treating copd,paragraph,41,6,COPD|RIGI|NELFCD|TNF|MID1|HIF1A,,False,0.05309734513274336,11.061946902654867,low,"The above-mentioned core targets were mainly enriched into multiple KEGG pathways ( Figure 4(b) ), which revealed that these pathways exerted vital roles in BFYSF in treating COPD: (1) eleven immune-related pathways, including interleukin- (IL-) 17, FC ζ RI, RIG-I-like receptor, C-type lectin receptor, Th17 cell differentiation, NOD-like receptor, Toll-like receptor, T and B-cell receptor, Th1 and Th2 cell differentiation, and TNF; (2) four oxidative stress (OS) and inflammation related pathways, including the hypoxia-inducible factor 1 (HIF1), Fork head transcription factor O (FoxO), TNF, and JAK-STAT; (3) one protease/antiprotease imbalance related pathway, which was the transforming growth factor β (TGF- β ) signaling p"
PMC7718855,4,core,3.3. verification of the core compound-target network,paragraph,40,3,PTGS2|PPARG|NOS2,9,False,0.05263157894736842,6.052631578947368,low,"As seen from the binding free energy results shown in Table 1 , all the 9 core compounds had relatively tight bond to the 4 core targets. Among them, the compounds that showed most closely bound to PTGS2, PPARG, NOS2, and NRC31 were quercetin, gallic acid-3-O-(6′-O-galloyl)-glucoside, quercetin, and stigmasterol, respectively ( Figure 3 )."
PMC9359200,1,hub,results,paragraph,3,3,AKT1|PTGS2|CASP3,,False,0.08333333333333333,15.666666666666666,medium,"The main compounds have good affinities with hub targets, especially AKT1, PTGS2, and CASP3. GO and KEGG analysis showed that the main biological process and key targets were related to negative regulation of the apoptotic process."
PMC9359200,2,core,protein-protein interaction network,paragraph,34,9,AKT1|IL6|MAPK3|VEGFA|CASP3|JUN|MAPK8|EGF|MAPK1,,False,0.21428571428571427,13.0,medium,"Median of Degree = 32) were predicted as the core targets of YQCM action on ARHL. In this network, AKT1, IL-6, MAPK3, VEGFA, CASP3, JUN, MAPK8, EGF, PTSG2, and MAPK1 were the top 10 nodes in terms of degree value ( Table 2 )."
PMC9359200,3,top,discussion,paragraph,62,8,AKT1|IL6|VEGFA|JUN|MAPK8|PTGS2|EGF|MAPK1,,False,0.20512820512820512,13.0,medium,"In this study, AKT1, IL6, VEGFA, Caspase-3, JUN, MAPK8, PTGS2, EGF, and MAPK1 are the top 10 nodes with the highest degree value. It was speculated that they might be the key targets involved in YQCM against ARHL."
PMC9359200,4,potential,enrichment analysis of gene ontology and kegg pathway,paragraph,38,26,SETD2|CDKN1A|NOS3|EGF|STAT3|SERPINE1|HIF1A|EGFR|VEGFA|IL6|ERBB2|AKT1|MAPK1|HMOX1|MAPK3|IL10|MAPK8|CCND1|CAT|MDM2|GSK3B|IL2|IL4|MYC|SPP1|BCL2L1,,False,0.27956989247311825,8.0,low,"KEGG pathway analysis showed that the potential targets of YQCM action on ARHL were involved in 94 signalling pathways ( p < 0.05). These pathways are predominantly involved in the HIF-1 pathway (consist of targets of CDKN1A, NOS3, EGF, STAT3, SERPINE1, HIF1A, EGFR, VEGFA, IL6, ERBB2, AKT1, MAPK1, HMOX1, MAPK3), FoxO (consist of targets of IL10, CDKN1A, EGF, STAT3, EGFR, IL6, MAPK8, CCND1, CAT, MDM2, AKT1, MAPK1, MAPK3) and PI3K/AKT pathway (consist of targets of GSK3B, CDKN1A, NOS3, EGF, EGFR, IL2, VEGFA, IL4, IL6, CCND1, MYC, MDM2, SPP1, AKT1, MAPK1, BCL2L1, MAPK3)."
PMC9200514,1,key,4. discussion,paragraph,70,10,CCND1|CASP3|HIF1A|ESR1|ERBB2|MYC|PTEN|TP53|AKT1|EGFR,,False,0.3225806451612903,14.0,medium,"The common target PPI network analysis showed that the key targets of the SZHP in the treatment of dyslipidemia included CCND1, CASP3, HIF1A, ESR1, ERBB2, MYC, PTEN, TP53, AKT1, and EGFR."
PMC9200514,2,key,5. conclusion,paragraph,75,4,CCND1|CASP3|HIF1A|ESR1,,False,0.12121212121212122,12.424242424242424,high,"were potential active ingredients of the SZHP, and they act on key targets such as CCND1, CASP3, HIF1A, and ESR1 to regulate a variety of biological processes, molecular functions, cellular components, and pathways."
PMC11818921,1,key,2.6. network pharmacology predicts the potential anti-inflammatory pathways of compound 3,paragraph,34,9,TNF|IL6|BCL2|ESR1|SRC|MMP9|HIF1A|NFKB1|CCS,,False,0.15254237288135594,11.05084745762712,medium,"These key genes are TNF, IL-6, BCL2, ESR1, SRC, MMP9, HIF1A, and NFKB1, which may play a crucial role in the anti-inflammatory effect of 3 . In addition, the GO (Gene Ontology) included BPs (Biological Processes), CCs (Cellular Components), and MF (Molecular Function), and the top five items in each category were selected for bar charts ( Figure 7 )."
PMC7843179,1,key,abstract,paragraph,0,6,TP53|AKT1|MAPK3|PTGS2|BAX|BCL2,,False,0.14285714285714285,16.857142857142858,high,"TP53, AKT1, caspase 3, MAPK3, PTGS2, and BAX/BCL2 were related key targets in the identified enriched pathways and the PPI network. In addition, our molecular docking results showed that the bioactive compounds in FA can tightly bind to most target proteins."
PMC7843179,2,key,abstract,paragraph,0,6,PTGS2|HSP90AA1|CDK6|CASP3|BCL2|MMP9,,False,0.13636363636363635,16.727272727272727,high,"Prostaglandin G/H synthase 2 (PTGS2), heat shock protein 90 (HSP90), cell division protein kinase 6 (CDK6), caspase 3 (CASP3), apoptosis regulator Bcl-2 (Bcl-2), and matrix metalloproteinase-9 (MMP9) were identified as key targets of FA in the treatment of multiple diseases."
PMC7843179,3,key,figure,caption,37,16,AKT1|BAX|BCL2|IL2|INSR|MAPK1|MDM2|MMP9|NOS2|PPARA|PPARG|PTGS2|RELA|STAT1|TGFB1|TP53,20,False,0.21621621621621623,14.0,medium,The molecule docking results of 5 bioactive compounds in FA with 20 key target proteins in enriched pathways and PPI network. The list of potential target proteins is as follows: 1-Akt1; 2-BAX; 3-BCL2; 4-caspase 3; 5-IL-2; 6-INSR; 7-JNU; 8-MAPK1; 9-MAPK3-ERK; 10-MAPK8-JNK; 11-MDM2; 12-MMP9; 13-NOS2; 14-PPARA; 15-PPARG; 16-PTGS2; 17-RELA; 18-STAT1; 19-TGFB1; 20-tp53.
PMC7843179,4,core,3.4. compound-target-pathway and compound-target-disease networks analysis,paragraph,28,5,PTGS2|MMP9|PTGS1|CDK6|BCL2,,False,0.10869565217391304,11.173913043478262,medium,"Interestingly, the network diagram suggested that PTGS2 had the highest maximum betweenness centrality and was the core target gene. Several other genes also had larger betweenness centrality, such as MMP9, PTGS1, CDK6, and BCL2; thus, they might be key target genes for FA against other diseases."
PMC7843179,5,top,3.5. protein-protein interactions (ppi) network,paragraph,31,10,TP53|AKT1|JUN|ESR1|MAPK3|SRC|MAPK1|BCL2|CASP3|PTGS2,,False,0.2564102564102564,11.0,medium,"The top targets with the greatest degree were TP53 (degree = 75), AKT1 (degree = 71), JUN (degree = 67), ESR (degree = 65), MAPK3 (degree = 65), SRC (degree = 65), MAPK1 (degree = 62), BCL2 (degree = 60), CASP3 (degree = 55), and PTGS2 (degree = 52)."
PMC7843179,6,key,4. discussion,paragraph,44,5,TP53|AKT1|PTGS2|BCL2|BAX,,False,0.1,11.0,medium,"As predicted by the PPI network, the main hubs, such as TP53, AKT1, caspase 3, ERK, PTGS2 BCL2, and BAX, are likely key nodes regulated by FA in the treatment of diseases. Most of these targets have already been verified to be significantly associated with cardiovascular diseases and different cancers."
PMC7843179,7,potential,3.2. go enrichment analysis,paragraph,19,4,PPARG|STAT1|BAX|TP53,40,False,0.10810810810810811,1.1621621621621623,low,"As Figure 2(b) shows, red cells in the matrix represent the 40 potential targets of FA and their related biological processes. The most frequently occurring protein targets were PPARG, TGF- β 1, STAT1, BAX, and TP53."
PMC8816580,1,potential,3.6. potential targets of cr on lps and glucose metabolism to combat mdd,paragraph,48,3,SERPINE1|IL1B|IRF6,,False,0.075,4.5,low,"A Venn diagram ( Figure 4(e) ) displays the overlap of 2 significant targets, namely, SERPINE1 and IL1B, indicating that PAI-1 (SERPINE1) and IL-1B (IL1B) may be potential targets of CR regarding LPS and glucose metabolism to combat MDD."
PMC12067316,1,key,4 discussion,paragraph,97,13,STAT3|PIK3R1|AKT1|PARP1|ICAM1|DPP4|KLKB1|F2|F10|PTPN6|FABP3|SLC37A4|CASP1,13,True,0.41935483870967744,20.0,high,"Through a combined analysis of network pharmacology and proteomics, 13 key target proteins were identified: STAT3, PIK3R1, AKT1, PARP1, ICAM1, DPP4, KLKB1, F2, F10, PTPN6, FABP3, SLC37A4, and CASP1 ( Figure 10 )."
PMC12067316,2,core,3.5 quantitative proteomics analysis,paragraph,86,5,ACTB|AKT1|ATP5F1A|FN1|SDHA,,False,0.2,13.0,medium,"ACTB, AKT1, ATP5A1, FN1, SDHA and other proteins are the core nodes in the network, and the detailed node parameters are shown in Table 5 ."
PMC12067316,3,key,4 discussion,paragraph,97,4,SETD2|STAT3|PIK3R1|AKT1,,False,0.2222222222222222,13.0,medium,"Finally, immunohistochemistry experiments validated the core pathways and key targets, including HIF-1α, VEGF, STAT3, PIK3R1, and AKT1."
PMC12067316,4,core,figure,caption,90,3,AKT1|STAT3|PIK3R1,,False,0.08108108108108109,12.621621621621621,medium,"(A) Veen diagram of core targets of Huangkui capsule based on proteomics and network pharmacology. (B, C) Comparison of AKT1, STAT3 and PIK3R1 protein expression levels in the kidney tissues of rats in each group (immunohistochemistry × 400)."
PMC12067316,5,core,3.4 network pharmacology analysis,paragraph,55,7,TNF|ALB|AKT1|STAT3|CASP3|EGFR|MMP9,,False,0.12280701754385964,10.456140350877192,medium,"A PPI (Protein-Protein Interaction) network diagram was constructed for these core intersecting targets, which included key core genes such as TNF (Tumor Necrosis Factor), ALB (Albumin), AKT1 (Protein Kinase B), STAT3 (Signal Transducer and Activator of Transcription 3), CASP3 (Signal Transducer and Activator of Transcription 3), EGFR (Epidermal Growth Factor Receptor), and MMP9 (Matrix Metalloproteinase 9)."
PMC12067316,6,overlap,results,paragraph,2,5,CGN|STAT3|PIK3R1|AKT1|SETD2,13,False,0.15151515151515152,10.030303030303031,low,"Network pharmacology identified 462 targets related to HKC and 1,835 targets associated with CGN, with 13 overlapping targets, including STAT3, PIK3R1, AKT1, HIF-1α, and VEGF, which were downregulated following HKC treatment."
PMC12067316,7,top,3.4 network pharmacology analysis,paragraph,55,3,TNF|SETD2|IL17A,,False,0.05454545454545454,6.090909090909091,low,"We selected the top 15 target proteins for further GO (Gene Ontology) and KEGG (Kyoto Encyclopedia of Genes and Genomes) enrichment analysis. The results showed that the genes were mainly enriched in signaling pathways such as PI3K-Akt, TNF, Rap1, MAPK, HIF-1α, Ras, IL-17, VEGF, T cell receptor, and JAK-STAT ( Figure 5 )."
PMC12991575,1,core,figure,caption,50,5,EGFR|SETD2|PTGS2|SRC|TNF,4,True,0.07352941176470588,19.470588235294116,high,"(B) the visualization images of quercetin docking with 4 core targets; and (C) the visualization images of the 4 core targets docked with the best affinity components. EGFR = epidermal growth factor receptor, HIF-1 = hypoxia-inducible factor 1, MAPK = mitogen-activated protein kinase, PI3K-Akt = phosphoinositide 3-kinase/protein kinase B, PTGS2 = prostaglandin G/H synthase 2, SRC = proto-oncogene tyrosine-protein kinase Src, TNF = tumor necrosis factor."
PMC12991575,2,core,4. discussion,paragraph,56,4,TNF|PTGS2|EGFR|SRC,4,True,0.13793103448275862,17.758620689655174,high,"roxburghii Tratt., we performed a molecular docking to identify 4 core targets – TNF, PTGS2, EGFR, and SRC – that are central to the fracture healing effects of R. roxburghii Tratt."
PMC10615469,1,hub,3.5. ppi network and md results,paragraph,22,5,ACTB|AKT1|TNF|HSP90AA1|EGFR,6,True,0.08196721311475409,21.639344262295083,high,"The 6 HUB targets with the highest degree values for molecular docking were chosen from among them. They were actin, cytoplasmic 1 (ACTB) (degree 82), RAC-alpha Ser/Thr protein kinase (AKT1) (degree 78), tumor necrosis factor (TNF) (degree 72), heat shock protein 90-alpha (HSP90AA1) (degree 69), transcription factor Jun (degree 64), and epidermal growth factor receptor (EGFR) (degree 63)."
PMC10615469,2,top,3.5. ppi network and md results,paragraph,25,6,ACTB|ID1|AKT1|TNF|HSP90AA1|EGFR,,False,0.13953488372093023,15.790697674418604,high,"For molecular docking, we selected the top 6 targets with high degree values as protein receptors: ACTB (PDB ID: 6NBW), AKT1 (PDB ID: 4GV1), TNF (PDB ID: 7KP9), HSP90AA1 (PDB ID: 3T10), transcription factor Jun (PDB ID: 5FV8), and EGFR (PDB ID: 3POZ)."
PMC10615469,3,hub,4. discussion,paragraph,39,3,TNF|EGFR|HSP90AA1,6,False,0.07142857142857142,10.928571428571429,medium,"We conducted network analysis to test the key active components in JXOL against 6 HUB targets. Molecular docking revealed that these active compounds exhibited strong binding activity with TNF, EGFR, and HSP90AA1 proteins, with docking scores typically below -6 kcal/mol (Fig."
PMC8121566,1,core,5. conclusions,paragraph,129,5,VEGFA|IL6|TNF|AKT1|TP53,,False,0.14285714285714285,15.857142857142858,high,"Then, we validated the core targets and key components by molecular docking technology. The results showed that quercetin, formononetin, kaempferol, isorhamnetin, and beta-sitosterol had good binding activity with VEGFA, IL6, TNF, AKT1, and TP53."
PMC8121566,2,potential,5. conclusions,paragraph,129,6,VEGFA|IL6|TNF|AKT1|TP53|HGD,,False,0.1,10.0,low,"VEGFA, IL6, TNF, AKT1, and TP53 may be potential targets of HGD in treating DN. These results suggest that the antidiabetic nephropathy effect of HGD may be related to its direct or indirect regulation of the above potential targets and pathways, which provides a theoretical basis and research ideas for the clinical application of HGD in the treatment of DN."
PMC10607277,1,hub,abstract,paragraph,0,6,HPSE|IL1B|GSK3B|NOS3|RELA|CDK4,,False,0.25,21.0,high,"We verified the hub genes by molecular docking, GEPIA, HPA and starBase database. We identified five hub genes: IL1B, GSK3B, NOS3, RELA and CDK4 ."
PMC10607277,2,hub,abstract,paragraph,0,5,IL1B|GSK3B|NOS3|RELA|CDK4,,False,0.07936507936507936,18.58730158730159,medium,"We identified five hub genes: IL1B, GSK3B, NOS3, RELA and CDK4 . GO analysis results suggested that the anti-colorectal cancer effect of geniposide by regulating oxidative stress is possibly related to the influence of multiple biological processes, including response to temperature stimulus, response to alkaloid, nitric oxide biosynthetic process, nitric oxide metabolic process, reactive nitrogen species metabolic process, cellular response to peptide, etc."
PMC10607277,3,core,2.3. screening of core genes,paragraph,14,34,DNMT1|HSP90AA1|PTPN1|ESR1|PTK2|RELA|CDK4|CDK5|ADRB1|MAPKAPK2|TRPV1|CDK2|NOS3|JAK2|MIF|GSK3B|ACHE|MMP3|NR3C1|HSP90AB1|ADRB3|MMP1|BCL2|ELANE|HDAC2|RAC1|PRKCB|BCL2L1|GAPDH|HSPA8|HSPA5|CHEK1|FOXO1|IL1B,34,True,0.41975308641975306,17.0,high,"In order to explore the role of geniposide regulating oxidative stress against colorectal cancer, we intersected the targets of geniposide with the most critical module genes and oxidative stress-related genes in CRC, and obtained a total of 34 core genes as shown in Figure 4 , including DNMT1, HSP90AA1, PTPN1, ESR1, PTK2, RELA, CDK4, CDK5, ADRB1, MAPKAPK2, TRPV1, CDK2, NOS3, JAK2, MIF, GSK3B, ACHE, MMP3, NR3C1, HSP90AB1, ADRB3, MMP1, BCL2, ELANE, HDAC2, RAC1, PRKCB, BCL2L1, GAPDH, HSPA8, HSPA5, CHEK1, FOXO1, IL1B ."
PMC10607277,4,hub,2.5. hub genes screening and correlation analysis of pyroptosis-related genes,paragraph,48,10,IL1A|IL1B|IL18|GZMB|GZMA|GSDMB|CYCS|CHMP2B|CASP5|BAK1,,False,0.29411764705882354,14.0,medium,"In order to explore the correlation between hub genes and pyroptotic genes, we conducted a correlation analysis between hub genes and pyroptotic hotspot genes (IL1A, IL1B, IL18, GZMB, GZMA, GSDMB, CYCS, CHMP2B, CASP5, BAK1 )."
PMC10607277,5,hub,3. discussion,paragraph,74,3,IL1B|CDK4|RELA,,False,0.08333333333333333,12.666666666666666,medium,"Therefore, we also conducted a study on the correlation between hub genes and hotspot pyrogenic genes, the result of which suggested that hub genes were closely related to pyroptosis hotspot genes, especially IL1B, CDK4 and RELA ."
PMC10607277,6,hub,3. discussion,paragraph,77,3,ST6GALNAC4|IL1B|NOS3,,False,0.05454545454545454,12.09090909090909,low,"We discovered that the mRNA levels of five hub genes were significantly expressed in CRC tissues, and the prognostic value of ILIB was significantly different ( p -value < 0.05). With the evolution of pathological stages (Stage I to Stage IV), the mRNA expression of IL1B gradually decreased, while the mRNA expression of NOS3 gradually increased."
PMC10607277,7,core,2.5. hub genes screening and correlation analysis of pyroptosis-related genes,paragraph,48,18,IL1B|GSK3B|NOS3|RELA|CDK4|HSP90AB1|NR3C1|FOXO1|JAK2|CDK2|HSPA8|CDK5|HSPA5|CHEK1|HDAC2|PTK2|DNMT1|PTPN1,34,False,0.4090909090909091,9.0,medium,"As shown in Figure 10 , we screened 34 core genes and found that when the degree value was greater than the average, 18 genes were selected ( IL1B, GSK3B, NOS3, RELA, CDK4, HSP90AB1, NR3C1, FOXO1, JAK2, CDK2, HSPA8, CDK5, HSPA5, CHEK1, HDAC2, PTK2, DNMT1, PTPN1 )."
PMC7673937,1,key,abstract,paragraph,0,4,JUN|MAPK1|RELA|TYRP1,,False,0.07272727272727272,14.454545454545455,medium,"The key targets of GTF for cancer-related pain were Jun proto-oncogene (JUN), mitogen-activated protein kinase 1 (MAPK1), and RELA proto-oncogene (RELA). 2204 GO entries and 148 pathways were obtained by GO and KEGG enrichment, respectively, which proved that chemokine, MAPK, and transient receptor potential (TRP) channels can be regulated by GTF."
PMC7673937,2,hub,3.2. ppi network,paragraph,18,7,JUN|MAPK1|RELA|RB1|NFKB1|TNF|ESR1,,False,0.12962962962962962,13.592592592592592,medium,"As shown in Figure 2(b) , the hub genes in the network screened by cytoHubba plug-in were JUN (degree = 28), MAPK1 (degree = 25), RELA (degree = 22), etc. Among them, RELA, RB1, NFKB1, TNF, and ESR1 had the function of regulating inflammatory response (GO: 0050727) and cellular response to reactive oxygen species (GO: 0034614)."
PMC8100455,1,hub,molecular docking verification of core compounds and core protein targets,paragraph,65,6,STAT3|PTGS2|JUN|VEGFA|EGFR|ALOX5,,False,0.2222222222222222,14.0,medium,"The hub protein targets were identified by top 5 node degree of PPI network and seed node of clusters, included STAT3, PTGS2, JUN, VEGFA, EGFR, and ALOX5."
PMC8100455,2,potential,discussion,paragraph,74,10,ALOX5|LOX|ALOX15|PTGS1|COX1|PTGS2|COX2|CYP2B6|CYP2C9|CYP2C19,,False,0.17857142857142858,10.571428571428571,low,"Our results suggested that the core potential targets of MGMD were intensively enriched in the pathways related to SPMs biosynthesis, including ALOX5 (5-LOX), ALOX15 (15-LOX), PTGS1 (COX1), PTGS2 (COX2), cytochrome P450 proteins CYP2C9 and CYP2C19, which paly pivotal role in the resolution of inflammation in asthma ( Schett and Neurath, 2018 ; Kytikova et al., 2019 )."
PMC8100455,3,potential,discussion,paragraph,75,4,STAT3|JUN|EGFR|VEGFA,,False,0.10256410256410256,8.051282051282051,low,"Furthermore, STAT3, JUN, EGFR, and VEGFA were also the core potential targets in our PPI network results. STAT3 and JUN are closely related to the pathological process of asthma ( Simeone-Penney et al., 2007 ; García-Menaya et al., 2019 )."
PMC11847854,1,key,results,paragraph,2,4,BCL2|ESR1|HIF1A|STAT3,,False,0.08333333333333333,13.666666666666666,medium,"A least of four key targets, namely BCL2 apoptosis regulator (BCL2), estrogen receptor 1 (ESR1), hypoxia-inducible factor 1 subunit alpha (HIF1A), and signal transducer and activator of transcription 3 (STAT3) were identified in this study, and molecular docking analyses revealed that SSA stably binds to these targets."
PMC11366254,1,core,results,paragraph,2,5,AKT1|TP53|TNF|ALB|VEGFA,,False,0.19230769230769232,17.846153846153847,high,"Five core targets were screened, Threonine kinase 1 (AKT1), Cellular tumor antigen p53 (TP53), Tumor necrosis factor (TNF), Albumin (ALB) and Vascular endothelial growthfactor A (VEGFA)."
PMC11544044,1,core,figure,caption,120,3,HYCC1|MAPK1|AKR1C3,,False,0.08571428571428572,12.714285714285715,medium,"Differential expression of four core genes in normal tissues and HCC Analysis expression in HCC and adjacent normal tissue (A), survival analysis based on UALCAN database (B) and Immunohistochemical images of MAPK1 and AKR1C3 (C)."
PMC11544044,2,core,discussion,paragraph,149,3,AKR1C3|HYCC1|MAP2K7,,False,0.05454545454545454,10.09090909090909,low,"According to previous reports, the AKR1C3 gene was identified as a potential core targets for HCC therapy, playing a role in controlling cell growth and/or differentiation [ 96 ]. It further activated the essential signaling pathways such as MEK/ERK and androgen receptor pathways, contributing to aggressive growth and colony formation of HCC cells [ 97 , 98 ]."
PMC12230579,1,core,5 conclusion,paragraph,107,7,ALDH2|CDS1|ODC1|IDH1|NOS3|UGT2B7|HMOX1,,False,0.17073170731707318,16.414634146341463,high,"Reverse screening and target-component validation confirmed the high predictive reliability of seven core targets, including ALDH2, CDS1, ODC1, IDH1, NOS3, UGT2B7, and HMOX-1, as evidenced by the tight ligand conformation overlap and prominent ligand affinity-driven target residue clustering."
PMC12230579,2,core,4 discussion,paragraph,104,8,IDH1|SDHB|SDHD|PLA2G2A|PLA2G5|ALDH2|HMOX1|NOS3,,False,0.11428571428571428,13.285714285714285,medium,"The results of enrichment analysis showed that the core targets, such as UGT2B/GST families (chemoresistance/detoxification), mitochondrial regulators (IDH1/SDHB/SDHD; TCA cycle/metabolic-epigenetic crosstalk), PLA2G2A/PLA2G5 (lipid-inflammatory signaling via arachidonic acid metabolism), ALDH2 (aldehyde detoxification/redox balance), HMOX1 (heme degradation/oxidative stress resolution), and NOS3 (NO-mediated vascular homeostasis) converge on a multidimensional network spanning glutathione/phospholipid metabolism (GO), chemical carcinogenesis (KEGG), and drug resistance pathways."
PMC7753939,1,core,3.2.1. core targets in protein-protein interaction (ppi),paragraph,26,21,TNF|IGF1|IL1B|GPT|CCL2|HGF|TLR4|PPARG|GOT2|LDLR|MMP1|F2|DCN|GLUL|PPARA|THBS1|JAK2|CFTR|PLAT|OAT|GPX8,22,True,0.4117647058823529,18.0,high,"According to the screening criteria of the degree score above the average value and the confidence score above 0.9, 22 core targets were obtained, including TNF, IGF1, IL1B, GPT, CCL2, HGF, TLR4, PPARG, GOT2, LDLR, MMP1, F2, DCN, ACE, GLUL, PPARA, THBS1, JAK2, CFTR, PLAT, OAT, and GPX8 ( Figure 3 )."
PMC7753939,2,potential,4. discussion,paragraph,34,4,PPARA|PPARD|PPARG|NR1H3,,False,0.10526315789473684,8.105263157894736,low,"Most potential targets of JZD in Figure 2 belong to NR1 subfamily, including PPARs (peroxisome proliferator-activated receptors, PPARA/PPAR α , PPARD/PPAR β / δ , PPARG/PPAR γ ; NR1C1-3) and LXR α (liver X receptor α ; NR1H3)."
PMC9992681,1,hub,construction of the ppi network and screening of hub targets,paragraph,14,10,AKT1|ESR1|EGFR|SRC|CASP3|HSP90AA1|IGF1|MDM2|RHOA|MAPK1,10,True,0.37037037037037035,19.0,high,"Finally, the top 10 hub targets were precisely aligned as AKT1, ESR1, EGFR, SRC, CASP3, HSP90AA1, IGF1, MDM2, RHOA, and MAPK1 (Fig. 4 b and Table 1 )."
PMC9992681,2,hub,abstract,paragraph,0,8,AKT1|ESR1|HSP90AA1|CASP3|SRC|MDM2|IGF1|MID1,,False,0.12903225806451613,18.580645161290324,high,"In addition, RD treatment of BC seemed to involve the regulation of hub targets that were identified based on PPI interaction network analysis. Validation in different databases showed that AKT1, ESR1, HSP90AA1, CASP3, SRC and MDM2 may be involved in the carcinogenesis and progression of BC and that ESR1, IGF1 and HSP90AA1 were correlated with worse overall survival (OS) in BC patients."
PMC9992681,3,hub,validation of hub targets in different databases,paragraph,30,7,AKT1|ESR1|HSP90AA1|CASP3|SRC|MDM2|MAPK1,7,True,0.12280701754385964,17.45614035087719,high,"In turn, the other 7 hub targets were expressed to different degrees between normal breast tissues and BC tissues, indicating that there were significant differences. Compared with normal breast tissues, the expression levels of AKT1, ESR1, HSP90AA1, CASP3, SRC, and MDM2 were increased in BC tissues, while the expression levels of MAPK1 were decreased in BC tissues."
PMC9992681,4,hub,molecular docking validation,paragraph,83,12,IDS|AKT1|ID1|ESR1|EGFR|SRC|CASP3|HSP90AA1|IGF1|MDM2|RHOA|MAPK1,,False,0.21818181818181817,15.0,medium,"The PDB IDs corresponding to the hub target proteins selected in this study were AKT1 (PDB ID: 4EJN), ESR1 (PDB ID: 3W2S), EGFR (PDB ID: 4XI3), SRC (PDB ID: 2XJX), CASP3 (PDB ID: 1RE1), HSP90AA1 (PDB ID: 2BDF), IGF1 (PDB ID: 3D94), MDM2 (PDB ID: 3lW8), RHOA (PDB ID: 3lBK), and MAPK1 (PDB ID: 5K4I)."
PMC9992681,5,hub,validation of hub targets in different databases,paragraph,36,5,AKT1|EGFR|ESR1|SRC|MDM2,10,False,0.1282051282051282,10.064102564102564,medium,"These results indicated that the types of genetic variation in 10 hub targets included gene mutation, gene amplification, deep deletion and multiple alterations, of which the mutation type in AKT1, EGFR, ESR1, SRC, and MDM2 was mainly gene amplification."
PMC9992681,6,hub,validation of hub targets in different databases,paragraph,36,3,AKT1|MDM2|IGF1,10,False,0.057692307692307696,6.653846153846153,low,"8 a, the overall alteration rate of 10 hub targets was 19% (159/818), and the genetic alteration rate of individual genes varied from 0.2 to 4%, of which the variation rate of AKT1 and MDM2 was the highest (4%) and the variation rate of IGF1 was the lowest (0.2%)."
PMC9192323,1,core,4. discussion,paragraph,23,6,CXCL8|MAPK1|AKT1|SRC|VEGFA|IL6,6,True,0.13636363636363635,18.727272727272727,high,"Then, module analysis of the 113 key OGEs was performed using MCODE and the CytoNCA plugin to obtain 6 core genes (CXCL8, MAPK1, AKT1, SRC, VEGFA, and IL-6), which might play important roles in the effects of JQH against WD-associated liver fibrosis."
PMC9192323,2,core,3.5. molecular docking of key compounds and core target genes,paragraph,18,7,DCDC2|CXCL8|MAPK1|AKT1|SRC|VEGFA|IL6,6,True,0.21875,18.0,high,"It contains 8 key active components including quercetin, luteolin, obacunone, palmatine, kaempferol, bisdemethoxycurcumin, wenjine, and NSC 122421, 6 core genes including CXCL8, MAPK1, AKT1, SRC, VEGFA, and IL-6 ( Figure 6(a) )."
PMC9192323,3,core,abstract,paragraph,0,4,CXCL8|MAPK1|AKT1|EGFR,6,False,0.07017543859649122,14.403508771929825,medium,"The results indicated that 8 key active compounds including quercetin, luteolin, and obacunone in JHQ might affect the 6 core proteins including CXCL8, MAPK1, and AKT1 and 107 related signaling pathways including EGFR tyrosine kinase inhibitor resistance, Kaposi sarcoma-associated herpesvirus infection, and human cytomegalovirus infection signaling pathways to exhibit curative effects on WD-associated liver fibrosis."
PMC9192323,4,hub,2.3. screening of core target genes and enrichment analysis,paragraph,7,3,DCX|LCT|ERMAP,,False,0.06,9.2,medium,"Genes in clusters established by MCODE are called hub targets. Then, we used the CytoNCA plugin to analyze the preliminary hub network to obtain network topological parameters such as betweenness centrality (BC), closeness centrality (CC), degree centrality (DC), local average connectivity (LAC), neighbor connectivity (NC), and subgraph centrality (SC) [ 29 ]."
PMC12860169,1,core,construction and analysis of the ppi network,paragraph,24,9,PIK3CB|ERBB2|SRC|MTOR|JUN|GSK3B|STAT3|PIK3CA|EGFR,10,True,0.21428571428571427,18.0,high,"Further topological analysis was performed using Cytoscape software, and 10 core genes were selected based on topological parameters analyzed via the CytoNCA plugin (Table 1 ). These core genes included PIK3CB, ERBB2, SRC, MTOR, JUN, GSK3B, STAT3, PIK3CA, EGFR, and TGF-β1 (Fig."
PMC12860169,2,core,construction and analysis of the ppi network,paragraph,29,12,PIK3CB|ERBB2|SRC|MTOR|JUN|GSK3B|STAT3|PIK3CA|EGFR|TGFB1|DCX|LCT,,False,0.0784313725490196,11.568627450980392,medium,"Table 2 Information of topology parameters of core targets PIK3CB ERBB2 SRC MTOR JUN GSK3B STAT3 PIK3CA EGFR TGFB1 BC 6.215 14.636 9.275 13.939 17.71 10.176 13.187 16.336 19.673 10.398 CC 0.793 0.92 0.852 0.92 0.958 0.821 0.92 0.92 1 0.821 DC 17 21 19 21 22 18 21 21 23 18 EC 0.213 0.252 0.235 0.253 0.259 0.22 0.254 0.248 0.27 0.217 LAC 12.353 13.905 13.368 14.19 14.091 12.222 14.19 13.429 14.696 11.778 NC 14.809 19.494 17.073 19.876 21.063 15.285 19.743 19.185 23 14.888 Abbreviation: BC Betweenness Centrality, CC Closeness Centrality, DC Degree Centrality, EC Eigenvector Centrality, LAC Local Average Connectivity, NC Network Centrality"
PMC12860169,3,hub,disscusion,paragraph,68,3,JUN|SRC|ERBB2,,False,0.07692307692307693,10.538461538461538,medium,"In this study, four key hub genes—including TGF-β1, JUN, SRC, and ERBB2—were identified through PPI network construction and machine learning-based analyses, suggesting that liriodenine may exert its antitumor effects by modulating multiple critical signaling pathways."
PMC12444918,1,hub,therapeutic targets of ginseng folium in dn,paragraph,40,10,CCL2|NFKB1|IFNG|CRP|IL1B|STAT3|ICAM1|PPARG|ALB|NOS3,10,True,0.5263157894736842,19.0,high,"The top 10 hub genes were identified as CCL2, NFKB1, IFNG, CRP, IL1B, STAT3, ICAM1, PPARG, ALB, and NOS3."
PMC12444918,2,key,discussion,paragraph,73,4,CCL2|IL1B|PPARA|RHAG,,False,0.10526315789473684,10.105263157894736,medium,"Our molecular docking simulations verified that the key targets, including CCL2, IL-1β, and PPARγ, exhibit strong binding activity with the core components of ginseng folium, such as Gypnoside V_qt, 20-(R)-ginsenoside Rh2_qt, ginsenoside-Rg3_qt, and PPD."
PMC9578366,1,core,abstract,paragraph,0,8,EGFR|TP53|TNF|JAK2|NR3C1|TH|COMT|DRD2,,False,0.16326530612244897,17.26530612244898,high,"A total of 42 HSYFD targets oriented by COVID-19 clinical symptom were obtained, with EGFR, TP53, TNF, JAK2, NR3C1, TH, COMT, and DRD2 as the core targets. Enriched pathway analysis yielded multiple COVID-19-related signaling pathways, such as the PI3K/AKT signaling pathway and JAK-STAT pathway."
PMC9578366,2,key,conclusions,paragraph,135,7,COMT|DRD2|EGFR|JAK2|NR3C1|TNF|TP53,,False,0.19444444444444445,15.88888888888889,high,"MAPK signaling pathway, PI3K/AKT signaling pathway, and JAK-STAT pathway were recognized as the key pathways of HSYFD for confronting COVID-19, with COMT, DRD2, EGFR, JAK2, NR3C1, TNF, and TP53 as the key targets."
PMC9578366,3,core,abstract,paragraph,0,3,COMT|JAK2|NR3C1,,False,0.046875,13.9375,low,"Molecular docking showed that the key compounds, such as 6-gingerol, 10-gingerol, and scopoletin, had high binding activity to the core targets like COMT, JAK2, and NR3C1. Our work also verified the feasibility of clinical symptom-guided network pharmacology analysis of chemical compounds, and provided a possible agreement between the points of views of traditional Chinese medicine and western medicine on the disease."
PMC9578366,4,core,molecular docking results,paragraph,126,4,COMT|JAK2|NR3C1|TP53,,False,0.05714285714285714,13.142857142857142,low,"22 Results showed that the binding energies of almost all core targets to the molecules less than −5.0 kcal/mol ( Figure 5 ). For example, the binding energies of COMT, JAK2, NR3C1, and TP53 to 6-gingerol were −5.8, −6.6, −6.7, and −5.8 kcal/mol, indicating that they displayed good binding activities, which was largely consistent with the previous compound-target result by network pharmacology analysis."
PMC9578366,5,core,go and kegg analyses of potential targets of the active ingredient of hsyfd,paragraph,84,5,TNF|TP53|EGFR|JAK2|BSG,,False,0.07692307692307693,10.538461538461538,medium,"For instance, both MAPK and PI3K/AKT signaling pathways contain multiple core targets (TNF, TP53, EGFR, and JAK2). It was reported that the MAPK pathway could regulate many cellular processes and were essential for immune cell function, 18 and the PI3K/AKT signaling pathway was associated with the activation of both CD147 and furin, which was also involved in the endocytosis of SARS-CoV-2."
PMC10589576,1,hub,3.4. ppi data and enrichment analysis results,paragraph,21,10,AKT1|TP53|IL6|TNF|VEGFA|CASP3|IL1B|MYC|PTGS2|EGFR,,False,0.4166666666666667,19.0,high,"The first 10 genes, which were identified as hub genes, are AKT1, TP53, IL6, TNF, VEGFA, CASP3, IL1B, MYC, PTGS2, and EGFR (Fig. 6 )."
PMC8779036,1,top,3.2.2. ppi network,paragraph,39,11,SRC|MAPK3|MTOR|MAPK1|GSK3B|JAK2|ESR1|AR|PIK3CA|BCL2L1|SIRT1,,False,0.21153846153846154,12.0,medium,"The nodes in the network were ranked according to the magnitude of the degree value and the top 10 proteins with the highest connectivity were selected, including cell growth, proliferation, and differentiation-related SRC, MAPK3, MTOR, MAPK1, GSK3B, and JAK2; hormone-related ESR1 and AR; and apoptosis-related PIK3CA, BCL2L1, and SIRT1."
PMC12560116,1,core,5. conclusion,paragraph,44,8,JUN|TNF|AKT1|IL1B|PPARG|MAPK8|CASP3|PTGS2,,False,0.21621621621621623,17.0,high,"Furthermore, we constructed a PPI network and identified eight core targets, including JUN, TNF, AKT1, IL1B, PPARG, MAPK8, CASP3, and PTGS2. Future studies will aim to validate these findings through additional in vitro and in vivo experiments."
PMC12560116,2,core,3.4. ppi network construction and identification of core targets,paragraph,25,9,DCX|JUN|TNF|AKT1|IL1B|PPARG|MAPK8|CASP3|PTGS2,,False,0.140625,11.8125,medium,"Targets with BC > 40.153, CC > 0.063, and DC > 15.693 were considered core targets, resulting in a total of eight key targets, including Jun proto‐oncogene (JUN), TNF, AKT serine/threonine kinase 1 (AKT1), interleukin 1 beta (IL1B), peroxisome proliferator‐activated receptor gamma (PPARG), mitogen‐activated protein kinase 8 (MAPK8), caspase 3 (CASP3), and prostaglandin‐endoperoxide synthase 2 (PTGS2) (Figure 6 B)."
PMC9578855,1,core,results,paragraph,2,6,IL1B|PTGS2|CXCL8|CCL2|MYC|IL2,,False,0.13636363636363635,16.727272727272727,high,"Major targets against AS in the PPI network and core targets analyses were identified as IL-1B, PTGS2, IL-8, nMMP-9, CCL2, MYC, and IL-2. Furthermore, molecular docking studies showed the strong affinity between EU's bioactive molecules and their AS targets."
PMC9304584,1,core,abstract,paragraph,0,5,GAPDH|MMP9|CCNA2|RRM2|CHEK1,,False,0.125,17.5,high,"PPI network core genes include GAPDH, MMP9, CCNA2, RRM2, CHEK1, etc. GO analysis indicated that trastuzumab treats breast cancer through abundant biological processes, especially positive regulation of phospholipase activity, linoleic acid metabolic process, and negative regulation of endothelial cell proliferation."
PMC9304584,2,key,discussion,paragraph,45,3,MMP9|CCNA2|GAPDH,,False,0.07692307692307693,9.538461538461538,medium,"And through the construction and analysis of the PPI network, we got several key genes such as GADPH, MMP9, CCNA2 and so on. In the images we obtained in the study, GAPDH is down-regulated in various cancer cells."
PMC6920415,1,core,discussion,paragraph,57,6,ART4|TP53|ESR1|AKT1|STAT3|MAPK1,,False,0.10909090909090909,12.181818181818182,medium,"In conclusion, the cardioprotective effect of the bioactive components of SMDOCH, such as tanshinone IIA from SM as well as formononetin and butin from DO, can be explained, at least in part, by the biological processes ‘vascular endothelial function regulation’, ‘inflammatory response’, and ‘lipid metabolism’ through the core targets TP53, ESR1, AKT1, STAT3, and MAPK1."
PMC11958725,1,core,potential targets and ppi network analysis,paragraph,30,10,ESR1|SRC|PPARG|BCL2|PARP1|KDR|APP|MMP9|ATP8A2|ABCG2,10,True,0.1724137931034483,18.448275862068968,high,"A screening revealed the top 10 core targets to be: Estrogen Receptor 1 (ESR1), Sarcoma Gene (SRC), Peroxisome Proliferator Activated Receptor Gamma Gene (PPARG), B-cell Lymphoma-2 (BCL2), Poly (ADP-ribose) Polymerase 1 (PARP1), Kinase Insert Domain Receptor (KDR), Amyloid Precursor Protein (APP), Matrix Metalloproteinase 9 (MMP9), and ATP Binding Cassette Subfamily G Member 2 (ABCG2) (Fig."
PMC11958725,2,key,discussion,paragraph,69,4,ESR1|PPARG|BCL2|COPD,,False,0.11428571428571428,11.285714285714285,medium,"The results showed that HE has a strong binding activity to ESR1, PPARG, BCL2, and other key targets. Consequently, we hypothesize that HE can be utilized as an active ingredient of TCM for COPD treatment."
PMC12431576,1,key,discussion,paragraph,58,5,AKT1|TNF|TP53|PTGS2|CASP3,5,True,0.14705882352941177,17.941176470588236,high,"The results of PPI network analysis showed that the 5 key targets were AKT1, TNF, TP53, PTGS2, and CASP3. And the results of molecular docking showed that yunweiling had good binding activity with them."
PMC12431576,2,core,discussion,paragraph,62,3,AKT1|TNF|TP53,,False,0.06976744186046512,10.395348837209303,medium,"Although core genes (such as AKT1, TNF, TP53, etc.) are highly conserved between animals and humans, their sequences and structures may still differ in certain regions, and these differences may cause the target binding site of the drug to differ in different species."
PMC12431576,3,key,discussion,paragraph,58,3,TNF|PTGS2|CASP3,41,False,0.06521739130434782,6.304347826086957,medium,"41 Key targets including TNF, PTGS2, and CASP3 were also identified in the study of Shanzha in the treatment of dyspepsia. That study showed that the core targets alleviated dyspepsia by reducing the intestinal inflammatory response, increasing intestinal movement, controlling cell physiological activities, and reducing constipation."
PMC9239803,1,core,abstract,paragraph,0,3,IL6|EGFR|TLR4,,False,0.07142857142857142,14.428571428571429,medium,"DHHQD treatment significantly regulated the levels of renal core proteins, such as eNOS, IL-6, EGFR, and VEGF and reduced the mRNA and protein expression of the core targets involved in inflammation pathways, such as PI3K/AKT and TLR4/NF- κ B."
PMC9239803,2,core,3.4. ppi network analysis,paragraph,34,6,IL6|VEGFA|EGFR|MAPK3|JUN|EGF,30,False,0.11320754716981132,7.264150943396226,medium,"The top 30 core targets were chosen based on the most contacted degree, including protein kinase B alpha, insulin, IL-6, VEGFA, EGFR, mitogen-activated protein kinase 3/8 (MAPK3/8), transcription factor jun (JUN), myelocytomatosis oncogene, EGF, signal transducer and activator of transcription 3, and prostaglandin-endoperoxide synthase 2 ( Figure 4 (b))."
PMC12263816,1,potential,target fishing and construction of networks,paragraph,78,14,ID1|PIK3CA|ERBB2|EGFR|PPARG|KIT|MAP2K1|TERT|MET|MTOR|AR|ALK|ESR1|SRC,,False,0.11570247933884298,6.31404958677686,low,"Table 3 KEGG pathway analysis of potential target genes functions #Term ID Term description Observed gene count False discovery rate Matching proteins in network (labels) hsa05200 Pathways in cancer 12 5.71E − 16 PIK3CA, ERBB2, EGFR, PPARG, KIT, MAP2K1, TERT, MET, MTOR, AR, ALK, ESR1 hsa05205 Proteoglycans in cancer 8 1.19E − 11 PIK3CA, ERBB2, EGFR, MAP2K1, MET, MTOR, SRC, ESR1 hsa05230 Central carbon metabolism in cancer 7 2.83E − 12 PIK3CA, ERBB2, EGFR, KIT, MAP2K1, MET, MTOR hsa01521 EGFR tyrosine kinase inhibitor resistance 7 4.25E − 12 PIK3CA, ERBB2, EGFR, MAP2K1, MET, MTOR, SRC hsa01522 Endocrine resistance 7 1.19E − 11 PIK3CA, ERBB2, EGFR, MAP2K1, MTOR, SRC, ESR1 hsa05224 Breast cancer 7 1.30E − 10 PIK3CA, ERBB2, EGFR, KIT, MAP2K1,"
PMC11255520,1,top,discussion,paragraph,86,10,TP53|EGFR|CASP3|PTGS2|MMP9|SRC|BCL2|ESR1|PPARG|HSP90AA1,,False,0.29411764705882354,13.0,medium,"Top 10 targets ranked by node degree are TP53, EGFR, CASP3, PTGS2, MMP9, SRC, BCL2, ESR1, PPARG, and HSP90AA1. Further interpretations of the PPI network rest on the MCODE, GO, and KEGG enrichment analysis."
PMC8941571,1,key,5. conclusion,paragraph,26,6,AKT1|SETD2|TNF|IL17A|IL6|IL10,,False,0.12244897959183673,14.448979591836736,high,"Akt1, HIF-1 α , TNF- α , IL-17A, IL-6, and IL-10 may be the key target gene of QZF in the treatment of SS. Stigmasterol, neocryptotanshinone II, neotanshinone C, miltionone I, and beta-pinene may be the important active ingredients of QZF in the treatment of SS."
PMC8941571,2,core,3.1. compounds and potential targets of qzf,paragraph,17,6,DCX|IL6|INS|GAPDH|AKT1|TNF,,False,0.14285714285714285,11.857142857142858,medium,"to screen out the 20 targets with the largest DC value, among which IL-6, INS, GAPDH, AKT1, and TNF may be the most core targets of QZF in the treatment of SS because of the highest DC value ( Figure 1(c) )."
PMC10963236,1,core,discussion,paragraph,70,7,CXCL8|RELA|MAPK14|NFKB1|CXCL10|IL6|TNF,,False,0.14285714285714285,13.857142857142858,medium,"The topology of the PPI network suggested that CXCL8 (IL-8), RELA, MAPK14, NFKB1, CXCL10 (IP-10) are the core targets of DLQGD against HCoV-229E. Research [ 50 ] has shown that inflammation-related factors IL-8, IL-6, TNF-α, IP-10 are highly correlated with HCoV-229E infection."
PMC10963236,2,core,discussion,paragraph,72,5,CXCL8|IL6|IL1B|TNF|CXCL10,,False,0.09433962264150944,12.88679245283019,medium,"Molecular docking verification demonstrated favorable binding affinity between the five core compounds and the predicted core proteins, supporting our predictions. In vitro experiments further corroborated these findings, revealing that DLQGD significantly inhibited the mRNA expression of IL-8, IL-6, IL-1β, TNF-α, and IP-10 compared to the HCoV-229E group."
PMC10963236,3,core,network topology analysis of potential therapeutic targets,paragraph,45,5,CXCL8|RELA|MAPK14|NFKB1|CXCL10,,False,0.16129032258064516,12.225806451612904,medium,"The topological analysis results revealed that the five most significant targets were CXCL8 (IL-8), RELA (p65), MAPK14, NFKB1, and CXCL10 (IP-10) ( Table 3 ), identifying them as the core targets."
PMC10963236,4,core,molecular docking,paragraph,57,6,CXCL8|RELA|CXCL10|NFKB1|MAPK14|ANPEP,,False,0.14634146341463414,11.926829268292682,medium,"Molecular docking was performed to investigate the interactions between the core compounds (quercetin, luteolin, kaempferol, β-sitosterol, apigenin) and the core gene targets (CXCL8, RELA, CXCL10, NFKB1, MAPK14), as well as the receptor ANPEP of HCoV-229E in the human host."
PMC11427391,1,core,discussion,paragraph,136,10,HSP90AA1|XRCC1|PTGS2|IL6|GSTP1|TGFB1|HIF1A|SOD2|MAPK3|PCNA,10,True,0.20833333333333334,21.0,high,"Using protein-protein interaction (PPI) network analysis, we identified 10 core targets: HSP90AA1, XRCC1, PTGS2, IL-6, GSTP1, TGFB1, HIF1A, SOD2, MAPK3, and PCNA. PPI analysis indicates that these proteins, with higher interaction intensities, are more likely to be targeted for emodin in the treatment of HBV-HCC."
PMC11427391,2,core,figure,caption,128,5,HSP90AA1|TGFB1|HIF1A|MAPK3|PCNA,,False,0.16666666666666666,15.333333333333332,medium,"The relationship between core target expression levels and survival prognosis in hepatocellular carcinoma patients. High expression of HSP90AA1, TGFB1, HIF1A, MAPK3, and PCNA is associated with poor survival in patients."
PMC11427391,3,core,figure,caption,126,7,HPSE|XRCC1|HIF1A|MAPK3|PCNA|HYCC1|GSTP1,,False,0.14285714285714285,14.857142857142858,medium,"Immunohistochemistry images of core gene protein expression levels in the HPA database. The protein levels of XRCC1, HIF1A, MAPK3, and PCNA are significantly higher in HCC tissues compared to normal liver tissues, while the protein level of GSTP1 is significantly lower in HCC tissues than in normal liver tissues."
PMC11427391,4,core,figure,caption,124,3,XRCC1|HIF1A|PCNA,,False,0.0967741935483871,12.935483870967742,medium,"Stage plots of core gene expression and pathological stages in the GEPIA database. The expression levels of XRCC1, HIF1A, and PCNA show statistically significant differences across pathological stages (p < 0.05)."
PMC11427391,5,core,"mrna, protein expression levels and survival analysis of core targets",paragraph,121,6,HYCC1|HSP90AA1|TGFB1|HIF1A|MAPK3|PCNA,,False,0.13333333333333333,11.666666666666666,medium,"Kaplan-Meier curves obtained from the Kaplan-Meier Plotter reflected the survival prognosis of HCC patients with high and low expression of core targets. Patients with high expression of HSP90AA1, TGFB1, HIF1A, MAPK3, and PCNA had a worse prognosis compared to those with low expression."
PMC11427391,6,core,"mrna, protein expression levels and survival analysis of core targets",paragraph,121,4,HYCC1|XRCC1|PCNA|HIF1A,,False,0.1111111111111111,10.222222222222221,medium,"Additionally, a correlation analysis between the mRNA expression of core targets and the progression of HCC showed significant changes in the expression of XRCC1, PCNA, and HIF1A mRNA as HCC progressed (p < 0.05) ( Figure 9 )."
PMC11427391,7,core,"mrna, protein expression levels and survival analysis of core targets",paragraph,121,4,HYCC1|XRCC1|MAPK3|PCNA,10,False,0.09523809523809523,6.904761904761905,medium,"The box plots revealed the mRNA expression of 10 core targets in normal liver tissue and HCC liver tissue. Compared to normal liver tissue, the mRNA levels of XRCC1, MAPK3, and PCNA were significantly elevated in HCC (p < 0.05) ( Figure 8 )."
PMC11251886,1,key,discussion,paragraph,175,5,AKT1|SRC|EGFR|CASP3|TP53,5,True,0.09615384615384616,17.923076923076923,high,"By constructing a protein-protein interaction network, 5 key targets of the 8 crucial compounds were identified: AKT1, SRC, EGFR, CASP3, and TP53. The AKT family kinases are indispensable and important components in the downstream activation of growth factor signaling pathways mediated by membrane-bound phosphoinositide-3 kinase ( Marquard and Jücker, 2020 )."
PMC11251886,2,key,discussion,paragraph,175,6,IL17A|AKT1|EGFR|CASP3|SRC|TP53,,False,0.14634146341463414,11.926829268292682,medium,"The key active ingredients of SR can exert anti-tumor and anti-inflammatory effects by mediating signaling pathways such as cancer pathways, hepatitis B, and the IL-17 signaling pathway through key target proteins including AKT1, EGFR, CASP3, SRC, and TP53."
PMC8828947,1,core,molecular docking results,paragraph,57,5,ADCY10|KDR|IGF1|PPARG|MMP1,,False,0.05747126436781609,15.149425287356323,low,"There were multiple hydrogen bonds (the yellow dotted lines represent hydrogen bonds) between the core target proteins and SAC. As shown, SAC was bound to ALA-844, ARG-1051, ARG-1066, ASP-1028, ASP-1046, GLU-878, and LEU-1049 binding sites of KDR, ARG-21, ARG-28, ARG-52, ASP-20, CYS-18, CYS-53, and LEU-57 binding sites of IGF1, LYS-265 and SER-342 binding sites of PPARG, ARG-8, ASP-154, GLU-4, ILE-159, and SER-127 binding sites of MMP1."
PMC8828947,2,hub,discussion,paragraph,69,9,ADCY10|F2|MMP7|KDR|IGF1|REN|PPARG|PLG|MMP1,20,False,0.24324324324324326,12.0,medium,"Then 20 hub genes screened by cytoHubba plug-ins were used for molecular docking, the docking results indicated that SAC may effectively interact with the nine targets (F2, MMP7, KDR, IGF1, REN, PPARG, PLG, ACE and MMP1)."
PMC10468769,1,core,ppi analysis and compound-target network construction,paragraph,83,4,PTGS2|TNF|DCX|RPS5,,False,0.06896551724137931,9.379310344827587,medium,"Based on the results, PTGS2 and TNF (DC = 13) represented the top core targets in this network with the highest DC values. In the compound-target network ( Figure 1 b and Supporting Information , Table S5), hexagonal nodes in the exterior circle symbolized the key compounds in JGTXP while circular nodes in the interior circle represented their corresponding targets."
PMC10468769,2,key,experimental validation of network-derived key targets and pathways of jgtxp activity against oa,paragraph,89,3,MMP3|MMP13|OAP,,False,0.075,7.5,medium,"Accordingly, the regulatory effects of JGTXP on NF-κB signaling and collagen catabolism-related key targets, such as MMP3 and matrix metalloproteinase 13 (MMP13), were further validated in papain-induced OA rat and LPS-induced RAW 264.7 inflammation models."
PMC9217541,1,key,4.2. analysis of core targets,paragraph,80,4,ALB|IL6|EGFR|VEGFA,,False,0.10526315789473684,9.105263157894736,medium,"PPI network analysis showed that the key genes were ALB, IL-6, EGFR, and VEGFA. ALB has been mentioned in many inflammatory studies, and the expression of the ALB gene can also be detected in peripheral blood monocytes."
PMC10489552,1,crucial,5. conclusions,paragraph,51,8,PIK3CA|CASP3|BCL2|MET|KDR|SIRT2|EGFR|SETD2,,False,0.15384615384615385,13.076923076923077,medium,"The results demonstrated that berberine targets several crucial proteins for the regulation of autophagy, including mTOR, PIK3CA, AKT, CASP3, BCL2, MET, KDR, and SIRT2. These targets affect autophagy primarily through the regulation of signaling pathways such as EGFR tyrosine kinase inhibitor resistance, PI3K-Akt, JAK-STAT, HIF-1, and AMPK signaling pathway."
PMC10489552,2,top,3.3. construction and analysis of ppi network of amgrbs in brca,paragraph,24,10,CASP3|MTOR|AKT1|GSK3B|PIK3CA|MCL1|CDK5|LEP|ATM|IL4,,False,0.4,11.0,medium,"Topological analysis indicated that the top 10 genes were CASP3, MTOR, AKT1, GSK3B, PIK3CA, MCL1, CDK5, LEP, ATM, and IL4 according to the degree values."
PMC12144589,1,core,abstract,paragraph,0,5,AKT1|TNF|SRC|EGFR|ESR1,,False,0.13513513513513514,17.7027027027027,high,"Network pharmacology revealed core targets (AKT1, TNF, SRC, EGFR, ESR1) linked to DE, while molecular docking demonstrated strong binding affinities (−4.87 to −43.41 kcal/mol) between active metabolites (N1, N4, N6, N8) and these targets."
PMC8096424,1,core,ppi network of common targets,paragraph,109,11,MCC|ICAM1|PECAM1|MMP9|PIK3R1|AKT1|SRC|HSP90AA1|MMP2|PTK2|HSP90AB1,11,True,0.2894736842105263,18.0,high,"To analyze the complex PPI network, we established network topology analysis based on three parameters—degree, MCC and EPC—to filter 11 core targets, ICAM1, CD31, RAM11, MMP9, PIK3R1, AKT1, SRC, HSP90AA1, MMP2, PTK2, and HSP90AB1 ( Figure 2 )."
PMC8096424,2,key,results,paragraph,2,7,TG|COG2|PECAM1|ICAM1|CRP|IL6|TNF,3,False,0.0958904109589041,12.917808219178083,medium,"The molecular docking results showed that the molecular docking interaction energy between the 3 key targets and the 4 high-degree components were much less than −5 kJ∙mol −1 . The experimental validation results showed that HLJDD might treat AS mainly by reducing TC, TG and LDL-C and increasing HDL-C, upregulating CD31 expression, reducing ICAM-1 and RAM-11 expression, and downregulating inflammatory factors, including CRP, IL-6 and TNF-α."
PMC10905266,1,top,evaluation of perillae folium compounds docking with hyperuricemia proteins,paragraph,34,10,XDH|MMP3|ABCC1|MAOA|ALB|SLC22A8|SLC22A6|HTR2A|PTGS2|MAPK8,,False,0.3225806451612903,11.0,medium,"The top 10 targets with the best binding scores were ZH01 (XDH), ZH02 (MMP3), ZH24 (ABCC1), ZH03 (MAOA), ZH15 (ALB), ZH23 (SLC22A8), ZH22 (SLC22A6), ZH16 (HTR2A), ZH12 (PTGS2), and ZH05 (MAPK8)."
PMC7685835,1,hub,3.4. analysis of hub gene and construction of the protein-protein interaction (ppi) network,paragraph,16,50,MCC|VEGFA|MAPK3|IL6|TP53|JUN|STAT3|TNF|PTGS2|MAPK1|CASP3|MAPK8|MMP9|MYC|EGFR|EGF|SRC|BCL2L1|CXCL8|MTOR|CCND1|PTEN|MAP2K1|AKT1|IL10|MMP2|MAPK14|CAT|FOS|ESR1|CREB1|CASP8|IL2|HSP90AA1|CCL2|ERBB2|STAT1|CDKN1A|JAK2|IL1B|IGF1R|ICAM1|EP300|HIF1A|TGFB1|MMP1|SERPINE1|SPP1|IFNG|AR,50,True,0.7352941176470589,18.0,low,"The top 50 hub genes were obtained based on the MCC method of plug-in CytoHubba, including VEGFA, MAPK3, IL6, TP53, JUN, STAT3, TNF, PTGS2, MAPK1, CASP3, MAPK8, MMP9, MYC, EGFR, EGF, SRC, BCL2L1, CXCL8, MTOR, CCND1, PTEN, MAP2K1, AKT1, IL10, MMP2, MAPK14, CAT, ASP9, FOS, ESR1, CREB1, CASP8, IL2, HSP90AA1, CCL2, ERBB2, STAT1, CDKN1A, JAK2, IL1B, IGF1R, ICAM1, EP300, HIF1A, TGFB1, MMP1, SERPINE1, SPP1, IFNG, and AR."
PMC7685835,2,hub,4. discussion,paragraph,21,5,VEGFA|MAPK3|IL6|TP53|JUN,,False,0.14705882352941177,14.941176470588236,medium,"We constructed the PPI network of hub genes of 212 common targets in the active compound and IBS-D targets. In these targets, VEGFA, MAPK3, IL-6, TP53, and JUN were regarded as significant."
PMC7685835,3,potential,4. discussion,paragraph,23,3,IL17A|TNF|SETD2,,False,0.08108108108108109,6.621621621621622,low,"Based on the KEGG pathway enrichment analysis, the potential targets for TXACD in the treatment of IBS-D were mainly related to IL-17 signaling pathway, TNF signaling pathway, Th17 cell differentiation, and HIF-1 signaling pathway."
PMC12337733,1,key,conclusions,paragraph,99,5,IL6|IL1A|TNF|PTGS2|NFKBIA,,False,0.16129032258064516,15.225806451612904,high,"Network pharmacology analysis suggested that rhubarb’s therapeutic action in CKD primarily involves modulation of the NF-κB signaling pathway, with IL6, IL1β, TNF, PTGS2, and NFKBIA identified as key targets."
PMC12337733,2,key,discussion,paragraph,83,6,IL6|TNF|TP53|CASP3|IL1B|NR3C2,,False,0.15,13.0,medium,"In this study, network pharmacology analysis revealed that IL6, TNF, TP53, CASP3, and IL1B are key targets implicated in rhubarb’s efficacy for treating CKD. MR analysis suggests that IL6, TNF, and CASP3 have relatively stable causal associations with CKD."
PMC12337733,3,key,figure,caption,52,3,IL6|TNF|CASP3,,False,0.1111111111111111,12.222222222222221,medium,"The horizontal axis represents the effect values of the SNPs on key targets (IL6, TNF, CASP3). The vertical axis indicates the effect of the SNPs on CKD."
PMC12337733,4,key,discussion,paragraph,88,4,IL6|TNF|TP53|IL1B,,False,0.10526315789473684,12.105263157894736,medium,"Analysis of the “Rhubarb Targets CKD” network identified several key targets. Further examination of the relationships between key proteins and CKD pathophysiological features identified five critical core elements: IL-6, TNF-α, p53, caspase-3, and IL-1β."
PMC12337733,5,key,molecular docking analysis,paragraph,77,10,IL6|TNF|TP53|CASP3|IL1B|BCL2|NFKB1|PTGS2|NFKBIA|BAX,,False,0.23255813953488372,12.0,medium,"Based on the results for key targets and core components, ten key genes (IL6, TNF, TP53, CASP3, IL1B, BCL2, NFKB1, PTGS2, NFKBIA and BAX, where NFKBIA encodes IκBα and five components (emodin, aloe-emodin, β-sitosterol, physcion, eupatin) were selected for molecular docking."
PMC12337733,6,core,discussion,paragraph,88,3,NR3C2|IL6|TNF,,False,0.09090909090909091,11.818181818181818,medium,"We further utilized MR to investigate the core targets derived from network pharmacology analyses, revealing that IL6 and TNF were positively associated with an increased CKD risk, with TNF showing particularly significant effects."
PMC12337733,7,key,network pharmacology analysis of rhubarb against ckd,paragraph,50,5,IL6|TNF|TP53|CASP3|IL1B,,False,0.14705882352941177,10.941176470588236,medium,"By synthesizing findings from the PPI and key target studies, we propose that the highly interconnected nodes IL6, TNF, TP53, CASP3, and IL1B may play key roles in the rhubarb protective mechanisms against CKD."
PMC12337733,8,key,rhubarb inhibits inflammation and oxidative damage in ckd rats,paragraph,66,3,IL6|IL1B|TNF,,False,0.08108108108108109,8.621621621621621,medium,"Network pharmacology analysis indicated that three of the top five key genes encoded inflammatory mediators. To validate these findings, ELISAs were performed to quantify the concentrations of pro-inflammatory cytokines IL-6, IL-1β, and TNF-α."
PMC10900653,1,key,signaling pathways associated with rg targets,paragraph,30,34,C4A|PPARA|SLC2A4|FOXO1|IL10|IL6|IFNG|IL2|EGFR|TGFB1|BDNF|FOS|MAPK14|TNF|RELA|NFKB1|VEGFA|IKBKB|IL1B|CASP3|DDIT3|FAS|MAPK1|TP53|NFKBIA|PARP1|PTGS2|BAD|NOS3|CASP9|MMP9|CASP8|CCL2|SGSM3,,False,0.22077922077922077,12.0,medium,Table 2 Significant Enrichment Pathway Related to Oxidative Liver Injury by Key Targets of RG (Adjusted P-value of ≤ 0.05) Term Overlap P-value (Adjusted*) Combined Score Related Genes AMPK signaling pathway 3/120 0.02 27.24 PPAR;SLC2A4;FOXO1 JAK-STAT signaling pathway 5/162 9.45E-4 60.24 IL10;IL6;IFNG;IL2;EGFR MAPK signaling pathway 16/294 4.08E-13 511.62 TGFB1;BDNF;FOS;MAPK14;TNF;RELA;EGFR;NFKB1;VEGFA;IKBKB;IL1B;CASP3;DDIT3;FAS;MAPK1;TP53 NF-kappa B signaling pathway 8/104 3.78E-08 402.37 NFKBIA;IKBKB;PARP1;IL1B;PTGS2;TNF;RELA;NFKB1 PI3K-Akt signaling pathway 13/354 8.32E-09 211.93 BAD;BDNF;NOS3;IL2;RELA;EGFR;NFKB1;VEGFA;CASP9;IKBKB;IL6;MAPK1;TP53 TNF signaling pathway 16/112 1.95E-19 2263.09 FOS;MAPK14;PTGS2;MMP9;TNF;RELA;NFKB1;NFKBIA;IKBKB;IL6;CASP8;IL1B;CASP3;FAS;CCL2;MAP
PMC12595059,1,key,abstract,paragraph,0,7,TNF|STAT3|NFKB1|IL6|SRC|ESR1|MAPK8,,False,0.1794871794871795,18.58974358974359,high,"Molecular docking experiments showed that sinomenine and 14-episinomenine exhibit good binding affinity with the key targets, including TNF, STAT3, NFKB1, IL6, SRC, ESR1, and MAPK8; Molecular dynamics simulations were carried out on the two most stable binding complexes."
PMC12595059,2,core,molecular docking validation of core targets with sinomenine and 14-episinomenine,paragraph,40,8,TNF|ID1|STAT3|NFKB1|IL6|SRC|ESR1|MAPK8,,False,0.2,14.0,medium,"Seven core targets TNF (PDB ID: 5m2j), STAT3 (PDB ID: 6njs), NFKB1 (PDB ID: 2o61), IL6 (PDB ID: 1alu), SRC (PDB ID: 6e6e), ESR1 (PDB ID: 4pxm), and MAPK8 (PDB ID: 4yr8) were chosen for molecular docking and subsequent validation."
PMC12595059,3,core,differential expression profiling of sinomenine core targets in thyroid dysfunction via geo database mining,paragraph,71,8,DEGS1|TNF|STAT3|NFKB1|IL6|SRC|ESR1|MAPK8,,False,0.27586206896551724,13.0,medium,"Intersection of these DEGs with the seven core targets predicted by our network-pharmacology model (TNF, STAT3, NFKB1, IL6, SRC, ESR1 and MAPK8) revealed robust concordance (Fig. 7 B)."
PMC12595059,4,overlap,go and kegg enrichment analysis of sinomenine with targets of thyroid dysfunction,paragraph,30,3,XIAP|PTGS2|NFKB1,,False,0.05172413793103448,5.0344827586206895,low,"By comparing the visual pathway maps of these two pathways, multiple overlapping targets such as XIAP, PTGS2, and NFKB1 can be identified between them. It is evident that the mechanism of sinomenine for treating thyroid dysfunction is that their action mainly affects the cell proliferation and apoptosis progression, which in turn leads to the treatment of thyroid dysfunction."
PMC6720938,1,potential,2.2. potential targets and bioactive compounds of licorice,paragraph,93,18,AR|ESR2|AKR1B1|ACHE|ESR1|HSD17B1|CYP2B6|CYP1A2|CYP1A1|NOS1|NOS3|BCHE|DECR1|NOX4|CDK2|HSD11B1L|ABCG2|TYR,49,False,0.1836734693877551,3.6734693877551017,low,"Overall, among 49 potential targets of licorice predicted by our approach, 16 putative targets including androgen receptor (AR), estrogen receptor beta (ESR2), aldose reductase (AKR1B1), acetylcholinesterase (ACHE), estrogen receptor (ESR1), estradiol 17-beta-dehydrogenase 1(HSD17B1), cytochrome P450 1A2 (CYP1A2), cytochrome P450 1A1 (CYP1A1), nitric oxide synthases(endothelial and brain) (NOS1 and NOS3), cholinesterase (BCHE), NADPH oxidase 4 (NOX4), cyclin-dependent kinase 2 (CDK2), hydroxysteroid 11-beta-dehydrogenase 1-like protein (HSD11B1L), ATP-binding cassette sub-family G member 2 (ABCG2), tyrosinase (TYR), and multidrug resistance protein 1 were reported to be affected by ingredients of licorice [ 38 ]."
PMC8794673,1,key,results,paragraph,2,4,ALB|MAPK1|CASP3|AR,,False,0.11428571428571428,14.285714285714285,high,"The PPI network analysis identified ALB, MAPK1, CASP3, MARK8, and AR as key targets, mainly focusing on cellular response to organic cyclic compound, steroid metabolic process, and response to steroid hormone in the biological processes."
PMC8794673,2,core,4. discussion,paragraph,92,4,ALB|CASP3|MAPK8|AR,,False,0.16666666666666666,13.333333333333332,medium,"The above research results suggest that FLD may exert anti-NAFLD activity through modulating such core targets as ALB, MAPKI, CASP3, MAPK8, and AR."
PMC8794673,3,key,results,paragraph,2,3,ALB|MAPK1|CASP3,,False,0.08333333333333333,12.666666666666666,medium,"In addition, the molecular docking analysis revealed that the core active compounds of FLD, such as 3′-methoxyglabridin, chrysanthemaxanthin, and Gancaonin H, had a high binding activity with such key targets as ALB, MAPK1, and CASP3."
PMC8794673,4,key,3.4. ppi network of fld and nafld targets construction,paragraph,64,6,ALB|MAPK1|CASP3|AR|HSP90AA1|EGFR,,False,0.35294117647058826,12.0,medium,"Consequently, the targets including ALB, MAPK1, CASP3, MARK8, AR, HSP90AA1, and EGFR were defined as key genes."
PMC10589944,1,hub,results,paragraph,2,12,SRC|HRAS|HSP90AA1|IGF1|MAPK1|MAPK14|KDR|STAT1|JAK2|MAP2K1|IGF1R|SGSM3,11,True,0.26666666666666666,24.0,high,"11 hub genes were obtained, including SRC, HRAS, HSP90AA1, IGF1, MAPK1, MAPK14, KDR, STAT1, JAK2, MAP2K1, and IGF1R. The GO and KEGG pathway analyses unveiled that α-solanine was strongly associated with several signaling pathways, including positive regulation of MAP kinase activity and PI3K-Akt."
PMC10589944,2,hub,discussion,paragraph,66,11,SRC|HRAS|HSP90AA1|IGF1|MAPK1|MAPK14|KDR|STAT1|JAK2|MAP2K1|IGF1R,11,True,0.39285714285714285,21.0,high,"Through further network analysis using Cytoscape,11 hub target genes, including SRC, HRAS, HSP90AA1,IGF1, MAPK1, MAPK14, KDR, STAT1, JAK2, MAP2K1, and IGF1R, were selected for subsequent investigation."
PMC10894492,1,core,construction of ppi network and herb-ingredient-targets gene network,paragraph,47,8,TP53|EGFR|IL6|CTNNB1|ESR1|JUN|HIF1A|MYC,8,True,0.17391304347826086,17.47826086956522,high,Table 1 Summary of the top 8 core targets of SKP in treatment of DKD in PPI network Number Target Degree centrality 1 TP53 54 2 EGFR 48 3 IL6 48 4 CTNNB1 48 5 ESR1 48 6 JUN 46 7 HIF1A 46 8 MYC 46
PMC12142903,1,key,conclusion,paragraph,69,3,ESR2|STAT1|CASP3,,False,0.10714285714285714,13.142857142857142,high,"PPI network analysis identified key targets (ESR2, STAT1, CASP3) interacting with JWSZR components, suggesting modulation of immune signaling and neurotrophic pathways to maintain cell survival and reduce neurotoxicity."
PMC12142903,2,core,analysis of jwszr ppi network and key functional modules,paragraph,42,15,TP53|JUN|HSP90AA1|AA1|ESR1|MAPK1|BCL2|RELA|FOS|PPIF|CYP2E1|MAPK8|AKT3|SP1|HIF1A,,False,0.1111111111111111,12.222222222222221,medium,Table 2 Highly regulated core genes in protein–protein interaction (PPI) networks name Degree Betweenness Closeness MCODE::Score TP53 104 8611.812234 0.06547619 5.8 JUN 68 4742.065385 0.065320665 6.095238095 HSP90 AA1 62 2507.254498 0.064327485 5.785714286 ESR1 58 3992.634294 0.064992614 6.32967033 MAPK1 48 1171.832036 0.064591897 6.241758242 BCL2 42 1458.578476 0.063953488 6.222222222 RELA 38 1046.561748 0.064383963 7 FOS 38 756.9835973 0.064308682 5.939393939 CYP3 A4 36 1933.241874 0.061094141 6.066666667 CYP2E1 36 2695.097672 0.061884669 6 MAPK8 34 1151.791328 0.064308682 7 AKT3 34 246.0359676 0.063712714 5.785714286 SP1 32 1467.509505 0.064158647 6.564102564 HIF1 A 32 185.6144626 0.064102564 6.109090909 CYP1 A1 30 484.509
PMC12142903,3,core,figure,caption,40,3,TP53|JUN|ESR1,,False,0.09090909090909091,11.818181818181818,medium,"The top-scoring functional module (Rank 1, score = 7.655) identified by the MCODE algorithm highlights the positions and relative connectivity of core targets such as TP53, JUN, and ESR1 within the module."
PMC12142903,4,key,discussion,paragraph,61,3,STAT1|MAPK1|CASP3,,False,0.06976744186046512,9.395348837209303,medium,"This study systematically explores the multi-target neuroprotective mechanisms of JWSZR in depression treatment through network pharmacology, molecular docking, and in vitro experiments, uncovering its roles in regulating key target proteins (such as STAT1, MAPK1, and CASP3), modulating immune responses, and suppressing neuroinflammation."
PMC12142903,5,potential,analysis of jwszr ppi network and key functional modules,paragraph,39,4,TP53|JUN|HSP90AA1|AA1,,False,0.16,6.2,low,"TP53 and JUN were prominent within this module, while ER and HSP90 AA1 were identified as potential targets in immune regulation and inflammatory pathways. Fig."
PMC10432970,1,hub,ppi of hyz against tc,paragraph,32,7,FN1|JUN|AR|RUNX2|FOS|BMP2|MET,,False,0.16666666666666666,13.333333333333332,medium,"Through the analysis of hub genes in the network, it was found that FN1 JUN AR RUNX2 FOS BMP2 MET and other targets had a large degree, suggesting that these genes were important targets for HYZ to play anti-TC roles ( Fig."
PMC11898993,1,core,construction of protein–protein interaction (ppi) network,paragraph,59,11,MCC|ESR1|SRC|CTNNB1|MAPK3|AKT1|EGFR|ERBB2|ESR2|TNF|PRKACA,10,True,0.2619047619047619,18.0,high,"The CytoHubba plugin in Cytoscape identified the top 10 core genes based on the maximum clique centrality(MCC) method (Fig. 3 E), with ESR1, SRC, CTNNB1, MAPK3, AKT1, EGFR, ERBB2, ESR2, TNF, and PRKACA recognized as the most critical targets (Table S4 )."
PMC11898993,2,key,figure,caption,71,8,AKT1|ESR1|ESR2|EGFR|SRC|MAPK3|CTNNB1|ERBB2,,False,0.21621621621621623,16.0,medium,"( A ) mRNA expression of key genes involved in estrogen signaling: AKT1, ESR1, ESR2, EGFR, SRC, MAPK3, CTNNB1, ERBB2. ( B ) Western blot analysis of protein expression levels of p-AKT1, p-ESR1, and p-ESR2 in ovarian tissue."
PMC11898993,3,key,molecular docking of key components and targets,paragraph,61,10,CTNNB1|AKT1|EGFR|ERBB2|SRC|ESR2|MAPK3|ESR1|TNF|PRKACA,,False,0.24390243902439024,12.0,medium,"Among the docked compounds, paeoniflorin and icariin demonstrated the most stable interactions with key genes, with paeoniflorin showing the lowest binding energies with CTNNB1, AKT1, EGFR, ERBB2, SRC, ESR2, MAPK3, ESR1, and TNF, and icariin binding most stably with PRKACA (Fig."
PMC7391051,1,hub,discussion,paragraph,117,10,IL6|TNF|IL10|MAPK8|MAPK3|CXCL8|CASP3|PTGS2|TP53|MAPK1,,False,0.20833333333333334,16.0,medium,"Moreover, in the PPI network, the top 10 targets (IL6, TNF, IL10, MAPK8, MAPK3, CXCL8, CASP3, PTGS2, TP53, and MAPK1) were regarded as hub genes that may play important roles in the treatment of COVID-19 by CDPF and are involved in the regulation of immunity and inflammation."
PMC7391051,2,hub,molecular docking,paragraph,109,3,IL6|ID1|ACE2,,False,0.0625,11.25,medium,"In this respect, the top hub target, IL6 (PDB ID: 1IL6), was selected, using quercetin and luteolin as its ligands; and as a typical receptor for SARS-CoV-2 entry into host cells, ACE2 (PDB ID: 3D0G) was chosen, using l -tyrosine and l -phenylalanine as its ligands."
PMC7391051,3,candidate,target fishing for active cdpf components and construction of the component‒target network,paragraph,38,5,SEA|FLT3LG|HP|CTSG|JMY,,False,0.03731343283582089,5.746268656716418,low,"The TCMSP, SEA, and STITCH databases were searched for candidate targets of active CDPF ingredients. After fishing for targets, 1172 targets were found for MH, 488 targets were found for KXR, 276 targets were found for QH, 647 targets were found for TLZ, 165 targets were found for GZ, 25 targets were found for XCQ, 397 targets were found for GHX, 211 targets were found for PL, 276 targets were found for CZ, 77 targets were found for FL, 73 targets were found for BZ, 43 targets were found for HP, 371 targets were found for CG, 165 targets were found for SJ, 6 targets were found for DL, 42 targets were found for JBL, 494 targets were found for JMY, 1023 targets were found for JSZ, and 85 targets were found for JSQ."
PMC8672039,1,core,discussion,paragraph,132,8,AKT1|TP53|MAPK3|VEGFA|TNF|IL6|JUN|CASP3,,False,0.16326530612244897,14.26530612244898,medium,"From PPI network and pathway enrichment analyses, core targets including AKT1, TP53, MAPK3, VEGFA, TNF, IL6, JUN, and CASP3 were identified as potential major points of action for QF against RSV-LI, and these targets are closely associated with inflammation, apoptosis, and carcinogenesis in the progressive course of disease."
PMC8672039,2,hub,identification of compound-targets-pathway network for qf against rsv-li,paragraph,116,15,AKT1|TP53|MAPK3|VEGFA|TNF|IL6|JUN|CASP3|MAPK8|STAT3|PTGS2|MAPK1|EGF|EGFR|MYC,,False,0.15625,13.125,medium,"In the network, proteins including RAC-alpha serine/threonine-protein kinase (AKT1), Cellular tumor antigen p53 (TP53), Mitogen-activated protein kinase 3 (MAPK3), Vascular endothelial growth factor A (VEGFA), Tumor necrosis factor (TNF), Interleukin-6 (IL6), Transcription factor AP-1 (JUN), Caspase-3 (CASP3), Mitogen-activated protein kinase 8 (MAPK8), Signal transducer and activator of transcription 3 (STAT3), Prostaglandin G/H synthase 2 (PTGS2), Mitogen-activated protein kinase 1 (MAPK1), Pro-epidermal growth factor (EGF), Epidermal growth factor receptor (EGFR) and Myc proto-oncogene protein (MYC) were identified as hub nodes with a higher degree value."
PMC8672039,3,core,identification of compound-targets-pathway network for qf against rsv-li,paragraph,116,12,AKT1|TP53|MAPK3|VEGFA|TNF|IL6|JUN|CASP3|MAPK8|STAT3|PTGS2|MAPK1,,False,0.14634146341463414,11.926829268292682,medium,"The PPI network illustrated the relationship between core targets ( Figure 4A ). In the network, proteins including RAC-alpha serine/threonine-protein kinase (AKT1), Cellular tumor antigen p53 (TP53), Mitogen-activated protein kinase 3 (MAPK3), Vascular endothelial growth factor A (VEGFA), Tumor necrosis factor (TNF), Interleukin-6 (IL6), Transcription factor AP-1 (JUN), Caspase-3 (CASP3), Mitogen-activated protein kinase 8 (MAPK8), Signal transducer and activator of transcription 3 (STAT3), Prostaglandin G/H synthase 2 (PTGS2), Mitogen-activated protein kinase 1 (MAPK1), P"
PMC12969908,1,core,discussion,paragraph,93,7,CTSS|PTPRC|PTAFR|MMP9|IL1B|LCK|ITK,,False,0.2,16.0,medium,"Integration with machine learning algorithms (LASSO, SVM-RFE, Random Forest) yielded seven core targets: CTSS, PTPRC, PTAFR, MMP9, IL1B, LCK, and ITK.Immune infiltration analysis demonstrated distinct IL1B expression patterns between High and Low groups."
PMC12969908,2,candidate,r screening for core targets,paragraph,53,9,HK2|CTSS|AKR1B10|PTPRC|PTAFR|MMP9|IL1B|LCK|ITK,,False,0.3103448275862069,10.0,low,"The intersection of these candidate targets yielded nine consensus genes: HK2, CTSS, AKR1B10, PTPRC, PTAFR, MMP9, IL1B, LCK, and ITK ( Figure 5G ). Figure 5 R Screening for Core Targets."
PMC11443296,1,key,molecular docking,paragraph,40,5,AKT1|ACTB|ALB|INS|TP53,,False,0.09803921568627451,9.96078431372549,medium,"Based on the degree of common targets in the PPI network and KEGG results, we identified key targets associated with SCZ, namely, AKT1, ACTB, ALB, INS, and TP53. Subsequently, for molecular docking analysis, we selected 4 compounds from the Chinese herbal compound target network analysis based on their highest moderate value."
PMC11443296,2,potential,discussion,paragraph,48,3,IL17A|TNF|SETD2,,False,0.05555555555555555,6.111111111111111,low,"Moreover, our investigation revealed 199 active components in NSWDD with 307 potential targets for treating SCZ. The network pharmacology analysis indicated that NSWDD potentially targets several key pathways and BP implicated in SCZ, including IL-17 signaling pathway, multiple virus infection pathway, AGE-RAGE signaling pathway, TNF signaling pathway, and HIF-1 signaling pathway."
PMC11383270,1,key,results:,paragraph,2,7,TP53|IL6|AKT1|CASP3|CXCL8|MMP9|EGFR,7,True,0.14893617021276595,20.97872340425532,high,"Among them, 7 key targets (TP53, IL6, AKT1, CASP3, CXCL8, MMP9, and EGFR) were verified to have good binding affinities to the main active compounds. Furthermore, enrichment analyses suggested that inflammatory response, virus infection and oxidative stress related biological processes and pathways were possibly the potential mechanism."
PMC9068296,1,key,abstract,paragraph,0,5,EGFR|HSP90AA1|SRC|TNF|CASP3,,False,0.18518518518518517,17.703703703703702,high,"Five key target proteins (EGFR, HSP90AA1, SRC, TNF, and CASP3) and twelve correlated metabolites, including aknadinine, cephakicine, homostephanoline, and N-methylliriodendronine associated with medical applications of S."
PMC10082258,1,key,3.3.1. networks involving protein targets of colc.,paragraph,42,4,PIK3CA|AKT3|GSK3B|JUN,,False,0.08333333333333333,7.666666666666666,medium,"Key targets, such as PIK3CA, AKT3, GSK3B, and JUN, were found to play a crucial role in the networks. Furthermore, the analysis of the TP network indicated that tubulin targets had a high total degree and might play equal roles with key targets in the pathway network (Fig."
PMC10082258,2,key,3.3.2. networks involving pathogenic genes of bs.,paragraph,51,3,IKBKG|AKT1|NFKB1,,False,0.061224489795918366,7.224489795918368,medium,"Network analysis revealed that the average degree of genes and pathways were 3.07 and 31.13, respectively, suggesting that genes with a degree >3.07 were involved in more pathways, such as IKBKG, AKT1, and NFKB1, which are considered to be the key genes related to BS pathogenesis."
PMC11703118,1,important,protein interaction network,paragraph,29,8,SETD2|EGFR|VEGFA|AKT1|MAPK3|TNF|IL6|ESR1,,False,0.25,10.0,low,"Through the connection lines of the PPI network, we can see that HIF-1α, EGFR, VEGFA, AKT1, MAPK3, TNF, IL6, ESR1 and other proteins are more important proteins in the interaction network."
PMC13056865,1,hub,identification of hub genes,paragraph,141,3,NOTCH2|HDAC2|MAPK1,3,True,0.21428571428571427,18.0,high,"This stepwise screening ultimately identified NOTCH2, HDAC2, and MAPK1 as the 3 hub genes."
PMC13056865,2,hub,molecular docking results,paragraph,148,4,MAPK1|ID1|NOTCH2|HDAC2,,False,0.13333333333333333,17.666666666666668,high,"Figure 11B shows binding energies of GWM components with three hub targets (MAPK1, PDB ID: 1PME; NOTCH2, PDB ID: 2OO4; and HDAC2, PDB ID: 4LY1). Lower energies indicate stronger interactions."
PMC13056865,3,hub,results,paragraph,3,4,NOTCH2|HDAC2|MAPK1|NR3C2,,False,0.09090909090909091,15.818181818181818,medium,"Network pharmacology and machine learning prioritized NOTCH2, HDAC2, and MAPK1 as hub targets, validated using MR and molecular docking. Subsequent in vivo experiments validated the regulatory effects of GWM on the expression levels of these hub genes and demonstrated its therapeutic efficacy in asthma."
PMC13056865,4,hub,identification of hub genes,paragraph,135,6,CD81|NFE2L2|CTSD|NOTCH2|HDAC2|MAPK1,,False,0.2,15.0,medium,"Combining all model features and PPI rankings revealed six hub genes: CD81, NFE2L2, CTSD, NOTCH2, HDAC2, and MAPK1 ( Figure 8K ). All identified key targets are summarized in Supplementary Table S3 ."
PMC12402425,1,core,discussion,paragraph,74,10,AKT1|CCND1|EGFR|HIF1A|SRC|PPARG|PTGS2|MMP9|JAK2|TERT,10,True,0.2777777777777778,20.0,high,"Through the analysis and screening of the PPI network topology, 10 core targets for the treatment of liver cancer with Dendrobium officinale were identified, namely AKT1, CCND1, EGFR, HIF1A, SRC, PPARG, PTGS2, MMP9, JAK2, and TERT."
PMC12402425,2,core,results,paragraph,2,3,AKT1|EGFR|CCND1,,False,0.09090909090909091,14.818181818181818,medium,"Molecular docking showed strong activity of Butin, Skimmin, and N-p-Coumaroyltyramine with core targets AKT1, EGFR, and CCND1. In vitro experiments demonstrated that Dendrobium officinale aqueous extracts significantly inhibited HepG2 cell proliferation."
PMC10504908,1,hub,discussion,paragraph,67,7,IGES|IL6|MMP9|STAT3|TNF|VEGFA|TLR4,8,True,0.13725490196078433,19.745098039215687,high,"Through constructing a PPI network, we performed topological analysis of 92 IGEs and screened 8 hub genes by Cytohubba and MCODE plugins. We subsequently examined the expression level of hub genes GEO validation set, IL6, MMP9, STAT3, TNF and VEGFA were up-regulated in lesion samples, while TLR4 was down-regulated."
PMC10504908,2,hub,ppi network construction and hub gene screening,paragraph,37,9,ID1|VEGFA|TLR4|EGFR|ALB|STAT3|MMP9|IL6|TNF,8,True,0.12857142857142856,17.57142857142857,high,Table 2 Information of the 8 Hub Genes UniProt ID Gene Symbol Protein Name P15692 VEGFA Vascular endothelial growth factor A O00206 TLR4 Toll-like receptor 4 P00533 EGFR Epidermal growth factor receptor P02768 ALB Albumin P40763 STAT3 Signal transducer and activator of transcription 3 P14780 MMP9 Matrix metalloproteinase-9 P05231 IL6 Interleukin-6 P01375 TNF Tumor necrosis factor Figure 3 Identification of Hub genes using Cytoscape and plug-in.
PMC10504908,3,hub,results,paragraph,2,5,VEGFA|MMP9|STAT3|TNF|IL17A,,False,0.09803921568627451,16.96078431372549,medium,"Molecular docking revealed a strong affinity between active ingredients and Hub genes. The efficacy of XJDHT in improving psoriatic lesions in model mice was demonstrated by PASI score and HE staining, potentially attributed to the down-regulation of VEGFA, MMP9, STAT3, TNF, and IL-17A, as evidenced by ELISA and qPCR."
PMC10504908,4,hub,results,paragraph,2,3,SETD2|IL17A|TNF,,False,0.07894736842105263,15.578947368421053,medium,"The results revealed that XJDHT possesses 92 potential genes for psoriasis, and 8 Hub genes were screened. Enrichment analysis suggested that XJDHT ameliorate psoriasis through multiple pathways, including AGE-RAGE, HIF-1, IL-17 and TNF signaling pathway."
PMC10504908,5,hub,figure,caption,63,3,STAT3|MMP9|VEGFA,,False,0.14285714285714285,14.857142857142858,medium,"Validation of hub genes. ( A ) The expression level of STAT3, MMP9 and VEGFA in each group detected by q-PCR assay."
PMC10504908,6,hub,discussion,paragraph,67,6,IL6|MMP9|STAT3|TNF|VEGFA|TLR4,,False,0.1276595744680851,14.553191489361701,medium,"We subsequently examined the expression level of hub genes GEO validation set, IL6, MMP9, STAT3, TNF and VEGFA were up-regulated in lesion samples, while TLR4 was down-regulated. Molecular docking is an important technique for drug discovery based on structural analysis of small molecules and proteins."
PMC7836709,1,key,results,paragraph,2,6,TNF|IL10|IL2|IL6|STAT1|CCL2,6,True,0.2,22.0,high,"Finally, 6 key proteins of TNF, IL-10, IL-2, IL-6, STAT1 and CCL2 were selected and successfully docked with 4 active ingredients of quercetin, luteolin, wogonin and kaempferol."
PMC7836709,2,key,table,table_cell,143,7,RELA|MAPK1|MAPK14|CASP3|CASP8|IL6|IL17A,,False,0.2,18.0,high,"Key targets: RELA, MAPK1, MAPK14, CASP3, CASP8 and IL6. KEGG signaling pathways: Kaposi sarcoma-associated herpesvirus infection, AGE-RAGE signaling pathway in diabetic complications, Human cytomegalovirus infection, IL-17 signaling pathway and Hepatitis B, etc."
PMC7836709,3,key,table,table_cell,146,10,MAPK3|MAPK8|TP53|CASP3|IL6|TNF|MAPK1|CCL2|PTGS2|SETD2,,False,0.2857142857142857,18.0,high,"Key targets: MAPK3, MAPK8, TP53, CASP3, IL6, TNF, MAPK1, CCL2, PTGS2, etc. KEGG signaling pathways: TNF signaling pathway, PI3K-Akt signaling pathway, NOD-like receptor signaling pathway, MAPK signaling pathway, and HIF-1 signaling pathway."
PMC7836709,4,key,table,table_cell,149,10,EGFR|CASP3|STAT3|ESR1|FPR2|F2|BCL2L1|BDKRB2|MPO|SETD2,,False,0.22727272727272727,18.0,high,"Key targets: EGFR, CASP3, STAT3, ESR1, FPR2, F2, BCL2L1, BDKRB2, MPO, and ACE. Signaling pathways: regulation of inflammatory response, viral process, neutrophil mediated immunity, PI3K-Akt signaling pathway, MAPK signaling pathway, Jak-STAT signaling pathway, Complement and coagulation cascades, and HIF-1 signaling pathway."
PMC7836709,5,key,table,table_cell,152,8,HSP90AA1|AKT1|JUN|MAPK1|TP53|ESR1|VEGFA|TNF,,False,0.32,18.0,high,"Key targets: HSP90, AKT1, JUN, MAPK1, TP53, ESR1, VEGFA, and TNF. KEGG signaling pathways: inflammation-related pathways, immunomodulation-related pathways, and viral infection-related pathways."
PMC7836709,6,key,table,table_cell,155,12,AKT1|TNF|IL6|PTGS2|HMOX1|IL10|TP53|PRKACA|COMT|CSNK2B|PLAT|GLA,,False,0.32432432432432434,18.0,high,"Key targets: AKT1, TNF-α, IL6, PTGS2, HMOX1, IL10, and TP53. Molecular docking: Baicalin+ HMOX1/ PRKACA/ COMT/ CSNK2B; Ephedrine+ COMT/ PLAT; Hesperidin+ HMOX1; Hyperoside+ HMOX1/ PRKACA/ COMT/ CSNK2B; Isochlorogenic acid A+ HMOX1; Pseudoephedrine+ GLA; Glycyrrhizic acid+ HMOX1."
PMC7836709,7,key,table,table_cell,163,10,IL6|TNF|IL10|MAPK8|MAPK3|CXCL8|CASP3|PTGS2|TP53|MAPK1,,False,0.3125,18.0,high,"Key targets: IL6, TNF, IL10, MAPK8, MAPK3, CXCL8, CASP3, PTGS2, TP53, and MAPK1. KEGG signaling pathways: TNF signaling pathway, MAPK signaling pathway, Fc epsilon RI signaling pathway, toxoplasmosis, leishmaniasis, and so on."
PMC7836709,8,key,table,table_cell,168,12,CASP3|TP53|MAPK14|PTGS2|CAT|FOS|PPARG|CASP8|BCL2L1|IL2|RELA|IL17A,,False,0.3870967741935484,18.0,high,"Key targets: CASP3, TP53, MAPK14, PTGS2, CAT, FOS, PPARG, CASP8, BCL2L1, IL2, RELA. KEGG signaling pathways: tuberculosis, p53 signaling, AGE-RAGE in diabetic complications, IL-17 cytokine, apoptosis, and viral infection."
PMC7836709,9,core,conclusion,paragraph,173,3,IL6|IL10|TNF,,False,0.061224489795918366,12.224489795918368,medium,"The preventive and therapeutic effect of SFJD on COVID-19 may contribute in participating in the moderate immune system, anti-inflammatory, anti-virus and other methods through the action of quercetin, luteolin, kaempferol, baicalein and other active ingredients on core targets such as IL-6, IL-10, TNF , etc."
PMC7836709,10,core,discussion,paragraph,138,5,IL6|IL1B|IFNA1|CCL2|IFNG,,False,0.1,12.0,medium,"In addition to the core proteins such as IL-6 , which are involved in molecular docking simulation, the T-helper 1 cytokines ( IL1B, IFN-γ, IP10 , and MCP1 ) increase in patients infected by SARS-COV-2 [24] and other co-targeted genes such as IFNG and MAPK are also involved."
PMC10010188,1,hub,potential targets of afpr on antidepressant,paragraph,44,4,PTPN11|ESR1|NR3C1|MAPK1,4,True,0.07272727272727272,15.454545454545455,high,"A total of 4 Hub nodes were obtained after screening, namely PTPN11, ESR1, NR3C1, MAPK1, as shown in Figure 2C , key targets were located in the inner cycle, the other targets were located in the outer cycle, and the color changes with the Degree value, the darker the color indicates the larger the Degree value."
PMC10010188,2,key,discussion,paragraph,83,3,PRKACA|CREB1|BDNF,,False,0.05660377358490566,10.132075471698114,low,"Based on the results of the previous study and the predicted results of network pharmacology, we further investigated the cAMP pathway and showed that AFPR significantly increased the expression of key proteins PRKACA, CREB, and BDNF in the cAMP pathway, indicating that AFPR may improve depression-like symptoms by regulating the cAMP pathway."
PMC9678500,1,core,4. discussion,paragraph,164,5,HSP90AA1|MAPK1|MAPK8|MAPK14|IL17A,,False,0.16666666666666666,14.333333333333332,medium,"[ 77 ] HSP90AA1, MAPK1, MAPK8, and MAPK14 in the core targets were related to the IL-17 signaling pathway. HSP90AA1 was one of the proteins in the IL-17 signaling pathway."
PMC9678500,2,overlap,figure,caption,118,6,RLS1|HSP90B2P|PPARA|GSK3B|CASP3|CASP7,,False,0.17142857142857143,12.428571428571429,low,"The proteins marked red in this pathway were closely associated with the overlapping targets of RPA and RLS (AKT, JNK, p38, ERK, CYP, HSP, PPAR γ , GSK3B, CASP3, and CASP7). (C) The endocrine resistance pathway."
PMC9678500,3,core,4. discussion,paragraph,163,4,RLS1|ALB|AKT1|CASP3,,False,0.0975609756097561,10.951219512195122,medium,"In this study, we obtained several core targets that might be critical in the mechanism of RPA in the treatment of RLS, such as ALB, AKT1, CASP3, and others. Iron deficiency in the brain was associated with the pathophysiology of RLS."
PMC9678500,4,overlap,figure,caption,118,3,MAPK3|EGFR|IGF1R,,False,0.12,10.4,low,"The proteins marked red were closely related to the overlapping targets (ER, JNK, p38, ERK1/2, AKT, EGFR, and IGF1R). (D) The prolactin signaling pathway."
