pmcid,disease_label,broad_disease,gene,confidence
PMC9577736,,,MCC,high
PMC9577736,,,IL6,high
PMC9577736,,,AKT1,high
PMC9577736,,,STAT3,high
PMC9577736,,,JUN,high
PMC9577736,,,PTGS2,high
PMC9577736,,,CXCL8,high
PMC9577736,,,CASP3,high
PMC9577736,,,MMP9,high
PMC9577736,,,MAPK3,high
PMC9577736,,,TLR4,high
PMC9577736,,,CCL2,high
PMC9577736,,,VEGFA,high
PMC7195658,heart_failure,cardiovascular,AKT1,medium
PMC7195658,heart_failure,cardiovascular,TNF,medium
PMC7195658,heart_failure,cardiovascular,RAF1,medium
PMC7195658,heart_failure,cardiovascular,IL6,medium
PMC7195658,heart_failure,cardiovascular,IL1B,medium
PMC11476943,obesity,metabolic,AKT1,medium
PMC11476943,obesity,metabolic,PPARG,medium
PMC11476943,obesity,metabolic,PTGS2,medium
PMC11476943,obesity,metabolic,ESR1,medium
PMC11476943,obesity,metabolic,MMP9,medium
PMC11476943,obesity,metabolic,PPARA,medium
PMC11476943,obesity,metabolic,CCND1,medium
PMC11476943,obesity,metabolic,TLR4,medium
PMC11476943,obesity,metabolic,SLC6A4,medium
PMC11476943,obesity,metabolic,CNR1,medium
PMC7603558,ovarian_cancer,cancer,TP53,medium
PMC7603558,ovarian_cancer,cancer,BCL2,medium
PMC7603558,ovarian_cancer,cancer,BAX,medium
PMC7603558,ovarian_cancer,cancer,FAS,medium
PMC7603558,ovarian_cancer,cancer,VDR,medium
PMC7603558,ovarian_cancer,cancer,CDKN1A,medium
PMC8430321,nonalcoholic_fatty_liver,hepatic_metabolic,STAT3,high
PMC8430321,nonalcoholic_fatty_liver,hepatic_metabolic,CTNNB1,high
PMC8430321,nonalcoholic_fatty_liver,hepatic_metabolic,MAPK1,high
PMC8430321,nonalcoholic_fatty_liver,hepatic_metabolic,MAPK3,high
PMC8430321,nonalcoholic_fatty_liver,hepatic_metabolic,AGT,high
PMC8430321,nonalcoholic_fatty_liver,hepatic_metabolic,NQO1,high
PMC8430321,nonalcoholic_fatty_liver,hepatic_metabolic,TOP2A,high
PMC8430321,nonalcoholic_fatty_liver,hepatic_metabolic,FDFT1,high
PMC8430321,nonalcoholic_fatty_liver,hepatic_metabolic,ALDH4A1,high
PMC8430321,nonalcoholic_fatty_liver,hepatic_metabolic,KCNH2,high
PMC8430321,nonalcoholic_fatty_liver,hepatic_metabolic,SCN10A,high
PMC8514782,pulmonary_fibrosis,respiratory,AKT1,medium
PMC8514782,pulmonary_fibrosis,respiratory,MAPK1,medium
PMC8514782,pulmonary_fibrosis,respiratory,TNF,medium
PMC9073317,gastritis,gastrointestinal,MMP2,high
PMC9073317,gastritis,gastrointestinal,DRD2,high
PMC9073317,gastritis,gastrointestinal,AKR1B1,high
PMC7970560,acute_lung_injury,respiratory,VEGFA,medium
PMC7970560,acute_lung_injury,respiratory,FGF2,medium
PMC7970560,acute_lung_injury,respiratory,PIK3CA,medium
PMC7970560,acute_lung_injury,respiratory,MAPK1,medium
PMC7970560,acute_lung_injury,respiratory,IL2,medium
PMC7970560,acute_lung_injury,respiratory,IL1B,medium
PMC7970560,acute_lung_injury,respiratory,TNF,medium
PMC8192979,type_2_diabetes,metabolic,AKT1,medium
PMC8192979,type_2_diabetes,metabolic,MAPK1,medium
PMC8192979,type_2_diabetes,metabolic,CASP3,medium
PMC8192979,type_2_diabetes,metabolic,CASP8,medium
PMC10727557,spinal_cord_injury,neurological,AKT1,medium
PMC10727557,spinal_cord_injury,neurological,MTOR,medium
PMC10727557,spinal_cord_injury,neurological,IL6,medium
PMC10727557,spinal_cord_injury,neurological,MAPK1,medium
PMC10727557,spinal_cord_injury,neurological,ERBB2,medium
PMC10727557,spinal_cord_injury,neurological,IL2,medium
PMC9268138,,,TNF,high
PMC9268138,,,IL6,high
PMC9268138,,,IL1B,high
PMC9268138,,,ALB,high
PMC9268138,,,AKT1,high
PMC9268138,,,IL10,high
PMC9268138,,,CXCL8,high
PMC9268138,,,CCL2,high
PMC9268138,,,INS,high
PMC9268138,,,IL4,high
PMC11972970,,,HIF1A,high
PMC11972970,,,EP300,high
PMC11972970,,,PRKCA,high
PMC11972970,,,TERT,high
PMC11972970,,,SETD2,high
PMC9412739,,,MCC,medium
PMC9412739,,,GSTP1,medium
PMC9412739,,,HRAS,medium
PMC9412739,,,AKR1B1,medium
PMC9412739,,,GSTA1,medium
PMC9412739,,,AR,medium
PMC9412739,,,GSR,medium
PMC9412739,,,LDHB,medium
PMC11905198,vitiligo,dermatologic_autoimmune,AKT1,high
PMC11905198,vitiligo,dermatologic_autoimmune,TP53,high
PMC11905198,vitiligo,dermatologic_autoimmune,PPARG,high
PMC11905198,vitiligo,dermatologic_autoimmune,ESR1,high
PMC11905198,vitiligo,dermatologic_autoimmune,PTGS2,high
PMC11905198,vitiligo,dermatologic_autoimmune,MAPK1,high
PMC6193325,,,TGFB1,medium
PMC6193325,,,EGFR,medium
PMC6193325,,,CAV1,medium
PMC6193325,,,MAPK1,medium
PMC6193325,,,PRKCB,medium
PMC6193325,,,AKT1,medium
PMC8572587,,,MCC,high
PMC8572587,,,VEGFA,high
PMC8572587,,,MAPK3,high
PMC8572587,,,MAPK1,high
PMC8572587,,,EGF,high
PMC8572587,,,EGFR,high
PMC8572587,,,IL6,high
PMC8572587,,,PTGS2,high
PMC8572587,,,STAT3,high
PMC8572587,,,MMP9,high
PMC8572587,,,MMP2,high
PMC9192286,,,AKT1,high
PMC9192286,,,ESR1,high
PMC9192286,,,MMP9,high
PMC9192286,,,CES1,high
PMC9192286,,,SRC,high
PMC9192286,,,HIF1A,high
PMC9192286,,,ABCB1,high
PMC9192286,,,CASP3,high
PMC9192286,,,SNCA,high
PMC10727545,,,AKT1,high
PMC10727545,,,TP53,high
PMC10727545,,,IL6,high
PMC10727545,,,TNF,high
PMC10727545,,,VEGFA,high
PMC10727545,,,CTNNB1,high
PMC10727545,,,MYC,high
PMC10727545,,,PTGS2,high
PMC10727545,,,HIF1A,high
PMC10727545,,,CASP3,high
PMC9764286,ischemic_stroke,neurological,STAT3,high
PMC9764286,ischemic_stroke,neurological,MPO,high
PMC9764286,ischemic_stroke,neurological,MMP9,high
PMC13093626,liver_fibrosis,hepatic,LYN,medium
PMC13093626,liver_fibrosis,hepatic,CFTR,medium
PMC13093626,liver_fibrosis,hepatic,CFH,medium
PMC12150923,,,SRC,high
PMC12150923,,,PIK3CA,high
PMC12150923,,,PIK3R1,high
PMC12150923,,,HSP90AA1,high
PMC12150923,,,ESR1,high
PMC12150923,,,AKT1,high
PMC12150923,,,PLCG1,high
PMC12150923,,,EGFR,high
PMC12150923,,,JAK2,high
PMC12150923,,,HRAS,high
PMC9166517,atherosclerosis,cardiovascular,STAT3,high
PMC9166517,atherosclerosis,cardiovascular,HSP90AA1,high
PMC9166517,atherosclerosis,cardiovascular,TP53,high
PMC9166517,atherosclerosis,cardiovascular,AKT1,high
PMC11336640,depression,psychiatric,TNF,high
PMC11336640,depression,psychiatric,AKT1,high
PMC11336640,depression,psychiatric,ALB,high
PMC11336640,depression,psychiatric,TP53,high
PMC11336640,depression,psychiatric,IL1B,high
PMC11336640,depression,psychiatric,HT,high
PMC11309690,chronic_kidney_disease,renal,MAPK1,medium
PMC11309690,chronic_kidney_disease,renal,MAPK14,medium
PMC11309690,chronic_kidney_disease,renal,MAP2K1,medium
PMC11309690,chronic_kidney_disease,renal,MAPK11,medium
PMC11309690,chronic_kidney_disease,renal,AR,medium
PMC9608341,type_2_diabetes,metabolic,ACTB,medium
PMC9608341,type_2_diabetes,metabolic,HSP90AA1,medium
PMC9608341,type_2_diabetes,metabolic,PPARA,medium
PMC9608341,type_2_diabetes,metabolic,AHR,medium
PMC9608341,type_2_diabetes,metabolic,ESR1,medium
PMC9608341,type_2_diabetes,metabolic,CEBPB,medium
PMC9608341,type_2_diabetes,metabolic,PPARG,medium
PMC9608341,type_2_diabetes,metabolic,CYP1B1,medium
PMC9608341,type_2_diabetes,metabolic,NR1I2,medium
PMC9608341,type_2_diabetes,metabolic,RXRA,medium
PMC10882657,endometrial_cancer,cancer,EGFR,high
PMC10882657,endometrial_cancer,cancer,MAPK1,high
PMC10882657,endometrial_cancer,cancer,MYC,high
PMC10882657,endometrial_cancer,cancer,CDKN1A,high
PMC10882657,endometrial_cancer,cancer,AKT1,high
PMC10882657,endometrial_cancer,cancer,EGF,high
PMC10882657,endometrial_cancer,cancer,TP53,high
PMC10882657,endometrial_cancer,cancer,BAX,high
PMC10882657,endometrial_cancer,cancer,ERBB2,high
PMC10882657,endometrial_cancer,cancer,ELK1,high
PMC10882657,endometrial_cancer,cancer,CASP9,high
PMC10882657,endometrial_cancer,cancer,GSK3B,high
PMC10882657,endometrial_cancer,cancer,CCND1,high
PMC10882657,endometrial_cancer,cancer,RAF1,high
PMC10239169,,,MAPK3,medium
PMC10239169,,,TP53,medium
PMC10239169,,,VEGFA,medium
PMC10239169,,,PPARG,medium
PMC10239169,,,HIF1A,medium
PMC10239169,,,MMP9,medium
PMC10239169,,,FN1,medium
PMC10239169,,,JUN,medium
PMC10239169,,,ERBB2,medium
PMC10239169,,,NFKBIA,medium
PMC12143954,cervical_cancer,cancer,EGFR,high
PMC12143954,cervical_cancer,cancer,TP53,high
PMC12143954,cervical_cancer,cancer,BCL2,high
PMC12143954,cervical_cancer,cancer,AKT1,high
PMC12143954,cervical_cancer,cancer,JUN,high
PMC12143954,cervical_cancer,cancer,TNF,high
PMC12143954,cervical_cancer,cancer,CASP3,high
PMC12143954,cervical_cancer,cancer,IL6,high
PMC12143954,cervical_cancer,cancer,MMP9,high
PMC12143954,cervical_cancer,cancer,ERBB2,high
PMC12143954,cervical_cancer,cancer,CCND1,high
PMC12143954,cervical_cancer,cancer,PTGS2,high
PMC12143954,cervical_cancer,cancer,IL17A,high
PMC11645930,rheumatoid_arthritis,autoimmune,ALB,medium
PMC11645930,rheumatoid_arthritis,autoimmune,CASP3,medium
PMC11645930,rheumatoid_arthritis,autoimmune,SRC,medium
PMC11645930,rheumatoid_arthritis,autoimmune,EGFR,medium
PMC11645930,rheumatoid_arthritis,autoimmune,HSP90AA1,medium
PMC11645930,rheumatoid_arthritis,autoimmune,IGF1,medium
PMC10905894,,,ID1,high
PMC10905894,,,AKT1,high
PMC10905894,,,IL6,high
PMC10905894,,,IL1B,high
PMC10905894,,,VEGFA,high
PMC10905894,,,CASP3,high
PMC10905894,,,STAT3,high
PMC10905894,,,MAPK3,high
PMC10905894,,,MYC,high
PMC10905894,,,PPARG,high
PMC10905894,,,CTNNB1,high
PMC10905894,,,PTGS2,high
PMC10905894,,,MMP9,high
PMC10905894,,,CXCL8,high
PMC10905894,,,MTOR,high
PMC10905894,,,BCL2L1,high
PMC10905894,,,BCL2,high
PMC12169005,myocardial_infarction,cardiovascular,IL6,high
PMC12169005,myocardial_infarction,cardiovascular,AKT1,high
PMC12169005,myocardial_infarction,cardiovascular,TNF,high
PMC12169005,myocardial_infarction,cardiovascular,ICAM1,high
PMC12169005,myocardial_infarction,cardiovascular,MMP9,high
PMC12169005,myocardial_infarction,cardiovascular,IL10,high
PMC12169005,myocardial_infarction,cardiovascular,VCAM1,high
PMC8675254,depression,psychiatric,XS,medium
PMC8675254,depression,psychiatric,SLC6A4,medium
PMC8675254,depression,psychiatric,SLC6A3,medium
PMC10704204,,,TNF,medium
PMC10704204,,,IL6,medium
PMC10704204,,,TP53,medium
PMC10704204,,,EGFR,medium
PMC10704204,,,INS,medium
PMC9715340,,,TP53,high
PMC9715340,,,SRC,high
PMC9715340,,,JUN,high
PMC9715340,,,HRAS,high
PMC9715340,,,AKT1,high
PMC9715340,,,VEGFA,high
PMC9715340,,,EGFR,high
PMC9715340,,,ESR1,high
PMC9715340,,,SETD2,high
PMC9568303,gout,musculoskeletal,NLRP3,medium
PMC9568303,gout,musculoskeletal,IL1B,medium
PMC9568303,gout,musculoskeletal,TNF,medium
PMC10624676,osteoporosis,musculoskeletal,GNRH1,high
PMC10624676,osteoporosis,musculoskeletal,BRD2,high
PMC10624676,osteoporosis,musculoskeletal,ALB,high
PMC10624676,osteoporosis,musculoskeletal,C3,high
PMC10624676,osteoporosis,musculoskeletal,SNCA,high
PMC10624676,osteoporosis,musculoskeletal,CLTC,high
PMC11204876,lung_cancer,cancer,SRC,high
PMC11204876,lung_cancer,cancer,STAT3,high
PMC11204876,lung_cancer,cancer,PIK3CA,high
PMC11204876,lung_cancer,cancer,MAPK1,high
PMC11204876,lung_cancer,cancer,EGFR,high
PMC11204876,lung_cancer,cancer,JAK1,high
PMC11385794,leukemia,cancer,STAT3,high
PMC11385794,leukemia,cancer,TLR4,high
PMC11385794,leukemia,cancer,HSP90AA1,high
PMC11385794,leukemia,cancer,JUN,high
PMC11385794,leukemia,cancer,MMP9,high
PMC11385794,leukemia,cancer,PTPRC,high
PMC11385794,leukemia,cancer,JAK2,high
PMC11385794,leukemia,cancer,PTGS2,high
PMC11385794,leukemia,cancer,KIT,high
PMC11385794,leukemia,cancer,CSF1R,high
PMC8741373,depression,psychiatric,ESR1,high
PMC8741373,depression,psychiatric,HSP90AA1,high
PMC8741373,depression,psychiatric,JUN,high
PMC8741373,depression,psychiatric,MAPK1,high
PMC8741373,depression,psychiatric,MAPK14,high
PMC8741373,depression,psychiatric,MAPK8,high
PMC8741373,depression,psychiatric,RB1,high
PMC8741373,depression,psychiatric,RELA,high
PMC8741373,depression,psychiatric,TP53,high
PMC9580962,,,MCC,high
PMC9580962,,,CASP3,high
PMC9580962,,,AKT1,high
PMC9580962,,,SRC,high
PMC9580962,,,MMP9,high
PMC9580962,,,EGFR,high
PMC9580962,,,ANXA5,high
PMC9580962,,,IGF1,high
PMC9580962,,,MAPK14,high
PMC9580962,,,RHOA,high
PMC9580962,,,HSP90AA1,high
PMC11162075,,,AKT1,high
PMC11162075,,,MAPK3,high
PMC11162075,,,IL6,high
PMC11162075,,,TP53,high
PMC11162075,,,VEGFA,high
PMC11162075,,,TNF,high
PMC11162075,,,SRC,high
PMC11162075,,,MAPK1,high
PMC11162075,,,STAT3,high
PMC11162075,,,EGFR,high
PMC11162075,,,CXCL8,high
PMC11162075,,,JUN,high
PMC11162075,,,CASP3,high
PMC11162075,,,MAPK8,high
PMC6688518,osteoporosis,musculoskeletal,CDK2,medium
PMC6688518,osteoporosis,musculoskeletal,ESR1,medium
PMC6688518,osteoporosis,musculoskeletal,EP300,medium
PMC6688518,osteoporosis,musculoskeletal,RELA,medium
PMC6688518,osteoporosis,musculoskeletal,TRAF6,medium
PMC6688518,osteoporosis,musculoskeletal,TP53,medium
PMC6688518,osteoporosis,musculoskeletal,STAT3,medium
PMC9005278,,,AKT1,high
PMC9005278,,,IL6,high
PMC9005278,,,TNF,high
PMC9005278,,,TP53,high
PMC9005278,,,JUN,high
PMC9005278,,,PTGS2,high
PMC9005278,,,CXCL8,high
PMC9005278,,,MAPK8,high
PMC9005278,,,MMP9,high
PMC9005278,,,CASP3,high
PMC6899322,rheumatoid_arthritis,autoimmune,TNF,high
PMC6899322,rheumatoid_arthritis,autoimmune,IL1A,high
PMC6899322,rheumatoid_arthritis,autoimmune,CSF2,high
PMC6899322,rheumatoid_arthritis,autoimmune,IFNG,high
PMC6899322,rheumatoid_arthritis,autoimmune,CTLA4,high
PMC6899322,rheumatoid_arthritis,autoimmune,IL18,high
PMC6899322,rheumatoid_arthritis,autoimmune,DPP4,high
PMC6899322,rheumatoid_arthritis,autoimmune,CXCL8,high
PMC6899322,rheumatoid_arthritis,autoimmune,IL6,high
PMC6899322,rheumatoid_arthritis,autoimmune,MAP3K14,high
PMC9678516,colorectal_cancer,cancer,AKT1,high
PMC9678516,colorectal_cancer,cancer,TP53,high
PMC9678516,colorectal_cancer,cancer,MAPK1,high
PMC9678516,colorectal_cancer,cancer,MAPK8,high
PMC9678516,colorectal_cancer,cancer,JUN,high
PMC9678516,colorectal_cancer,cancer,IL6,high
PMC9678516,colorectal_cancer,cancer,TNF,high
PMC9678516,colorectal_cancer,cancer,MAPK3,high
PMC9678516,colorectal_cancer,cancer,EGFR,high
PMC9883450,lung_cancer,cancer,STAT3,high
PMC9883450,lung_cancer,cancer,VEGFA,high
PMC9883450,lung_cancer,cancer,HSP90AA1,high
PMC9883450,lung_cancer,cancer,FGF2,high
PMC9883450,lung_cancer,cancer,IL2,high
PMC8675883,,,VEGFA,medium
PMC8675883,,,SRC,medium
PMC8675883,,,PTGS2,medium
PMC8675883,,,TLR4,medium
PMC8675883,,,APP,medium
PMC12808706,,,TP53,medium
PMC12808706,,,IL6,medium
PMC12808706,,,AKT1,medium
PMC11326102,prostate_cancer,cancer,EGFR,medium
PMC11326102,prostate_cancer,cancer,MMP9,medium
PMC11326102,prostate_cancer,cancer,PTGS2,medium
PMC11326102,prostate_cancer,cancer,SIRT1,medium
PMC11326102,prostate_cancer,cancer,NOS3,medium
PMC11326102,prostate_cancer,cancer,ICAM1,medium
PMC11326102,prostate_cancer,cancer,PPARG,medium
PMC11326102,prostate_cancer,cancer,MMP2,medium
PMC11310868,nasopharyngeal_carcinoma,cancer,NPC1,high
PMC11310868,nasopharyngeal_carcinoma,cancer,AKT1,high
PMC11310868,nasopharyngeal_carcinoma,cancer,BCL2,high
PMC11310868,nasopharyngeal_carcinoma,cancer,CASP3,high
PMC11310868,nasopharyngeal_carcinoma,cancer,CTNNB1,high
PMC11310868,nasopharyngeal_carcinoma,cancer,ESR1,high
PMC11310868,nasopharyngeal_carcinoma,cancer,HSP90AA1,high
PMC11310868,nasopharyngeal_carcinoma,cancer,MMP9,high
PMC11310868,nasopharyngeal_carcinoma,cancer,STAT3,high
PMC11310868,nasopharyngeal_carcinoma,cancer,IL17A,high
PMC9371493,atherosclerosis,cardiovascular,STAT3,medium
PMC9371493,atherosclerosis,cardiovascular,IL6,medium
PMC9371493,atherosclerosis,cardiovascular,JUN,medium
PMC9371493,atherosclerosis,cardiovascular,VEGFA,medium
PMC9371493,atherosclerosis,cardiovascular,MAPK14,medium
PMC9371493,atherosclerosis,cardiovascular,AKT1,medium
PMC12120097,hepatocellular_carcinoma,cancer,JUN,high
PMC12120097,hepatocellular_carcinoma,cancer,IL6,high
PMC12120097,hepatocellular_carcinoma,cancer,PTGS2,high
PMC12120097,hepatocellular_carcinoma,cancer,FOS,high
PMC12120097,hepatocellular_carcinoma,cancer,EGF,high
PMC12120097,hepatocellular_carcinoma,cancer,MMP9,high
PMC12120097,hepatocellular_carcinoma,cancer,CXCL8,high
PMC12120097,hepatocellular_carcinoma,cancer,MAPK1,high
PMC12120097,hepatocellular_carcinoma,cancer,CASP3,high
PMC12120097,hepatocellular_carcinoma,cancer,IL1B,high
PMC12120097,hepatocellular_carcinoma,cancer,RPS5,high
PMC8741256,ischemic_stroke,neurological,SHD,medium
PMC8741256,ischemic_stroke,neurological,INS,medium
PMC8741256,ischemic_stroke,neurological,IL6,medium
PMC8926352,,,TNF,medium
PMC8926352,,,CHRM1,medium
PMC8926352,,,IL10,medium
PMC8926352,,,PTGS2,medium
PMC8926352,,,REN,medium
PMC8926352,,,F2,medium
PMC9675225,male_infertility,reproductive,RPS6,high
PMC9675225,male_infertility,reproductive,MAPK1,high
PMC9675225,male_infertility,reproductive,MAPK3,high
PMC9675225,male_infertility,reproductive,MDM2,high
PMC9675225,male_infertility,reproductive,DDX5,high
PMC9675225,male_infertility,reproductive,TP53,high
PMC9675225,male_infertility,reproductive,MITF,high
PMC9205703,hepatocellular_carcinoma,cancer,ALB,high
PMC9205703,hepatocellular_carcinoma,cancer,CCND1,high
PMC9205703,hepatocellular_carcinoma,cancer,ESR1,high
PMC9205703,hepatocellular_carcinoma,cancer,AR,high
PMC9205703,hepatocellular_carcinoma,cancer,CCNA2,high
PMC9205703,hepatocellular_carcinoma,cancer,AURKA,high
PMC9205703,hepatocellular_carcinoma,cancer,HYCC1,high
PMC10680469,ulcerative_colitis,gastrointestinal,AKT1,medium
PMC10680469,ulcerative_colitis,gastrointestinal,IL6,medium
PMC10680469,ulcerative_colitis,gastrointestinal,TP53,medium
PMC10680469,ulcerative_colitis,gastrointestinal,TNF,medium
PMC10680469,ulcerative_colitis,gastrointestinal,IL1B,medium
PMC10844032,gout,musculoskeletal,CASP3,high
PMC10844032,gout,musculoskeletal,IL1B,high
PMC10844032,gout,musculoskeletal,IL6,high
PMC10844032,gout,musculoskeletal,TNF,high
PMC10844032,gout,musculoskeletal,TP53,high
PMC10844032,gout,musculoskeletal,GAPDH,high
PMC10844032,gout,musculoskeletal,PTGS2,high
PMC10844032,gout,musculoskeletal,MYC,high
PMC10844032,gout,musculoskeletal,INS,high
PMC10844032,gout,musculoskeletal,VEGFA,high
PMC10844032,gout,musculoskeletal,ESR1,high
PMC10844032,gout,musculoskeletal,PPARG,high
PMC9524248,ischemic_stroke,neurological,STAT3,medium
PMC9524248,ischemic_stroke,neurological,STAT1,medium
PMC9524248,ischemic_stroke,neurological,HIF1A,medium
PMC12928922,depression,psychiatric,AKT1,high
PMC12928922,depression,psychiatric,PTGS2,high
PMC12928922,depression,psychiatric,IL6,high
PMC12928922,depression,psychiatric,TNF,high
PMC12928922,depression,psychiatric,ESR1,high
PMC12928922,depression,psychiatric,ACHE,high
PMC12928922,depression,psychiatric,PPARG,high
PMC12928922,depression,psychiatric,CYP3A4,high
PMC12928922,depression,psychiatric,RELA,high
PMC9560825,male_infertility,reproductive,AKT1,high
PMC9560825,male_infertility,reproductive,ESR1,high
PMC9560825,male_infertility,reproductive,SRC,high
PMC9560825,male_infertility,reproductive,CASP3,high
PMC9560825,male_infertility,reproductive,EGFR,high
PMC9560825,male_infertility,reproductive,IGF1,high
PMC9560825,male_infertility,reproductive,MMP9,high
PMC9560825,male_infertility,reproductive,HSP90AA1,high
PMC9560825,male_infertility,reproductive,RHOA,high
PMC9560825,male_infertility,reproductive,ANXA5,high
PMC9560825,male_infertility,reproductive,MDM2,high
PMC9560825,male_infertility,reproductive,MAPK14,high
PMC12531212,,,ESR1,medium
PMC12531212,,,PPARG,medium
PMC12531212,,,CASP3,medium
PMC12531212,,,CA2,medium
PMC12531212,,,BAX,medium
PMC12531212,,,PES1,medium
PMC7937485,ischemic_stroke,neurological,IL6,high
PMC7937485,ischemic_stroke,neurological,TNF,high
PMC7937485,ischemic_stroke,neurological,VEGFA,high
PMC7937485,ischemic_stroke,neurological,AKT1,high
PMC12358392,diabetic_nephropathy,renal_metabolic,JAK2,medium
PMC12358392,diabetic_nephropathy,renal_metabolic,STAT3,medium
PMC12358392,diabetic_nephropathy,renal_metabolic,AKT1,medium
PMC11132292,type_2_diabetes,metabolic,LIAS,medium
PMC11132292,type_2_diabetes,metabolic,TNF,medium
PMC11132292,type_2_diabetes,metabolic,HSP90AA1,medium
PMC11132292,type_2_diabetes,metabolic,GCK,medium
PMC11132292,type_2_diabetes,metabolic,AKR1B1,medium
PMC11132292,type_2_diabetes,metabolic,RBP4,medium
PMC11132292,type_2_diabetes,metabolic,TTR,medium
PMC8328704,diabetic_nephropathy,renal_metabolic,AKT1,high
PMC8328704,diabetic_nephropathy,renal_metabolic,TP53,high
PMC8328704,diabetic_nephropathy,renal_metabolic,RELA,high
PMC8328704,diabetic_nephropathy,renal_metabolic,JUN,high
PMC8328704,diabetic_nephropathy,renal_metabolic,CDKN1A,high
PMC8328704,diabetic_nephropathy,renal_metabolic,EGFR,high
PMC12594247,,,AR,medium
PMC12594247,,,TNF,medium
PMC12594247,,,AKT1,medium
PMC12594247,,,MMP9,medium
PMC12594247,,,BCL2,medium
PMC12594247,,,IL2,medium
PMC12594247,,,PTGS2,medium
PMC12594247,,,VCAM1,medium
PMC12594247,,,ICAM1,medium
PMC12594247,,,RELA,medium
PMC11394753,,,TP53,high
PMC11394753,,,PPARG,high
PMC11394753,,,ESR1,high
PMC11394753,,,TNF,high
PMC11394753,,,CCL2,high
PMC11394753,,,AKT1,high
PMC11394753,,,RELA,high
PMC11394753,,,MAPK1,high
PMC11394753,,,IL6,high
PMC11394753,,,CXCL8,high
PMC11394753,,,IL1A,high
PMC11394753,,,IL4,high
PMC11394753,,,IL10,high
PMC11394753,,,IL1B,high
PMC11394753,,,IFNG,high
PMC13255016,,,MTOR,medium
PMC13255016,,,MMP9,medium
PMC13255016,,,AR,medium
PMC13255016,,,RELA,medium
PMC12268575,,,KIT,medium
PMC12268575,,,NTRK2,medium
PMC12268575,,,PLK3,medium
PMC12268575,,,PRKCA,medium
PMC12268575,,,PRKCB,medium
PMC12268575,,,PRKCD,medium
PMC11453126,,,PTGS2,high
PMC11453126,,,CTNNB1,high
PMC11453126,,,MMP9,high
PMC11453126,,,STAT3,high
PMC11453126,,,SIRT1,high
PMC11453126,,,GSK3B,high
PMC11453126,,,EGFR,high
PMC11453126,,,PPARA,high
PMC11453126,,,NFE2L2,high
PMC11453126,,,ICAM1,high
PMC9478232,gout,musculoskeletal,AKT1,high
PMC9478232,gout,musculoskeletal,IL1B,high
PMC9478232,gout,musculoskeletal,PTGS2,high
PMC9478232,gout,musculoskeletal,JUN,high
PMC9478232,gout,musculoskeletal,IL17A,high
PMC9478232,gout,musculoskeletal,TNF,high
PMC9478232,gout,musculoskeletal,ELAVL1,high
PMC8028125,insomnia,psychiatric,IL6,medium
PMC8028125,insomnia,psychiatric,APP,medium
PMC8028125,insomnia,psychiatric,AKT1,medium
PMC8028125,insomnia,psychiatric,HTR1A,medium
PMC8028125,insomnia,psychiatric,DRD2,medium
PMC8028125,insomnia,psychiatric,FOS,medium
PMC9673803,ulcerative_colitis,gastrointestinal,STAT3,medium
PMC9673803,ulcerative_colitis,gastrointestinal,CXCL8,medium
PMC9673803,ulcerative_colitis,gastrointestinal,IL6,medium
PMC9673803,ulcerative_colitis,gastrointestinal,CXCL12,medium
PMC9673803,ulcerative_colitis,gastrointestinal,TNF,medium
PMC9673803,ulcerative_colitis,gastrointestinal,RELA,medium
PMC9673803,ulcerative_colitis,gastrointestinal,TP53,medium
PMC9673803,ulcerative_colitis,gastrointestinal,PTPN11,medium
PMC13261025,gastric_cancer,cancer,GRB2,medium
PMC13261025,gastric_cancer,cancer,ALDH2,medium
PMC13261025,gastric_cancer,cancer,HSP90AA1,medium
PMC13261025,gastric_cancer,cancer,HSP90AB1,medium
PMC13261025,gastric_cancer,cancer,PRKACA,medium
PMC8491704,,,PTGS2,high
PMC8491704,,,NOS2,high
PMC8491704,,,AKT1,high
PMC8491704,,,ESR1,high
PMC8491704,,,TNF,high
PMC8491704,,,MAPK14,high
PMC12014062,lung_cancer,cancer,AKT1,high
PMC12014062,lung_cancer,cancer,IL1B,high
PMC12014062,lung_cancer,cancer,RHAG,high
PMC12014062,lung_cancer,cancer,IL6,high
PMC12014062,lung_cancer,cancer,TP53,high
PMC12014062,lung_cancer,cancer,STAT3,high
PMC10846330,cancer_unspecified,cancer,TP53,high
PMC10846330,cancer_unspecified,cancer,CCND1,high
PMC10846330,cancer_unspecified,cancer,EGFR,high
PMC10846330,cancer_unspecified,cancer,VEGFA,high
PMC8933113,,,SRC,high
PMC8933113,,,EGFR,high
PMC8933113,,,AKT1,high
PMC8933113,,,MAPK8,high
PMC8202066,renal_cell_carcinoma,cancer,VEGFA,high
PMC8202066,renal_cell_carcinoma,cancer,COL1A1,high
PMC8202066,renal_cell_carcinoma,cancer,COL3A1,high
PMC8202066,renal_cell_carcinoma,cancer,EGF,high
PMC8202066,renal_cell_carcinoma,cancer,HK2,high
PMC8202066,renal_cell_carcinoma,cancer,SHMT2,high
PMC8202066,renal_cell_carcinoma,cancer,PLA2G4F,high
PMC8202066,renal_cell_carcinoma,cancer,ADH1A,high
PMC8202066,renal_cell_carcinoma,cancer,ADH1C,high
PMC8202066,renal_cell_carcinoma,cancer,CAV1,high
PMC8202066,renal_cell_carcinoma,cancer,TIMP1,high
PMC8202066,renal_cell_carcinoma,cancer,PIPOX,high
PMC10014786,,,AURKA,high
PMC10014786,,,CCNA2,high
PMC10014786,,,ALB,high
PMC10014786,,,LCN2,high
PMC10014786,,,NQO1,high
PMC10014786,,,CDA,high
PMC10014786,,,PLAU,high
PMC10014786,,,LGALS3,high
PMC10014786,,,MMP2,high
PMC10014786,,,REG1A,high
PMC10014786,,,MMP7,high
PMC10014786,,,MMP9,high
PMC10014786,,,PIK3CG,high
PMC12216624,glioma,cancer,AKT1,medium
PMC12216624,glioma,cancer,ID1,medium
PMC12216624,glioma,cancer,STAT3,medium
PMC12216624,glioma,cancer,TP53,medium
PMC12216624,glioma,cancer,ESR1,medium
PMC12216624,glioma,cancer,CASP3,medium
PMC12216624,glioma,cancer,CCND1,medium
PMC12216624,glioma,cancer,HIF1A,medium
PMC12216624,glioma,cancer,BCL2,medium
PMC10229821,,,MMP2,medium
PMC10229821,,,BAX,medium
PMC10229821,,,ADORA3,medium
PMC10229821,,,HIF1A,medium
PMC10229821,,,PIM1,medium
PMC10229821,,,CA12,medium
PMC10229821,,,ALOX5,medium
PMC10977553,,,IL6,high
PMC10977553,,,TNF,high
PMC10977553,,,IL1A,high
PMC10977553,,,CCL2,high
PMC12735668,ischemic_stroke,neurological,TNF,high
PMC12735668,ischemic_stroke,neurological,STAT3,high
PMC12735668,ischemic_stroke,neurological,IL1B,high
PMC12735668,ischemic_stroke,neurological,AKT1,high
PMC12735668,ischemic_stroke,neurological,SRC,high
PMC12735668,ischemic_stroke,neurological,ARSL,high
PMC12510934,diabetic_nephropathy,renal_metabolic,TNF,medium
PMC12510934,diabetic_nephropathy,renal_metabolic,IL6,medium
PMC12510934,diabetic_nephropathy,renal_metabolic,IL1A,medium
PMC12510934,diabetic_nephropathy,renal_metabolic,ALB,medium
PMC12510934,diabetic_nephropathy,renal_metabolic,AKT1,medium
PMC9467798,asthma,respiratory,IL6,medium
PMC9467798,asthma,respiratory,EGFR,medium
PMC9467798,asthma,respiratory,CCND1,medium
PMC9467798,asthma,respiratory,CASP3,medium
PMC9467798,asthma,respiratory,MAPK8,medium
PMC9467798,asthma,respiratory,PPARG,medium
PMC7593729,type_2_diabetes,metabolic,AKT1,medium
PMC7593729,type_2_diabetes,metabolic,IL6,medium
PMC7593729,type_2_diabetes,metabolic,FOS,medium
PMC7593729,type_2_diabetes,metabolic,VEGFA,medium
PMC7593729,type_2_diabetes,metabolic,CASP3,medium
PMC12602249,endometriosis,gynecologic,AKT1,medium
PMC12602249,endometriosis,gynecologic,IL1B,medium
PMC12602249,endometriosis,gynecologic,TNF,medium
PMC12602249,endometriosis,gynecologic,TP53,medium
PMC12602249,endometriosis,gynecologic,IL6,medium
PMC12602249,endometriosis,gynecologic,ESR1,medium
PMC11654441,,,NFE2L2,high
PMC11654441,,,HMOX1,high
PMC11654441,,,PTGS2,high
PMC11654441,,,ACSL4,high
PMC11654441,,,TF,high
PMC11654441,,,GPX4,high
PMC11654441,,,FTH1,high
PMC12116500,obesity,metabolic,SETD2,high
PMC12116500,obesity,metabolic,CPS1,high
PMC12116500,obesity,metabolic,HRAS,high
PMC12116500,obesity,metabolic,MAPK14,high
PMC12116500,obesity,metabolic,PAH,high
PMC12116500,obesity,metabolic,ALDOB,high
PMC12116500,obesity,metabolic,AKT1,high
PMC12116500,obesity,metabolic,GSK3B,high
PMC12116500,obesity,metabolic,HSP90AA1,high
PMC12116500,obesity,metabolic,BHMT2,high
PMC12116500,obesity,metabolic,EGFR,high
PMC12116500,obesity,metabolic,CASP3,high
PMC12116500,obesity,metabolic,MAT1A,high
PMC12116500,obesity,metabolic,APOM,high
PMC12116500,obesity,metabolic,APOA2,high
PMC12116500,obesity,metabolic,APOC3,high
PMC12116500,obesity,metabolic,APOA1,high
PMC10962663,copd,respiratory,COPD,high
PMC10962663,copd,respiratory,SRC,high
PMC10962663,copd,respiratory,ADRB2,high
PMC10962663,copd,respiratory,MMP2,high
PMC10962663,copd,respiratory,NOS3,high
PMC8763506,,,EGF,high
PMC8763506,,,IL2,high
PMC8763506,,,IL4,high
PMC13227184,,,TPM1,high
PMC13227184,,,TPM2,high
PMC13227184,,,ITGA1,high
PMC13227184,,,ITGB5,high
PMC13227184,,,CALD1,high
PMC13227184,,,ACTA2,high
PMC13227184,,,ACTG2,high
PMC13227184,,,LMOD1,high
PMC13227184,,,MYH11,high
PMC13227184,,,SORBS1,high
PMC9016333,,,PTGS1,medium
PMC9016333,,,PTGS2,medium
PMC9016333,,,PRSS1,medium
PMC9016333,,,RXRA,medium
PMC9016333,,,AR,medium
PMC9016333,,,HSP90AA1,medium
PMC9016333,,,ESR1,medium
PMC9016333,,,NOS2,medium
PMC8856020,,,TP53,high
PMC8856020,,,MAPK8,high
PMC8856020,,,MAPK14,high
PMC8856020,,,STAT3,high
PMC8856020,,,IFNG,high
PMC8856020,,,ICAM1,high
PMC8856020,,,IL4,high
PMC8856020,,,TGFB1,high
PMC8856020,,,PPARG,high
PMC8856020,,,MMP1,high
PMC8415621,sepsis,infectious_inflammatory,EGFR,medium
PMC8415621,sepsis,infectious_inflammatory,SRC,medium
PMC8415621,sepsis,infectious_inflammatory,PTGS2,medium
PMC8415621,sepsis,infectious_inflammatory,ESR1,medium
PMC8975676,cardiac_fibrosis,cardiovascular,IL6,high
PMC8975676,cardiac_fibrosis,cardiovascular,ALB,high
PMC8975676,cardiac_fibrosis,cardiovascular,AKT1,high
PMC8975676,cardiac_fibrosis,cardiovascular,TNF,high
PMC8975676,cardiac_fibrosis,cardiovascular,VEGFA,high
PMC9066831,,,ESR1,high
PMC9066831,,,APP,high
PMC9066831,,,MAPK8,high
PMC9066831,,,HSP90AA1,high
PMC9066831,,,AKT1,high
PMC9066831,,,MMP2,high
PMC9066831,,,PTGS2,high
PMC9066831,,,TGFB1,high
PMC9066831,,,JUN,high
PMC9155915,alzheimer_disease,neurological,HSP90AA1,high
PMC9155915,alzheimer_disease,neurological,AKT1,high
PMC9155915,alzheimer_disease,neurological,MAPK1,high
PMC9155915,alzheimer_disease,neurological,JUN,high
PMC9155915,alzheimer_disease,neurological,RELA,high
PMC9155915,alzheimer_disease,neurological,MAPK14,high
PMC9155915,alzheimer_disease,neurological,ESR1,high
PMC9155915,alzheimer_disease,neurological,FOS,high
PMC9155915,alzheimer_disease,neurological,IL6,high
PMC9155915,alzheimer_disease,neurological,MYC,high
PMC9155915,alzheimer_disease,neurological,CDKN1A,high
PMC9155915,alzheimer_disease,neurological,RB1,high
PMC10210165,acute_lung_injury,respiratory,AKT1,medium
PMC10210165,acute_lung_injury,respiratory,CASP3,medium
PMC10210165,acute_lung_injury,respiratory,TP53,medium
PMC12143337,,,HSPA8,high
PMC12143337,,,HSP90AA1,high
PMC12143337,,,HSP90AB1,high
PMC12143337,,,YWHAZ,high
PMC12143337,,,EGFR,high
PMC12143337,,,ESR1,high
PMC12143337,,,EP300,high
PMC11401857,glioma,cancer,ALB,medium
PMC11401857,glioma,cancer,CASP3,medium
PMC11401857,glioma,cancer,ESR1,medium
PMC11401857,glioma,cancer,PARP1,medium
PMC11401857,glioma,cancer,HSP90AB1,medium
PMC11401857,glioma,cancer,CDK2,medium
PMC11401857,glioma,cancer,CDK1,medium
PMC11401857,glioma,cancer,ABL1,medium
PMC7414372,,,EP300,medium
PMC7414372,,,AKT1,medium
PMC7414372,,,HSP90AA1,medium
PMC7414372,,,CTNNB1,medium
PMC7414372,,,EGFR,medium
PMC7414372,,,CDK1,medium
PMC7414372,,,HRAS,medium
PMC7414372,,,KAT2B,medium
PMC7920725,hepatocellular_carcinoma,cancer,TEAD1,medium
PMC7920725,hepatocellular_carcinoma,cancer,HYCC1,medium
PMC7920725,hepatocellular_carcinoma,cancer,EGFR,medium
PMC7920725,hepatocellular_carcinoma,cancer,ESR1,medium
PMC7920725,hepatocellular_carcinoma,cancer,CCND1,medium
PMC7920725,hepatocellular_carcinoma,cancer,MYC,medium
PMC7920725,hepatocellular_carcinoma,cancer,PTGS2,medium
PMC12064105,,,MAPK1,medium
PMC12064105,,,MAPK3,medium
PMC12064105,,,AKT1,medium
PMC12064105,,,RXRA,medium
PMC12064105,,,RXRB,medium
PMC12064105,,,RARA,medium
PMC12064105,,,RARB,medium
PMC12064105,,,RARG,medium
PMC12064105,,,EGFR,medium
PMC11825621,,,IL1B,high
PMC11825621,,,TNF,high
PMC11825621,,,STAT1,high
PMC11825621,,,IL6,high
PMC11825621,,,PTGS2,high
PMC11825621,,,JUN,high
PMC11825621,,,PPARG,high
PMC11825621,,,RELA,high
PMC11825621,,,IL2,high
PMC11825621,,,NFKBIA,high
PMC11825621,,,IFNG,high
PMC11825621,,,IL10,high
PMC11825621,,,IL1A,high
PMC11825621,,,IRF1,high
PMC11825621,,,MAPK1,high
PMC10988798,,,AKT1,medium
PMC10988798,,,HSP90AA1,medium
PMC10988798,,,STAT3,medium
PMC10988798,,,EGFR,medium
PMC10988798,,,MAPK3,medium
PMC10988798,,,TLR4,medium
PMC10988798,,,PIK3R1,medium
PMC10988798,,,RXRA,medium
PMC10988798,,,ESR1,medium
PMC10988798,,,ALB,medium
PMC11211499,alzheimer_disease,neurological,EGFR,high
PMC11211499,alzheimer_disease,neurological,TNF,high
PMC11211499,alzheimer_disease,neurological,MMP9,high
PMC11211499,alzheimer_disease,neurological,AKT1,high
PMC11211499,alzheimer_disease,neurological,PARP1,high
PMC11211499,alzheimer_disease,neurological,MET,high
PMC11211499,alzheimer_disease,neurological,MCL1,high
PMC11211499,alzheimer_disease,neurological,IGF1R,high
PMC11211499,alzheimer_disease,neurological,PTGS2,high
PMC11211499,alzheimer_disease,neurological,MMP2,high
PMC12263669,,,TNF,medium
PMC12263669,,,IL6,medium
PMC12263669,,,AKT1,medium
PMC12086915,polycystic_ovary_syndrome,gynecologic_metabolic,FOS,high
PMC12086915,polycystic_ovary_syndrome,gynecologic_metabolic,JUN,high
PMC12086915,polycystic_ovary_syndrome,gynecologic_metabolic,STAT3,high
PMC12086915,polycystic_ovary_syndrome,gynecologic_metabolic,MAPK3,high
PMC12086915,polycystic_ovary_syndrome,gynecologic_metabolic,ESR1,high
PMC12086915,polycystic_ovary_syndrome,gynecologic_metabolic,TP53,high
PMC12086915,polycystic_ovary_syndrome,gynecologic_metabolic,HSP90AA1,high
PMC7499271,,,MCC,medium
PMC7499271,,,VEGFA,medium
PMC7499271,,,PTGS2,medium
PMC7499271,,,CCND1,medium
PMC7499271,,,JUN,medium
PMC7499271,,,RELA,medium
PMC7499271,,,STAT1,medium
PMC7499271,,,AHR,medium
PMC7499271,,,NR3C1,medium
PMC7499271,,,MCL1,medium
PMC7499271,,,MMP2,medium
PMC10476849,,,ST6GALNAC4,high
PMC10476849,,,TNF,high
PMC10476849,,,IL6,high
PMC10476849,,,IL1B,high
PMC10476849,,,TLR4,high
PMC10476849,,,CXCL8,high
PMC10476849,,,CCL2,high
PMC10476849,,,IL10,high
PMC10476849,,,VEGFA,high
PMC10476849,,,MMP9,high
PMC6176282,breast_cancer,cancer,CAV1,medium
PMC6176282,breast_cancer,cancer,HIF1A,medium
PMC6176282,breast_cancer,cancer,CCNB1,medium
PMC6176282,breast_cancer,cancer,BAX,medium
PMC6176282,breast_cancer,cancer,BCL2,medium
PMC6176282,breast_cancer,cancer,PARP1,medium
PMC6176282,breast_cancer,cancer,ERBB3,medium
PMC6176282,breast_cancer,cancer,MCL1,medium
PMC6176282,breast_cancer,cancer,PRKCA,medium
PMC6176282,breast_cancer,cancer,CDCA7,medium
PMC6176282,breast_cancer,cancer,CDKN1A,medium
PMC6176282,breast_cancer,cancer,CDKN2A,medium
PMC6176282,breast_cancer,cancer,TOP1,medium
PMC6176282,breast_cancer,cancer,TOP2A,medium
PMC6176282,breast_cancer,cancer,SELE,medium
PMC6176282,breast_cancer,cancer,ATP5F1B,medium
PMC6176282,breast_cancer,cancer,RUNX2,medium
PMC6176282,breast_cancer,cancer,BIRC5,medium
PMC6176282,breast_cancer,cancer,ATF2,medium
PMC6176282,breast_cancer,cancer,RUNX1T1,medium
PMC6176282,breast_cancer,cancer,MT2A,medium
PMC6176282,breast_cancer,cancer,EIF5B,medium
PMC11114218,heart_failure,cardiovascular,APOE,high
PMC11114218,heart_failure,cardiovascular,TNF,high
PMC11114218,heart_failure,cardiovascular,BCL2,high
PMC11114218,heart_failure,cardiovascular,MYC,high
PMC11114218,heart_failure,cardiovascular,MMP9,high
PMC11114218,heart_failure,cardiovascular,TLR4,high
PMC11114218,heart_failure,cardiovascular,ESR1,high
PMC11114218,heart_failure,cardiovascular,HIF1A,high
PMC11114218,heart_failure,cardiovascular,VCAM1,high
PMC11114218,heart_failure,cardiovascular,CDH1,high
PMC12246733,ovarian_cancer,cancer,EGFR,high
PMC12246733,ovarian_cancer,cancer,IL6,high
PMC12246733,ovarian_cancer,cancer,JAK2,high
PMC12246733,ovarian_cancer,cancer,MAP2K1,high
PMC12246733,ovarian_cancer,cancer,MMP9,high
PMC12246733,ovarian_cancer,cancer,CDK4,high
PMC12246733,ovarian_cancer,cancer,AR,high
PMC10170285,,,SLC6A4,medium
PMC10170285,,,GRM5,medium
PMC10170285,,,SLC6A3,medium
PMC10170285,,,GRIN2B,medium
PMC10170285,,,CNR1,medium
PMC10170285,,,IL6,medium
PMC10170285,,,CTNNB1,medium
PMC10170285,,,TNF,medium
PMC10170285,,,COMT,medium
PMC10170285,,,NTRK2,medium
PMC10170285,,,DLG4,medium
PMC10170285,,,DRD2,medium
PMC10170285,,,GRM2,medium
PMC10170285,,,IL1B,medium
PMC10170285,,,HTR1A,medium
PMC10170285,,,HTR2A,medium
PMC10170285,,,SLC6A2,medium
PMC10170285,,,CHRNA4,medium
PMC10170285,,,HTR3A,medium
PMC10170285,,,GRIN1,medium
PMC10869047,,,TP53,high
PMC10869047,,,TNF,high
PMC10869047,,,AKT1,high
PMC10869047,,,VEGFA,high
PMC10869047,,,PTGS2,high
PMC10869047,,,STAT3,high
PMC10869047,,,HIF1A,high
PMC10869047,,,MYC,high
PMC10869047,,,EGFR,high
PMC10869047,,,CASP3,high
PMC12714189,covid_19,infectious,AKT1,high
PMC12714189,covid_19,infectious,MMP9,high
PMC12714189,covid_19,infectious,ICAM1,high
PMC12714189,covid_19,infectious,TLR4,high
PMC12714189,covid_19,infectious,BCL2,high
PMC12714189,covid_19,infectious,HIF1A,high
PMC9936039,atherosclerosis,cardiovascular,EGFR,high
PMC9936039,atherosclerosis,cardiovascular,PTGS2,high
PMC9936039,atherosclerosis,cardiovascular,MAPK14,high
PMC9936039,atherosclerosis,cardiovascular,PPARA,high
PMC9936039,atherosclerosis,cardiovascular,MAPK8,high
PMC9936039,atherosclerosis,cardiovascular,CYP19A1,high
PMC7914091,colorectal_cancer,cancer,STAT3,high
PMC7914091,colorectal_cancer,cancer,INS,high
PMC7914091,colorectal_cancer,cancer,TP53,high
PMC7914091,colorectal_cancer,cancer,VEGFA,high
PMC7914091,colorectal_cancer,cancer,AKT1,high
PMC7914091,colorectal_cancer,cancer,TNF,high
PMC7914091,colorectal_cancer,cancer,IL6,high
PMC7914091,colorectal_cancer,cancer,JUN,high
PMC7914091,colorectal_cancer,cancer,EGF,high
PMC7914091,colorectal_cancer,cancer,CASP3,high
PMC7914091,colorectal_cancer,cancer,MAPK3,high
PMC7914091,colorectal_cancer,cancer,MAPK1,high
PMC7914091,colorectal_cancer,cancer,MAPK8,high
PMC7914091,colorectal_cancer,cancer,SRC,high
PMC7914091,colorectal_cancer,cancer,IGF1,high
PMC7914091,colorectal_cancer,cancer,CCND1,high
PMC7914091,colorectal_cancer,cancer,ESR1,high
PMC7914091,colorectal_cancer,cancer,EGFR,high
PMC7914091,colorectal_cancer,cancer,PTEN,high
PMC7914091,colorectal_cancer,cancer,MTOR,high
PMC7914091,colorectal_cancer,cancer,FOS,high
PMC7914091,colorectal_cancer,cancer,PTGS2,high
PMC7914091,colorectal_cancer,cancer,CXCL8,high
PMC7914091,colorectal_cancer,cancer,HRAS,high
PMC7914091,colorectal_cancer,cancer,CDH1,high
PMC7914091,colorectal_cancer,cancer,BCL2L1,high
PMC7914091,colorectal_cancer,cancer,FN1,high
PMC7914091,colorectal_cancer,cancer,MMP9,high
PMC7914091,colorectal_cancer,cancer,ERBB2,high
PMC7914091,colorectal_cancer,cancer,JAK2,high
PMC10999575,asthma,respiratory,HSP90AA1,high
PMC10999575,asthma,respiratory,ESR1,high
PMC10999575,asthma,respiratory,FOS,high
PMC10999575,asthma,respiratory,EGFR,high
PMC10999575,asthma,respiratory,MAPK8,high
PMC10999575,asthma,respiratory,BCL2,high
PMC10999575,asthma,respiratory,MYC,high
PMC10999575,asthma,respiratory,IL6,high
PMC10999575,asthma,respiratory,CASP3,high
PMC8767100,,,PTGS2,high
PMC8767100,,,COX2,high
PMC8767100,,,MMP2,high
PMC8767100,,,ERBB2,high
PMC8767100,,,PRKCA,high
PMC8767100,,,INSR,high
PMC9895386,,,MAPK1,medium
PMC9895386,,,CTNNB1,medium
PMC9895386,,,AKT1,medium
PMC9895386,,,PIK3CA,medium
PMC9895386,,,TP53,medium
PMC9895386,,,HSP90AA1,medium
PMC13191495,,,MCC,high
PMC13191495,,,SRC,high
PMC13191495,,,MAPK3,high
PMC13191495,,,MAPK1,high
PMC13191495,,,PTPN11,high
PMC13191495,,,EGFR,high
PMC13191495,,,STAT3,high
PMC13191495,,,HRAS,high
PMC13191495,,,PIK3R1,high
PMC13191495,,,PIK3CA,high
PMC13191495,,,IL6,high
PMC8478540,,,PIK3CA,high
PMC8478540,,,MAPK1,high
PMC8478540,,,PIK3R1,high
PMC8478540,,,AKT1,high
PMC8478540,,,SRC,high
PMC8478540,,,APP,high
PMC8478540,,,HRAS,high
PMC8478540,,,STAT3,high
PMC13159095,,,BCL2,medium
PMC13159095,,,CASP3,medium
PMC13159095,,,CASP9,medium
PMC13159095,,,SQSTM1,medium
PMC13159095,,,MAP1LC3A,medium
PMC8845118,,,IL1B,high
PMC8845118,,,IL6,high
PMC8845118,,,TNF,high
PMC8845118,,,NOS3,high
PMC8845118,,,MAPK1,high
PMC12733305,lung_cancer,cancer,AKT1,high
PMC12733305,lung_cancer,cancer,EGFR,high
PMC12733305,lung_cancer,cancer,HSP90AA1,high
PMC12733305,lung_cancer,cancer,SRC,high
PMC12733305,lung_cancer,cancer,STAT3,high
PMC12494972,cancer_unspecified,cancer,AR,high
PMC12494972,cancer_unspecified,cancer,CDK4,high
PMC12494972,cancer_unspecified,cancer,EGFR,high
PMC12494972,cancer_unspecified,cancer,MAPK1,high
PMC12494972,cancer_unspecified,cancer,MAPK3,high
PMC12267510,hepatocellular_carcinoma,cancer,IL6,medium
PMC12267510,hepatocellular_carcinoma,cancer,IL1B,medium
PMC12267510,hepatocellular_carcinoma,cancer,TP53,medium
PMC12267510,hepatocellular_carcinoma,cancer,AKT1,medium
PMC12267510,hepatocellular_carcinoma,cancer,TNF,medium
PMC12267510,hepatocellular_carcinoma,cancer,EGFR,medium
PMC11303875,,,TP53,medium
PMC11303875,,,INS,medium
PMC11303875,,,AKT1,medium
PMC11303875,,,STAT3,medium
PMC11303875,,,EGFR,medium
PMC11303875,,,CTNNB1,medium
PMC11303875,,,PIK3CA,medium
PMC11303875,,,HRAS,medium
PMC11303875,,,EGF,medium
PMC11303875,,,ESR1,medium
PMC10762922,diabetes,metabolic,IL6,high
PMC10762922,diabetes,metabolic,TNF,high
PMC10762922,diabetes,metabolic,IL1B,high
PMC10762922,diabetes,metabolic,CXCL8,high
PMC10762922,diabetes,metabolic,IL10,high
PMC10762922,diabetes,metabolic,CCL2,high
PMC10762922,diabetes,metabolic,ICAM1,high
PMC10762922,diabetes,metabolic,STAT3,high
PMC10762922,diabetes,metabolic,IL4,high
PMC8806438,,,TP53,medium
PMC8806438,,,BAX,medium
PMC8806438,,,BCL2,medium
PMC13180395,depression,psychiatric,IL1A,high
PMC13180395,depression,psychiatric,IL6,high
PMC13180395,depression,psychiatric,IL2,high
PMC13180395,depression,psychiatric,IFNG,high
PMC13180395,depression,psychiatric,STAT1,high
PMC13180395,depression,psychiatric,MAPK1,high
PMC13180395,depression,psychiatric,HIF1A,high
PMC13180395,depression,psychiatric,FOS,high
PMC13180395,depression,psychiatric,MMP9,high
PMC13180395,depression,psychiatric,MMP2,high
PMC13180395,depression,psychiatric,MPO,high
PMC13180395,depression,psychiatric,PTGS2,high
PMC13180395,depression,psychiatric,VCAM1,high
PMC13180395,depression,psychiatric,ICAM1,high
PMC13180395,depression,psychiatric,CXCL8,high
PMC13180395,depression,psychiatric,CXCL2,high
PMC13180395,depression,psychiatric,CCL2,high
PMC13180395,depression,psychiatric,CRP,high
PMC13180395,depression,psychiatric,SERPINE1,high
PMC13180395,depression,psychiatric,PPARG,high
PMC13180395,depression,psychiatric,IL10,high
PMC13180395,depression,psychiatric,TGFB1,high
PMC13180395,depression,psychiatric,HMOX1,high
PMC10800909,,,AKT1,high
PMC10800909,,,TP53,high
PMC10800909,,,TNF,high
PMC10800909,,,IL6,high
PMC10800909,,,VEGFA,high
PMC10800909,,,PPARG,high
PMC10800909,,,HIF1A,high
PMC10800909,,,ESR1,high
PMC10800909,,,ERBB2,high
PMC10800909,,,CRP,high
PMC10800909,,,MAPK1,high
PMC10800909,,,PPARA,high
PMC8643239,,,VEGFA,high
PMC8643239,,,MAPK3,high
PMC8643239,,,SRC,high
PMC8643239,,,PTGS2,high
PMC8643239,,,MAPK8,high
PMC11018190,breast_cancer,cancer,TP53,high
PMC11018190,breast_cancer,cancer,AKT1,high
PMC11018190,breast_cancer,cancer,ESR1,high
PMC11018190,breast_cancer,cancer,ERBB2,high
PMC11018190,breast_cancer,cancer,EGFR,high
PMC11018190,breast_cancer,cancer,JUN,high
PMC11018190,breast_cancer,cancer,HSP90AA1,high
PMC11450433,cardiac_fibrosis,cardiovascular,ALB,medium
PMC11450433,cardiac_fibrosis,cardiovascular,IL6,medium
PMC11450433,cardiac_fibrosis,cardiovascular,AKT1,medium
PMC11450433,cardiac_fibrosis,cardiovascular,MMP9,medium
PMC11450433,cardiac_fibrosis,cardiovascular,CASP3,medium
PMC11425098,alzheimer_disease,neurological,PLK4,high
PMC11425098,alzheimer_disease,neurological,FCGRT,high
PMC11425098,alzheimer_disease,neurological,PRKAR2A,high
PMC7607277,hepatocellular_carcinoma,cancer,TP53,medium
PMC7607277,hepatocellular_carcinoma,cancer,CCND1,medium
PMC7607277,hepatocellular_carcinoma,cancer,MYC,medium
PMC7607277,hepatocellular_carcinoma,cancer,VEGFA,medium
PMC7607277,hepatocellular_carcinoma,cancer,CTNNB1,medium
PMC7607277,hepatocellular_carcinoma,cancer,RHOA,medium
PMC7607277,hepatocellular_carcinoma,cancer,CCNA2,medium
PMC7607277,hepatocellular_carcinoma,cancer,AR,medium
PMC7607277,hepatocellular_carcinoma,cancer,HSP90AA1,medium
PMC7607277,hepatocellular_carcinoma,cancer,CDK2,medium
PMC7607277,hepatocellular_carcinoma,cancer,CDH1,medium
PMC7607277,hepatocellular_carcinoma,cancer,CDK1,medium
PMC7607277,hepatocellular_carcinoma,cancer,EP300,medium
PMC7607277,hepatocellular_carcinoma,cancer,JUN,medium
PMC11191986,,,CYP1A1,high
PMC11191986,,,CYP1A2,high
PMC11191986,,,CXCL8,high
PMC11191986,,,ADH1C,high
PMC11191986,,,MMP1,high
PMC11191986,,,SERPINE1,high
PMC11191986,,,COL1A1,high
PMC11191986,,,APOB,high
PMC7289712,,,IL6,medium
PMC7289712,,,MAPK3,medium
PMC7289712,,,MAPK8,medium
PMC7289712,,,CASP3,medium
PMC7289712,,,IL10,medium
PMC7289712,,,IL1B,medium
PMC7289712,,,CXCL8,medium
PMC7289712,,,MAPK1,medium
PMC7289712,,,CCL2,medium
PMC7289712,,,IFNG,medium
PMC7289712,,,IL4,medium
PMC13096405,,,MMP9,medium
PMC13096405,,,HSP90AA1,medium
PMC13096405,,,STAT1,medium
PMC13096405,,,NFKB1,medium
PMC13096405,,,EP300,medium
PMC13096405,,,TP53,medium
PMC13096405,,,SRC,medium
PMC13096405,,,BCL2,medium
PMC9253672,,,SLC6A4,medium
PMC9253672,,,SLC6A3,medium
PMC9253672,,,SLC6A2,medium
PMC9253672,,,NR3C1,medium
PMC9253672,,,ESR1,medium
PMC9253672,,,HTR2A,medium
PMC13282690,,,SOAT1,medium
PMC13282690,,,JAK1,medium
PMC13282690,,,STAT3,medium
PMC12810852,,,PPARA,high
PMC12810852,,,NR1H4,high
PMC12810852,,,PTGS2,high
PMC12810852,,,FABP1,high
PMC12810852,,,HMGCR,high
PMC12810852,,,ESRRA,high
PMC12810852,,,CYP19A1,high
PMC12810852,,,NR3C1,high
PMC12810852,,,G6PD,high
PMC12597982,,,MCC,high
PMC12597982,,,PTGS2,high
PMC12597982,,,JUN,high
PMC12597982,,,VEGFA,high
PMC12597982,,,STAT3,high
PMC12597982,,,MMP9,high
PMC12597982,,,AKT1,high
PMC12597982,,,IL6,high
PMC12597982,,,TP53,high
PMC12597982,,,TNF,high
PMC12597982,,,CASP3,high
PMC11471080,coronary_heart_disease,cardiovascular,AKT1,high
PMC11471080,coronary_heart_disease,cardiovascular,TNF,high
PMC11471080,coronary_heart_disease,cardiovascular,TP53,high
PMC11471080,coronary_heart_disease,cardiovascular,IL6,high
PMC11471080,coronary_heart_disease,cardiovascular,VEGFA,high
PMC12944351,nonalcoholic_fatty_liver,hepatic_metabolic,IL6,high
PMC12944351,nonalcoholic_fatty_liver,hepatic_metabolic,AKT1,high
PMC12944351,nonalcoholic_fatty_liver,hepatic_metabolic,JUN,high
PMC12944351,nonalcoholic_fatty_liver,hepatic_metabolic,TNF,high
PMC12944351,nonalcoholic_fatty_liver,hepatic_metabolic,CASP3,high
PMC12944351,nonalcoholic_fatty_liver,hepatic_metabolic,ESR1,high
PMC12086034,,,SRC,high
PMC12086034,,,JAK2,high
PMC12086034,,,IGF1R,high
PMC12086034,,,EGFR,high
PMC8357467,pulmonary_fibrosis,respiratory,PTGS2,medium
PMC8357467,pulmonary_fibrosis,respiratory,NOS2,medium
PMC8357467,pulmonary_fibrosis,respiratory,CDK2,medium
PMC8357467,pulmonary_fibrosis,respiratory,GSK3B,medium
PMC8357467,pulmonary_fibrosis,respiratory,CCNA2,medium
PMC8357467,pulmonary_fibrosis,respiratory,PPARG,medium
PMC8357467,pulmonary_fibrosis,respiratory,MAPK14,medium
PMC8357467,pulmonary_fibrosis,respiratory,CASP3,medium
PMC8357467,pulmonary_fibrosis,respiratory,BCL2,medium
PMC8357467,pulmonary_fibrosis,respiratory,RELA,medium
PMC12582814,psoriasis,dermatologic_autoimmune,TNF,medium
PMC12582814,psoriasis,dermatologic_autoimmune,ALB,medium
PMC12582814,psoriasis,dermatologic_autoimmune,IL6,medium
PMC12582814,psoriasis,dermatologic_autoimmune,TP53,medium
PMC12582814,psoriasis,dermatologic_autoimmune,IL1B,medium
PMC9396374,,,EGFR,high
PMC9396374,,,MAPK1,high
PMC9396374,,,AKT1,high
PMC9396374,,,AR,high
PMC12832263,pneumonia,respiratory_infectious,STAT3,medium
PMC12832263,pneumonia,respiratory_infectious,AKT1,medium
PMC12832263,pneumonia,respiratory_infectious,PIK3CA,medium
PMC12832263,pneumonia,respiratory_infectious,PIK3R1,medium
PMC12832263,pneumonia,respiratory_infectious,JUN,medium
PMC12832263,pneumonia,respiratory_infectious,MAPK1,medium
PMC11334046,gastric_cancer,cancer,ESR1,high
PMC11334046,gastric_cancer,cancer,EGFR,high
PMC11334046,gastric_cancer,cancer,CYP2B6,high
PMC11334046,gastric_cancer,cancer,CYP3A4,high
PMC11334046,gastric_cancer,cancer,MAPK14,high
PMC11334046,gastric_cancer,cancer,CYP1A2,high
PMC9013574,,,MAOA,medium
PMC9013574,,,MMP2,medium
PMC9013574,,,HSPB1,medium
PMC12567495,,,CYP3A4,medium
PMC12567495,,,CYP1A2,medium
PMC12567495,,,CYP2B6,medium
PMC12567495,,,CYP1A1,medium
PMC12567495,,,GSTP1,medium
PMC12567495,,,GSTM1,medium
PMC9869961,hepatocellular_carcinoma,cancer,CDK1,high
PMC9869961,hepatocellular_carcinoma,cancer,CDK4,high
PMC9869961,hepatocellular_carcinoma,cancer,SRC,high
PMC9869961,hepatocellular_carcinoma,cancer,E2F1,high
PMC11284526,,,TP53,medium
PMC11284526,,,JUN,medium
PMC11284526,,,AKT1,medium
PMC11284526,,,STAT3,medium
PMC11284526,,,TNF,medium
PMC11284526,,,ESR1,medium
PMC11284526,,,IL6,medium
PMC11284526,,,HSP90AA1,medium
PMC9300327,acne,dermatologic,TNF,high
PMC9300327,acne,dermatologic,JUN,high
PMC9300327,acne,dermatologic,IL6,high
PMC9300327,acne,dermatologic,STAT3,high
PMC9300327,acne,dermatologic,MAPK1,high
PMC9300327,acne,dermatologic,MAPK3,high
PMC12440942,,,HSP90AA1,high
PMC12440942,,,TP53,high
PMC12440942,,,MAPK1,high
PMC12440942,,,AKT1,high
PMC12440942,,,RELA,high
PMC12440942,,,TNF,high
PMC10832243,lung_cancer,cancer,TP53,high
PMC10832243,lung_cancer,cancer,JUN,high
PMC10832243,lung_cancer,cancer,AKT1,high
PMC10832243,lung_cancer,cancer,STAT3,high
PMC10832243,lung_cancer,cancer,MAPK3,high
PMC8923798,ovarian_cancer,cancer,PIK3CA,high
PMC8923798,ovarian_cancer,cancer,CTNNB1,high
PMC8923798,ovarian_cancer,cancer,HPSE,high
PMC8923798,ovarian_cancer,cancer,AKT1,high
PMC7768820,,,AKT1,high
PMC7768820,,,CAT,high
PMC7768820,,,TNF,high
PMC7768820,,,CASP3,high
PMC7768820,,,PTGS2,high
PMC11402759,osteoporosis,musculoskeletal,TP53,medium
PMC11402759,osteoporosis,musculoskeletal,JUN,medium
PMC11402759,osteoporosis,musculoskeletal,MAPK3,medium
PMC11402759,osteoporosis,musculoskeletal,AKT1,medium
PMC11402759,osteoporosis,musculoskeletal,MAPK1,medium
PMC11402759,osteoporosis,musculoskeletal,RELA,medium
PMC11402759,osteoporosis,musculoskeletal,ESR1,medium
PMC11402759,osteoporosis,musculoskeletal,CTNNB1,medium
PMC11402759,osteoporosis,musculoskeletal,MAPK14,medium
PMC11402759,osteoporosis,musculoskeletal,FOS,medium
PMC7808160,hepatocellular_carcinoma,cancer,CYP3A4,high
PMC7808160,hepatocellular_carcinoma,cancer,CYP1A2,high
PMC7808160,hepatocellular_carcinoma,cancer,PPP3CA,high
PMC7808160,hepatocellular_carcinoma,cancer,PTGS2,high
PMC7808160,hepatocellular_carcinoma,cancer,CDK1,high
PMC7808160,hepatocellular_carcinoma,cancer,SLC17A5,high
PMC7808160,hepatocellular_carcinoma,cancer,HYCC1,high
PMC11546154,endometriosis,gynecologic,AKT1,high
PMC11546154,endometriosis,gynecologic,IL6,high
PMC11546154,endometriosis,gynecologic,TNF,high
PMC11546154,endometriosis,gynecologic,IL1B,high
PMC11546154,endometriosis,gynecologic,TP53,high
PMC11546154,endometriosis,gynecologic,ESR1,high
PMC11546154,endometriosis,gynecologic,EGFR,high
PMC11546154,endometriosis,gynecologic,STAT3,high
PMC11546154,endometriosis,gynecologic,HIF1A,high
PMC11546154,endometriosis,gynecologic,PTGS2,high
PMC12389041,pneumonia,respiratory_infectious,GPX4,medium
PMC12389041,pneumonia,respiratory_infectious,SLC7A11,medium
PMC12389041,pneumonia,respiratory_infectious,TFRC,medium
PMC12389041,pneumonia,respiratory_infectious,SETD2,medium
PMC12389041,pneumonia,respiratory_infectious,COX2,medium
PMC12389041,pneumonia,respiratory_infectious,ACSL4,medium
PMC10288138,,,TNF,medium
PMC10288138,,,AKT1,medium
PMC10288138,,,PTGS2,medium
PMC10288138,,,NR0B2,medium
PMC11666830,,,PPARG,high
PMC11666830,,,COMT,high
PMC11666830,,,MTOR,high
PMC11666830,,,CACNA1C,high
PMC11666830,,,KCNH2,high
PMC11666830,,,BMP4,high
PMC11666830,,,KCNQ1,high
PMC11666830,,,KCNMA1,high
PMC11666830,,,PTPN11,high
PMC11666830,,,ADRB2,high
PMC11666830,,,CACNA2D1,high
PMC11666830,,,CACNA1H,high
PMC11666830,,,CHRM1,high
PMC11666830,,,ICAM1,high
PMC11666830,,,VCAM1,high
PMC11666830,,,CASP8,high
PMC11666830,,,CYP2D6,high
PMC9504917,inflammatory_bowel_disease,gastrointestinal,CYP1B1,medium
PMC9504917,inflammatory_bowel_disease,gastrointestinal,SRC,medium
PMC9504917,inflammatory_bowel_disease,gastrointestinal,ESR2,medium
PMC9504917,inflammatory_bowel_disease,gastrointestinal,ABCG2,medium
PMC9504917,inflammatory_bowel_disease,gastrointestinal,CYP19A1,medium
PMC9504917,inflammatory_bowel_disease,gastrointestinal,AHR,medium
PMC9504917,inflammatory_bowel_disease,gastrointestinal,CA4,medium
PMC9504917,inflammatory_bowel_disease,gastrointestinal,ALOX5,medium
PMC9504917,inflammatory_bowel_disease,gastrointestinal,ABCC1,medium
PMC9504917,inflammatory_bowel_disease,gastrointestinal,ESR1,medium
PMC9504917,inflammatory_bowel_disease,gastrointestinal,NOS2,medium
PMC10973190,diabetes,metabolic,AMY2A,high
PMC10973190,diabetes,metabolic,NOX4,high
PMC10973190,diabetes,metabolic,RPS6KA3,high
PMC10973190,diabetes,metabolic,ADRA2A,high
PMC10973190,diabetes,metabolic,CHRM5,high
PMC10973190,diabetes,metabolic,IL2,high
PMC10973190,diabetes,metabolic,PPARA,high
PMC8410425,,,TP53,medium
PMC8410425,,,RPS27A,medium
PMC8410425,,,UBC,medium
PMC10343517,,,ALB,medium
PMC10343517,,,CYP2E1,medium
PMC10343517,,,CYP1A2,medium
PMC10343517,,,CYP3A4,medium
PMC10343517,,,CYP2C9,medium
PMC10343517,,,ABCB1,medium
PMC10343517,,,AHR,medium
PMC10343517,,,TNF,medium
PMC10343517,,,UGT1A9,medium
PMC10343517,,,GSTP1,medium
PMC10343517,,,DCX,medium
PMC11346898,diabetes,metabolic,TNF,high
PMC11346898,diabetes,metabolic,IL1B,high
PMC11346898,diabetes,metabolic,AKT1,high
PMC11346898,diabetes,metabolic,PTGS2,high
PMC11346898,diabetes,metabolic,BCL2,high
PMC11346898,diabetes,metabolic,JUN,high
PMC12787952,,,BCL2,high
PMC12787952,,,BCL2L1,high
PMC12787952,,,BIRC5,high
PMC12787952,,,CASP1,high
PMC12787952,,,CASP3,high
PMC12787952,,,CASP7,high
PMC12787952,,,CASP8,high
PMC12787952,,,CASP9,high
PMC12787952,,,CDK9,high
PMC12787952,,,IL1B,high
PMC12787952,,,MCL1,high
PMC12787952,,,RELA,high
PMC12787952,,,STAT1,high
PMC12787952,,,STAT3,high
PMC10027700,,,OTSC1,medium
PMC10027700,,,STAT3,medium
PMC10027700,,,TNF,medium
PMC10027700,,,JUN,medium
PMC10027700,,,CMAS,medium
PMC12462212,neuropathic_pain,neurological,ACTB,high
PMC12462212,neuropathic_pain,neurological,PPP1CA,high
PMC12462212,neuropathic_pain,neurological,MAPK3,high
PMC12462212,neuropathic_pain,neurological,PTEN,high
PMC11479432,,,TNF,medium
PMC11479432,,,IL1B,medium
PMC11479432,,,IL6,medium
PMC11479432,,,IL17A,medium
PMC11479432,,,EGR1,medium
PMC11479432,,,THBS1,medium
PMC12091606,periodontitis,oral,TNF,high
PMC12091606,periodontitis,oral,AKT1,high
PMC12091606,periodontitis,oral,SRC,high
PMC12091606,periodontitis,oral,EGFR,high
PMC12091606,periodontitis,oral,MMP9,high
PMC10783272,depression,psychiatric,AKT1,high
PMC10783272,depression,psychiatric,PIK3R1,high
PMC10783272,depression,psychiatric,PIK3CA,high
PMC10783272,depression,psychiatric,MAPK1,high
PMC10783272,depression,psychiatric,MAPK8,high
PMC10627606,acne,dermatologic,CXCL8,high
PMC10627606,acne,dermatologic,ESR1,high
PMC10627606,acne,dermatologic,IL1B,high
PMC10627606,acne,dermatologic,MMP1,high
PMC10627606,acne,dermatologic,MMP3,high
PMC6593161,,,SRC,high
PMC6593161,,,MAPK14,high
PMC6593161,,,HRAS,high
PMC6593161,,,HSP90AA1,high
PMC6593161,,,F2,high
PMC6593161,,,LCK,high
PMC6593161,,,CDK2,high
PMC6593161,,,MMP9,high
PMC12563024,,,CFTR,medium
PMC12563024,,,IL6,medium
PMC12563024,,,ADRB2,medium
PMC12277270,diabetes,metabolic,GSK3B,medium
PMC12277270,diabetes,metabolic,TP53,medium
PMC12277270,diabetes,metabolic,PTGS2,medium
PMC12277270,diabetes,metabolic,INS,medium
PMC12277270,diabetes,metabolic,IL1B,medium
PMC8860994,,,S1PR5,medium
PMC8860994,,,MBTPS1,medium
PMC8860994,,,GNAI1,medium
PMC9901982,,,TP53,high
PMC9901982,,,RELA,high
PMC9901982,,,TNF,high
PMC9892186,hepatocellular_carcinoma,cancer,HSP90AA1,medium
PMC9892186,hepatocellular_carcinoma,cancer,SRC,medium
PMC9892186,hepatocellular_carcinoma,cancer,CDK1,medium
PMC9892186,hepatocellular_carcinoma,cancer,CCNA2,medium
PMC9892186,hepatocellular_carcinoma,cancer,CDK4,medium
PMC9892186,hepatocellular_carcinoma,cancer,PLK1,medium
PMC9892186,hepatocellular_carcinoma,cancer,CDK2,medium
PMC9892186,hepatocellular_carcinoma,cancer,TOP2A,medium
PMC9892186,hepatocellular_carcinoma,cancer,AURKB,medium
PMC9892186,hepatocellular_carcinoma,cancer,CDK6,medium
PMC9985903,hepatocellular_carcinoma,cancer,CASP3,high
PMC9985903,hepatocellular_carcinoma,cancer,TP53,high
PMC9985903,hepatocellular_carcinoma,cancer,MDM2,high
PMC9985903,hepatocellular_carcinoma,cancer,AKT1,high
PMC9985903,hepatocellular_carcinoma,cancer,ESR1,high
PMC9985903,hepatocellular_carcinoma,cancer,BCL2L1,high
PMC9985903,hepatocellular_carcinoma,cancer,MCL1,high
PMC9985903,hepatocellular_carcinoma,cancer,HSP90AA1,high
PMC9985903,hepatocellular_carcinoma,cancer,CASP9,high
PMC9985903,hepatocellular_carcinoma,cancer,CCND1,high
PMC11637857,,,CDKN1B,high
PMC11637857,,,MAPK3,high
PMC11637857,,,PRKCD,high
PMC11637857,,,CDKN1A,high
PMC11637857,,,MAPK1,high
PMC11637857,,,RAF1,high
PMC11637857,,,BIRC5,high
PMC11637857,,,CTSB,high
PMC9634740,,,RELA,high
PMC9634740,,,CCND1,high
PMC9634740,,,MAPK1,high
PMC9634740,,,AKT1,high
PMC9634740,,,MYC,high
PMC9634740,,,MAPK8,high
PMC9634740,,,TP53,high
PMC9634740,,,ESR1,high
PMC9634740,,,FOS,high
PMC9634740,,,JUN,high
PMC12030508,hepatocellular_carcinoma,cancer,HYCC1,high
PMC12030508,hepatocellular_carcinoma,cancer,EGFR,high
PMC12030508,hepatocellular_carcinoma,cancer,SRC,high
PMC12030508,hepatocellular_carcinoma,cancer,STAT3,high
PMC12030508,hepatocellular_carcinoma,cancer,HSP90AB1,high
PMC12030508,hepatocellular_carcinoma,cancer,AKT1,high
PMC12030508,hepatocellular_carcinoma,cancer,ESR1,high
PMC12030508,hepatocellular_carcinoma,cancer,PTGS2,high
PMC12030508,hepatocellular_carcinoma,cancer,MAPK1,high
PMC12030508,hepatocellular_carcinoma,cancer,ALB,high
PMC12030508,hepatocellular_carcinoma,cancer,TLR4,high
PMC12030508,hepatocellular_carcinoma,cancer,MMP9,high
PMC12030508,hepatocellular_carcinoma,cancer,CYP1A1,high
PMC12030508,hepatocellular_carcinoma,cancer,CYP19A1,high
PMC12030508,hepatocellular_carcinoma,cancer,AR,high
PMC12030508,hepatocellular_carcinoma,cancer,NR3C1,high
PMC11040418,osteoarthritis,musculoskeletal,STAT3,medium
PMC11040418,osteoarthritis,musculoskeletal,ZHX2,medium
PMC11040418,osteoarthritis,musculoskeletal,PARP1,medium
PMC10651518,,,TNF,high
PMC10651518,,,TP53,high
PMC10651518,,,CAT,high
PMC10651518,,,IL6,high
PMC10651518,,,CASP3,high
PMC10651518,,,VEGFA,high
PMC10651518,,,IL1B,high
PMC10651518,,,MYC,high
PMC10651518,,,PPARG,high
PMC10651518,,,PTGS2,high
PMC8820622,endometriosis,gynecologic,VEGFA,medium
PMC8820622,endometriosis,gynecologic,CXCL8,medium
PMC8820622,endometriosis,gynecologic,CCL2,medium
PMC8820622,endometriosis,gynecologic,IL1B,medium
PMC8820622,endometriosis,gynecologic,PTGS2,medium
PMC9084909,,,TP53,medium
PMC9084909,,,AKT1,medium
PMC9084909,,,IL6,medium
PMC9084909,,,STAT3,medium
PMC9084909,,,VEGFA,medium
PMC9084909,,,MAPK1,medium
PMC9084909,,,INS,medium
PMC9084909,,,EGFR,medium
PMC9084909,,,TNF,medium
PMC9084909,,,JUN,medium
PMC12564757,type_2_diabetes,metabolic,GAPDH,medium
PMC12564757,type_2_diabetes,metabolic,AKT1,medium
PMC12564757,type_2_diabetes,metabolic,TNF,medium
PMC12564757,type_2_diabetes,metabolic,SRC,medium
PMC12564757,type_2_diabetes,metabolic,EGFR,medium
PMC12564757,type_2_diabetes,metabolic,PPARA,medium
PMC10232107,,,AN,medium
PMC10232107,,,MAPK8,medium
PMC10232107,,,MAPK14,medium
PMC10232107,,,NOS3,medium
PMC8727110,leukemia,cancer,AKT1,high
PMC8727110,leukemia,cancer,MAPK1,high
PMC8727110,leukemia,cancer,MAPK3,high
PMC8727110,leukemia,cancer,PIK3CG,high
PMC8727110,leukemia,cancer,CASP3,high
PMC8727110,leukemia,cancer,CASP9,high
PMC8727110,leukemia,cancer,TNF,high
PMC8727110,leukemia,cancer,TGFB1,high
PMC8727110,leukemia,cancer,MAPK8,high
PMC8727110,leukemia,cancer,TP53,high
PMC10448170,epilepsy,neurological,AKT1,medium
PMC10448170,epilepsy,neurological,ALB,medium
PMC10448170,epilepsy,neurological,TNF,medium
PMC10448170,epilepsy,neurological,TP53,medium
PMC10448170,epilepsy,neurological,EGFR,medium
PMC10448170,epilepsy,neurological,SRC,medium
PMC10448170,epilepsy,neurological,MAPK3,medium
PMC10448170,epilepsy,neurological,JUN,medium
PMC10448170,epilepsy,neurological,CASP3,medium
PMC10448170,epilepsy,neurological,ESR1,medium
PMC9663660,influenza,infectious,TLR4,high
PMC9663660,influenza,infectious,CD14,high
PMC9663660,influenza,infectious,MYD88,high
PMC9663660,influenza,infectious,HIF1A,high
PMC9663660,influenza,infectious,IL17A,high
PMC9663660,influenza,infectious,IL6,high
PMC9663660,influenza,infectious,TNF,high
PMC9663660,influenza,infectious,IL1B,high
PMC9663660,influenza,infectious,CCL2,high
PMC9663660,influenza,infectious,CXCL8,high
PMC9663660,influenza,infectious,IL10,high
PMC9663660,influenza,infectious,STAT1,high
PMC9663660,influenza,infectious,IFNG,high
PMC9663660,influenza,infectious,CXCL10,high
PMC9663660,influenza,infectious,SLC13A1,high
PMC10891378,,,AKT1,high
PMC10891378,,,NCOA1,high
PMC10891378,,,JUN,high
PMC10891378,,,ESR1,high
PMC10891378,,,MAPK8,high
PMC12323944,breast_cancer,cancer,MCC,high
PMC12323944,breast_cancer,cancer,ESR1,high
PMC12323944,breast_cancer,cancer,AKT1,high
PMC12323944,breast_cancer,cancer,HSP90AA1,high
PMC12323944,breast_cancer,cancer,ALB,high
PMC12323944,breast_cancer,cancer,EGFR,high
PMC12323944,breast_cancer,cancer,SRC,high
PMC12323944,breast_cancer,cancer,ANXA5,high
PMC12323944,breast_cancer,cancer,MAPK1,high
PMC12323944,breast_cancer,cancer,MDM2,high
PMC12323944,breast_cancer,cancer,GSK3B,high
PMC12751377,,,AKT1,high
PMC12751377,,,IL6,high
PMC12751377,,,CASP3,high
PMC12751377,,,TP53,high
PMC12751377,,,TNF,high
PMC12751377,,,IL1B,high
PMC12751377,,,PTGS2,high
PMC12751377,,,PPARG,high
PMC12751377,,,IL17A,high
PMC9459502,cancer_unspecified,cancer,CASP3,medium
PMC9459502,cancer_unspecified,cancer,MYC,medium
PMC9459502,cancer_unspecified,cancer,ESR1,medium
PMC9459502,cancer_unspecified,cancer,EGFR,medium
PMC9459502,cancer_unspecified,cancer,HIF1A,medium
PMC9459502,cancer_unspecified,cancer,CCND1,medium
PMC9459502,cancer_unspecified,cancer,VEGFA,medium
PMC9459502,cancer_unspecified,cancer,IL6,medium
PMC9459502,cancer_unspecified,cancer,ERBB2,medium
PMC9459502,cancer_unspecified,cancer,FOS,medium
PMC11803458,gastric_cancer,cancer,HSP90AA1,medium
PMC11803458,gastric_cancer,cancer,SRC,medium
PMC11803458,gastric_cancer,cancer,EGFR,medium
PMC11803458,gastric_cancer,cancer,TP53,medium
PMC11803458,gastric_cancer,cancer,AKT1,medium
PMC11803458,gastric_cancer,cancer,STAT3,medium
PMC11803458,gastric_cancer,cancer,EP300,medium
PMC11803458,gastric_cancer,cancer,MAPK1,medium
PMC11803458,gastric_cancer,cancer,ERBB2,medium
PMC11803458,gastric_cancer,cancer,ESR1,medium
PMC9126727,diabetic_nephropathy,renal_metabolic,TNF,medium
PMC9126727,diabetic_nephropathy,renal_metabolic,VEGFA,medium
PMC9126727,diabetic_nephropathy,renal_metabolic,AKT1,medium
PMC12537249,depression,psychiatric,AKT1,high
PMC12537249,depression,psychiatric,TNF,high
PMC12537249,depression,psychiatric,IL6,high
PMC12537249,depression,psychiatric,TP53,high
PMC12537249,depression,psychiatric,SRC,high
PMC12537249,depression,psychiatric,DCX,high
PMC7482508,gastric_cancer,cancer,MMP9,medium
PMC7482508,gastric_cancer,cancer,SERPINE1,medium
PMC7482508,gastric_cancer,cancer,CXCL8,medium
PMC7482508,gastric_cancer,cancer,MMP1,medium
PMC7482508,gastric_cancer,cancer,SPP1,medium
PMC7482508,gastric_cancer,cancer,ERBB2,medium
PMC7482508,gastric_cancer,cancer,CRP,medium
PMC7482508,gastric_cancer,cancer,MMP3,medium
PMC10126622,alzheimer_disease,neurological,DMPK,high
PMC10126622,alzheimer_disease,neurological,GAPDH,high
PMC10126622,alzheimer_disease,neurological,EP300,high
PMC10126622,alzheimer_disease,neurological,HSP90AB1,high
PMC10126622,alzheimer_disease,neurological,KDM6B,high
PMC10126622,alzheimer_disease,neurological,CREBBP,high
PMC10545357,irritable_bowel_syndrome,gastrointestinal,HTT,medium
PMC10545357,irritable_bowel_syndrome,gastrointestinal,TP53,medium
PMC10545357,irritable_bowel_syndrome,gastrointestinal,VEGFA,medium
PMC10545357,irritable_bowel_syndrome,gastrointestinal,MMP9,medium
PMC10545357,irritable_bowel_syndrome,gastrointestinal,TNF,medium
PMC13207515,,,TKT,high
PMC13207515,,,ADRB2,high
PMC13207515,,,VEGFA,high
PMC13207515,,,MMP9,high
PMC7069061,endometriosis,gynecologic,TP53,medium
PMC7069061,endometriosis,gynecologic,SRC,medium
PMC7069061,endometriosis,gynecologic,TNF,medium
PMC7069061,endometriosis,gynecologic,VEGFA,medium
PMC7069061,endometriosis,gynecologic,PIK3CA,medium
PMC7069061,endometriosis,gynecologic,CXCL8,medium
PMC7069061,endometriosis,gynecologic,EGFR,medium
PMC5859839,breast_cancer,cancer,HSD17B1,medium
PMC5859839,breast_cancer,cancer,CA2,medium
PMC5859839,breast_cancer,cancer,MAPK14,medium
PMC5859839,breast_cancer,cancer,BACE1,medium
PMC5859839,breast_cancer,cancer,HSP90AA1,medium
PMC5859839,breast_cancer,cancer,FGFR2,medium
PMC5859839,breast_cancer,cancer,ALDH2,medium
PMC5859839,breast_cancer,cancer,PPIA,medium
PMC5859839,breast_cancer,cancer,IGLV2-8,medium
PMC11191921,,,ESR1,high
PMC11191921,,,JUN,high
PMC11191921,,,CYP3A4,high
PMC11191921,,,CYP17A1,high
PMC11191921,,,AR,high
PMC11191921,,,SRD5A1,high
PMC11191921,,,CYP2C9,high
PMC11191921,,,CYP1A2,high
PMC11191921,,,SHBG,high
PMC11191921,,,SERPINE1,high
PMC11191921,,,FABP1,high
PMC7336235,,,BCL2,medium
PMC7336235,,,MAPT,medium
PMC7336235,,,F2,medium
PMC7336235,,,BCL2L1,medium
PMC7336235,,,PRKCD,medium
PMC7336235,,,PRKCB,medium
PMC7336235,,,HIF1A,medium
PMC7336235,,,PRKCA,medium
PMC11378754,depression,psychiatric,PTGS2,medium
PMC11378754,depression,psychiatric,ESR1,medium
PMC11378754,depression,psychiatric,NOS2,medium
PMC11378754,depression,psychiatric,GSK3B,medium
PMC11378754,depression,psychiatric,PPARG,medium
PMC9553462,,,ALB,high
PMC9553462,,,IL6,high
PMC9553462,,,TNF,high
PMC9553462,,,INS,high
PMC9553462,,,AKT1,high
PMC9553462,,,IL1B,high
PMC9553462,,,VEGFA,high
PMC9553462,,,TP53,high
PMC9553462,,,JUN,high
PMC9553462,,,TLR4,high
PMC9966887,,,MAPK3,medium
PMC9966887,,,SRC,medium
PMC9966887,,,MAPK1,medium
PMC11980797,gastric_cancer,cancer,SETD2,medium
PMC11980797,gastric_cancer,cancer,HSP90AA1,medium
PMC11980797,gastric_cancer,cancer,NFKB1,medium
PMC10644664,rheumatoid_arthritis,autoimmune,AQP1,medium
PMC10644664,rheumatoid_arthritis,autoimmune,MMP9,medium
PMC10644664,rheumatoid_arthritis,autoimmune,JUN,medium
PMC10644664,rheumatoid_arthritis,autoimmune,PTGS2,medium
PMC8263254,hepatocellular_carcinoma,cancer,TP53,high
PMC8263254,hepatocellular_carcinoma,cancer,AKT1,high
PMC8263254,hepatocellular_carcinoma,cancer,SRC,high
PMC8263254,hepatocellular_carcinoma,cancer,STAT3,high
PMC8263254,hepatocellular_carcinoma,cancer,MAPK3,high
PMC8263254,hepatocellular_carcinoma,cancer,PIK3CA,high
PMC8263254,hepatocellular_carcinoma,cancer,MAPK1,high
PMC8263254,hepatocellular_carcinoma,cancer,PIK3R1,high
PMC8263254,hepatocellular_carcinoma,cancer,HRAS,high
PMC8263254,hepatocellular_carcinoma,cancer,JUN,high
PMC8263254,hepatocellular_carcinoma,cancer,VEGFA,high
PMC8263254,hepatocellular_carcinoma,cancer,HSP90AA1,high
PMC8263254,hepatocellular_carcinoma,cancer,EGFR,high
PMC8263254,hepatocellular_carcinoma,cancer,JAK2,high
PMC8263254,hepatocellular_carcinoma,cancer,MAPK8,high
PMC8263254,hepatocellular_carcinoma,cancer,HYCC1,high
PMC8819592,,,ALB,high
PMC8819592,,,AKT1,high
PMC8819592,,,MAPK1,high
PMC8819592,,,MMP9,high
PMC8819592,,,EGFR,high
PMC8819592,,,SRC,high
PMC8819592,,,IGF1,high
PMC8819592,,,ESR1,high
PMC8819592,,,MAPK14,high
PMC8819592,,,HSP90AA1,high
PMC8819592,,,NOS3,high
PMC8819592,,,PIK3R1,high
PMC8819592,,,IL2,high
PMC8819592,,,PLG,high
PMC8819592,,,IGF1R,high
PMC8819592,,,BCL2L1,high
PMC12950218,depression,psychiatric,TNF,medium
PMC12950218,depression,psychiatric,PTGS2,medium
PMC12950218,depression,psychiatric,ESR1,medium
PMC12950218,depression,psychiatric,NR3C1,medium
PMC12950218,depression,psychiatric,MAOB,medium
PMC12950218,depression,psychiatric,MAOA,medium
PMC12950218,depression,psychiatric,CXCL8,medium
PMC12950218,depression,psychiatric,GRM5,medium
PMC12582737,colorectal_cancer,cancer,EGFR,high
PMC12582737,colorectal_cancer,cancer,JUN,high
PMC12582737,colorectal_cancer,cancer,RELA,high
PMC12582737,colorectal_cancer,cancer,STAT3,high
PMC12582737,colorectal_cancer,cancer,TP53,high
PMC8929114,hypertension,cardiovascular,AKT1,medium
PMC8929114,hypertension,cardiovascular,FOS,medium
PMC8929114,hypertension,cardiovascular,VEGFA,medium
PMC8929114,hypertension,cardiovascular,TP53,medium
PMC8929114,hypertension,cardiovascular,JUN,medium
PMC8929114,hypertension,cardiovascular,ESR1,medium
PMC8929114,hypertension,cardiovascular,MMP9,medium
PMC8929114,hypertension,cardiovascular,CASP3,medium
PMC8929114,hypertension,cardiovascular,AR,medium
PMC8929114,hypertension,cardiovascular,PTGS2,medium
PMC7569866,atopic_dermatitis,dermatologic,AKT1,medium
PMC7569866,atopic_dermatitis,dermatologic,IL6,medium
PMC7569866,atopic_dermatitis,dermatologic,RELA,medium
PMC10911376,breast_cancer,cancer,PPARA,high
PMC10911376,breast_cancer,cancer,ROCK2,high
PMC10911376,breast_cancer,cancer,PDGFRB,high
PMC10911376,breast_cancer,cancer,CCND1,high
PMC10911376,breast_cancer,cancer,MUC1,high
PMC10911376,breast_cancer,cancer,CDK1,high
PMC11139529,,,NOS3,medium
PMC11139529,,,FASLG,medium
PMC11139529,,,RELA,medium
PMC11139529,,,VEGFA,medium
PMC11139529,,,MMP2,medium
PMC11139529,,,MMP9,medium
PMC9626984,,,AKT1,medium
PMC9626984,,,TP53,medium
PMC9626984,,,TNF,medium
PMC9626984,,,IL6,medium
PMC9626984,,,JUN,medium
PMC9626984,,,CASP3,medium
PMC9626984,,,IL1B,medium
PMC9626984,,,EGFR,medium
PMC9626984,,,PTGS2,medium
PMC9626984,,,MYC,medium
PMC9626984,,,HIF1A,medium
PMC9626984,,,MMP9,medium
PMC9626984,,,PPARG,medium
PMC9626984,,,HSP90AA1,medium
PMC9626984,,,CXCL8,medium
PMC9626984,,,CCND1,medium
PMC9626984,,,MMP2,medium
PMC9626984,,,FOS,medium
PMC9626984,,,CCL2,medium
PMC9626984,,,ERBB2,medium
PMC9970883,atherosclerosis,cardiovascular,MAPK1,medium
PMC9970883,atherosclerosis,cardiovascular,MAPK8,medium
PMC9970883,atherosclerosis,cardiovascular,MAPK14,medium
PMC12012937,copd,respiratory,TP53,medium
PMC12012937,copd,respiratory,STAT3,medium
PMC12012937,copd,respiratory,AKT2,medium
PMC12012937,copd,respiratory,TNF,medium
PMC12012937,copd,respiratory,IL6,medium
PMC12012937,copd,respiratory,JUN,medium
PMC11813014,osteoarthritis,musculoskeletal,STAT3,high
PMC11813014,osteoarthritis,musculoskeletal,ESR1,high
PMC11813014,osteoarthritis,musculoskeletal,EGFR,high
PMC11813014,osteoarthritis,musculoskeletal,JUN,high
PMC11813014,osteoarthritis,musculoskeletal,PTGS2,high
PMC11813014,osteoarthritis,musculoskeletal,SETD2,high
PMC6685170,,,TNF,medium
PMC6685170,,,PIK3CG,medium
PMC6685170,,,VEGFA,medium
PMC6685170,,,IL6,medium
PMC6685170,,,EGFR,medium
PMC6685170,,,MAPK1,medium
PMC6685170,,,JUN,medium
PMC6685170,,,TP53,medium
PMC6685170,,,BCL2,medium
PMC6685170,,,ESR1,medium
PMC6685170,,,HYCC1,medium
PMC13266507,,,DCX,high
PMC13266507,,,AKT1,high
PMC13266507,,,EGFR,high
PMC13266507,,,ALB,high
PMC13266507,,,BCL2,high
PMC13266507,,,HIF1A,high
PMC13266507,,,HSP90AA1,high
PMC13266507,,,SRC,high
PMC13266507,,,ESR1,high
PMC13266507,,,PTGS2,high
PMC13266507,,,MAPK3,high
PMC13266507,,,GSK3B,high
PMC12778220,,,AKT1,high
PMC12778220,,,STAT3,high
PMC12778220,,,ESR1,high
PMC12778220,,,EGFR,high
PMC12389595,covid_19,infectious,RELA,medium
PMC12389595,covid_19,infectious,TP53,medium
PMC12389595,covid_19,infectious,TNF,medium
PMC8187140,covid_19,infectious,RELA,high
PMC8187140,covid_19,infectious,TNF,high
PMC8187140,covid_19,infectious,TP53,high
PMC8187140,covid_19,infectious,IL6,high
PMC8187140,covid_19,infectious,MAPK1,high
PMC8187140,covid_19,infectious,CXCL8,high
PMC8187140,covid_19,infectious,IL1B,high
PMC8187140,covid_19,infectious,MAPK14,high
PMC8187140,covid_19,infectious,IL17A,high
PMC9477627,pancreatic_cancer,cancer,TP53,medium
PMC9477627,pancreatic_cancer,cancer,HRAS,medium
PMC9477627,pancreatic_cancer,cancer,VEGFA,medium
PMC9477627,pancreatic_cancer,cancer,AKT1,medium
PMC9477627,pancreatic_cancer,cancer,STAT3,medium
PMC9477627,pancreatic_cancer,cancer,EGFR,medium
PMC9477627,pancreatic_cancer,cancer,SRC,medium
PMC12155304,psoriasis,dermatologic_autoimmune,TNF,high
PMC12155304,psoriasis,dermatologic_autoimmune,SETD2,high
PMC12155304,psoriasis,dermatologic_autoimmune,IL17A,high
PMC12155304,psoriasis,dermatologic_autoimmune,TP53,high
PMC13135239,diabetes,metabolic,PRKAB1,medium
PMC13135239,diabetes,metabolic,HDAC2,medium
PMC13135239,diabetes,metabolic,PTGS1,medium
PMC13135239,diabetes,metabolic,NR3C2,medium
PMC13135239,diabetes,metabolic,PPARG,medium
PMC11931053,,,AKT1,medium
PMC11931053,,,INS,medium
PMC11931053,,,IL6,medium
PMC11931053,,,IL1B,medium
PMC11931053,,,TNF,medium
PMC11931053,,,BCL2,medium
PMC11931053,,,TP53,medium
PMC11931053,,,PTGS2,medium
PMC11931053,,,PPARG,medium
PMC11931053,,,ESR1,medium
PMC11992827,acute_liver_injury,hepatic,AKT1,medium
PMC11992827,acute_liver_injury,hepatic,CAT,medium
PMC11992827,acute_liver_injury,hepatic,STAT1,medium
PMC9983444,,,TNF,medium
PMC9983444,,,IL6,medium
PMC9983444,,,IL1B,medium
PMC9983444,,,IL10,medium
PMC12063623,,,ESR2,high
PMC12063623,,,MAOA,high
PMC12063623,,,ESR1,high
PMC12063623,,,ADORA1,high
PMC12063623,,,NOS2,high
PMC12063623,,,PTGS2,high
PMC12063623,,,GRM5,high
PMC12063623,,,APP,high
PMC12063623,,,ADORA2A,high
PMC12063623,,,MAPK8,high
PMC12063623,,,AKT1,high
PMC12063623,,,CSNK2A1,high
PMC12063623,,,ITGB1,high
PMC12063623,,,CHRNA7,high
PMC12063623,,,NOS3,high
PMC12643769,,,NR3C2,high
PMC12643769,,,ERBB2,high
PMC12643769,,,MAP3K8,high
PMC12643769,,,ABCB1,high
PMC12643769,,,IL1B,high
PMC12643769,,,MTOR,high
PMC12643769,,,DPP4,high
PMC12643769,,,IFNG,high
PMC12643769,,,CYP1B1,high
PMC12643769,,,NQO1,high
PMC12643769,,,PAM,high
PMC12643769,,,SGK1,high
PMC12643769,,,EGF,high
PMC12643769,,,HSD17B3,high
PMC12643769,,,LDHA,high
PMC12643769,,,ENPP1,high
PMC9704970,heart_failure,cardiovascular,JUN,high
PMC9704970,heart_failure,cardiovascular,MYC,high
PMC9704970,heart_failure,cardiovascular,TP53,high
PMC9704970,heart_failure,cardiovascular,HIF1A,high
PMC9704970,heart_failure,cardiovascular,ESR1,high
PMC9704970,heart_failure,cardiovascular,RELA,high
PMC9704970,heart_failure,cardiovascular,MAPK1,high
PMC9704970,heart_failure,cardiovascular,CFH,high
PMC12419440,lung_cancer,cancer,TP53,high
PMC12419440,lung_cancer,cancer,STAT3,high
PMC12419440,lung_cancer,cancer,AKT1,high
PMC12419440,lung_cancer,cancer,IL6,high
PMC12419440,lung_cancer,cancer,HSP90AA1,high
PMC12419440,lung_cancer,cancer,JUN,high
PMC11770944,atherosclerosis,cardiovascular,RELA,high
PMC11770944,atherosclerosis,cardiovascular,STAT3,high
PMC11770944,atherosclerosis,cardiovascular,TLR4,high
PMC11770944,atherosclerosis,cardiovascular,TLR9,high
PMC11770944,atherosclerosis,cardiovascular,TNF,high
PMC11770944,atherosclerosis,cardiovascular,ESR1,high
PMC11770944,atherosclerosis,cardiovascular,ESR2,high
PMC11770944,atherosclerosis,cardiovascular,MAPK1,high
PMC11770944,atherosclerosis,cardiovascular,MAPK3,high
PMC11770944,atherosclerosis,cardiovascular,PDE4D,high
PMC11770944,atherosclerosis,cardiovascular,PTGS2,high
PMC11770944,atherosclerosis,cardiovascular,RAC1,high
PMC13118322,,,STAT1,high
PMC13118322,,,STAT3,high
PMC13118322,,,SRC,high
PMC13118322,,,HCK,high
PMC13118322,,,EGFR,high
PMC13118322,,,SYK,high
PMC13118322,,,PIK3CA,high
PMC13118322,,,PIK3CB,high
PMC13118322,,,PIK3R1,high
PMC13118322,,,PTPN11,high
PMC10788922,covid_19,infectious,IL6,medium
PMC10788922,covid_19,infectious,TNF,medium
PMC10788922,covid_19,infectious,MAPK1,medium
PMC10788922,covid_19,infectious,IL1B,medium
PMC10788922,covid_19,infectious,IL17A,medium
PMC8766719,osteoporosis,musculoskeletal,JUN,high
PMC8766719,osteoporosis,musculoskeletal,TP53,high
PMC8766719,osteoporosis,musculoskeletal,AKT1,high
PMC8766719,osteoporosis,musculoskeletal,ESR1,high
PMC8766719,osteoporosis,musculoskeletal,AR,high
PMC8766719,osteoporosis,musculoskeletal,CASP3,high
PMC8766719,osteoporosis,musculoskeletal,SETD2,high
PMC12143326,ulcerative_colitis,gastrointestinal,IL6,medium
PMC12143326,ulcerative_colitis,gastrointestinal,TNF,medium
PMC12143326,ulcerative_colitis,gastrointestinal,MPO,medium
PMC9747319,parkinson_disease,neurological,ARG1,medium
PMC9747319,parkinson_disease,neurological,P4HA1,medium
PMC9747319,parkinson_disease,neurological,NOS3,medium
PMC9747319,parkinson_disease,neurological,NOS1,medium
PMC9747319,parkinson_disease,neurological,ALDH2,medium
PMC12939618,,,ESR1,medium
PMC12939618,,,RXRA,medium
PMC12939618,,,NCOA2,medium
PMC12939618,,,CYP19A1,medium
PMC11106056,,,TLR4,high
PMC11106056,,,MMP9,high
PMC11106056,,,MAPK14,high
PMC11106056,,,AKT1,high
PMC11106056,,,VEGFA,high
PMC11106056,,,HSP90AA1,high
PMC12638804,copd,respiratory,AKT1,high
PMC12638804,copd,respiratory,TNF,high
PMC12638804,copd,respiratory,IL6,high
PMC12638804,copd,respiratory,ACTB,high
PMC12638804,copd,respiratory,TP53,high
PMC12638804,copd,respiratory,SETD2,high
PMC12638804,copd,respiratory,IL17A,high
PMC13194826,,,ALB,high
PMC13194826,,,SRC,high
PMC13194826,,,HSP90AA1,high
PMC13194826,,,HRAS,high
PMC13194826,,,CASP3,high
PMC13194826,,,MAPK1,high
PMC13194826,,,ESR1,high
PMC9393234,breast_cancer,cancer,STAT3,high
PMC9393234,breast_cancer,cancer,AKT1,high
PMC9393234,breast_cancer,cancer,TNF,high
PMC9393234,breast_cancer,cancer,PTGS2,high
PMC9393234,breast_cancer,cancer,MMP9,high
PMC9393234,breast_cancer,cancer,EGFR,high
PMC9393234,breast_cancer,cancer,PPARG,high
PMC9393234,breast_cancer,cancer,NFE2L2,high
PMC9393234,breast_cancer,cancer,EP300,high
PMC9393234,breast_cancer,cancer,GSK3B,high
PMC7936909,,,PTGS2,high
PMC7936909,,,PTGS1,high
PMC7936909,,,AR,high
PMC9772884,,,AKT1,medium
PMC9772884,,,TNF,medium
PMC9772884,,,STAT3,medium
PMC9772884,,,JUN,medium
PMC9772884,,,EGFR,medium
PMC9526650,hepatocellular_carcinoma,cancer,AKT1,high
PMC9526650,hepatocellular_carcinoma,cancer,BCL2L1,high
PMC9526650,hepatocellular_carcinoma,cancer,HIF1A,high
PMC9526650,hepatocellular_carcinoma,cancer,RELA,high
PMC9526650,hepatocellular_carcinoma,cancer,CASP3,high
PMC9526650,hepatocellular_carcinoma,cancer,PPARG,high
PMC9526650,hepatocellular_carcinoma,cancer,CAT,high
PMC9526650,hepatocellular_carcinoma,cancer,JUN,high
PMC9526650,hepatocellular_carcinoma,cancer,ESR1,high
PMC9526650,hepatocellular_carcinoma,cancer,AR,high
PMC9526650,hepatocellular_carcinoma,cancer,EGFR,high
PMC9526650,hepatocellular_carcinoma,cancer,HYCC1,high
PMC10314554,,,AKT1,medium
PMC10314554,,,IL6,medium
PMC10314554,,,IL1B,medium
PMC8898804,psoriasis,dermatologic_autoimmune,AKT1,high
PMC8898804,psoriasis,dermatologic_autoimmune,TNF,high
PMC8898804,psoriasis,dermatologic_autoimmune,IL6,high
PMC8898804,psoriasis,dermatologic_autoimmune,TP53,high
PMC8898804,psoriasis,dermatologic_autoimmune,VEGFA,high
PMC8898804,psoriasis,dermatologic_autoimmune,JUN,high
PMC8898804,psoriasis,dermatologic_autoimmune,CASP3,high
PMC8898804,psoriasis,dermatologic_autoimmune,IL1B,high
PMC8898804,psoriasis,dermatologic_autoimmune,STAT3,high
PMC8898804,psoriasis,dermatologic_autoimmune,PTGS2,high
PMC8898804,psoriasis,dermatologic_autoimmune,HIF1A,high
PMC8898804,psoriasis,dermatologic_autoimmune,EGF,high
PMC8898804,psoriasis,dermatologic_autoimmune,MYC,high
PMC8898804,psoriasis,dermatologic_autoimmune,EGFR,high
PMC8898804,psoriasis,dermatologic_autoimmune,MMP9,high
PMC8898804,psoriasis,dermatologic_autoimmune,PPARG,high
PMC8898804,psoriasis,dermatologic_autoimmune,SETD2,high
PMC10578686,,,ESR1,high
PMC10578686,,,TP53,high
PMC10578686,,,IL6,high
PMC10578686,,,AKT1,high
PMC10578686,,,EGFR,high
PMC9849370,preeclampsia,gynecologic,IL6,high
PMC9849370,preeclampsia,gynecologic,RELA,high
PMC9849370,preeclampsia,gynecologic,TNF,high
PMC9849370,preeclampsia,gynecologic,MAPK1,high
PMC9849370,preeclampsia,gynecologic,IL1B,high
PMC9849370,preeclampsia,gynecologic,TGFB1,high
PMC9849370,preeclampsia,gynecologic,TGFB2,high
PMC9849370,preeclampsia,gynecologic,CASP3,high
PMC9849370,preeclampsia,gynecologic,CXCL8,high
PMC9849370,preeclampsia,gynecologic,BCL2,high
PMC9849370,preeclampsia,gynecologic,STAT3,high
PMC9849370,preeclampsia,gynecologic,VEGFA,high
PMC9849370,preeclampsia,gynecologic,TP53,high
PMC9849370,preeclampsia,gynecologic,IL10,high
PMC9849370,preeclampsia,gynecologic,IL1A,high
PMC9849370,preeclampsia,gynecologic,EGFR,high
PMC11229930,,,ABCC1,high
PMC11229930,,,MMP2,high
PMC11229930,,,MMP9,high
PMC11229930,,,GSK3B,high
PMC11229930,,,MMP3,high
PMC11229930,,,PIK3CG,high
PMC11229930,,,APCDD1,high
PMC9307349,alzheimer_disease,neurological,FOS,medium
PMC9307349,alzheimer_disease,neurological,CCL2,medium
PMC9307349,alzheimer_disease,neurological,GJA1,medium
PMC9307349,alzheimer_disease,neurological,CD4,medium
PMC8536441,diabetes,metabolic,IL6,medium
PMC8536441,diabetes,metabolic,NOS3,medium
PMC8536441,diabetes,metabolic,SETD2,medium
PMC9325604,,,RB1,medium
PMC9325604,,,STAT3,medium
PMC9325604,,,CDKN2A,medium
PMC8382556,ischemic_stroke,neurological,MAPK1,high
PMC8382556,ischemic_stroke,neurological,AKT1,high
PMC8382556,ischemic_stroke,neurological,PIK3R1,high
PMC8382556,ischemic_stroke,neurological,SRC,high
PMC8382556,ischemic_stroke,neurological,MAPK8,high
PMC8382556,ischemic_stroke,neurological,EGFR,high
PMC8382556,ischemic_stroke,neurological,IGF1,high
PMC8382556,ischemic_stroke,neurological,HRAS,high
PMC8382556,ischemic_stroke,neurological,RHOA,high
PMC8382556,ischemic_stroke,neurological,HSP90AA1,high
PMC10825855,cervical_cancer,cancer,AR,medium
PMC10825855,cervical_cancer,cancer,ESR1,medium
PMC10825855,cervical_cancer,cancer,IL6,medium
PMC10825855,cervical_cancer,cancer,VEGFA,medium
PMC10825855,cervical_cancer,cancer,CTNNB1,medium
PMC10825855,cervical_cancer,cancer,HRAS,medium
PMC10825855,cervical_cancer,cancer,TNF,medium
PMC11475257,arrhythmia,cardiovascular,IDS,medium
PMC11475257,arrhythmia,cardiovascular,CASP8,medium
PMC11475257,arrhythmia,cardiovascular,TNF,medium
PMC9468872,,,AKT1,medium
PMC9468872,,,MAPK1,medium
PMC9468872,,,TP53,medium
PMC9468872,,,TNF,medium
PMC9468872,,,EGFR,medium
PMC9468872,,,INS,medium
PMC9468872,,,CASP3,medium
PMC9468872,,,IL1B,medium
PMC9468872,,,BDNF,medium
PMC9794283,gout,musculoskeletal,AKT1,medium
PMC9794283,gout,musculoskeletal,TNF,medium
PMC9794283,gout,musculoskeletal,ALB,medium
PMC9794283,gout,musculoskeletal,IL6,medium
PMC9794283,gout,musculoskeletal,TP53,medium
PMC9794283,gout,musculoskeletal,VEGFA,medium
PMC9794283,gout,musculoskeletal,EGFR,medium
PMC9794283,gout,musculoskeletal,SRC,medium
PMC9794283,gout,musculoskeletal,JUN,medium
PMC9794283,gout,musculoskeletal,STAT3,medium
PMC9794283,gout,musculoskeletal,IL1B,medium
PMC9794283,gout,musculoskeletal,EGF,medium
PMC9794283,gout,musculoskeletal,MAPK3,medium
PMC9794283,gout,musculoskeletal,MYC,medium
PMC9794283,gout,musculoskeletal,HSP90AA1,medium
PMC9794283,gout,musculoskeletal,PPARG,medium
PMC9794283,gout,musculoskeletal,HRAS,medium
PMC9794283,gout,musculoskeletal,TLR4,medium
PMC9794283,gout,musculoskeletal,PTGS2,medium
PMC9794283,gout,musculoskeletal,IL10,medium
PMC9794283,gout,musculoskeletal,MMP9,medium
PMC9794283,gout,musculoskeletal,ERBB2,medium
PMC9794283,gout,musculoskeletal,PTPRC,medium
PMC9192289,colorectal_cancer,cancer,STAT3,high
PMC9192289,colorectal_cancer,cancer,TP53,high
PMC9192289,colorectal_cancer,cancer,MAPK3,high
PMC9192289,colorectal_cancer,cancer,AKT1,high
PMC9192289,colorectal_cancer,cancer,JUN,high
PMC9192289,colorectal_cancer,cancer,EGFR,high
PMC9192289,colorectal_cancer,cancer,MYC,high
PMC9192289,colorectal_cancer,cancer,VEGFA,high
PMC9192289,colorectal_cancer,cancer,EGF,high
PMC9192289,colorectal_cancer,cancer,CTNNB1,high
PMC9192289,colorectal_cancer,cancer,MAP3K14,high
PMC10489428,,,SERPINF2,medium
PMC10489428,,,JUN,medium
PMC10489428,,,MAPK1,medium
PMC10489428,,,STAT3,medium
PMC8814618,covid_19,infectious,EGFR,high
PMC8814618,covid_19,infectious,MAPK1,high
PMC8814618,covid_19,infectious,AR,high
PMC8814618,covid_19,infectious,MTOR,high
PMC8814618,covid_19,infectious,AKT1,high
PMC8814618,covid_19,infectious,JAK2,high
PMC8814618,covid_19,infectious,STAT3,high
PMC8814618,covid_19,infectious,BRAF,high
PMC8814618,covid_19,infectious,NOS2,high
PMC8814618,covid_19,infectious,IL6,high
PMC8814618,covid_19,infectious,JAK3,high
PMC8814618,covid_19,infectious,VEGFA,high
PMC8814618,covid_19,infectious,TNF,high
PMC8814618,covid_19,infectious,CASP8,high
PMC8814618,covid_19,infectious,CASP3,high
PMC9641366,myocardial_infarction,cardiovascular,AR,high
PMC9641366,myocardial_infarction,cardiovascular,PPARG,high
PMC9641366,myocardial_infarction,cardiovascular,ESR1,high
PMC9641366,myocardial_infarction,cardiovascular,CASP3,high
PMC9641366,myocardial_infarction,cardiovascular,IL6,high
PMC9641366,myocardial_infarction,cardiovascular,MAPK8,high
PMC9641366,myocardial_infarction,cardiovascular,MYC,high
PMC9641366,myocardial_infarction,cardiovascular,HIF1A,high
PMC9641366,myocardial_infarction,cardiovascular,RELA,high
PMC9641366,myocardial_infarction,cardiovascular,NOS3,high
PMC9641366,myocardial_infarction,cardiovascular,FOS,high
PMC9641366,myocardial_infarction,cardiovascular,GSK3B,high
PMC9641366,myocardial_infarction,cardiovascular,NFKBIA,high
PMC9389148,covid_19,infectious,TNF,high
PMC9389148,covid_19,infectious,IL6,high
PMC9389148,covid_19,infectious,PPARG,high
PMC9389148,covid_19,infectious,MAPK3,high
PMC9389148,covid_19,infectious,PTGS2,high
PMC9389148,covid_19,infectious,ICAM1,high
PMC9389148,covid_19,infectious,MAPK1,high
PMC12083493,ulcerative_colitis,gastrointestinal,EGFR,medium
PMC12083493,ulcerative_colitis,gastrointestinal,STAT3,medium
PMC12083493,ulcerative_colitis,gastrointestinal,SRC,medium
PMC12083493,ulcerative_colitis,gastrointestinal,AKT1,medium
PMC12083493,ulcerative_colitis,gastrointestinal,HSP90AA1,medium
PMC12083493,ulcerative_colitis,gastrointestinal,DCX,medium
PMC12478307,,,TP53,high
PMC12478307,,,ACTB,high
PMC12478307,,,AKT1,high
PMC12478307,,,TNF,high
PMC12478307,,,HIF1A,high
PMC12478307,,,IL6,high
PMC12478307,,,MYC,high
PMC12478307,,,EGFR,high
PMC12478307,,,IL1B,high
PMC12478307,,,ALB,high
PMC10957020,asthma,respiratory,FOS,high
PMC10957020,asthma,respiratory,STAT3,high
PMC10957020,asthma,respiratory,RELA,high
PMC10957020,asthma,respiratory,JUN,high
PMC10957020,asthma,respiratory,ESR1,high
PMC10957020,asthma,respiratory,TP53,high
PMC10957020,asthma,respiratory,IL6,high
PMC10957020,asthma,respiratory,IL1B,high
PMC10957020,asthma,respiratory,TNF,high
PMC9827666,osteoporosis,musculoskeletal,AKT1,medium
PMC9827666,osteoporosis,musculoskeletal,JUN,medium
PMC9827666,osteoporosis,musculoskeletal,GSK3B,medium
PMC9827666,osteoporosis,musculoskeletal,CCND1,medium
PMC9827666,osteoporosis,musculoskeletal,AR,medium
PMC9827666,osteoporosis,musculoskeletal,FOS,medium
PMC9827666,osteoporosis,musculoskeletal,TGFB1,medium
PMC9827666,osteoporosis,musculoskeletal,PPARD,medium
PMC13223287,influenza,infectious,TNF,high
PMC13223287,influenza,infectious,AKT1,high
PMC13223287,influenza,infectious,EGFR,high
PMC13223287,influenza,infectious,SRC,high
PMC13223287,influenza,infectious,MMP9,high
PMC12220612,,,HT,medium
PMC12220612,,,TNFSF11,medium
PMC12220612,,,PPARA,medium
PMC12220612,,,TEAD1,medium
PMC11096846,,,GNAS,medium
PMC11096846,,,GNB1,medium
PMC11096846,,,CYP2E1,medium
PMC11096846,,,SFTPC,medium
PMC11096846,,,F2,medium
PMC11096846,,,MAPK3,medium
PMC11096846,,,PLG,medium
PMC11096846,,,SRC,medium
PMC11096846,,,HDAC1,medium
PMC11096846,,,STAT3,medium
PMC9304690,acute_lung_injury,respiratory,MAPK14,medium
PMC9304690,acute_lung_injury,respiratory,CDK2,medium
PMC9304690,acute_lung_injury,respiratory,EGFR,medium
PMC9304690,acute_lung_injury,respiratory,F2,medium
PMC9304690,acute_lung_injury,respiratory,SRC,medium
PMC9304690,acute_lung_injury,respiratory,AKT1,medium
PMC12204778,lung_cancer,cancer,F2,medium
PMC12204778,lung_cancer,cancer,AR,medium
PMC12204778,lung_cancer,cancer,EGFR,medium
PMC12204778,lung_cancer,cancer,FLT3LG,medium
PMC12204778,lung_cancer,cancer,FLT3,medium
PMC12204778,lung_cancer,cancer,HGF,medium
PMC12204778,lung_cancer,cancer,IGF1R,medium
PMC12204778,lung_cancer,cancer,PRRT2,medium
PMC12204778,lung_cancer,cancer,COX2,medium
PMC12204778,lung_cancer,cancer,SETD2,medium
PMC12204778,lung_cancer,cancer,PIM1,medium
PMC12204778,lung_cancer,cancer,CDK4,medium
PMC12204778,lung_cancer,cancer,FASLG,medium
PMC12204778,lung_cancer,cancer,TERT,medium
PMC10977574,,,DHCR7-DT,high
PMC10977574,,,GAPDH,high
PMC10977574,,,IL6,high
PMC10977574,,,TNF,high
PMC10977574,,,AKT1,high
PMC10977574,,,TP53,high
PMC10977574,,,EGFR,high
PMC11414759,ankylosing_spondylitis,autoimmune,MMP9,medium
PMC11414759,ankylosing_spondylitis,autoimmune,NLRP3,medium
PMC11414759,ankylosing_spondylitis,autoimmune,CYP2B6,medium
PMC11102677,rheumatoid_arthritis,autoimmune,PIK3CA,medium
PMC11102677,rheumatoid_arthritis,autoimmune,TNF,medium
PMC11102677,rheumatoid_arthritis,autoimmune,MAPK3,medium
PMC9692208,gout,musculoskeletal,CP,high
PMC9692208,gout,musculoskeletal,ELAVL1,high
PMC9692208,gout,musculoskeletal,TP53,high
PMC9692208,gout,musculoskeletal,MAPK8,high
PMC9692208,gout,musculoskeletal,MAPK3,high
PMC9692208,gout,musculoskeletal,IL6,high
PMC9692208,gout,musculoskeletal,AKT1,high
PMC9692208,gout,musculoskeletal,ABCG2,high
PMC9692208,gout,musculoskeletal,TNF,high
PMC9692208,gout,musculoskeletal,NLRP3,high
PMC9831705,diabetic_nephropathy,renal_metabolic,IL6,medium
PMC9831705,diabetic_nephropathy,renal_metabolic,AKT1,medium
PMC9831705,diabetic_nephropathy,renal_metabolic,TNF,medium
PMC9831705,diabetic_nephropathy,renal_metabolic,CAT,medium
PMC9831705,diabetic_nephropathy,renal_metabolic,JUN,medium
PMC9831705,diabetic_nephropathy,renal_metabolic,PTGS2,medium
PMC12376120,,,MAPK1,medium
PMC12376120,,,MAPK3,medium
PMC12376120,,,MAPK8,medium
PMC12376120,,,MAPK10,medium
PMC12376120,,,MAPK14,medium
PMC11239594,irritable_bowel_syndrome,gastrointestinal,DCX,medium
PMC11239594,irritable_bowel_syndrome,gastrointestinal,TNF,medium
PMC11239594,irritable_bowel_syndrome,gastrointestinal,IL6,medium
PMC11239594,irritable_bowel_syndrome,gastrointestinal,ALB,medium
PMC11239594,irritable_bowel_syndrome,gastrointestinal,AKT1,medium
PMC11239594,irritable_bowel_syndrome,gastrointestinal,TP53,medium
PMC11239594,irritable_bowel_syndrome,gastrointestinal,JUN,medium
PMC11239594,irritable_bowel_syndrome,gastrointestinal,IL1B,medium
PMC11239594,irritable_bowel_syndrome,gastrointestinal,VEGFA,medium
PMC11239594,irritable_bowel_syndrome,gastrointestinal,CASP3,medium
PMC11239594,irritable_bowel_syndrome,gastrointestinal,EGFR,medium
PMC11239594,irritable_bowel_syndrome,gastrointestinal,MMP9,medium
PMC11239594,irritable_bowel_syndrome,gastrointestinal,SRC,medium
PMC11239594,irritable_bowel_syndrome,gastrointestinal,MAPK3,medium
PMC11239594,irritable_bowel_syndrome,gastrointestinal,MYC,medium
PMC11239594,irritable_bowel_syndrome,gastrointestinal,CXCL8,medium
PMC11239594,irritable_bowel_syndrome,gastrointestinal,PTGS2,medium
PMC11239594,irritable_bowel_syndrome,gastrointestinal,CCL2,medium
PMC11239594,irritable_bowel_syndrome,gastrointestinal,ESR1,medium
PMC12358555,,,SLC2A4,high
PMC12358555,,,PPARG,high
PMC12358555,,,INSR,high
PMC12358555,,,AKT2,high
PMC12358555,,,CASP3,high
PMC12358555,,,MMP9,high
PMC10235497,,,RELA,high
PMC10235497,,,TBX21,high
PMC10235497,,,GATA3,high
PMC12215522,,,KCNH2,medium
PMC12215522,,,HSP90AA1,medium
PMC12215522,,,SCN5A,medium
PMC12215522,,,CACNA2D1,medium
PMC11967982,atopic_dermatitis,dermatologic,SRC,high
PMC11967982,atopic_dermatitis,dermatologic,MAPK3,high
PMC11967982,atopic_dermatitis,dermatologic,MAPK1,high
PMC11967982,atopic_dermatitis,dermatologic,JUN,high
PMC11967982,atopic_dermatitis,dermatologic,PIK3CA,high
PMC11967982,atopic_dermatitis,dermatologic,ESR1,high
PMC11967982,atopic_dermatitis,dermatologic,PTGS2,high
PMC11967982,atopic_dermatitis,dermatologic,PTPN11,high
PMC11967982,atopic_dermatitis,dermatologic,IL6,high
PMC11967982,atopic_dermatitis,dermatologic,ALOX5,high
PMC8249129,depression,psychiatric,AKT1,high
PMC8249129,depression,psychiatric,VEGFA,high
PMC8249129,depression,psychiatric,MAPK8,high
PMC8249129,depression,psychiatric,FOS,high
PMC8249129,depression,psychiatric,ESR1,high
PMC8249129,depression,psychiatric,NR3C1,high
PMC8249129,depression,psychiatric,IL6,high
PMC8249129,depression,psychiatric,HIF1A,high
PMC8249129,depression,psychiatric,NOS3,high
PMC8249129,depression,psychiatric,AR,high
PMC10050741,,,MCC,high
PMC10050741,,,IL6,high
PMC10050741,,,TNF,high
PMC10050741,,,IL1B,high
PMC10050741,,,IL10,high
PMC10050741,,,INS,high
PMC10050741,,,EGF,high
PMC10050741,,,PTGS2,high
PMC10050741,,,COX2,high
PMC10050741,,,EGFR,high
PMC10050741,,,BCL2L1,high
PMC12110816,,,TNF,high
PMC12110816,,,EGF,high
PMC12110816,,,GAPDH,high
PMC9288182,covid_19,infectious,ERBB2,medium
PMC9288182,covid_19,infectious,TP53,medium
PMC9288182,covid_19,infectious,IL6,medium
PMC9288182,covid_19,infectious,PTGS2,medium
PMC9288182,covid_19,infectious,FOS,medium
PMC9288182,covid_19,infectious,IL1B,medium
PMC9288182,covid_19,infectious,IL10,medium
PMC9288182,covid_19,infectious,SPP1,medium
PMC9288182,covid_19,infectious,PPARG,medium
PMC9288182,covid_19,infectious,MMP9,medium
PMC9288182,covid_19,infectious,MYC,medium
PMC9288182,covid_19,infectious,JUN,medium
PMC9288182,covid_19,infectious,HIF1A,medium
PMC9288182,covid_19,infectious,CXCL8,medium
PMC9288182,covid_19,infectious,ICAM1,medium
PMC9288182,covid_19,infectious,MAPK3,medium
PMC9288182,covid_19,infectious,CCL2,medium
PMC9288182,covid_19,infectious,CCND1,medium
PMC9288182,covid_19,infectious,AKT1,medium
PMC9288182,covid_19,infectious,TNF,medium
PMC9288182,covid_19,infectious,SERPINE1,medium
PMC9288182,covid_19,infectious,TGFB1,medium
PMC9288182,covid_19,infectious,MMP2,medium
PMC9288182,covid_19,infectious,TIMP1,medium
PMC9288182,covid_19,infectious,CASP3,medium
PMC9288182,covid_19,infectious,EGFR,medium
PMC7076893,,,PPARG,high
PMC7076893,,,ACACB,high
PMC7076893,,,NFKB1,high
PMC7076893,,,PPARA,high
PMC9191557,myocardial_infarction,cardiovascular,AKT1,medium
PMC9191557,myocardial_infarction,cardiovascular,IL6,medium
PMC9191557,myocardial_infarction,cardiovascular,VEGFA,medium
PMC9191557,myocardial_infarction,cardiovascular,MAPK1,medium
PMC9191557,myocardial_infarction,cardiovascular,STAT3,medium
PMC9191557,myocardial_infarction,cardiovascular,CASP3,medium
PMC9191557,myocardial_infarction,cardiovascular,PTGS2,medium
PMC9191557,myocardial_infarction,cardiovascular,FOS,medium
PMC9191557,myocardial_infarction,cardiovascular,MYC,medium
PMC9191557,myocardial_infarction,cardiovascular,JUN,medium
PMC9191557,myocardial_infarction,cardiovascular,MAPK14,medium
PMC9191557,myocardial_infarction,cardiovascular,BCL2L1,medium
PMC12163577,,,MYC,high
PMC12163577,,,IL6,high
PMC12163577,,,IL1B,high
PMC12163577,,,PTGS2,high
PMC12303444,endometriosis,gynecologic,AKT1,high
PMC12303444,endometriosis,gynecologic,ALB,high
PMC12303444,endometriosis,gynecologic,STAT3,high
PMC12303444,endometriosis,gynecologic,TNF,high
PMC7718855,copd,respiratory,PTGS2,medium
PMC7718855,copd,respiratory,PPARG,medium
PMC7718855,copd,respiratory,NOS2,medium
PMC7718855,copd,respiratory,NR3C1,medium
PMC7718855,copd,respiratory,COPD,medium
PMC9359200,,,AKT1,medium
PMC9359200,,,PTGS2,medium
PMC9359200,,,CASP3,medium
PMC9200514,,,CCND1,high
PMC9200514,,,CASP3,high
PMC9200514,,,HIF1A,high
PMC9200514,,,ESR1,high
PMC11818921,,,TNF,medium
PMC11818921,,,IL6,medium
PMC11818921,,,BCL2,medium
PMC11818921,,,ESR1,medium
PMC11818921,,,SRC,medium
PMC11818921,,,MMP9,medium
PMC11818921,,,HIF1A,medium
PMC11818921,,,NFKB1,medium
PMC11818921,,,CCS,medium
PMC7843179,,,TP53,high
PMC7843179,,,AKT1,high
PMC7843179,,,MAPK3,high
PMC7843179,,,PTGS2,high
PMC7843179,,,BAX,high
PMC7843179,,,BCL2,high
PMC12067316,,,STAT3,high
PMC12067316,,,PIK3R1,high
PMC12067316,,,AKT1,high
PMC12067316,,,PARP1,high
PMC12067316,,,ICAM1,high
PMC12067316,,,DPP4,high
PMC12067316,,,KLKB1,high
PMC12067316,,,F2,high
PMC12067316,,,F10,high
PMC12067316,,,PTPN6,high
PMC12067316,,,FABP3,high
PMC12067316,,,SLC37A4,high
PMC12067316,,,CASP1,high
PMC12991575,,,EGFR,high
PMC12991575,,,SETD2,high
PMC12991575,,,PTGS2,high
PMC12991575,,,SRC,high
PMC12991575,,,TNF,high
PMC10615469,asthma,respiratory,ACTB,high
PMC10615469,asthma,respiratory,AKT1,high
PMC10615469,asthma,respiratory,TNF,high
PMC10615469,asthma,respiratory,HSP90AA1,high
PMC10615469,asthma,respiratory,EGFR,high
PMC8121566,diabetic_nephropathy,renal_metabolic,VEGFA,high
PMC8121566,diabetic_nephropathy,renal_metabolic,IL6,high
PMC8121566,diabetic_nephropathy,renal_metabolic,TNF,high
PMC8121566,diabetic_nephropathy,renal_metabolic,AKT1,high
PMC8121566,diabetic_nephropathy,renal_metabolic,TP53,high
PMC10607277,colorectal_cancer,cancer,HPSE,high
PMC10607277,colorectal_cancer,cancer,IL1B,high
PMC10607277,colorectal_cancer,cancer,GSK3B,high
PMC10607277,colorectal_cancer,cancer,NOS3,high
PMC10607277,colorectal_cancer,cancer,RELA,high
PMC10607277,colorectal_cancer,cancer,CDK4,high
PMC7673937,cancer_unspecified,cancer,JUN,medium
PMC7673937,cancer_unspecified,cancer,MAPK1,medium
PMC7673937,cancer_unspecified,cancer,RELA,medium
PMC7673937,cancer_unspecified,cancer,TYRP1,medium
PMC8100455,,,STAT3,medium
PMC8100455,,,PTGS2,medium
PMC8100455,,,JUN,medium
PMC8100455,,,VEGFA,medium
PMC8100455,,,EGFR,medium
PMC8100455,,,ALOX5,medium
PMC11847854,prostate_cancer,cancer,BCL2,medium
PMC11847854,prostate_cancer,cancer,ESR1,medium
PMC11847854,prostate_cancer,cancer,HIF1A,medium
PMC11847854,prostate_cancer,cancer,STAT3,medium
PMC11366254,female_infertility,reproductive,AKT1,high
PMC11366254,female_infertility,reproductive,TP53,high
PMC11366254,female_infertility,reproductive,TNF,high
PMC11366254,female_infertility,reproductive,ALB,high
PMC11366254,female_infertility,reproductive,VEGFA,high
PMC11544044,hepatocellular_carcinoma,cancer,HYCC1,medium
PMC11544044,hepatocellular_carcinoma,cancer,MAPK1,medium
PMC11544044,hepatocellular_carcinoma,cancer,AKR1C3,medium
PMC12230579,,,ALDH2,high
PMC12230579,,,CDS1,high
PMC12230579,,,ODC1,high
PMC12230579,,,IDH1,high
PMC12230579,,,NOS3,high
PMC12230579,,,UGT2B7,high
PMC12230579,,,HMOX1,high
PMC7753939,,,TNF,high
PMC7753939,,,IGF1,high
PMC7753939,,,IL1B,high
PMC7753939,,,GPT,high
PMC7753939,,,CCL2,high
PMC7753939,,,HGF,high
PMC7753939,,,TLR4,high
PMC7753939,,,PPARG,high
PMC7753939,,,GOT2,high
PMC7753939,,,LDLR,high
PMC7753939,,,MMP1,high
PMC7753939,,,F2,high
PMC7753939,,,DCN,high
PMC7753939,,,GLUL,high
PMC7753939,,,PPARA,high
PMC7753939,,,THBS1,high
PMC7753939,,,JAK2,high
PMC7753939,,,CFTR,high
PMC7753939,,,PLAT,high
PMC7753939,,,OAT,high
PMC7753939,,,GPX8,high
PMC9992681,breast_cancer,cancer,AKT1,high
PMC9992681,breast_cancer,cancer,ESR1,high
PMC9992681,breast_cancer,cancer,EGFR,high
PMC9992681,breast_cancer,cancer,SRC,high
PMC9992681,breast_cancer,cancer,CASP3,high
PMC9992681,breast_cancer,cancer,HSP90AA1,high
PMC9992681,breast_cancer,cancer,IGF1,high
PMC9992681,breast_cancer,cancer,MDM2,high
PMC9992681,breast_cancer,cancer,RHOA,high
PMC9992681,breast_cancer,cancer,MAPK1,high
PMC9192323,liver_fibrosis,hepatic,CXCL8,high
PMC9192323,liver_fibrosis,hepatic,MAPK1,high
PMC9192323,liver_fibrosis,hepatic,AKT1,high
PMC9192323,liver_fibrosis,hepatic,SRC,high
PMC9192323,liver_fibrosis,hepatic,VEGFA,high
PMC9192323,liver_fibrosis,hepatic,IL6,high
PMC12860169,lung_cancer,cancer,PIK3CB,high
PMC12860169,lung_cancer,cancer,ERBB2,high
PMC12860169,lung_cancer,cancer,SRC,high
PMC12860169,lung_cancer,cancer,MTOR,high
PMC12860169,lung_cancer,cancer,JUN,high
PMC12860169,lung_cancer,cancer,GSK3B,high
PMC12860169,lung_cancer,cancer,STAT3,high
PMC12860169,lung_cancer,cancer,PIK3CA,high
PMC12860169,lung_cancer,cancer,EGFR,high
PMC12444918,diabetic_nephropathy,renal_metabolic,CCL2,high
PMC12444918,diabetic_nephropathy,renal_metabolic,NFKB1,high
PMC12444918,diabetic_nephropathy,renal_metabolic,IFNG,high
PMC12444918,diabetic_nephropathy,renal_metabolic,CRP,high
PMC12444918,diabetic_nephropathy,renal_metabolic,IL1B,high
PMC12444918,diabetic_nephropathy,renal_metabolic,STAT3,high
PMC12444918,diabetic_nephropathy,renal_metabolic,ICAM1,high
PMC12444918,diabetic_nephropathy,renal_metabolic,PPARG,high
PMC12444918,diabetic_nephropathy,renal_metabolic,ALB,high
PMC12444918,diabetic_nephropathy,renal_metabolic,NOS3,high
PMC9578366,covid_19,infectious,EGFR,high
PMC9578366,covid_19,infectious,TP53,high
PMC9578366,covid_19,infectious,TNF,high
PMC9578366,covid_19,infectious,JAK2,high
PMC9578366,covid_19,infectious,NR3C1,high
PMC9578366,covid_19,infectious,TH,high
PMC9578366,covid_19,infectious,COMT,high
PMC9578366,covid_19,infectious,DRD2,high
PMC10589576,osteoporosis,musculoskeletal,AKT1,high
PMC10589576,osteoporosis,musculoskeletal,TP53,high
PMC10589576,osteoporosis,musculoskeletal,IL6,high
PMC10589576,osteoporosis,musculoskeletal,TNF,high
PMC10589576,osteoporosis,musculoskeletal,VEGFA,high
PMC10589576,osteoporosis,musculoskeletal,CASP3,high
PMC10589576,osteoporosis,musculoskeletal,IL1B,high
PMC10589576,osteoporosis,musculoskeletal,MYC,high
PMC10589576,osteoporosis,musculoskeletal,PTGS2,high
PMC10589576,osteoporosis,musculoskeletal,EGFR,high
PMC8779036,,,SRC,medium
PMC8779036,,,MAPK3,medium
PMC8779036,,,MTOR,medium
PMC8779036,,,MAPK1,medium
PMC8779036,,,GSK3B,medium
PMC8779036,,,JAK2,medium
PMC8779036,,,ESR1,medium
PMC8779036,,,AR,medium
PMC8779036,,,PIK3CA,medium
PMC8779036,,,BCL2L1,medium
PMC8779036,,,SIRT1,medium
PMC12560116,,,JUN,high
PMC12560116,,,TNF,high
PMC12560116,,,AKT1,high
PMC12560116,,,IL1B,high
PMC12560116,,,PPARG,high
PMC12560116,,,MAPK8,high
PMC12560116,,,CASP3,high
PMC12560116,,,PTGS2,high
PMC9578855,ankylosing_spondylitis,autoimmune,IL1B,high
PMC9578855,ankylosing_spondylitis,autoimmune,PTGS2,high
PMC9578855,ankylosing_spondylitis,autoimmune,CXCL8,high
PMC9578855,ankylosing_spondylitis,autoimmune,CCL2,high
PMC9578855,ankylosing_spondylitis,autoimmune,MYC,high
PMC9578855,ankylosing_spondylitis,autoimmune,IL2,high
PMC9304584,breast_cancer,cancer,GAPDH,high
PMC9304584,breast_cancer,cancer,MMP9,high
PMC9304584,breast_cancer,cancer,CCNA2,high
PMC9304584,breast_cancer,cancer,RRM2,high
PMC9304584,breast_cancer,cancer,CHEK1,high
PMC6920415,coronary_heart_disease,cardiovascular,ART4,medium
PMC6920415,coronary_heart_disease,cardiovascular,TP53,medium
PMC6920415,coronary_heart_disease,cardiovascular,ESR1,medium
PMC6920415,coronary_heart_disease,cardiovascular,AKT1,medium
PMC6920415,coronary_heart_disease,cardiovascular,STAT3,medium
PMC6920415,coronary_heart_disease,cardiovascular,MAPK1,medium
PMC11958725,copd,respiratory,ESR1,high
PMC11958725,copd,respiratory,SRC,high
PMC11958725,copd,respiratory,PPARG,high
PMC11958725,copd,respiratory,BCL2,high
PMC11958725,copd,respiratory,PARP1,high
PMC11958725,copd,respiratory,KDR,high
PMC11958725,copd,respiratory,APP,high
PMC11958725,copd,respiratory,MMP9,high
PMC11958725,copd,respiratory,ATP8A2,high
PMC11958725,copd,respiratory,ABCG2,high
PMC12431576,constipation,gastrointestinal,AKT1,high
PMC12431576,constipation,gastrointestinal,TNF,high
PMC12431576,constipation,gastrointestinal,TP53,high
PMC12431576,constipation,gastrointestinal,PTGS2,high
PMC12431576,constipation,gastrointestinal,CASP3,high
PMC9239803,,,IL6,medium
PMC9239803,,,EGFR,medium
PMC9239803,,,TLR4,medium
PMC11255520,alzheimer_disease,neurological,TP53,medium
PMC11255520,alzheimer_disease,neurological,EGFR,medium
PMC11255520,alzheimer_disease,neurological,CASP3,medium
PMC11255520,alzheimer_disease,neurological,PTGS2,medium
PMC11255520,alzheimer_disease,neurological,MMP9,medium
PMC11255520,alzheimer_disease,neurological,SRC,medium
PMC11255520,alzheimer_disease,neurological,BCL2,medium
PMC11255520,alzheimer_disease,neurological,ESR1,medium
PMC11255520,alzheimer_disease,neurological,PPARG,medium
PMC11255520,alzheimer_disease,neurological,HSP90AA1,medium
PMC8941571,,,AKT1,high
PMC8941571,,,SETD2,high
PMC8941571,,,TNF,high
PMC8941571,,,IL17A,high
PMC8941571,,,IL6,high
PMC8941571,,,IL10,high
PMC10963236,,,CXCL8,medium
PMC10963236,,,RELA,medium
PMC10963236,,,MAPK14,medium
PMC10963236,,,NFKB1,medium
PMC10963236,,,CXCL10,medium
PMC10963236,,,IL6,medium
PMC10963236,,,TNF,medium
PMC11427391,hepatocellular_carcinoma,cancer,HSP90AA1,high
PMC11427391,hepatocellular_carcinoma,cancer,XRCC1,high
PMC11427391,hepatocellular_carcinoma,cancer,PTGS2,high
PMC11427391,hepatocellular_carcinoma,cancer,IL6,high
PMC11427391,hepatocellular_carcinoma,cancer,GSTP1,high
PMC11427391,hepatocellular_carcinoma,cancer,TGFB1,high
PMC11427391,hepatocellular_carcinoma,cancer,HIF1A,high
PMC11427391,hepatocellular_carcinoma,cancer,SOD2,high
PMC11427391,hepatocellular_carcinoma,cancer,MAPK3,high
PMC11427391,hepatocellular_carcinoma,cancer,PCNA,high
PMC11251886,,,AKT1,high
PMC11251886,,,SRC,high
PMC11251886,,,EGFR,high
PMC11251886,,,CASP3,high
PMC11251886,,,TP53,high
PMC8828947,ischemic_stroke,neurological,ADCY10,medium
PMC8828947,ischemic_stroke,neurological,F2,medium
PMC8828947,ischemic_stroke,neurological,MMP7,medium
PMC8828947,ischemic_stroke,neurological,KDR,medium
PMC8828947,ischemic_stroke,neurological,IGF1,medium
PMC8828947,ischemic_stroke,neurological,REN,medium
PMC8828947,ischemic_stroke,neurological,PPARG,medium
PMC8828947,ischemic_stroke,neurological,PLG,medium
PMC8828947,ischemic_stroke,neurological,MMP1,medium
PMC10468769,osteoarthritis,musculoskeletal,PTGS2,medium
PMC10468769,osteoarthritis,musculoskeletal,TNF,medium
PMC10468769,osteoarthritis,musculoskeletal,DCX,medium
PMC10468769,osteoarthritis,musculoskeletal,RPS5,medium
PMC9217541,,,ALB,medium
PMC9217541,,,IL6,medium
PMC9217541,,,EGFR,medium
PMC9217541,,,VEGFA,medium
PMC10489552,breast_cancer,cancer,PIK3CA,medium
PMC10489552,breast_cancer,cancer,CASP3,medium
PMC10489552,breast_cancer,cancer,BCL2,medium
PMC10489552,breast_cancer,cancer,MET,medium
PMC10489552,breast_cancer,cancer,KDR,medium
PMC10489552,breast_cancer,cancer,SIRT2,medium
PMC10489552,breast_cancer,cancer,EGFR,medium
PMC10489552,breast_cancer,cancer,SETD2,medium
PMC12144589,,,AKT1,high
PMC12144589,,,TNF,high
PMC12144589,,,SRC,high
PMC12144589,,,EGFR,high
PMC12144589,,,ESR1,high
PMC8096424,atherosclerosis,cardiovascular,MCC,high
PMC8096424,atherosclerosis,cardiovascular,ICAM1,high
PMC8096424,atherosclerosis,cardiovascular,PECAM1,high
PMC8096424,atherosclerosis,cardiovascular,MMP9,high
PMC8096424,atherosclerosis,cardiovascular,PIK3R1,high
PMC8096424,atherosclerosis,cardiovascular,AKT1,high
PMC8096424,atherosclerosis,cardiovascular,SRC,high
PMC8096424,atherosclerosis,cardiovascular,HSP90AA1,high
PMC8096424,atherosclerosis,cardiovascular,MMP2,high
PMC8096424,atherosclerosis,cardiovascular,PTK2,high
PMC8096424,atherosclerosis,cardiovascular,HSP90AB1,high
PMC10905266,gout,musculoskeletal,XDH,medium
PMC10905266,gout,musculoskeletal,MMP3,medium
PMC10905266,gout,musculoskeletal,ABCC1,medium
PMC10905266,gout,musculoskeletal,MAOA,medium
PMC10905266,gout,musculoskeletal,ALB,medium
PMC10905266,gout,musculoskeletal,SLC22A8,medium
PMC10905266,gout,musculoskeletal,SLC22A6,medium
PMC10905266,gout,musculoskeletal,HTR2A,medium
PMC10905266,gout,musculoskeletal,PTGS2,medium
PMC10905266,gout,musculoskeletal,MAPK8,medium
PMC7685835,irritable_bowel_syndrome,gastrointestinal,VEGFA,medium
PMC7685835,irritable_bowel_syndrome,gastrointestinal,MAPK3,medium
PMC7685835,irritable_bowel_syndrome,gastrointestinal,IL6,medium
PMC7685835,irritable_bowel_syndrome,gastrointestinal,TP53,medium
PMC7685835,irritable_bowel_syndrome,gastrointestinal,JUN,medium
PMC12337733,chronic_kidney_disease,renal,IL6,high
PMC12337733,chronic_kidney_disease,renal,IL1A,high
PMC12337733,chronic_kidney_disease,renal,TNF,high
PMC12337733,chronic_kidney_disease,renal,PTGS2,high
PMC12337733,chronic_kidney_disease,renal,NFKBIA,high
PMC10900653,,,C4A,medium
PMC10900653,,,PPARA,medium
PMC10900653,,,SLC2A4,medium
PMC10900653,,,FOXO1,medium
PMC10900653,,,IL10,medium
PMC10900653,,,IL6,medium
PMC10900653,,,IFNG,medium
PMC10900653,,,IL2,medium
PMC10900653,,,EGFR,medium
PMC10900653,,,TGFB1,medium
PMC10900653,,,BDNF,medium
PMC10900653,,,FOS,medium
PMC10900653,,,MAPK14,medium
PMC10900653,,,TNF,medium
PMC10900653,,,RELA,medium
PMC10900653,,,NFKB1,medium
PMC10900653,,,VEGFA,medium
PMC10900653,,,IKBKB,medium
PMC10900653,,,IL1B,medium
PMC10900653,,,CASP3,medium
PMC10900653,,,DDIT3,medium
PMC10900653,,,FAS,medium
PMC10900653,,,MAPK1,medium
PMC10900653,,,TP53,medium
PMC10900653,,,NFKBIA,medium
PMC10900653,,,PARP1,medium
PMC10900653,,,PTGS2,medium
PMC10900653,,,BAD,medium
PMC10900653,,,NOS3,medium
PMC10900653,,,CASP9,medium
PMC10900653,,,MMP9,medium
PMC10900653,,,CASP8,medium
PMC10900653,,,CCL2,medium
PMC10900653,,,SGSM3,medium
PMC12595059,,,TNF,high
PMC12595059,,,STAT3,high
PMC12595059,,,NFKB1,high
PMC12595059,,,IL6,high
PMC12595059,,,SRC,high
PMC12595059,,,ESR1,high
PMC12595059,,,MAPK8,high
PMC8794673,,,ALB,high
PMC8794673,,,MAPK1,high
PMC8794673,,,CASP3,high
PMC8794673,,,AR,high
PMC10589944,glioma,cancer,SRC,high
PMC10589944,glioma,cancer,HRAS,high
PMC10589944,glioma,cancer,HSP90AA1,high
PMC10589944,glioma,cancer,IGF1,high
PMC10589944,glioma,cancer,MAPK1,high
PMC10589944,glioma,cancer,MAPK14,high
PMC10589944,glioma,cancer,KDR,high
PMC10589944,glioma,cancer,STAT1,high
PMC10589944,glioma,cancer,JAK2,high
PMC10589944,glioma,cancer,MAP2K1,high
PMC10589944,glioma,cancer,IGF1R,high
PMC10589944,glioma,cancer,SGSM3,high
PMC10894492,diabetic_nephropathy,renal_metabolic,TP53,high
PMC10894492,diabetic_nephropathy,renal_metabolic,EGFR,high
PMC10894492,diabetic_nephropathy,renal_metabolic,IL6,high
PMC10894492,diabetic_nephropathy,renal_metabolic,CTNNB1,high
PMC10894492,diabetic_nephropathy,renal_metabolic,ESR1,high
PMC10894492,diabetic_nephropathy,renal_metabolic,JUN,high
PMC10894492,diabetic_nephropathy,renal_metabolic,HIF1A,high
PMC10894492,diabetic_nephropathy,renal_metabolic,MYC,high
PMC12142903,depression,psychiatric,ESR2,high
PMC12142903,depression,psychiatric,STAT1,high
PMC12142903,depression,psychiatric,CASP3,high
PMC10432970,thyroid_cancer,cancer,FN1,medium
PMC10432970,thyroid_cancer,cancer,JUN,medium
PMC10432970,thyroid_cancer,cancer,AR,medium
PMC10432970,thyroid_cancer,cancer,RUNX2,medium
PMC10432970,thyroid_cancer,cancer,FOS,medium
PMC10432970,thyroid_cancer,cancer,BMP2,medium
PMC10432970,thyroid_cancer,cancer,MET,medium
PMC11898993,,,MCC,high
PMC11898993,,,ESR1,high
PMC11898993,,,SRC,high
PMC11898993,,,CTNNB1,high
PMC11898993,,,MAPK3,high
PMC11898993,,,AKT1,high
PMC11898993,,,EGFR,high
PMC11898993,,,ERBB2,high
PMC11898993,,,ESR2,high
PMC11898993,,,TNF,high
PMC11898993,,,PRKACA,high
PMC7391051,covid_19,infectious,IL6,medium
PMC7391051,covid_19,infectious,TNF,medium
PMC7391051,covid_19,infectious,IL10,medium
PMC7391051,covid_19,infectious,MAPK8,medium
PMC7391051,covid_19,infectious,MAPK3,medium
PMC7391051,covid_19,infectious,CXCL8,medium
PMC7391051,covid_19,infectious,CASP3,medium
PMC7391051,covid_19,infectious,PTGS2,medium
PMC7391051,covid_19,infectious,TP53,medium
PMC7391051,covid_19,infectious,MAPK1,medium
PMC8672039,,,AKT1,medium
PMC8672039,,,TP53,medium
PMC8672039,,,MAPK3,medium
PMC8672039,,,VEGFA,medium
PMC8672039,,,TNF,medium
PMC8672039,,,IL6,medium
PMC8672039,,,JUN,medium
PMC8672039,,,CASP3,medium
PMC12969908,,,CTSS,medium
PMC12969908,,,PTPRC,medium
PMC12969908,,,PTAFR,medium
PMC12969908,,,MMP9,medium
PMC12969908,,,IL1B,medium
PMC12969908,,,LCK,medium
PMC12969908,,,ITK,medium
PMC11443296,,,AKT1,medium
PMC11443296,,,ACTB,medium
PMC11443296,,,ALB,medium
PMC11443296,,,INS,medium
PMC11443296,,,TP53,medium
PMC11383270,,,TP53,high
PMC11383270,,,IL6,high
PMC11383270,,,AKT1,high
PMC11383270,,,CASP3,high
PMC11383270,,,CXCL8,high
PMC11383270,,,MMP9,high
PMC11383270,,,EGFR,high
PMC9068296,,,EGFR,high
PMC9068296,,,HSP90AA1,high
PMC9068296,,,SRC,high
PMC9068296,,,TNF,high
PMC9068296,,,CASP3,high
PMC10082258,,,PIK3CA,medium
PMC10082258,,,AKT3,medium
PMC10082258,,,GSK3B,medium
PMC10082258,,,JUN,medium
PMC13056865,asthma,respiratory,NOTCH2,high
PMC13056865,asthma,respiratory,HDAC2,high
PMC13056865,asthma,respiratory,MAPK1,high
PMC12402425,hepatocellular_carcinoma,cancer,AKT1,high
PMC12402425,hepatocellular_carcinoma,cancer,CCND1,high
PMC12402425,hepatocellular_carcinoma,cancer,EGFR,high
PMC12402425,hepatocellular_carcinoma,cancer,HIF1A,high
PMC12402425,hepatocellular_carcinoma,cancer,SRC,high
PMC12402425,hepatocellular_carcinoma,cancer,PPARG,high
PMC12402425,hepatocellular_carcinoma,cancer,PTGS2,high
PMC12402425,hepatocellular_carcinoma,cancer,MMP9,high
PMC12402425,hepatocellular_carcinoma,cancer,JAK2,high
PMC12402425,hepatocellular_carcinoma,cancer,TERT,high
PMC10504908,psoriasis,dermatologic_autoimmune,IGES,high
PMC10504908,psoriasis,dermatologic_autoimmune,IL6,high
PMC10504908,psoriasis,dermatologic_autoimmune,MMP9,high
PMC10504908,psoriasis,dermatologic_autoimmune,STAT3,high
PMC10504908,psoriasis,dermatologic_autoimmune,TNF,high
PMC10504908,psoriasis,dermatologic_autoimmune,VEGFA,high
PMC10504908,psoriasis,dermatologic_autoimmune,TLR4,high
PMC7836709,covid_19,infectious,TNF,high
PMC7836709,covid_19,infectious,IL10,high
PMC7836709,covid_19,infectious,IL2,high
PMC7836709,covid_19,infectious,IL6,high
PMC7836709,covid_19,infectious,STAT1,high
PMC7836709,covid_19,infectious,CCL2,high
PMC10010188,depression,psychiatric,PTPN11,high
PMC10010188,depression,psychiatric,ESR1,high
PMC10010188,depression,psychiatric,NR3C1,high
PMC10010188,depression,psychiatric,MAPK1,high
PMC9678500,,,HSP90AA1,medium
PMC9678500,,,MAPK1,medium
PMC9678500,,,MAPK8,medium
PMC9678500,,,MAPK14,medium
PMC9678500,,,IL17A,medium
