pmcid,pmid,doi,title,year,journal,author_string,article_type,disease_label,broad_disease,disease_raw,genes,extraction_confidence,extraction_score,anchor,source_section,source_kind,source_order,source_span,explicit_count,count_match,candidate_count,xml_sha256,gene_count
PMC9577736,36267750,10.21037/atm-22-3976,Exploring the mechanism of Shexiang Tongxin dropping pill in the treatment of microvascular angina through network pharmacology and molecular docking,2022,Annals of Translational Medicine,"Chang C, Ren Y, Su Q.",research-article,,,,MCC|IL6|AKT1|STAT3|JUN|PTGS2|CXCL8|CASP3|MMP9|MAPK3|TLR4|CCL2|VEGFA,high,18.0,key,construction of the ppi network,paragraph,67,"A total of 13 key targets were finally obtained ( Figure 6 ), which were ranked sequentially in MCC descending order ( Table 3 ), as follows: IL6 , AKT1 , STAT3 , JUN , IL - 1 β, PTGS2 , CXCL8 , CASP3 , MMP9 , MAPK3 , TLR4 , CCL2 , and VEGFA .",13,True,2,5277b0fcd219af777c69bc5a53317e31b3dc1416ef541dc29bd934bfb16a7495,13
PMC7195658,32382301,10.1155/2020/6473745,Exploring Molecular Mechanism of Huangqi in Treating Heart Failure Using Network Pharmacology,2020,Evidence-based Complementary and Alternative Medicine : eCAM,"Tao YG, Huang XF, Wang JY, Kang MR, Wang LJ, Xian SX.",research-article,heart_failure,cardiovascular,Heart Failure,AKT1|TNF|RAF1|IL6|IL1B,medium,9.941176470588236,top,3.6. kegg pathways of targets' intersection of hf and huangqi,paragraph,17,"In addition, the top 5 targets were AKT1, TNF, RAF1, IL-6, and IL-1 β enriched in KEGG pathways. The top 5 signaling pathways with lowest P value were shown in Table 5 .",,False,7,46506b92cfc6bbc987375fc66ecd71e21c15bfd6478df3310e03c74132ca9324,5
PMC11476943,39409084,10.3390/ijms251910755,Network Pharmacology Revealing the Therapeutic Potential of Bioactive Components of Triphala and Their Molecular Mechanisms against Obesity,2024,International Journal of Molecular Sciences,"Inpan R, Sakuludomkan C, Na Takuathung M, Koonrungsesomboon N.",research-article,obesity,metabolic,Obesity,AKT1|PPARG|PTGS2|ESR1|MMP9|PPARA|CCND1|TLR4|SLC6A4|CNR1,medium,11.0,top,2.4. analysis of protein-protein interaction,paragraph,8,"The top 10 genes identified in the analysis were AKT1, PPARG, PTGS2, ESR1, MMP9, PPARA, CCND1, TLR4, SLC6A4, and CNR1 ( Figure 2 A). The genes with the highest degree in the network were highly interconnected, suggesting they may be critically involved in the same biological activity.",,False,1,f415f14fcc63e89329cbd30af64e454ca97909d5848ce7c38babfe4fe6e2d69a,10
PMC7603558,33150184,10.1155/2020/8965459,Network Pharmacology-Based and Clinically Relevant Prediction of the Potential Targets of Chinese Herbs in Ovarian Cancer Patients,2020,BioMed Research International,"Sun J, Liu J, Liu D, Wu X.",research-article,ovarian_cancer,cancer,Ovarian Cancer,TP53|BCL2|BAX|FAS|VDR|CDKN1A,medium,10.690140845070422,core,3.6. targets prediction in the candidate ingredient-target network,paragraph,25,"According to the prediction of the PPI network, we have formed a network of interactions between core proteins whose combined scores are higher than 0.9 [ 22 , 23 ]. In this network, the big red nodes (TP53, BCL-2, BAX, NF- κ B, FAS, VDR, and CDKN1A) have a higher degree of freedom, which indicates that these genes may be more important targets in the 12 herbs and the development of OvCa.",,False,1,e958eecdd496c01ff0ff5ba33b9688b539102385d7f1748f5dd532f6ae053e09,6
PMC8430321,34512330,10.3389/fphar.2021.693701,Network Pharmacology-Based Analysis on the Potential Biological Mechanisms of Sinisan Against Non-Alcoholic Fatty Liver Disease,2021,Frontiers in Pharmacology,"Wei X, Hou W, Liang J, Fang P, Dou B, Wang Z, Sai J, Xu T, Ma C, Zhang Q, Cheng F, Wang X, Wang Q.",research-article,nonalcoholic_fatty_liver,hepatic_metabolic,Non-Alcoholic Fatty Liver Disease,STAT3|CTNNB1|MAPK1|MAPK3|AGT|NQO1|TOP2A|FDFT1|ALDH4A1|KCNH2|SCN10A,high,20.0,hub,abstract,paragraph,0,"Six PPI clusters were identified and ten hub targets were obtained, including STAT3, CTNNB1, MAPK1, MAPK3, AGT, NQO1, TOP2A, FDFT1, ALDH4A1, and KCNH2. The experimental study indicated that SNS reduced hyperlipidemia, liver steatosis, and inflammation.",,False,3,8a6a6246f18c830ec0b438e0e1ca19c4990749f634db9e7862f853323f3569c2,11
PMC8514782,34658873,10.3389/fphar.2021.733618,Evaluating the Therapeutic Mechanisms of Selected Active Compounds in Houttuynia cordata Thunb. in Pulmonary Fibrosis via Network Pharmacology Analysis,2021,Frontiers in Pharmacology,"Zhu DW, Yu Q, Sun JJ, Shen YH.",research-article,pulmonary_fibrosis,respiratory,Pulmonary Fibrosis,AKT1|MAPK1|TNF,medium,9.818181818181818,core,the molecular docking of ingredient and key target proteins,paragraph,40,"Three core target proteins (AKT1, MAPK1, and TNF-α) with high degrees were identified with nine active compounds (quercetin, hyperoside, rutin, heriguard, 2-undecanone, isoquercitrin, quercitrin, β-stigmasterol, and myrcene) by AutoDock Vina.",,False,1,289a905b686293e71819ecf7d715b0eb98b622ff5fbd5e396a3d1f25c890912f,3
PMC9073317,35573887,10.1016/j.jpha.2021.01.005,Identifying the molecular basis of Jinhong tablets against chronic superficial gastritis via chemical profile identification and symptom-guided network pharmacology analysis,2022,Journal of Pharmaceutical Analysis,"Shi D, Liu L, Li H, Pan D, Yao X, Xiao W, Yao X, Yu Y.",research-article,gastritis,gastrointestinal,gastritis,MMP2|DRD2|AKR1B1,high,16.529411764705884,key,abstract,paragraph,5,"MMP2, DRD2, and AKR1B1 are key targets of Jinhong tablets in the treatment of chronic superficial gastritis.",,False,2,2922f952d48e4d32970f6a8033426e180ff39f0fe01ec6d8a7426b7ca702af6e,3
PMC7970560,33746744,10.3389/fphar.2020.611794,Elucidation of the Mechanism of Action of Ginseng Against Acute Lung Injury/Acute Respiratory Distress Syndrome by a Network Pharmacology-Based Strategy,2020,Frontiers in Pharmacology,"Ding Q, Zhu W, Diao Y, Xu G, Wang L, Qu S, Shi Y.",research-article,acute_lung_injury,respiratory,Acute Respiratory Distress Syndrome,VEGFA|FGF2|PIK3CA|MAPK1|IL2|IL1B|TNF,medium,11.58974358974359,key,validation of targets and pathways,paragraph,53,"VEGFA, FGF2, PIK3CA, MAPK1, and IL2 were the key targets involved in the PI3K-AkT signaling pathway. MAPK1 and FGF2 as well as IL1B and TNF (measured by ELISA) were the critical targets participating in the MAPK signaling pathway.",,False,2,aa3a9ab61295a664c1641a9b389de23b1cdfc85e078a3cd9c5a12b4f92229bf3,7
PMC8192979,34122100,10.3389/fphar.2021.674379,Based on Plasma Metabonomics and Network Pharmacology Exploring the Therapeutic Mechanism of Gynura procumbens on Type 2 Diabetes,2021,Frontiers in Pharmacology,"Guo W, Ouyang H, Liu M, Wu J, He X, Yang S, He M, Feng Y.",research-article,type_2_diabetes,metabolic,Type 2 Diabetes,AKT1|MAPK1|CASP3|CASP8,medium,11.702127659574469,hub,protein–protein interaction network for gp in the treatment of t2dm and hub genes analysis,paragraph,28,"Based on the PPI network and hub ClueGO analysis, six hub targets were screened out: insulin (iNS), AKT serine/threonine kinase 1 (AKT1), mitogen-activated protein kinase 1 (MAPK1), nitric oxide synthase (NOS), endothelial (eNOS), caspase-3 (CASP3), and caspase-8 (CASP8) ( Figure 4D ; Supplementary Table S4 ).",,False,2,e34cab81a31d760b2c750fe59df2972296e07511c9bf1fb7ad53ac56c889e3dd,4
PMC10727557,38115366,10.1097/md.0000000000036434,Mechanism of Valeriana Jatamansi Jones for the treatment of spinal cord injury based on network pharmacology and molecular docking,2023,Medicine,"Wang Y, Lu J, Xiao H, Ding L, He Y, Chang C, Wang W.",research-article,spinal_cord_injury,neurological,spinal cord injury,AKT1|MTOR|IL6|MAPK1|ERBB2|IL2,medium,16.791044776119403,hub,3.7. molecular docking results,paragraph,31,"Twelve hub genes enriched in the PI3K/Akt signaling pathway were selected for molecular docking with 12 core ingredients of VJJ, including vascular endothelial growth factor A, epidermal growth factor receptor, AKT1, MTOR, IL6, mitogen-activated protein kinase 3, cyclin D1, heat shock protein 90 alpha family class A member 1, MAPK1, erb-b2 receptor tyrosine kinase 2, v-rel reticuloendotheliosis viral oncogene homolog A, and IL2.",,False,5,f319f35b48201dc752eb3aec31c4075d73e19a383dae707230fbe6055f2d4555,6
PMC9268138,35807303,10.3390/molecules27134057,"Molecular Networking, Network Pharmacology, and Molecular Docking Approaches Employed to Investigate the Changes in Ephedrae Herba before and after Honey-Processing",2022,Molecules,"Li H, Guo L, Ding X, An Q, Wang L, Hao S, Li W, Wang T, Gao Z, Zheng Y, Zhang D.",research-article,,,,TNF|IL6|IL1B|ALB|AKT1|IL10|CXCL8|CCL2|INS|IL4,high,18.0,core,2.3.3. construction of the ppi network,paragraph,173,"The top 10 core targets were TNF (degree = 85), IL6 (degree = 84), IL1B (degree = 79), ALB (degree = 76), AKT1 (degree = 74), IL10 (degree = 72), CXCL8 (degree = 71), CCL2 (degree = 67), INS (degree = 66), and IL4 (degree = 66) ( Table 3 ).",10,True,1,bab4600db84560f6b052d4010652a43fa13a753e0c269e19ff4e6432a7664344,10
PMC11972970,40196382,10.2147/ijgm.s502321,Evaluating the Mechanism Underlying Multi-Compound Synergy of Banxia Decoction in the Treatment of Hashimoto’s Thyroiditis Based on Network Pharmacology and Molecular Docking,2025,International Journal of General Medicine,"Chen J, Wen F, Zhou J, Tan M.",research-article,,,,HIF1A|EP300|PRKCA|TERT|SETD2,high,15.127659574468085,key,results,paragraph,2,"Further, 17 key targets in the PPI network were identified and HIF1A, EP300, PRKCA, and TERT were included for subnet analysis. Next, a network of “Chinese medicine-active compound-potential target-signal pathway” was obtained and the HIF-1 signaling pathway was identified as the key pathway.",,False,10,9085f614ed8023629519bd2961fb384156625914d3f037e6b956116a9b2e8826,5
PMC9412739,36034901,10.3389/fnut.2022.978122,Identification and chemical profiling of anti-alcoholic liver disease biomarkers of ginseng Huang jiu using UPLC-Q-Orbitrap-HRMS and network pharmacology-based analyses,2022,Frontiers in Nutrition,"Wu Y, Cai Y, Ma L, Li F, Zhang M, Wang Y, Zheng F, Pi Z, Yue H.",research-article,,,,MCC|GSTP1|HRAS|AKR1B1|GSTA1|AR|GSR|LDHB,medium,13.018867924528301,hub,collection of ingredient–disease targets and analysis of ppi network,paragraph,69,"After visualization of the PPI network by Cytoscape software, hub gene screening was performed using the Cytohubba plugin. The top seven ranked key gene intersections were extracted based on MCC, DEGREE, EPC, EcCentricity, Closeness, and Betweenness scores, namely, GSTP1, HRAS, AKR1B1, GSTA1, Androgen receptor (AR), GSR, and LDHB ( Figure 12B ) ( Supplementary Table 2 ).",,False,1,736772a27ce503a6d4eaff93c0d39ba5453c76bd6c1297806e84ca521d38f24f,8
PMC11905198,40052555,10.3892/mmr.2025.13482,"Investigating the molecular mechanism of purslane‑based vitiligo treatment using network pharmacology, molecular docking and in vitro analyses",2025,Molecular Medicine Reports,"Zhang X, Meng L, Ran X, Li S, Wen C.",research-article,vitiligo,dermatologic_autoimmune,vitiligo,AKT1|TP53|PPARG|ESR1|PTGS2|MAPK1,high,11.105263157894736,potential,main component-target gene-signaling pathway network of purslane for vitiligo treatment,paragraph,36,"Overall, the screening process led to the identification of 7 principal components, namely kaempferol, hesperetin, luteolin, quercetin, arachidonic acid, cycloartenol and β-sitosterol, from 54 potential ingredients, in addition to 6 key targets, namely AKT1, TP53, PPARG, ESR1, PTGS2 and MAPK1, from 54 potential targets, and 8 pathways from 20 potential pathway for purslane-based vitiligo treatment.",6,True,3,84bd2b3930fe33ecf742475279c1f5344fefb6641d4420713983864a256c9dcf,6
PMC6193325,30402137,10.1155/2018/8916938,Exploring Pharmacological Mechanisms of Xuefu Zhuyu Decoction in the Treatment of Traumatic Brain Injury via a Network Pharmacology Approach,2018,Evidence-based Complementary and Alternative Medicine : eCAM,"Zhong Y, Luo J, Tang T, Li P, Liu T, Cui H, Wang Y, Huang Z.",research-article,,,,TGFB1|EGFR|CAV1|MAPK1|PRKCB|AKT1,medium,8.926829268292682,crucial,"3.5. hb-pc-pt network, pt-f network construction, and molecule docking analyses of xfzyd for the treatment of tbi",paragraph,77,"We found that TGFB1 was the crucial protein, because it participated in 9 biological processes related to TBI such as apoptosis, blood coagulation, cell proliferation, and MAPK cascade followed by EGFR (8), CAV1 (7), MAPK1 (6), PRKCB (6), and AKT1 (6).",,False,2,13cb7af42821405cba41e27503068a97af8f7154cdb251a23e38e9c8251f4d2f,6
PMC8572587,34754315,10.1155/2021/5528403,Study on Mechanism of Jiawei Chaiqin Wendan Decoction in Treatment of Vestibular Migraine Based on Network Pharmacology and Molecular Docking Technology,2021,Evidence-based Complementary and Alternative Medicine : eCAM,"Liu M, Fan G, Zhang D, Zhu M, Zhang H.",research-article,,,,MCC|VEGFA|MAPK3|MAPK1|EGF|EGFR|IL6|PTGS2|STAT3|MMP9|MMP2,high,18.972972972972975,core,4. discussion,paragraph,23,"Protein-protein interaction (PPI) network was used to screen out 10 core genes by Matthews correlation coefficient (MCC) algorithm. They are VEGFA (vascular endothelial growth factor A), MAPK3 (mitogen-activated protein kinase 3), MAPK1 (mitogen-activated protein kinase 1), EGF (epidermal growth factor), EGFR (epidermal growth factor receptor), IL-6 (interleukin-6), PTGS2 (prostaglandin endoperoxide synthase 2), STAT3 (signal transducer and activator of transcription 3), MMP9 (matrix metalloproteinase 9), and MMP2 (matrix metalloproteinase 2).",10,True,4,7f9818a9c61e82ef1dd44e44636e73a510f9ff13ce8ec69d3fb0b1a504b55d02,11
PMC9192286,35707480,10.1155/2022/7748787,Antiepileptic Therapy of Abrus cantoniensis : Evidence from Network Pharmacology,2022,Evidence-based Complementary and Alternative Medicine : eCAM,"Wang Y, Li X, Dou P, Qiao T, Chang Y.",research-article,,,,AKT1|ESR1|MMP9|CES1|SRC|HIF1A|ABCB1|CASP3|SNCA,high,19.0,core,abstract,paragraph,0,"92 intersection targets of epilepsy of Abrus cantoniensis , including 9 core targets such as AKT1, ESR1, MMP9, CES1, SRC, HIF1A, ABCB1, CASP3, and SNCA; 8 core targets were flavanone constituent proteins.",,False,1,16895facce04c31b89c27f39abb18de9b89dd332d472ce8eec8cfa64e7e7e0da,9
PMC10727545,38115279,10.1097/md.0000000000035312,Exploring the potential mechanism of Taohong Siwu decoction in the treatment of avascular necrosis of the femoral head based on network pharmacology and molecular docking,2023,Medicine,"Chen R, Song C, Qiu J, Su Q, Wang X, Deng G, Cheng K, Chen X, Xiang W, Liu T, Chen X, Wu J.",research-article,,,,AKT1|TP53|IL6|TNF|VEGFA|CTNNB1|MYC|PTGS2|HIF1A|CASP3,high,16.636363636363637,core,5. conclusion,paragraph,127,"In this paper, core genes including AKT1, TP53, IL6, TNF, VEGFA, CTNNB1, MYC, PTGS2, HIF1A, and CASP3 were screened out using network pharmacology and molecular docking methods. Subsequently, related pathways were screened out using enrichment analysis, and important compounds were compared with molecular docking of the core target to simulate the in vivo binding process.",,False,2,70c35fa0e3d0a670a491b3c43ff11a2c219627186a2eff04bfb92972bad3b414,10
PMC9764286,36569043,10.3892/etm.2022.11678,Network pharmacology and molecular docking analysis on molecular targets and mechanisms of Gastrodia elata Blume in the treatment of ischemic stroke,2022,Experimental and Therapeutic Medicine,"Luo Y, Chen P, Yang L, Duan X.",research-article,ischemic_stroke,neurological,ischemic stroke,STAT3|MPO|MMP9,high,15.06896551724138,core,abstract,paragraph,0,"Cell Counting Kit-8 assay and western blot analysis demonstrated that these three active components of GEB regulated core targets of molecular docking, such as STAT3, MPO and MMP9.",,False,4,8dc675ad960f0ca57970d3a5f5f0ab3a51594248c31bbb11c8e6286df435c5ac,3
PMC13093626,42016239,10.1002/fsn3.71683,Unveiling the Immunopharmacological Mechanisms of Biejiajian Pills ( BJJP ) Underlying the Treatment of Hepatic Fibrosis: Insights From Network Pharmacology and Experimental Validation,2026,Food Science & Nutrition,"Mo C, Wei Z, He J, Liu Y, Zheng J, Hong M, Song Y.",research-article,liver_fibrosis,hepatic,Hepatic Fibrosis,LYN|CFTR|CFH,medium,12.224489795918368,key,conclusion,paragraph,83,"We identified two signature genes (LYN and CFTR) as key targets of BJJP, which are closely associated with immune microenvironment remodeling in HF. UHPLC‐HRMS characterized 133 active compounds in BJJP, and molecular docking confirmed strong binding affinities between core compounds (e.g., kaempferol, baicalein, luteolin) and LYN/CFTR.",,False,1,87445a03b106a0576f90b528768ce35c4790c01a28ab3e301f1ace8d42b8299a,3
PMC12150923,40489804,10.1097/md.0000000000042785,Network pharmacology and molecular docking-based characterization of the mechanisms through which Astragali Radix-Atractylodes macrocephala Koidz herb pair can treat membranous nephropathy,2025,Medicine,"Long W, Li F, Mao N, Wu N, Peng G, Wang L, Ma X.",research-article,,,,SRC|PIK3CA|PIK3R1|HSP90AA1|ESR1|AKT1|PLCG1|EGFR|JAK2|HRAS,high,19.0,hub,3.3. ppi network analyses,paragraph,38,"The top 10 hub genes identified according to their degree values were SRC, PIK3CA, PIK3R1, HSP90AA1, ESR1, AKT1, PLCG1, EGFR, JAK2, and HRAS (Fig. 2 ).",10,True,2,1aeada863b8de4e3ed96257b233c44abe72677b1fb3e1c8285583f44f7c7af3d,10
PMC9166517,35669282,10.2147/dddt.s357483,Network Pharmacology-Based Strategy Combined with Molecular Docking and in vitro Validation Study to Explore the Underlying Mechanism of Huo Luo Xiao Ling Dan in Treating Atherosclerosis,2022,"Drug Design, Development and Therapy","Sun T, Quan W, Peng S, Yang D, Liu J, He C, Chen Y, Hu B, Tuo Q.",research-article,atherosclerosis,cardiovascular,Atherosclerosis,STAT3|HSP90AA1|TP53|AKT1,high,15.636363636363637,key,results,paragraph,3,"STAT3, HSP90AA1, TP53, and AKT1 could be the key targets. MAPK signaling pathway might play an important role in HLXLD against AS.",,False,4,523516c658182ce09e22729acbb8bc3a7d8138adbd261c83b13bd8c60963d487,4
PMC11336640,39170292,10.1016/j.heliyon.2024.e35309,"Exploring the possible therapeutic mechanism of Danzhixiaoyao pills in depression and MAFLD based on ""Homotherapy for heteropathy"": A network pharmacology and molecular docking",2024,Heliyon,"Chu Y, Pang B, Yang M, Wang S, Meng Q, Gong H, Kong Y, Leng Y.",research-article,depression,psychiatric,depression,TNF|AKT1|ALB|TP53|IL1B|HT,high,15.875,core,the mechanism of action of core proteins in dxp treatment of depression and mafld,paragraph,43,"Among them, the top 5 core target proteins for DXP acting on depression and MAFLD are TNF, AKT1, ALB, TP53, and IL1B, respectively. As a classic pro-inflammatory cytokine, TNF has been revealed to affect the homeostasis of central tryptophan neurotransmitters by regulating the activity of glial 5-HT receptors, making the association between chronic inflammatory diseases and depression easier to understand [ 68 , 69 ].",5,True,3,37cb8a5cab8c4b455028da0b7e0aa8b12eef8c279885ee6a2ca49dc6938fe83c,6
PMC11309690,36827014,10.1097/md.0000000000032946,Network pharmacology and bioinformatics study on the treatment of renal fibrosis with persicae semen-carthami flos drug pair,2023,Medicine,"Wang J, Li X, Chang H, Si N.",research-article,chronic_kidney_disease,renal,renal fibrosis,MAPK1|MAPK14|MAP2K1|MAPK11|AR,medium,14.818181818181818,core,5. conclusion and outlook,paragraph,51,"The 10 targets of MAPK1, Akt serine/threonine kinase 1, phosphatidylinositol-4,5-bisphosphate 3-kinase catalytic subunit alpha, retinoid X receptor alpha, estrogen receptor 1, MAPK14, nuclear receptor subfamily 3 group C member 1, MAP2K1, MAPK11, and AR may be the core targets of persicae semen-carthami flos pair in the treatment of RF.",,False,1,2ac182a385a42aad59788b2cd2806bac2e7c3870db1432f67117fcc0d71757f3,5
PMC9608341,36313078,10.3389/fnut.2022.1018733,A preliminary study of the chemical composition and bioactivity of Bombax ceiba L. flower and its potential mechanism in treating type 2 diabetes mellitus using ultra-performance liquid chromatography quadrupole-time-flight mass spectrometry and network pharmacology analysis,2022,Frontiers in Nutrition,"Yin K, Yang J, Wang F, Wang Z, Xiang P, Xie X, Sun J, He X, Zhang X.",research-article,type_2_diabetes,metabolic,type 2 diabetes mellitus,ACTB|HSP90AA1|PPARA|AHR|ESR1|CEBPB|PPARG|CYP1B1|NR1I2|RXRA,medium,12.846153846153847,core,network pharmacology analysis,paragraph,96,"The 41 target genes were drawn as a histogram in the PPI, and the top 30 targets with the highest degree values were drawn as a core gene histogram, as shown in Figure 8D . The top 10 disease targets involved include ACTB, HSP90AA1, PPARA, AHR, ESR1, CEBPB, PPARG, CYP1B1, NR1I2, and RXRA.",,False,1,9c1a9b495086f2685aa2bd3bf1598e85ddf92476e85669b0d201a68d80704681,10
PMC10882657,38405483,10.1021/acsomega.3c08320,Identifying the Main Components and Mechanisms of Action of Artemisia annua L. in the Treatment of Endometrial Cancer Using Network Pharmacology,2024,ACS Omega,"Guo W, Wang W, Lei F, Zheng R, Zhao X, Gu Y, Yang M, Tong Y, Wang Y.",research-article,endometrial_cancer,cancer,Endometrial Cancer,EGFR|MAPK1|MYC|CDKN1A|AKT1|EGF|TP53|BAX|ERBB2|ELK1|CASP9|GSK3B|CCND1|RAF1,high,19.0,key,discussion,paragraph,50,"39 In addition, through KEGG pathway analysis, we identified 14 key genes (EGFR, MAPK1, MYC, CDKN1A, AKT1, EGF, TP53, BAX, ERBB2, ELK1, CASP9, GSK3B, CCND1, and RAF1) that are involved in the endometrial cancer pathway.",14,True,1,cb4e8c2c509ba550ec07af65d0d4a8877524d4be6a0534f6d85a154761ffe012,14
PMC10239169,37270490,10.1186/s12906-023-03999-6,Transcriptome sequencing and network pharmacology-based approach to reveal the effect and mechanism of Ji Chuan Jian against Parkinson’s disease,2023,BMC Complementary Medicine and Therapies,"Wu Y, Bai Y, Lu Y, Zhang Z, Zhao Y, Huang S, Tang L, Liang Y, Hu Y, Xu C.",research-article,,,,MAPK3|TP53|VEGFA|PPARG|HIF1A|MMP9|FN1|JUN|ERBB2|NFKBIA,medium,14.0,top,discussion,paragraph,92,"Results demonstrated that MAPK3, TP53, VEGFA, PPARG, HIF1A, MMP9, FN1, JUN, ERBB2, NFKBIA were considered as top 10 targets; quercetin, stigmasterol, beta-sitosterol, baicalein, kaempferol, nobiletin, wogonin, naringenin, berberine, palmatine were most important anti-PD bioactive compounds.",,False,3,ac33d0c4ef4baa46c273c7a3c3c4a914dc0462f31b6dd3dfb166968e8f7a62cd,10
PMC12143954,40487864,10.1155/ijog/9956789,Mechanisms Underlying the Therapeutic Effects of Brucea javanica in Cervical Cancer Treatment Based on Network Pharmacology and Molecular Docking,2025,International Journal of Genomics,"Jin W, Li B, Zhang L, Sun C, Liu Y.",research-article,cervical_cancer,cancer,Cervical Cancer,EGFR|TP53|BCL2|AKT1|JUN|TNF|CASP3|IL6|MMP9|ERBB2|CCND1|PTGS2|IL17A,high,23.0,key,abstract,paragraph,4,"Then, a PPI analysis identified 12 key genes (including EGFR , TP53 , BCL2 , AKT1 , JUN , TNF , CASP3 , IL6 , MMP9 , ERBB2 , CCND1 , and PTGS2 ) that were related to oxidative stress, PI3K-Akt, IL-17, p53, and JAK-STAT pathways, inflammatory response, and apoptosis pathways.",12,True,3,0581fe13d58bed454e508c668f89ad29bfe81eccb447fed686a0c0fe041a8274,13
PMC11645930,39677295,10.2147/jir.s493892,"Unveiling the Therapeutic Potential of Berberine in Rheumatoid Arthritis: A Comprehensive Study of Network Pharmacology, Metabolomics, and Intestinal Flora",2024,Journal of Inflammation Research,"Li B, Liu J, He C, Deng Z, Zhou X, Peng R.",research-article,rheumatoid_arthritis,autoimmune,Rheumatoid Arthritis,ALB|CASP3|SRC|EGFR|HSP90AA1|IGF1,medium,11.428571428571429,key,the combination interaction of bbr and target,paragraph,34,"Key targets implicated in the anti-RA effects of BBR included ALB, CASP3, SRC, EGFR, HSP90AA1, and IGF1, based on their degree in the network, The details of these targets are shown in Table S2 .",,False,3,da1c05367951eef786297fa21480386648124aa8b18e95ad41be5f9bf04a41c0,6
PMC10905894,38424533,10.1186/s12906-024-04396-3,Molecular mechanism of resveratrol promoting differentiation of preosteoblastic MC3T3-E1 cells based on network pharmacology and experimental validation,2024,BMC Complementary Medicine and Therapies,"He Y, Liu F, He M, Long F, Hu D, Chen J, Fang M, Wang Z.",research-article,,,,ID1|AKT1|IL6|IL1B|VEGFA|CASP3|STAT3|MAPK3|MYC|PPARG|CTNNB1|PTGS2|MMP9|CXCL8|MTOR|BCL2L1|BCL2,high,16.344827586206897,core,analysis of target data results of res and op,paragraph,23,The red core target suggests an important role in Res treatment of OP. Table 1 Basic information of some key targets of Res against OP UniProt ID Gene symbol Protein names Degree P31749 AKT1 RAC-alpha serine/threonine-protein kinase 75 P05231 IL6 Interleukin-6 71 P01584 IL1B Interleukin-1 beta 66 P15692 VEGFA Vascular endothelial growth factor A 64 P42574 CASP3 Caspase-3 63 P40763 STAT3 Signal transducer and activator of transcription 3 62 Q16644 MAPK3 Mitogen-activated protein kinase 3 60 P01106 MYC Myc proto-oncogene protein 58 P37231 PPARG Peroxisome proliferator-activated receptor gamma 57 P35222 CTNNB1 Catenin beta-1 54 P35354 PTGS2 Prostaglandin G/H synthase 2 54 P14780 MMP9 Matrix metalloproteinase-9 52 P10145 CXCL8 C-X-C motif chemokine 8 52 P42345 MTOR Serine/threonine-protein kinase mTOR 51 Q07817 BCL2L1 Bcl-2-like protein 1 50 P25963 N,,False,5,d29dc8f3f1770d402729d7e18587ba348ceb5e595a302bbcd21ffdf36564dc70,17
PMC12169005,40524966,10.2147/jir.s512050,Integrating Network Pharmacology and in vivo Validation to Explore the Mechanisms of Buyang Huanwu Decoction in Myocardial Ischemia-Reperfusion Injury,2025,Journal of Inflammation Research,"Luo Y, Hu W, Li Z, Zhang X, Chen S, Yang Q, Hu B, Zou X.",research-article,myocardial_infarction,cardiovascular,Myocardial Ischemia,IL6|AKT1|TNF|ICAM1|MMP9|IL10|VCAM1,high,17.97872340425532,hub,results,paragraph,2,"PPI analyses highlighted ten hub genes, including interleukin-6 (IL6), AKT serine/threonine kinase 1 (AKT1), tumor necrosis factor (TNF), intercellular adhesion molecule 1 (ICAM1), matrix metalloproteinase 9 (MMP9), interleukin-10 (IL10), vascular cell adhesion molecule 1 (VCAM1), nitric oxide synthase 3, albumin, and C-reactive protein.",,False,5,0596a402286ae0bc07c998471428dd15c6866edd3e2e262fb2f7d5301ae14649,7
PMC8675254,34925022,10.3389/fphar.2021.765638,Integrated Network Pharmacology and GC-MS–Based Metabolomics to Investigate the Effect of Xiang-Su Volatile Oil Against Menopausal Depression,2021,Frontiers in Pharmacology,"Li Y, Yang X, Chen S, Wu L, Zhou J, Jia K, Ju W.",research-article,depression,psychiatric,Depression,XS|SLC6A4|SLC6A3,medium,14.666666666666666,key,abstract,paragraph,0,"These data suggest that network pharmacology combined with metabolomics provides deep insight into the antidepressant effect of XS volatile oil, which includes regulating key targets like SLC6A4 and SLC6A3 , and pathways of serotonergic and dopaminergic synapses.",,False,4,0825822182fef6ec0d06ec6535ce0024d2a230d5aaf692291a1fcb92f1e654f4,3
PMC10704204,38077804,10.4239/wjd.v14.i11.1659,Molecular targets and mechanisms of Jiawei Jiaotai Pill on diabetic cardiomyopathy based on network pharmacology,2023,World Journal of Diabetes,"Wang YJ, Wang YL, Jiang XF, Li JE.",research-article,,,,TNF|IL6|TP53|EGFR|INS,medium,12.702702702702702,core,discussion,paragraph,57,"The PPI and core target network diagrams revealed that the treatment of DCM with Jiawei Jiaotai Pill mainly involves genes such as TNF, IL6, TP53, EGFR, and INS . TNF-α is a major cytokine associated with obesity.",,False,1,dd691c9b96f9491bf262106728d06613359285334013de900b0acc4bc030eec2,5
PMC9715340,36467890,10.1155/2022/2896185,Identification of Potential Molecular Targets and Active Ingredients of Mingmu Dihuang Pill for the Treatment of Diabetic Retinopathy Based on Network Pharmacology,2022,BioMed Research International,"Zhou Y, Fan G, Zhang Y, Xu L.",research-article,,,,TP53|SRC|JUN|HRAS|AKT1|VEGFA|EGFR|ESR1|SETD2,high,18.836734693877553,hub,4. discussion,paragraph,22,"PPI network analysis identified 111 hub targets, and the top 10 hub targets included PIK3RA, TP53, SRC, JUN, HRAS, AKT1, VEGFA, EGFR, ESR1, and PI3KCA. In addition, GO terms and KEGG pathway enrichment analyses revealed that Mingmu Dihuang pill may be effective for treatment of diabetic retinopathy through biological processes of positive regulation of cell migration, response to inorganic substance, transmembrane receptor protein tyrosine kinase signaling pathway via the AGE-RAGE signaling pathway in diabetic complications, PI3K-AKT signaling pathway, Rap1 signaling pathway, HIF-1 signaling pathway, VEGF signaling pathway, Erb B signaling pathway, and Foxo signaling pathway.",10,True,4,74784f64f87b7fe0277a0511b5e4101416bb4c669bb835d7b37ca940b560b514,9
PMC9568303,36248423,10.1155/2022/2377692,"Mechanism Investigation of Wuwei Shexiang Pills on Gouty Arthritis via Network Pharmacology, Molecule Docking, and Pharmacological Verification",2022,Evidence-based Complementary and Alternative Medicine : eCAM,"Lang J, Li L, Chen S, Quan Y, Yi J, Zeng J, Li Y, Zhao J, Yin Z.",research-article,gout,musculoskeletal,Gouty Arthritis,NLRP3|IL1B|TNF,medium,4.25,crucial,1. introduction,paragraph,14,"Subsequently, molecular docking technology was performed to forecast the binding form and the affinity between the key ingredients of WSP and the vital proteins such as p65, NLRP3, IL-1 β , TNF- α , and p38 of TNF signaling, which were the crucial targets closely related to gout disease.",,False,1,ac7db5b64e11a9b517546a09ce7e5ba501e0181d2ba4f0e01e63ff4c7c0e1a07,3
PMC10624676,37923747,10.1038/s41598-023-45699-8,"To investigate the mechanism of Yiwei Decoction in the treatment of premature ovarian insufficiency-related osteoporosis using transcriptomics, network pharmacology and molecular docking techniques",2023,Scientific Reports,"Fan W, Meng Y, Zhang J, Li M, Zhang Y, Qu X, Xiu X.",research-article,osteoporosis,musculoskeletal,osteoporosis,GNRH1|BRD2|ALB|C3|SNCA|CLTC,high,15.243243243243244,key,conclusion,paragraph,55,"We concluded that YWD can reduce GnRH and FSH in POI rats, with the key targets being ALB, C3, SNCA, and CLTC. Calcium signaling, growth hormone synthesis, secretion, and action, and the renin-angiotensin system are critical.",,False,4,47eabd08ad0b1154dfe960e387754b87a467cf24656431926c76e3b7f663825e,6
PMC11204876,38921583,10.3390/md22060272,"Green Seaweed Caulerpa racemosa as a Novel Non-Small Cell Lung Cancer Inhibitor in Overcoming Tyrosine Kinase Inhibitor Resistance: An Analysis Employing Network Pharmacology, Molecular Docking, and In Vitro Research",2024,Marine Drugs,"Lau V, Nurkolis F, Park MN, Heriyanto DS, Taslim NA, Tallei TE, Permatasari HK, Tjandrawinata RR, Moon S, Kim B.",research-article,lung_cancer,cancer,Non-Small Cell Lung Cancer,SRC|STAT3|PIK3CA|MAPK1|EGFR|JAK1,high,15.75,key,5. conclusions,paragraph,40,"The study particularly highlighted the inhibition of SRC, STAT3, PIK3CA, MAPK1, EGFR, and JAK1 through molecular docking, which are key proteins involved in the EGFR Tyrosine Kinase Inhibitor Resistance pathway in NSCLC.",,False,2,271d34d59d31556f60ec16bad98ea46dd32114c0ef75a0d69fb3809d933ce48b,6
PMC11385794,39251712,10.1038/s41598-024-70937-y,"Analysis of action of 1,4-naphthoquinone scaffold-derived compounds against acute myeloid leukemia based on network pharmacology, molecular docking and molecular dynamics simulation",2024,Scientific Reports,"Chen R, Liu H, Meng W, Sun J.",research-article,leukemia,cancer,leukemia,STAT3|TLR4|HSP90AA1|JUN|MMP9|PTPRC|JAK2|PTGS2|KIT|CSF1R,high,20.0,core,discussion,paragraph,82,"In our study, preliminary results showed that 10 core targets, including STAT3, TLR4, HSP90AA1, JUN, MMP9, PTPRC, JAK2, PTGS2, KIT and CSF1R, that might be the key targets of 1,4-naphthoquinone scaffold-derived compounds against AML were identified.",10,True,3,08820bc347497636b40f6e900f2fb821b8caedc11f7ea4edfb93ba4b652aee6c,10
PMC8741373,35003290,10.1155/2021/2165632,Identification of Potential Biomarkers of Depression and Network Pharmacology Approach to Investigate the Mechanism of Key Genes and Therapeutic Traditional Chinese Medicine in the Treatment of Depression,2021,Evidence-based Complementary and Alternative Medicine : eCAM,"Shi Y, Chen D, Ma S, Xu H, Deng L.",research-article,depression,psychiatric,Depression,ESR1|HSP90AA1|JUN|MAPK1|MAPK14|MAPK8|RB1|RELA|TP53,high,18.829787234042552,hub,results,paragraph,2,"Prediction and analysis of protein-protein interactions resulted in the selection of nine hub genes (ESR1, HSP90AA1, JUN, MAPK1, MAPK14, MAPK8, RB1, RELA, and TP53). In addition, a total of four ingredients (petunidin, isorhamnetin, quercetin, and luteolin) from this Chinese medicine could act on these hub genes.",,False,4,18a09096770752133e0ff1e4846614e98587656fc0c8217dc6558101fa1f40d0,9
PMC9580962,36304300,10.3389/fbinf.2022.932114,Investigating the molecular mechanism of iguratimod act on SLE using network pharmacology and molecular docking analysis,2022,Frontiers in Bioinformatics,"Zeng H, Chen S, Lu X, Yan Z.",research-article,,,,MCC|CASP3|AKT1|SRC|MMP9|EGFR|ANXA5|IGF1|MAPK14|RHOA|HSP90AA1,high,20.0,hub,construction of the ppi network,paragraph,26,"Furthermore, the cytoHubba plugin was used to select the top 10 hub gene targets from the PPI network using the MCC method. The top 10 hub gene targets are CASP3, AKT1, SRC, MMP9, EGFR, ANXA5, IGF1, MAPK14, RHOA, and HSP90AA1 according to a degree in cytoHubba, and details are shown in Figure 3B ;",10,True,4,41ec5aa63e20fcd2bb438a5e1de74db4b2fcc4b5b5d7eff250383f403f8b738b,11
PMC11162075,38851758,10.1186/s12906-024-04527-w,Experimental verification about treatment of Bu-Shen-Yi-Jing-Fang in Alzheimer’s disease by the analysis of the feasible signaling pathway of network pharmacology,2024,BMC Complementary Medicine and Therapies,"Hu Y, Hao R, Li D, Lu Y, Yu G.",research-article,,,,AKT1|MAPK3|IL6|TP53|VEGFA|TNF|SRC|MAPK1|STAT3|EGFR|CXCL8|JUN|CASP3|MAPK8,high,17.0,key,kegg pathway enrichment analysis,paragraph,70,"Above the degree of targets, the 14 key target points of the highest value were AKT1, MAPK3, IL6, TP53, VEGFA, TNF, SRC, MAPK1, STAT3, EGFR, CXCL8, JUN, CASP3, and MAPK8, suggesting that these 14 targets may be critical in AD with BSYJF treatment.",14,True,3,d3020194fa526c3d1c88263e202b2759f34597b8994a2d084b1425377ef743b8,14
PMC6688518,31368456,10.12659/msm.915170,Network Pharmacology-Based Pharmacological Mechanism of the Chinese Medicine Rhizoma drynariae Against Osteoporosis,2019,Medical Science Monitor : International Medical Journal of Experimental and Clinical Research,"Gan D, Xu X, Chen D, Feng P, Xu Z.",research-article,osteoporosis,musculoskeletal,Osteoporosis,CDK2|ESR1|EP300|RELA|TRAF6|TP53|STAT3,medium,15.255813953488373,hub,discussion,paragraph,21,"Through screening and integration of hub nodes, related signal pathways, and OP experimental research, we screened out CDK2, ESR1, EP300, RELA, TRAF6, TP53, and STAT3 by performing computer simulations of molecular docking in order to verify the enrichment pathway and T-T network.",,False,1,8e79ac1456e97e00959dc282a6f8be88761723e2f12e8d084ac39cdba8ce31dd,7
PMC9005278,35422858,10.1155/2022/4745042,Explore the Mechanism of Astragalus mongholicus Bunge against Nonalcoholic Fatty Liver Disease Based on Network Pharmacology and Experimental Verification,2022,Gastroenterology Research and Practice,"Fu L, Wu Z, Chu Y, Chen W, Gao L, Mu S, Zhao J.",research-article,,,,AKT1|IL6|TNF|TP53|JUN|PTGS2|CXCL8|MAPK8|MMP9|CASP3,high,21.0,hub,4. discussion,paragraph,81,"The correlations of 99 common component-disease targets were presented in the PPI network, of which 10 hub genes were AKT1, IL6, TNF, TP53, JUN, PTGS2, CXCL8, MAPK8, MMP9, and CASP3.",10,True,2,7457c4b42e25e6bb42570f538013791395adbcd11ec4646b28327495927b2072,10
PMC6899322,31885670,10.1155/2019/8957245,Study on the Multitarget Mechanism and Key Active Ingredients of Herba Siegesbeckiae and Volatile Oil against Rheumatoid Arthritis Based on Network Pharmacology,2019,Evidence-based Complementary and Alternative Medicine : eCAM,"Yang X, Li Y, Lv R, Qian H, Chen X, Yang CF.",research-article,rheumatoid_arthritis,autoimmune,Rheumatoid Arthritis,TNF|IL1A|CSF2|IFNG|CTLA4|IL18|DPP4|CXCL8|IL6|MAP3K14,high,22.076923076923077,core,results,paragraph,2,"Networks showed that 9 core targets (TNF, IL1 β , CSF2, IFNG, CTLA4, IL18, CD26, CXCL8, and IL6) of RA were based on Venn diagrams. In addition, molecular docking simulation indicated that CSF2, IL1 β , TNF, and IL6 had good binding activity with the corresponding compounds (degree > 10).The 6 compounds (degree ≥ 5) of HS and essential oil had good interaction with 5 or more targets.",9,True,4,e77f1232ce4f6a55dcd25c64f5e1a2b15498d14914c00089d9d10ff057435606,10
PMC9678516,36401413,10.1097/md.0000000000031690,Exploring the mechanism of Tengli Kangliu Decoction in the prevention and treatment of colorectal cancer precancerous based on network pharmacology,2022,Medicine,"Liu F, Cao B, Zhang H, Zou Q, Liu G, Dong Y, Su D, Ren DL.",research-article,colorectal_cancer,cancer,colorectal cancer,AKT1|TP53|MAPK1|MAPK8|JUN|IL6|TNF|MAPK3|EGFR,high,19.05084745762712,core,4. discussion,paragraph,95,"Using PPI network analysis to assess the 10 core targets for drug-diseases interactions, AKT1, TP53, MAPK1, MAPK8, JUN, IL6, TNF, STST3, MAPK3, EGFR, etc. AKT, also known as protein kinase B (PKB), is a serine/threonine kinase that participates in a variety of important cell signal transduction pathways, including cell survival, proliferation, invasion, apoptosis, and angiogenesis were observed.",10,True,3,c0482e10f2a086a4c3023a47a9ba692b9c7e329dd64b8f23d47564824d850c32,9
PMC9883450,36707691,10.1038/s41598-023-28821-8,Identifying molecular targets of Aspiletrein-derived steroidal saponins in lung cancer using network pharmacology and molecular docking-based assessments,2023,Scientific Reports,"Iksen I, Witayateeraporn W, Wirojwongchai T, Suraphan C, Pornputtapong N, Singharajkomron N, Nguyen HM, Pongrakhananon V.",research-article,lung_cancer,cancer,lung cancer,STAT3|VEGFA|HSP90AA1|FGF2|IL2,high,12.448275862068966,potential,compounds-target interaction analysis by molecular docking and molecular dynamic simulation,paragraph,25,"Among the 17 main targets of Aspiletreins in NSCLC, the top 5 potential targets, including STAT3, VEGFA, HSP90AA1, FGF2, and IL-2, were investigated for possible interaction with Aspiletreins.",5,True,1,2d8a17598b8ecf13115aed59de039ab0c6a0ae368823271a7e2f25e92b57d6ac,5
PMC8675883,34925015,10.3389/fphar.2021.755421,An Integration of Network Pharmacology and Experimental Verification to Investigate the Mechanism of Guizhi to Treat Nephrotic Syndrome,2021,Frontiers in Pharmacology,"He D, Li Q, Du G, Meng G, Sun J, Chen S.",research-article,,,,VEGFA|SRC|PTGS2|TLR4|APP,medium,14.571428571428571,key,figure,caption,93,"Among them, the degree values of VEGFA, SRC, PTGS2, TLR4 and APP were 39, 32, 27, 26, and 24, respectively, which were the key nodes of the network.",,False,3,9ef1b984483afb43675be0ff5fd4de6cc4a5fdf490d9c0cdc379cae8dbf6834d,5
PMC12808706,41535312,10.1038/s41598-025-30745-4,"Exploring the mechanism of Kemofang in treating idiopathic membranous nephropathy based on LC–MS/MS combined with network pharmacology, molecular docking, and molecular dynamics simulation",2026,Scientific Reports,"Yu H, Li F, Yu H, Jiang X, Ma S, Zhang S.",research-article,,,,TP53|IL6|AKT1,medium,11.5,core,abstract,paragraph,0,"Network analysis prioritized 15 key components ( baicalein and quercetin) and 36 core targets (TP53, IL6, and AKT1). Functional enrichment revealed involvement in hormone response, MAPK cascade regulation, and kinase binding with pathways including lipid metabolism, PI3K/Akt, and MAPK signaling.",15,False,1,088b32d32cdd4bd76d5544dff40e06a60bc132570c193b29e9ff0f5253ac948a,3
PMC11326102,39328854,10.12998/wjcc.v12.i27.6094,Network pharmacology combined with molecular docking revealed the potential targets of Coridius chinensis in prostate cancer treatment,2024,World Journal of Clinical Cases,"Zhang M, Ma J, Zeng FY, Hou XH.",research-article,prostate_cancer,cancer,prostate cancer,EGFR|MMP9|PTGS2|SIRT1|NOS3|ICAM1|PPARG|MMP2,medium,14.333333333333332,core,discussion,paragraph,38,"By analysis of the PPI network, our study revealed that the core targets were EGFR, MMP9, PTGS2, SIRT1, NOS3, ICAM1, PPARG, MMP2 and ACE. EGFR is expressed in 100% of hormone-refractory PCa metastases, which indicates that this receptor is the main transduction pathway for tumour growth[ 27 ].",,False,3,7bab3f64b2144119b2035e6605748dffa538567092a52dbe6c1ead9d34cc188a,8
PMC11310868,39132159,10.7150/jca.97044,Network pharmacology and biological verification of morusin's therapeutic mechanisms in inhibiting nasopharyngeal carcinoma growth,2024,Journal of Cancer,"Peng Z, Hong R, Dunhui Y, Zhen W, Yongjin W, Xianhai Z.",research-article,nasopharyngeal_carcinoma,cancer,nasopharyngeal carcinoma,NPC1|AKT1|BCL2|CASP3|CTNNB1|ESR1|HSP90AA1|MMP9|STAT3|IL17A,high,19.0,hub,abstract,paragraph,0,"Network pharmacology analysis identified 117 potential targets of morusin against NPC, with 8 hub targets including AKT1, BCL2, CASP3, CTNNB1, ESR1, HSP90AA1, MMP9, STAT3, and the IL-17 signaling pathway.",8,False,5,ea1aa47ca628f6a19a6a97f69d9693854f0b8f147de0c9439be396fe30ea945c,10
PMC9371493,35960089,10.1097/md.0000000000029654,"Potential active compounds and molecular mechanism of Xuefu Zhuyu decoction for atherosclerosis, based on network pharmacology and molecular docking",2022,Medicine,"Li Y, Liu B, Liu L, Xu Q, Shen Q, Li W, Zhao J.",research-article,atherosclerosis,cardiovascular,atherosclerosis,STAT3|IL6|JUN|VEGFA|MAPK14|AKT1,medium,16.904761904761905,core,abstract,paragraph,2,"STAT3, IL6, JUN, VEGFA, MAPK14, and AKT1 are the core target proteins of the active compounds, among which VEGFA and AKT1 are the key target proteins. PPI network results showed that β-carotene, quercetin, kaempferol, luteolin, and naringenin had higher degree values and more corresponding targets than other 5 active compounds and had the stable binding ability to regulatory proteins VEGFA and AKT1.",,False,3,cbe3c663f32c357e9f0890f45299c6a830b2de6390fbae4e6c2bc62898b3c37e,6
PMC12120097,40434621,10.1007/s12672-025-02341-5,"Exploration of the mechanism of Polyphyllin I against hepatocellular carcinoma based on network pharmacology, molecular docking and experimental validation",2025,Discover Oncology,"Chen Y, Wang Q, Bian S, Dong J, Xiong J, Le J.",research-article,hepatocellular_carcinoma,cancer,hepatocellular carcinoma,JUN|IL6|PTGS2|FOS|EGF|MMP9|CXCL8|MAPK1|CASP3|IL1B|RPS5,high,17.0,key,protein–protein interaction network of ppi-related hcc targets,paragraph,32,"Specifically, JUN, IL6, PTGS2, FOS, EGF, MMP9, IL8, MAPK1, CASP3 and IL1B are the top 10 key proteins, which are associated with the cell growth, apoptosis and migration of tumor cells (Supplementary Table S5).",10,True,3,6a72764972901d1d085c7064ae4325d61ee4856b18a5c5010b9c768fe30f5b01,11
PMC8741256,34985385,10.1080/13880209.2021.2019281,Network pharmacology and in vitro experimental verification to explore the mechanism of Sanhua decoction in the treatment of ischaemic stroke,2022,Pharmaceutical Biology,"Zhang W, Zhang L, Wang WJ, Ma S, Wang M, Yao M, Li R, Li WW, Zhao X, Hu D, Ding Y, Wang J.",research-article,ischemic_stroke,neurological,ischaemic stroke,SHD|INS|IL6,medium,14.463414634146341,core,molecular docking results,paragraph,93,"We selected the centrality value, centricity value and grade value of SHD in the ‘herb-compound-target’ network and comprehensively ranked the three active compounds (naringenin, luteolin and apigenin) their corresponding core targets (INS, Akt and IL-6) for docking analysis.",,False,3,da7712be52d416ae211d2f0f0a38e09fef72d28dfc0a2bfcbbd207335ea18983,3
PMC8926352,35308213,10.3389/fphar.2022.812716,Vasorelaxant Activities and its Underlying Mechanisms of Magnolia Volatile Oil on Rat Thoracic Aorta Based on Network Pharmacology,2022,Frontiers in Pharmacology,"Xu JF, Xia J, Wan Y, Yang Y, Wu JJ, Peng C, Ao H.",research-article,,,,TNF|CHRM1|IL10|PTGS2|REN|F2,medium,13.222222222222221,hub,5 discussion,paragraph,81,"In the PPI network, a total of 14 targets, such as TNF, CHRM1, ACE, IL10, PTGS2, REN, and F2, were the hub targets of MVO for treating hypertension. Studies have shown that those targets are closely related to thrombus formation and inflammation, which are involved in the development of hypertension ( Otterdal et al., 2008 ).",,False,2,9d1ab2813c86b800d1f44fc1cff828085ddb4d9993c6d1cc258d465d34368e89,6
PMC9675225,36401273,10.1186/s12906-022-03774-z,Exploring the pharmacological mechanism of Shengjing capsule on male infertility by a network pharmacology approach,2022,BMC Complementary Medicine and Therapies,"Wang M, Wang Q, Jiang H, Du Y, Zhang X.",research-article,male_infertility,reproductive,male infertility,RPS6|MAPK1|MAPK3|MDM2|DDX5|TP53|MITF,high,17.684210526315788,hub,conclusions,paragraph,69,"Finally, pathway-gene network analysis indicated that RPS6 , MAPK1 , MAPK3 , MDM2 , DDX5 , and TP53 might be the key target genes of SJC in the treatment of MI, and the drug-key compounds-hub targets-pathways network was constructed.",,False,5,d07561addadd70823d543423f9cef6b8baeda0be5cfb7925855bbc5c20f83917,7
PMC9205703,35720901,10.1155/2022/7102500,Network Pharmacology-Based Strategy to Investigate the Mechanisms of Lenvatinib in the Treatment of Hepatocellular Carcinoma,2022,Computational Intelligence and Neuroscience,"Liu P, Han B, Zhang Y, Wang X.",research-article,hepatocellular_carcinoma,cancer,Hepatocellular Carcinoma,ALB|CCND1|ESR1|AR|CCNA2|AURKA|HYCC1,high,16.857142857142858,key,abstract,paragraph,0,"Moreover, a total of six key differential genes, namely, ALB, CCND1, ESR1, AR, CCNA2, and AURKA, were identified as most significant targets associated with lenvatinib treating HCC and further verified by molecular docking, which demonstrated that lenvatinib had a strong binding efficiency with these six key gene-encoded proteins.",,False,3,d40cc8f928407c8600b88fa83338b8ae9536a75014e2f91e65ed02f1230103af,7
PMC10680469,38024534,10.2147/dddt.s432268,"Integrated Network Pharmacology, Molecular Docking and Animal Experiment to Explore the Efficacy and Potential Mechanism of Baiyu Decoction Against Ulcerative Colitis by Enema",2023,"Drug Design, Development and Therapy","Cui Y, Hu J, Li Y, Au R, Fang Y, Cheng C, Xu F, Li W, Wu Y, Zhu L, Shen H.",research-article,ulcerative_colitis,gastrointestinal,Ulcerative Colitis,AKT1|IL6|TP53|TNF|IL1B,medium,11.333333333333332,key,ppi network analysis,paragraph,74,"The top five targets are AKT1, IL-6, TP53, TNF and IL-1β, which can be considered as key targets in the anti-UC pharmacological mechanism of BYD ( Table 6 ).",,False,2,82ef2e25f81c6303ac0fea771959cc50630ab1ccbb8a04b8b2659ebdfde0a480,5
PMC10844032,38322942,10.1016/j.heliyon.2024.e24865,"Network pharmacology, molecular docking, combined with experimental verification to explore the role and mechanism of shizhifang decoction in the treatment of hyperuricemia",2024,Heliyon,"Wu Z, Wang C, Yang F, Zhou J, Zhang X, Xin J, Gao J.",research-article,gout,musculoskeletal,hyperuricemia,CASP3|IL1B|IL6|TNF|TP53|GAPDH|PTGS2|MYC|INS|VEGFA|ESR1|PPARG,high,23.0,core,result,paragraph,3,"Among them, 12 core targets (CASP3, IL1B, IL6, TNF, TP53, GAPDH, PTGS2, MYC, INS, VEGFA, ESR1, PPARG) were identified. Gene Ontology enrichment analysis demonstrated significant associations with the regulation of inflammatory response, cell apoptosis, and the positive regulation of extracellular regulated protein kinases 1 and extracellular regulated protein kinases 2 cascades.",12,True,1,c1340f8fa68a59cf2517a2dad38da0f989970981ca19c9a32e13d62f65e00af1,12
PMC9524248,36188543,10.3389/fphar.2022.949644,Investigation into the potential mechanism and molecular targets of Fufang Xueshuantong capsule for the treatment of ischemic stroke based on network pharmacology and molecular docking,2022,Frontiers in Pharmacology,"Wang L, Wang L, Wang H, Zhu T.",research-article,ischemic_stroke,neurological,ischemic stroke,STAT3|STAT1|HIF1A,medium,11.538461538461538,core,discussion,paragraph,37,"Consistent with the results of the gene–pathway network, STAT3, STAT1, and HIF1A are the main targets in the PPI network with median values, suggesting that they may be the core targets of FFXST in the treatment of IS.",,False,3,c66ce4d6be96ea77221ae133c05f1c16d32ea855a97ce5e58248d412d5e647c8,3
PMC12928922,41731839,10.1097/md.0000000000047630,Investigation into the antidepressant mechanism of the Guizhi–Baishao herbal pair based on network pharmacology and molecular docking,2026,Medicine,"Wen Q, Hu X, Wang X, Zu F, Zhang N.",research-article,depression,psychiatric,antidepressant,AKT1|PTGS2|IL6|TNF|ESR1|ACHE|PPARG|CYP3A4|RELA,high,19.0,core,3.7. molecular docking results,paragraph,39,"[ 15 ] Molecular docking analyses were conducted to assess the binding affinities between core target proteins (AKT1, PTGS2, IL-6, TNF, ESR1, ACHE, PPARG, CYP3A4, and RELA) and their corresponding active compounds : kaempferol, (−)-dihydroquercetin, β-sitosterol, epicatechin, dihydroquercetin, (+)-catechin, and paeoniflorin.",,False,5,05047c81c49fe9f2455f90a24d41dd3293543f04b532d8cf8a5755e584ae5a33,9
PMC9560825,36248414,10.1155/2022/7723358,The Mechanism and Experimental Validation of Forsythoside A in the Treatment of Male Infertility Were Analyzed Based on Network Pharmacology and Molecular Docking,2022,Evidence-based Complementary and Alternative Medicine : eCAM,"Ma Z, Liu X, Lu H, Li H, Gao R, Wen R, Tang Z, Yin H, He Y, Yang H.",research-article,male_infertility,reproductive,Male Infertility,AKT1|ESR1|SRC|CASP3|EGFR|IGF1|MMP9|HSP90AA1|RHOA|ANXA5|MDM2|MAPK14,high,19.0,key,4. discussion,paragraph,59,"In order to further explore the role of Forsythoside A in the treatment of male infertility, this study also molecularly docked Forsythoside A with 13 key targets. The results showed that Forsythoside A had a good combination with AKT1, ESR1, SRC, CASP3, EGFR, IGF1, MMP9, HSP90AA1, RHOA, ANXA5, MDM2, and MAPK14, respectively.",13,True,3,7dd96480471aca116b6a2d8563058fc35c4d6a0693593896e701ee441fcb9ed6,12
PMC12531212,41112290,10.3389/fimmu.2025.1675429,"Unveiling the mechanisms of American ginseng and achyranthes in treatment of primary Sjogren’s syndrome via mtDNA-cGAS-STING pathway insights from network pharmacology, molecular dynamics, and experimental validation",2025,Frontiers in Immunology,"Li H, Xia C, Song Y, Chen J, Liu Y.",research-article,,,,ESR1|PPARG|CASP3|CA2|BAX|PES1,medium,9.666666666666666,key,network pharmacology and analysis,paragraph,24,"Through network pharmacology analysis, several key targets were identified (degree>6), including ESR1, PPARG, CASP3, CA2, and BAX. Additionally, the analysis highlighted critical active ingredients (degree>18), such as quercetin, baicalin, beta-sitosterol, and wogonin, which play significant roles in the therapeutic effects of PEs.",,False,1,8211cf8ac5f1639333438013843505aca971fb9c45f817600575e30ee1bddd73,6
PMC7937485,33727944,10.1155/2021/8815447,Network Pharmacology and Molecular Docking Analysis on Molecular Targets and Mechanisms of Buyang Huanwu Decoction in the Treatment of Ischemic Stroke,2021,Evidence-based Complementary and Alternative Medicine : eCAM,"Gao Q, Tian D, Han Z, Lin J, Chang Z, Zhang D, Ma D.",research-article,ischemic_stroke,neurological,Ischemic Stroke,IL6|TNF|VEGFA|AKT1,high,14.222222222222221,key,results,paragraph,1,"PPI network showed that the top ten key targets were IL6, TNF, VEGFA, AKT1, etc. The enrichment analysis demonstrated candidate BHD targets were more frequently involved in TNF, PI3K-Akt, and NF-kappa B signaling pathway.",,False,3,7fe48508f064a0c05feadb3215c367aadc1f4b4a8ac6e240be88162887976bd4,4
PMC12358392,40832613,10.3389/fphar.2025.1625286,"Huangkui capsule combined with finerenone attenuates diabetic nephropathy by regulating the JAK2/STAT3 signaling pathway based on network pharmacology, molecular docking, and experimental verification",2025,Frontiers in Pharmacology,"Liu X, Zhang C, Fu Y, Dai J, Lu J, Liu G, Yang X.",research-article,diabetic_nephropathy,renal_metabolic,diabetic nephropathy,JAK2|STAT3|AKT1,medium,10.529411764705882,core,figure,caption,38,"(D, E) PPI network and core targets. 11 key targets (JAK2, STAT3, AKT1, etc.) identified via CytoHubba.",11,False,2,d97aa5dcdafc94433e4e6653b5027e3f6b2f59f6d188e3b882a652e0685360ab,3
PMC11132292,38812760,10.47895/amp.vi0.7351,Applying Network Pharmacology and Molecular Docking in the Screening for Molecular Mechanisms of Ampalaya ( Momordica charantia L.) and Banaba ( Lagerstroemia speciosa L.) against Type 2 Diabetes Mellitus,2024,Acta Medica Philippina,"Rivera RG, Regidor PJS, Ruamero EC, Delos Santos CDR, Gomez CB, Allanigue EJV, Salinas MV.",research-article,type_2_diabetes,metabolic,Type 2 Diabetes Mellitus,LIAS|TNF|HSP90AA1|GCK|AKR1B1|RBP4|TTR,medium,9.916666666666668,top,"protein-protein interaction, go and kegg pathway enrichment analysis",paragraph,25,"The top genes that are pivotal to T2DM targeted by LS and MC compounds include TNF, HSP90AA1, GCK, AKR1B1, ADLH2, RBP4 and TTR. The centrality gives an estimate of how important a particular node is and is commonly measured using the degree, the betweenness and the closeness centrality.",,False,1,a16c1ddbb4270d8379420a884ec3975198cd3ff7921392620d803f1d773fad92,7
PMC8328704,34349833,10.1155/2021/9980981,Network Pharmacology Combined with Bioinformatics to Investigate the Mechanisms and Molecular Targets of Astragalus Radix-Panax notoginseng Herb Pair on Treating Diabetic Nephropathy,2021,Evidence-based Complementary and Alternative Medicine : eCAM,"Zhao J, Mo C, Shi W, Meng L, Ai J.",research-article,diabetic_nephropathy,renal_metabolic,Diabetic Nephropathy,AKT1|TP53|RELA|JUN|CDKN1A|EGFR,high,17.157894736842106,core,results,paragraph,2,"Molecular docking demonstrated that these core targets had a great binding affinity with quercetin, kaempferol, isorhamnetin, and formononetin components. ROC curve analysis showed that AKT1, TP53, RELA, JUN, CDKN1A, and EGFR are effective in discriminating DN from controls.",,False,5,ed39823cd4d032b0a759e0b333cf6635d970acd3431dae0a78a1898e4a805a32,6
PMC12594247,41209383,10.2147/jir.s550848,Network Pharmacology Combined with Animal Experiments Elucidates the Mechanism of Effect of Xin’an Formula in Treating Allergic Rhinitis,2025,Journal of Inflammation Research,"Zhang M, Song R.",research-article,,,,AR|TNF|AKT1|MMP9|BCL2|IL2|PTGS2|VCAM1|ICAM1|RELA,medium,10.0,core,discussion,paragraph,80,"This study utilized network pharmacology analysis to identify 123 possible targets for XBY in AR, comprising 18 core targets, such as TNF, AKT1, MMP9, BCL2, IL-2, PTGS2, VCAM-1, ICAM-1, and RELA.",18,False,1,28c804487576bd3502525f3517022aa327ba2f00be4f5f025669b7d73f4cc81b,10
PMC11394753,39272560,10.3390/foods13172795,"Investigation of the Lipid-Lowering Activity and Mechanism of Three Extracts from Astragalus membranaceus , Hippophae rhamnoides L., and Taraxacum mongolicum Hand. Mazz Based on Network Pharmacology and In Vitro and In Vivo Experiments",2024,Foods,"Yang X, Jia M, Luo J, An Y, Chen Z, Bao Y.",research-article,,,,TP53|PPARG|ESR1|TNF|CCL2|AKT1|RELA|MAPK1|IL6|CXCL8|IL1A|IL4|IL10|IL1B|IFNG,high,17.0,key,3.4. construction of ppi network,paragraph,31,"By screening and removing duplicate targets from the first six targets in each item, 15 key targets were obtained ( Figure 2 E and Table 3 ), namely TP53, PPARG, ESR1, TNF, CCL2, AKT1, RELA, MAPK1, IL6, CXCL8, IL1A, IL4, IL10, IL1B, and IFNG.",15,True,2,87cca6c90fac76c6b6752d85b0c724f2b934e952f8f3a511531e4c514c2cacad,15
PMC13255016,42293333,10.1155/humu/4524272,"Resveratrol Ameliorates Diabetic Peripheral Neuropathy via the AMPK/mTOR/Bcl‐2 Axis: Integrative Evidence From Network Pharmacology, Mendelian Randomization, and Binding‐Site Evolutionary Constraint",2026,Human Mutation,"Zhang C, Mo G, Zhang Y, Xu H, Hu X, Zhang J.",research-article,,,,MTOR|MMP9|AR|RELA,medium,13.0,hub,3.2. network pharmacological analysis identifies potential targets and mechanisms of res in dpn,paragraph,32,"These hub genes included MTOR , MMP9 , AR , RELA , etc. (Figure 2 C).",,False,2,7fec214bc9eded795ac31a3576cbcb0f13a0a98c1127035e81d5518a54d13e5c,4
PMC12268575,40578054,10.1016/j.jaim.2024.101088,"Network pharmacology and in-silico studies for molecular mechanisms of analgesic, anti-inflammatory and anti-arthritic effects of Withania somnifera (L.) Dunal phytoconstituents",2025,Journal of Ayurveda and Integrative Medicine,"Tambe MS, Shinde SR, Baheti AM, Nagar S, Pawar AT.",research-article,,,,KIT|NTRK2|PLK3|PRKCA|PRKCB|PRKCD,medium,8.142857142857142,central,network pharmacology,paragraph,40,"Central proteins in a PPI network are often functionally important and may play a regulatory or signaling role. The clustering of proteins such as KIT, NTRK2, and PRK family members (PRKCA, PRKCB, PRKCD, etc.) suggests that these proteins could be part of a shared signaling cascade or functional pathway, possibly involving protein kinases and growth factors.",,False,2,ca6f22214987088cad348ec19ac12dcabdad0f07928dddbf030411c35fe9425d,6
PMC11453126,39372201,10.3389/fphar.2024.1466114,Metabolomics and network pharmacology reveal partial insights into the hypolipidemic mechanisms of ferulic acid in a dyslipidemia mouse model,2024,Frontiers in Pharmacology,"Zeng Z, Xiao G, Liu Y, Wu M, Wei X, Xie C, Wu G, Jia D, Li Y, Li S, Bi X.",research-article,,,,PTGS2|CTNNB1|MMP9|STAT3|SIRT1|GSK3B|EGFR|PPARA|NFE2L2|ICAM1,high,18.0,core,3.4.2 construction ppi network,paragraph,53,"The top 10 core targets of degree were based on the results of the degree value sorting, which were PTGS2, CTNNB1, MMP9, STAT3, SIRT1, GSK3B, EGFR, PPARA, NFE2L2, and ICAM1.",10,True,4,c263478ca05a1ab6e76870024aa8caed521eb9455357a092afed7c00a5dc8c36,10
PMC9478232,36123941,10.1097/md.0000000000030525,Potential molecular mechanisms of Ermiao san in the treatment of hyperuricemia and gout based on network pharmacology with molecular docking,2022,Medicine,"Geng YH, Yan JH, Han L, Chen Z, Tu SH, Zhang LQ, Song CD, Duan FY, Liu YF.",research-article,gout,musculoskeletal,hyperuricemia,AKT1|IL1B|PTGS2|JUN|IL17A|TNF|ELAVL1,high,15.97872340425532,core,5. conclusion,paragraph,51,"In summary, Ermiao san may play a role in reducing inflammation, antioxidation, and anti-apoptotic activity and lowering UA levels through AKT1, IL-1β, PTGS2, and JUN etc core targets and NF-κB, IL-17 and TNF main signaling pathways in the treatment of HUA and gout.",,False,6,f76210dbf389d19328256d04f32a71612a28dc27929ce65a20b79983b8ec7bb6,7
PMC8028125,33842786,10.1021/acsomega.1c00445,Integrated Screening of Effective Anti-Insomnia Fractions of Zhi-Zi-Hou-Po Decoction via Drosophila melanogaster and Network Pharmacology Analysis of the Underlying Pharmacodynamic Material and Mechanism,2021,ACS Omega,"Sun Y, Zhao R, Liu R, Li T, Ni S, Wu H, Cao Y, Qu Y, Yang T, Zhang C, Sun Y.",research-article,insomnia,psychiatric,Insomnia,IL6|APP|AKT1|HTR1A|DRD2|FOS,medium,13.75,key,discussion,paragraph,49,"15 The key targets collected by topology analysis covered IL6, APP, AKT1, HTR1A, DRD2, and FOS, which implied that ZZHPD may influence inflammation, neurotransmitter receptors, cell proliferation, and apoptosis to improve insomnia.",,False,2,f2468740519978926ead47dbc3019f82a4c6a4c551a66dc4a2e98ad73a93fb97,6
PMC9673803,36382627,10.1080/07853890.2022.2095665,Network pharmacology and in vivo experiment-based strategy to investigate mechanisms of JingFangFuZiLiZhong formula for ulcerative colitis,2022,Annals of Medicine,"Wang M, Li J, Yin Y, Liu L, Wang Y, Qu Y, Hong Y, Ji S, Zhang T, Wang N, Liu J, Cao X, Zao X, Zhang S.",research-article,ulcerative_colitis,gastrointestinal,ulcerative colitis,STAT3|CXCL8|IL6|CXCL12|TNF|RELA|TP53|PTPN11,medium,16.0,hub,discussion,paragraph,55,"Then, we identified the nine hub targets based on the PPI network and obtained the core KEGG signal pathway. In our study, the core targets were STAT3, CXCL8, IL6, CXCL12, TNF, RELA, TP53, and PTPN11.",,False,8,d92d387a1f80f8f028588bc1ec2fd1a9386f8a73bb780d004d80e2a67878f50c,8
PMC13261025,41942580,10.1038/s41598-026-45985-1,Network pharmacology analysis and experimental validation of the gastric cancer-related targets of harmine,2026,Scientific Reports,"Hu Y, Li Y, Wang H, Ma S, Liu J, Wei Q, Li H, Han Z, Chen H.",research-article,gastric_cancer,cancer,gastric cancer,GRB2|ALDH2|HSP90AA1|HSP90AB1|PRKACA,medium,13.222222222222221,core,discussion,paragraph,33,"Molecular docking studies reinforced these findings, indicating strong binding affinity between HM and all ten core targets. Notably, the binding energies of GRB2, ALDH2, HSP90AA1, HSP90AB1, and PRKACA were particularly robust, suggesting that these proteins play pivotal roles in mediating the anticancer effects of HM.",,False,4,ab8c6499faa8558e2819c37448849e1bd2817d26b8ee324172cf752bf19660fe,5
PMC8491704,34590544,10.1080/13880209.2021.1979051,Pharmacokinetic study of Tangwang Mingmu granule for the management of diabetic retinopathy based on network pharmacology,2021,Pharmaceutical Biology,"Wang Y, Xue B, Wang X, Wang Q, Liu E, Chen X.",research-article,,,,PTGS2|NOS2|AKT1|ESR1|TNF|MAPK14,high,16.307692307692307,core,results,paragraph,3,"Moreover, criteria of degree value greater than 7 were applied, and PTGS2, NOS2, AKT1, ESR1, TNF, and MAPK14 were inferred as the core targets in treating DR. After identification of components absorbed into blood, luteolin and formononetin were selected and used to investigate the pharmacokinetic parameters of TWMM after its oral administration.",,False,2,ade62df53bd5c018799ce153f992b167c3960c7dfeae54914cc3adc65b3ac933,6
PMC12014062,40258725,10.1097/md.0000000000042205,Exploring the mechanism of the potential effects of Liujunzi Tang combined with Suanzaoren Tang in the treatment of lung cancer with insomnia based on network pharmacology and molecular docking technology,2025,Medicine,"Wang Y, Zhao X, Wang X, Wang X, Zhang T, Wang Y.",research-article,lung_cancer,cancer,lung cancer,AKT1|IL1B|RHAG|IL6|TP53|STAT3,high,18.46341463414634,intersection,3.7. molecular docking results,paragraph,29,"The 5 core intersection target genes obtained were used as protein receptors to find their corresponding small molecule ligands (active ingredients), and the results showed that:the core gene AKT1 corresponded to the active ingredients baicalein, naringenin, kaempferol, quercetin, diosgenin,core gene IL1B corresponds to the active ingredient quercetin, ginsenoside Rh2, core gene IL6 corresponds to the active ingredient quercetin, core gene TP53 corresponds to the active ingredients baicalein, quercetin, diosgenin, and nobiletin, and the core gene STAT3 corresponded to licochalcone A.",5,True,6,0950c5b9ec7a401d856820f1c558c365dee93136f05f339af1bafee63434f6c6,6
PMC10846330,38327605,10.1016/j.cpt.2023.02.001,Effect of Shan Zha (Hawthorn or Crataegus) on gastrointestinal cancer: A network pharmacology and molecular docking study,2023,Cancer Pathogenesis and Therapy,"Yang J, Gu J, Shen Y, Cao L, Zhou H, Zhu W.",research-article,cancer_unspecified,cancer,cancer,TP53|CCND1|EGFR|VEGFA,high,14.0,key,results,paragraph,2,"Combined with The Cancer Genome Atlas (TCGA) differential analysis, key targets, including TP53 , cyclin D1 (CCND1), EGFR, and VEGFA, were screened. Molecular docking results showed that quercetin and kaempferol had the good binding potential for TP53, CCND1, EGFR, and VEGFA.",,False,3,74bc10a723cb4996e93a577a5abbf2ff40e5d972bf07a864a00922d7b5630c4a,4
PMC8933113,35310032,10.1155/2022/5436979,Integrating Metabolomics and Network Pharmacology to Explore the Protective Effect of Ginsenoside Re against Radiotherapy Injury in Mice,2022,Evidence-based Complementary and Alternative Medicine : eCAM,"Yu C, Fu J, Guo L, Yu M, Yu D.",research-article,,,,SRC|EGFR|AKT1|MAPK8,high,19.42857142857143,key,abstract,paragraph,0,"Further comprehensive analysis focused on 4 key targets, including SRC, EGFR, AKT1, and MAPK8, and their related core metabolites and pathways. This study combines metabolomics and network pharmacology analysis to explore the key targets and mechanisms of G-Re in the treatment of IR, in order to provide new strategies for clinical treatment of radiotherapy injury.",4,True,4,7dd16b5918d5c6198078ed9974cb89cd82d9710ac1c7b929b61a8f047d2460a6,4
PMC8202066,34002799,10.1042/bsr20204421,Traditional Chinese medicine Bu-Shen-Jian-Pi-Fang attenuates glycolysis and immune escape in clear cell renal cell carcinoma: results based on network pharmacology,2021,Bioscience Reports,"Zheng J, Xu W, Liu W, Tang H, Lu J, Yu K, Song X, Li F, Wang Y, Wang R, Chen L, Zhang H, Qiu Y, Wei G, Zhou X, Yang J.",research-article,renal_cell_carcinoma,cancer,renal cell carcinoma,VEGFA|COL1A1|COL3A1|EGF|HK2|SHMT2|PLA2G4F|ADH1A|ADH1C|CAV1|TIMP1|PIPOX,high,22.0,hub,figure,caption,35,"Prognostic value of hub genes related to BSJPF for ccRCC patients from TCGA cohort ( A–L ) Survival plots were performed in 12 hub genes, including VEGFA, COL1A1, COL3A1, EGF, HK2, SHMT2, PLA2G4F, ADH1A, ADH1C, CAV1, TIMP1 and PIPOX.",12,True,1,4cf81e48130323c4d64557b69924dc73996e44b6452a05570bfa1997e044b897,12
PMC10014786,36937875,10.3389/fphar.2023.1079539,"Integrated analysis of Dendrobium nobile extract Dendrobin A against pancreatic ductal adenocarcinoma based on network pharmacology, bioinformatics, and validation experiments",2023,Frontiers in Pharmacology,"Xu X, Yu Y, Yang L, Wang B, Fan Y, Ruan B, Zhang X, Dai H, Mei W, Jie W, Zheng S.",research-article,,,,AURKA|CCNA2|ALB|LCN2|NQO1|CDA|PLAU|LGALS3|MMP2|REG1A|MMP7|MMP9|PIK3CG,high,19.0,key,discussion,paragraph,57,"To further explore the signatures of targets for Dendrobin A against PDAC, we overlapped these 90 genes with targets related to PDAC from the MalaCards database, and 13 key genes previously reported in PDAC were found, namely, AURKA , CCNA2 , ALB , LCN2 , NQO1 , CDA , PLAU , LGALS3 , MMP2 , REG1A , MMP7 , MMP9 , and PIK3CG .",13,True,3,6909fb885b13a73705a7d2307a92728e282293b79d7f9182c9f5036b22016e17,13
PMC12216624,40594966,10.1038/s41598-025-09081-0,The mechanism of Bletilla striata inhibiting glioma proliferation through the PI3K/AKT/mTOR signaling pathway based on network Pharmacology analysis,2025,Scientific Reports,"Ren F, Wang Y, He C, Zheng X, Zhou C, Zhong X.",research-article,glioma,cancer,glioma,AKT1|ID1|STAT3|TP53|ESR1|CASP3|CCND1|HIF1A|BCL2,medium,14.0,core,molecular docking,paragraph,41,"Nine core targets—AKT1 (PDB ID: 6hhh), STAT3 (PDB ID: 6nuq), TP53 (PDB ID: 3exj), ESR1 (PDB ID: 1GWQ), CASP3 (PDB ID: 2xyg), CCND1 (PDB ID: 2W96), HIF1A (PDB ID: 1h2m), BCL2 (PDB ID: 2w3l), and, mTOR (PDB ID: 3ML9)—were selected as receptor proteins.",,False,4,f81e5eff1a72de99c68529195ebe9916ac41f60637e05b4cb5bc8f5b85a31937,9
PMC10229821,37266145,10.3389/fphar.2023.1153503,Therapeutic mechanism of baicalein in peritoneal dialysis-associated peritoneal fibrosis based on network pharmacology and experimental validation,2023,Frontiers in Pharmacology,"Lu X, Wu K, Jiang S, Li Y, Wang Y, Li H, Li G, Liu Q, Zhou Y, Chen W, Mao H.",research-article,,,,MMP2|BAX|ADORA3|HIF1A|PIM1|CA12|ALOX5,medium,16.88888888888889,crucial,abstract,paragraph,0,"Among them, MMP2, BAX, ADORA3, HIF1A, PIM1, CA12, and ALOX5 exhibited higher expression in the peritoneum with encapsulating peritoneal sclerosis compared with those in the control, which might be crucial targets of baicalein against peritoneal fibrosis.",,False,1,c065bd169a67b872268c67d62cbee45afc62fdfbc50ba51fc14d14dd7968764e,7
PMC10977553,38552047,10.1097/md.0000000000037660,Network pharmacology-based strategy combined with molecular docking to explore the potential mechanism of agarwood against recurrent aphthous stomatitis,2024,Medicine,"Tao SY, Zhang HO, Yuan Q, Li CX, Guo X, Sunchuri D, Guo ZL.",research-article,,,,IL6|TNF|IL1A|CCL2,high,14.951219512195122,key,3.7. molecular docking,paragraph,34,"Quercetin and β-sitosterol, the core components with the highest concentration of agarwood, were docked in a molecular level with IL6 (PDB: 1ALU), TNF (PDB: 1TNF), IL1β (PDB: 1I1B), CCL2 (PDB: 1DOK), the top 4 key targets in the PPI network.",4,True,2,62df161e1d67cea865d45b3db4c7c0836672e581249173dccdf71ce0b00bff40,4
PMC12735668,41471340,10.3390/ph18121852,Network Pharmacology Analysis and Experimental Study of Yinchen Against Neuroinflammation in Ischemic Stroke,2025,Pharmaceuticals,"Guo M, Ma Y, Wang L, Ge R, Wang Y, Ma G, Du G, Li L.",research-article,ischemic_stroke,neurological,Ischemic Stroke,TNF|STAT3|IL1B|AKT1|SRC|ARSL,high,15.4,core,5. conclusions,paragraph,69,"Among Yinchen and IS’s intersecting targets, TNF, STAT3, IL1B, AKT1, and SRC were the top five core targets. Through HPLC-HRESIMS and HPLC-UV analyses, four compounds, including isochlorogenic acid C, isochlorogenic acid B, isochlorogenic acid A, and chlorogenic acid, were identified in ASE, which was extracted from Yinchen.",,False,6,2958eb364389d8ce69ac1c0f780482d5fad8a5e65a82f8a686cf947633279588,6
PMC12510934,41079727,10.3389/fphar.2025.1661050,Exploring the mechanism of Qingre Yishen Xiaozheng formula in treating diabetic kidney disease via the HIF-1α/HO-1 signaling pathway: an integrated network pharmacology and experimental study,2025,Frontiers in Pharmacology,"Han F, Shou J, Wang Y, Tian Z, Zheng H, Liu L, Liu W.",research-article,diabetic_nephropathy,renal_metabolic,diabetic kidney disease,TNF|IL6|IL1A|ALB|AKT1,medium,8.5,core,4 discussion,paragraph,50,"Using Cytoscape software, we constructed a protein-protein interaction (PPI) network and identified 16 core targets (including TNF, IL6, IL1β, ALB, AKT1, etc.), which are involved in multiple pathological processes such as inflammatory response, oxidative stress, apoptosis, and metabolic regulation.",16,False,1,3f4815c8befb8c7337b3eeb29ce7f8d743b1e2a34119aaf78864ff39df72ed8c,5
PMC9467798,36105239,10.1155/2022/7364126,Molecular Mechanism of YuPingFeng in the Treatment of Asthma Based on Network Pharmacology and Molecular Docking Technology,2022,Computational and Mathematical Methods in Medicine,"Shen L, Lu J, Wang G, Wang C, Li Z.",research-article,asthma,respiratory,Asthma,IL6|EGFR|CCND1|CASP3|MAPK8|PPARG,medium,17.0,core,figure,caption,43,"Molecular docking of active ingredients and core genes: (a) IL6-quercetin, (b) EGFR-quercetin, (c) CCND1-quercetin, (d) CASP3-kaempferol, (e) MAPK8-kaempferol, and (f) PPARG-kaempferol.",,False,2,e524542faabeef2b2bc7b08d1a3c63e601bb3b90bef7754ef1cd6cb4e48898ed,6
PMC7593729,33134394,10.1155/2020/5273914,Molecular Mechanism of the Effect of Huanglian Jiedu Decoction on Type 2 Diabetes Mellitus Based on Network Pharmacology and Molecular Docking,2020,Journal of Diabetes Research,"Yin B, Bi YM, Fan GJ, Xia YQ.",research-article,type_2_diabetes,metabolic,Type 2 Diabetes Mellitus,AKT1|IL6|FOS|VEGFA|CASP3,medium,10.612903225806452,key,results,paragraph,2,"What is more, 39 key targets (AKT1, IL-6, FOS, VEGFA, CASP3, etc.) and 3 clusters were obtained after topological and cluster analysis. Further, GO and KEGG analysis showed that HLJDD may play an important role in treating T2DM and its complications by synergistically regulating many biological processes and pathways which participated in signaling transduction, inflammatory response, apoptotic process, and vascular processes.",39,False,4,104dcc55e86361a1bafdcf21294e87c41c158073c278e121eee0b989853044ec,5
PMC12602249,41230084,10.3389/fendo.2025.1667486,Exploring the mechanism of Zishen Quyu Jiedu formula in treating endometriosis based on network pharmacology and experimental verification,2025,Frontiers in Endocrinology,"Wang R, Tian X, Liu P, Lian F.",research-article,endometriosis,gynecologic,endometriosis,AKT1|IL1B|TNF|TP53|IL6|ESR1,medium,12.636363636363637,core,construction of the ppi network,paragraph,74,"The top seven core targets, AKT1, IL1B, TNF, TP53, NRF2, IL6, and ESR1, were identified ( Figure 5B , Table 6 ). These results suggest that the formula exerts therapeutic effects by modulating these key targets.",,False,2,981120053c5cac585c5ea8fa4552a6c13a1a9e55c6ad942ac74c5b4adf19fdc0,6
PMC11654441,39696456,10.1186/s13020-024-01040-7,Integrated network pharmacology and transcriptomics to explore the mechanism of compound Dihuang granule (CDG) protects dopaminergic neurons by regulating the Nrf2/HMOX1 pathway in the 6-OHDA/MPP + -induced model of Parkinson’s disease,2024,Chinese Medicine,"Sun X, Yang S, He Z, Wang L, He J.",research-article,,,,NFE2L2|HMOX1|PTGS2|ACSL4|TF|GPX4|FTH1,high,15.0,key,results,paragraph,3,"According to network pharmacology prediction, NFE2L2, HMOX1 and PTGS2 may be the key genes for ferroptosis in PD. In the in vivo experiments, CDG ultimately improved the neurobehavior of PD rats by alleviating the damage of dopamine neurons, decreasing the levels of MDA, ROS and Fe 2+ , increasing the GSH level, inhibiting ferroptosis by decreasing ACSL4, TF, and PTGS2 expression levels, and increasing the GPX4, FTH, Nrf2, and HMOX1 levels.",,False,3,7c7b731408edfc7b75f7c95c71c5bd18066b0fc4b2febd3c0723794fe7028bf4,7
PMC12116500,40438591,10.3389/fphar.2025.1571480,"Integrating network pharmacology, quantitative transcriptomic analysis, and experimental validation revealed the mechanism of cordycepin in the treatment of obesity",2025,Frontiers in Pharmacology,"Liao Y, Wang M, Qin F, Liu T, Chen J.",research-article,obesity,metabolic,obesity,SETD2|CPS1|HRAS|MAPK14|PAH|ALDOB|AKT1|GSK3B|HSP90AA1|BHMT2|EGFR|CASP3|MAT1A|APOM|APOA2|APOC3|APOA1,high,18.0,core,results,paragraph,2,"The metabolic pathway, insulin signaling pathway, HIF-1 signaling pathway, FoxO signaling pathway, lipid and atherosclerosis pathway, and core targets including CPS1, HRAS, MAPK14, PAH, ALDOB, AKT1, GSK3B, HSP90AA1, BHMT2, EGFR, CASP3, MAT1A, APOM, APOA2, APOC3, and APOA1 are involved in regulating the therapeutic effect of Cpn.",,False,5,882c33bff47c7cf7852908810e4a29d8f7af24158572b57d2893fc1a37700670,17
PMC10962663,38529478,10.2147/copd.s442191,Network Pharmacology and Experimental Verification Reveal the Regulatory Mechanism of Chuanbeimu in Treating Chronic Obstructive Pulmonary Disease,2024,International Journal of Chronic Obstructive Pulmonary Disease,"Xian M, Xu J, Zheng Y, Zhang L, Zhao J, Chen J, Li S, Lin L, Zhong Y, Yang Z, Xie T, Huang L, Ding Y.",research-article,copd,respiratory,Chronic Obstructive Pulmonary Disease,COPD|SRC|ADRB2|MMP2|NOS3,high,14.083333333333334,key,conclusion,paragraph,65,"In conclusion, our study is the pioneering investigation into the core ingredient, key targets, and underlying mechanisms of CBM for treating COPD. The findings indicate that peimisine, the core ingredient of CBM, may exert an anti-COPD effect by modulating the expression of SRC, ADRB2, MMP2 , and NOS3 .",,False,1,9c333748691887c09a394db6e5fd4b85a562a31f0b53d58e46390430debab526,5
PMC8763506,35047047,10.1155/2022/7019792,Elaborate the Mechanism of Ancient Classic Prescriptions (Erzhi Formula) in Reversing GIOP by Network Pharmacology Coupled with Zebrafish Verification,2022,Evidence-based Complementary and Alternative Medicine : eCAM,"Cai Z, Wang H, Jiang J, Xiao S, Xiao J, He J, Zhao Z, Yin J.",research-article,,,,EGF|IL2|IL4,high,17.25,hub,4. discussion,paragraph,74,"In this network ( Figure 8 ), there were 17 active components and 3 hub genes (EGF, IL2, and IL4) related to it. By analyzing the results of 51 docking times, we can find that wedelolactone, dimethyl wedelolactone, specnuezhenide, ursolic acid, acacetin, beta-sitosterol, apigenin, and kaempferol had high activity.",3,True,2,b62e16ad8765ec42836b6fcd8f9d336a39e8ab873cf3c6226780d67ec474a468,3
PMC13227184,42238336,10.1016/j.ajur.2025.01.007,A study based on reverse network pharmacology of kidney stones identified that quercetin targets the myosin light chain kinase/myosin light chain 2 pathway in human renal HK-2 cells,2026,Asian Journal of Urology,"Wang H, Lu Z, Yang W, Li X, Gao M, Duan C, Li Y, Lu X, Gao B.",research-article,,,,TPM1|TPM2|ITGA1|ITGB5|CALD1|ACTA2|ACTG2|LMOD1|MYH11|SORBS1,high,16.0,candidate,discussion,paragraph,56,"We obtained a subnetwork containing 11 candidate genes ( TPM1 , TPM2 , ITGA1 , ITGB5 , MLC2 , CALD1 , ACTA2 , ACTG2 , LMOD1 , MYH11 , and SORBS1 ) ( Fig. 1 C).",11,True,3,9a80f26da760db29a5f2efd5437bd429ddd3231c2c4dcdfa8ea287774262f903,10
PMC9016333,35450039,10.3389/fphar.2022.844685,Network Pharmacology-Based Strategy to Identify the Pharmacological Mechanisms of Pulsatilla Decoction against Crohn’s Disease,2022,Frontiers in Pharmacology,"Liu J, Zhang L, Wang Z, Chen S, Feng S, He Y, Zhang S.",research-article,,,,PTGS1|PTGS2|PRSS1|RXRA|AR|HSP90AA1|ESR1|NOS2,medium,12.0,key,drug–compound–target–disease network and ppi network,paragraph,62,"PTGS1, PTGS2, PRSS1, RXRA, AR, HSP90AA1, ESR1, and NOS2 genes were identified as the key genes of the drug–compound–target–disease network.",,False,1,083e97af0410cc0ebd3f5e38ba92995deaed40a678b1181333178925d8306e9f,8
PMC8856020,35172688,10.1080/0886022x.2021.2024850,Mechanism of action of Tripterygium wilfordii for treatment of idiopathic membranous nephropathy based on network pharmacology,2022,Renal Failure,"Shi H, Hou Y, Su X, Qiao J, Wang Q, Guo X, Gao Z, Wang L.",research-article,,,,TP53|MAPK8|MAPK14|STAT3|IFNG|ICAM1|IL4|TGFB1|PPARG|MMP1,high,13.571428571428573,core,results,paragraph,2,"A total of 153 compound-related genes and 1485 IMN-related genes were obtained, and 45 core genes that overlapped between both categories were identified. The protein–protein interaction network and MCODE results indicated that the targets TP53, MAPK8, MAPK14, STAT3, IFNG, ICAM1, IL4, TGFB1, PPARG, and MMP1 play important roles in the treatment of T.",45,False,2,3a9e955162b40d0945c019533479a63d3c3f10080965eae04e48734bcc978025,10
PMC8415621,34483900,10.3389/fphar.2021.683645,A Systematic Study of the Mechanism of Acacetin Against Sepsis Based on Network Pharmacology and Experimental Validation,2021,Frontiers in Pharmacology,"Ouyang Y, Rong Y, Wang Y, Guo Y, Shan L, Yu X, Li L, Si J, Li X, Ma K.",research-article,sepsis,infectious_inflammatory,Sepsis,EGFR|SRC|PTGS2|ESR1,medium,15.0,core,figure,caption,29,"Molecular docking and experimental validation of acacetin binding core targets predicted by network pharmacology. (A) EGFR, SRC, PTGS2 and ESR1.",,False,1,8110b7f621c2eb990670033edac6a5a4a4a946ba98a0afd8bbf0146b89476581,4
PMC8975676,35372585,10.1155/2022/8895950,Using Network Pharmacology to Explore the Mechanism of Panax notoginseng in the Treatment of Myocardial Fibrosis,2022,Journal of Diabetes Research,"Han J, Hou J, Liu Y, Liu P, Zhao T, Wang X.",research-article,cardiac_fibrosis,cardiovascular,Myocardial Fibrosis,IL6|ALB|AKT1|TNF|VEGFA,high,17.0,key,results,paragraph,2,"Five key targets (IL6, ALB, AKT1, TNF, and VEGFA) may be involved in the treatment of MF using Panax notoginseng.",,False,2,dfb5fa5c9f47d1a7fa017cebf13582c6654f8632954fdc6e84b93e544bc28e07,5
PMC9066831,35505340,10.1186/s12906-022-03611-3,Network pharmacology combined with molecular docking to explore the potential mechanisms for the antioxidant activity of Rheum tanguticum seeds,2022,BMC Complementary Medicine and Therapies,"Wang L, Xiong F, Zhao S, Yang Y, Zhou G.",research-article,,,,ESR1|APP|MAPK8|HSP90AA1|AKT1|MMP2|PTGS2|TGFB1|JUN,high,19.0,hub,results,paragraph,2,"The hub genes included ESR1, APP, MAPK8, HSP90AA1, AKT1, MMP2, PTGS2, TGFB1 and JUN. The antioxidant activity signaling pathways of the compounds for the treatment of diseases were the cancer signaling pathway, estrogen signaling pathway, colorectal cancer signaling pathway, MAPK signaling pathway, etc.",,False,5,0898eb86967865fe6b002b1a8768b302480a1e0fbfa4f3c662f98bf4a108b484,9
PMC9155915,35656471,10.1155/2022/9243348,Pharmacological Mechanism of Shen Huang Chong Ji for Treating Alzheimer's Disease Based on Network Pharmacology and Experimental Validation,2022,Evidence-based Complementary and Alternative Medicine : eCAM,"Tang L, Liu J, Xu X, Zhao J, Han X.",research-article,alzheimer_disease,neurological,Alzheimer's Disease,HSP90AA1|AKT1|MAPK1|JUN|RELA|MAPK14|ESR1|FOS|IL6|MYC|CDKN1A|RB1,high,21.0,core,figure,caption,108,"The docking model of quercetin with the top 12 core target genes and apoptosis-related target genes in the topological analysis of AD-related PPI networks. (a-l) Twelve core target genes, including HSP90AA1, AKT1, MAPK1, JUN, RELA, MAPK14, ESR1, FOS, IL-6, MYC, CDKN1A, and RB1, with quercetin.",12,True,7,6b9b5cb36fc1b592b2a741746b3335f32b5a3bdb870e2c4b38e95d192f965cdc,12
PMC10210165,37251341,10.3389/fphar.2023.1186699,Uncovering the active constituents and mechanisms of Rujin Jiedu powder for ameliorating LPS-induced acute lung injury using network pharmacology and experimental investigations,2023,Frontiers in Pharmacology,"Ma Y, Xu H, Chen G, Liu W, Ma C, Meng J, Yuan L, Hua X, Ge G, Lei M.",research-article,acute_lung_injury,respiratory,acute lung injury,AKT1|CASP3|TP53,medium,7.818181818181818,crucial,network-based analysis of the effects and mechanisms of rjjd,paragraph,45,"In this network, we identified AKT1, CASP3 and TP53 as the three crucial targets for treating ALI, suggesting that these proteins may play an important roles in the treatment of ALI by RJJD.",,False,1,b83d6e571405ee2d2e9c99b5d17a8db8a4d26ee2b419cf62390d17148e7afa8e,3
PMC12143337,40486282,10.1016/j.jtcme.2024.04.006,Integrating pharmacokinetics and network pharmacology to decipher the efficacy of Fufang Qinlan oral liquid on post infectious cough,2025,Journal of Traditional and Complementary Medicine,"Huang L, Wang Y, Yue X, Yu F, Wu T, Ge Y, Wang C, Tong M.",research-article,,,,HSPA8|HSP90AA1|HSP90AB1|YWHAZ|EGFR|ESR1|EP300,high,18.0,core,results,paragraph,2,"Among them, HSPA8, HSP90AA1, HSP90AB1, YWHAZ, EGFR, ESR1 and EP300 were selected as the core targets because of high degree value and direct connection with inflammation or microbial infection.",,False,3,b647f01cbd9fd7c95c8b35da20e65f47575a3c116444a604cd4acd792c663efb,7
PMC11401857,39277626,10.1038/s41598-024-72475-z,Uncovering naringin’s anticancer mechanisms in glioblastoma via molecular docking and network pharmacology approaches,2024,Scientific Reports,"Tharamelveliyil Rajendran A, Dheeraj Rajesh G, Ashtekar H, Sairam A, Kumar P, Vadakkepushpakath AN.",research-article,glioma,cancer,glioblastoma,ALB|CASP3|ESR1|PARP1|HSP90AB1|CDK2|CDK1|ABL1,medium,14.0,hub,"analysis of protein–protein interaction, protein selection for molecular docking and network construction",paragraph,23,"There were 10 hub genes found when the aforementioned criteria were used to filter the data (Fig. 4 ): ALB, CASP3, ESR1, PARP1, HSP90AB1, CDK2, CDK1, ABL1, CSP8, and ACE.",10,False,4,03aaf78f327e5e58d3938d3f737c75eb766310e52062c6383e4800e2fc4444a6,8
PMC7414372,32802121,10.1155/2020/2957567,Network Pharmacology-Based Strategy for Predicting Active Ingredients and Potential Targets of Gegen Qinlian Decoction for Rotavirus Enteritis,2020,Evidence-based Complementary and Alternative Medicine : eCAM,"Zhong P, Song L, Gao M, Wang X, Tan W, Lu H, Lan Q, Zhao Z, Zhao W.",research-article,,,,EP300|AKT1|HSP90AA1|CTNNB1|EGFR|CDK1|HRAS|KAT2B,medium,10.478260869565217,top,3.2. tcm-intersecting targets-disease network analysis,paragraph,69,"In this network, as shown in Figure 2(c) , the top 8 genes with the highest node connectivity were EP300, AKT1, HSP90AA1, CTNNB1, EGFR, CDK1, HRAS, and KAT2B. Among them, EP300 has 31 connections with other genes, and 7 other genes have more than 15 connectivities.",,False,1,2a4d7c0b5f743302af95720ea3652b889c3d3573415df33ea96555f511320c76,8
PMC7920725,33688369,10.1155/2021/8947304,A Network Pharmacology Approach to Reveal the Underlying Mechanisms of Artemisia annua on the Treatment of Hepatocellular Carcinoma,2021,Evidence-based Complementary and Alternative Medicine : eCAM,"Zhang S, Mo Z, Zhang S, Li X.",research-article,hepatocellular_carcinoma,cancer,Hepatocellular Carcinoma,TEAD1|HYCC1|EGFR|ESR1|CCND1|MYC|PTGS2,medium,13.414634146341463,key,4. discussion,paragraph,23,"As observed in the results of KEGG pathway enrichment analysis, the key targets of AA acting on HCC were mainly related to the EGFR signaling pathway, ESR1 signaling pathway, CCND1 signaling pathway, MYC signaling pathway, PTGS2 signaling pathway, and so on.",,False,3,d028f48840d3aca5673a3d7974269942fff6ef65a5f20f22b72fe6dd0b2e8f25,7
PMC12064105,40340504,10.1080/07853890.2025.2499700,Study on the mechanism of Xanthoceras sorbifolia Bunge oil in the treatment of Alzheimer’s disease by an integrated “network pharmacology-metabolomics” strategy,2025,Annals of Medicine,"Du L, Sun Y, Gan Y, Wang L, Li X, Yan S, Xiao X, Li S, Jin H.",research-article,,,,MAPK1|MAPK3|AKT1|RXRA|RXRB|RARA|RARB|RARG|EGFR,medium,14.0,hub,network pharmacology analysis of xsbo treating ad,paragraph,48,"The PPI network and MCODE plugin were employed to analyze the critical modules derived from the hub genes, thereby elucidating the action mechanisms of the core targets (MAPK1, MAPK3, AKT1, RXRA, RXRB, RARA, RARB, RARG, EGFR) of XSBO.",,False,2,dc95bf16683574770106458c3e8bb4850e00dc3296c49db9fc120931d0b09aab,9
PMC11825621,39133272,10.1007/s00210-024-03353-8,Network pharmacology analysis of the Huangqi-Gancao herb pair reveals quercetin as a therapeutics for allergic rhinitis via the RELA-regulated IFNG/IRF1 axis response,2025,Naunyn-Schmiedeberg's Archives of Pharmacology,"Deng Y, Shen L, Zhu H, Zhou Y, Hu X.",research-article,,,,IL1B|TNF|STAT1|IL6|PTGS2|JUN|PPARG|RELA|IL2|NFKBIA|IFNG|IL10|IL1A|IRF1|MAPK1,high,19.0,hub,molecular docking analysis,paragraph,54,"To confirm the interaction between QUE and AR-related genes, its 14 hub targets, IL1B, TNF, STAT1, IL6, PTGS2, JUN, PPARG, RELA, IL2, NFKBIA, IFNG, IL10, IL1A, IRF1, and MAPK1, were selected for molecular docking.",14,True,5,941385e16855570b6740af17157ec77ee924406102e4a37b889ac7ff891bb04e,15
PMC10988798,38566171,10.1186/s41065-024-00316-0,"Huanglian-Hongqu herb pair improves nonalcoholic fatty liver disease via NF-κB/NLRP3 pathway in mice: network pharmacology, molecular docking and experimental validation",2024,Hereditas,"Wang Z, Qiu H, Yang Y, Zhang Y, Mou T, Zhang X, Zhang Y.",research-article,,,,AKT1|HSP90AA1|STAT3|EGFR|MAPK3|TLR4|PIK3R1|RXRA|ESR1|ALB,medium,11.0,top,ppi network,paragraph,43,"From this analysis, we identified the top 10 genes with the highest degree values, including AKT1, HSP90AA1, STAT3, EGFR, MAPK3, TLR4, PIK3R1, RXRA, ESR1, and ALB (Fig. 2 B).",,False,1,cac90094addb9f29a1349f4f409658472705c63e933ed36194fb15898d78058a,10
PMC11211499,38937497,10.1038/s41598-024-61779-9,"Unraveling the therapeutic potential of quercetin and quercetin-3-O-glucuronide in Alzheimer's disease through network pharmacology, molecular docking, and dynamic simulations",2024,Scientific Reports,Sabarathinam S.,research-article,alzheimer_disease,neurological,Alzheimer's disease,EGFR|TNF|MMP9|AKT1|PARP1|MET|MCL1|IGF1R|PTGS2|MMP2,high,18.0,core,ppi network analysis,paragraph,31,"The top 10 core targets were EGFR, TNF, MMP9, AKT1, PARP1, MET, MCL1, IGF1R, PTGS2, and MMP2. The network analysis of top-ranked targets are depicted in Figure 5 .",10,True,1,e04144354248908c8dd56c53b4139826c9b84481c1fae1513855f815bc9214a1,10
PMC12263669,40672364,10.3389/fphar.2025.1591558,"Interaction of blood-entry components, network pharmacology and transcriptomics to elucidate the mechanism of Wentong plaster in treating primary dysmenorrhea",2025,Frontiers in Pharmacology,"Yang Z, Jiao Z, Wang C, Li X, Yuan M, Sui Z, Wang W, Hou W.",research-article,,,,TNF|IL6|AKT1,medium,8.578947368421053,key,3.6 network pharmacology analysis,paragraph,46,"As shown in Figure 5B , the PPI network analysis revealed TNF, IL6 and AKT1 as key targets within the topological network, suggesting that blood-entry components may primarily act on these key targets, thereby regulating other downstream targets.",,False,1,969e8433d90af407b76db30a1d100745b6ca134b4dd889b7405b3e1ad8c16d79,3
PMC12086915,40375680,10.1080/07853890.2025.2503921,Exploring the key ingredients and mechanisms of Banxia Xiexin decoction for the treatment of polycystic ovary syndrome based on network pharmacology and experimental validation,2025,Annals of Medicine,"Hai B, Zhang Y, Huang J, Mprah R, Wang M.",research-article,polycystic_ovary_syndrome,gynecologic_metabolic,polycystic ovary syndrome,FOS|JUN|STAT3|MAPK3|ESR1|TP53|HSP90AA1,high,21.58974358974359,core,conclusion,paragraph,81,"We identified 8 core targets, including FOS, JUN, STAT3, MAPK3, ESR1, TP53, and HSP90AA1 of BXD for PCOS. The biological functions of these targets are mainly related to oxidative stress, the development of reproductive structures, hormonal response, and apoptosis.",8,True,5,db4e443b21689dac3d66f5ddbd014359fc277e138b5ad76017697b30f23b517e,7
PMC7499271,32963569,10.1155/2020/7130105,Mechanisms and Molecular Targets of the Tao-Hong-Si-Wu-Tang Formula for Treatment of Osteonecrosis of Femoral Head: A Network Pharmacology Study,2020,Evidence-based Complementary and Alternative Medicine : eCAM,"Fu F, Huang Z, Ye H, Tan B, Wang R, Chen W.",research-article,,,,MCC|VEGFA|PTGS2|CCND1|JUN|RELA|STAT1|AHR|NR3C1|MCL1|MMP2,medium,13.0,core,3.2. ppi network analysis,paragraph,12,"The top 10 target genes with the highest MCC scores were VEGFA , PTGS2 , CCND1 , JUN , RELA , STAT1 , AHR , NR3C1 , MCL1 , and MMP2, which were considered the core targets ( Figure 4 ).",,False,3,d870ada5abbe4dc4e639e3746498c63056932a5a32755e6a2c9c9c057579b601,11
PMC10476849,37657026,10.1097/md.0000000000034945,Predicting the anti-inflammatory mechanism of Radix Astragali using network pharmacology and molecular docking,2023,Medicine,"Ren J, Ding Y, Li S, Lei M.",research-article,,,,ST6GALNAC4|TNF|IL6|IL1B|TLR4|CXCL8|CCL2|IL10|VEGFA|MMP9,high,19.0,core,abstract,paragraph,0,"The main anti-inflammatory active components of RA were quercetin, Astragaloside IV, kaempferol, 7-O-methylisomucronulatol, and formononetin, and the strongly interacting core proteins were TNF, IL6, IL1B, TLR4, CXCL8, CCL2, IL10, VEGFA, and MMP9.",,False,3,9f38977524679574c40f2fff79cf9870def80d103a31841430dfce1a298e1360,10
PMC6176282,30333750,10.3389/fphar.2018.01106,Network Pharmacology-Based Validation of Caveolin-1 as a Key Mediator of Ai Du Qing Inhibition of Drug Resistance in Breast Cancer,2018,Frontiers in Pharmacology,"Wang N, Yang B, Zhang X, Wang S, Zheng Y, Li X, Liu S, Pan H, Li Y, Huang Z, Zhang F, Wang Z.",research-article,breast_cancer,cancer,Breast Cancer,CAV1|HIF1A|CCNB1|BAX|BCL2|PARP1|ERBB3|MCL1|PRKCA|CDCA7|CDKN1A|CDKN2A|TOP1|TOP2A|SELE|ATP5F1B|RUNX2|BIRC5|ATF2|RUNX1T1|MT2A|EIF5B,medium,14.0,hub,establishment of the compound–target–disease network of adq,paragraph,34,"These hub genes included CAV1, HIF1A, CCNB1, BAX, BCL2, PARP1, ERBB3, MCL1, PRKCA, CDCA7, CDKN1A, CDKN2A, TOP1, TOP2A, SELE, ATP5B, RUNX2, BIRC5, ATF2, RUNX1T1, MT2A, and EIF5B ( Figure 7B ), among which CAV1 was the key target with the largest node size according to “Degree” in the node size mapping ( Figure 7C ).",,False,1,62c9e14358b2a2fe3b860620006d3b5bcbfc03cbd179ef9a5c849401256006df,22
PMC11114218,38780500,10.1111/jcmm.18331,"Mechanism of Astragalus membranaceus (Huangqi, HQ) for treatment of heart failure based on network pharmacology and molecular docking",2024,Journal of Cellular and Molecular Medicine,"Chen Q, Wang J, Sun L, Ba B, Shen D.",research-article,heart_failure,cardiovascular,heart failure,APOE|TNF|BCL2|MYC|MMP9|TLR4|ESR1|HIF1A|VCAM1|CDH1,high,18.50877192982456,hub,prediction of the binding between hq active ingredients and target genes by molecular docking,paragraph,30,"Next, significant differences of 10 hub genes between failing heart tissues and control heart tissues were analysed based on GSE25765 database. As indicated by the results, there was 1 differentially downregulated drug target gene (APOE), and 9 differentially upregulated drug target genes (TNF, BCL2, MYC, MMP9, TLR4, ESR1, HIF1A, VCAM1 and CDH1) in heart failure (Figure 5B ).",10,True,1,5fdbcbf37883366199c0d053d2370381b0714b6a710a6e2c271230e3c3d75dda,10
PMC12246733,38415456,10.2174/0113862073289977240216075724,Pharmacological Mechanisms of Kirenol against Ovarian Carcinoma: A Network Pharmacology and Experimental Validation Study In Vitro,2025,Combinatorial Chemistry & High Throughput Screening,"Mao X, Zhu H, Gao J, Lin S, Bao Y, Zhang M, Yang H.",research-article,ovarian_cancer,cancer,Ovarian Carcinoma,EGFR|IL6|JAK2|MAP2K1|MMP9|CDK4|AR,high,17.0,key,analysis of the ppi network,paragraph,25,"As a result of this analysis, the top 8 key targets were determined to be mTOR, EGFR, IL6, JAK2, MAP2K1, MMP9, CDK4, and AR (Fig. 1C ).",8,True,2,3aaa2cac2ac34372749b9c6b43c945aee9ed89c32a0bfb0a5bf5f5a311cd4ee1,7
PMC10170285,37181344,10.21037/atm-23-936,"Integrated UPLC-MS, network pharmacology, and intestinal flora analysis to determine the treatment effect of Qiangzhi decoction on comorbid Tourette syndrome and RRTI",2023,Annals of Translational Medicine,"Jiang Y, Zhan T, Wang M, Duan Y, Wu X, Song A, Liu J, Shi H, Dong C, Yan Z.",research-article,,,,SLC6A4|GRM5|SLC6A3|GRIN2B|CNR1|IL6|CTNNB1|TNF|COMT|NTRK2|DLG4|DRD2|GRM2|IL1B|HTR1A|HTR2A|SLC6A2|CHRNA4|HTR3A|GRIN1,medium,11.0,top,construction and analysis of the ppi network,paragraph,117,"Finally, the 20 top targets with the highest nodal degree values were obtained, which were SLC6A4 , GRM5 , SLC6A3 , GRIN2B , CNR1 , IL6 , CTNNB1 , TNF , COMT , NTRK2 , DLG4 , DRD2 , GRM2 , IL1B , HTR1A , HTR2A , SLC6A2 , CHRNA4 , HTR3A , and GRIN1 ( Figure 2D ).",,False,1,50e0c1fb3640d6b18b1bc769cb70a7f3bce9fb855a767522a1e8678152ecbb16,20
PMC10869047,38363942,10.1097/md.0000000000036593,Exploring the mechanism of curcumin in the treatment of doxorubicin-induced cardiotoxicity based on network pharmacology and molecular docking technology,2024,Medicine,Hu Z.,research-article,,,,TP53|TNF|AKT1|VEGFA|PTGS2|STAT3|HIF1A|MYC|EGFR|CASP3,high,24.0,core,abstract,paragraph,0,"A topological analysis of the PPI network revealed 10 core targets including TP53, tumor necrosis factor-alpha (TNF), AKT1, vascular endothelial growth factor A (VEGFA), prostaglandin-endoperoxide synthase 2 (PTGS2), signal transducer and activator of the transcription 3 (STAT3), HIF1A, MYC, epidermal growth factor receptor (EGFR), and CASP3 (Caspase-3).",10,True,1,09e2bd8880d777a30a48b9ef68bdbb3614b099584c02fb3181093c60a430ffc2,10
PMC12714189,41411324,10.1371/journal.pone.0339457,Analysis of molecular mechanism of Chinese medicine Jinhong decoction (JHD) in synergistically treating sepsis and COVID-19 based on network pharmacology,2025,PLOS One,"Fan J, Yang Y, Zhang F, Wu X, Li J, Liang L, Tang Q, Yan B, Zhang J, Pan X, Jin G, Wei C, Han P, He Y.",research-article,covid_19,infectious,COVID-19,AKT1|MMP9|ICAM1|TLR4|BCL2|HIF1A,high,18.0,key,abstract,paragraph,0,"Our identified six key target genes ( AKT1 , MMP9 , ICAM1 , TLR4 , BCL2 , and HIF1A ) were mainly involved in the regulations of immunometabolism, inflammation, and cell survival in both diseases.",,False,1,a971e22bc4e1bfc67e383d7758819b731c400adbbd37d82c9c46be4945617c7a,6
PMC9936039,36800633,10.1097/md.0000000000032823,Understanding the molecular mechanism of Ginkgo Folium-Forsythiae Fructus for cerebral atherosclerosis treatment using network pharmacology and molecular docking,2023,Medicine,"Zhang J, Gai J, Ma H, Tang J, Yang C, Zu G.",research-article,atherosclerosis,cardiovascular,atherosclerosis,EGFR|PTGS2|MAPK14|PPARA|MAPK8|CYP19A1,high,19.0,core,3.6. compound-target docking studies,paragraph,64,"In summary, sesamin binds well to 5 core targets: EGFR, PTGS2, MAPK14, PPARA, and MAPK8. Quercetin binds well to 2 protein targets, CYP19A1 and PPARA.",5,True,3,9464bf1412f59ce8a1b47ed856693ed4c1edd1c8881e3187b1bb6434b50b7b2f,6
PMC7914091,33688358,10.1155/2021/4652492,Network Pharmacology Interpretation of Fuzheng–Jiedu Decoction against Colorectal Cancer,2021,Evidence-based Complementary and Alternative Medicine : eCAM,"Shi H, Tian S, Tian H.",research-article,colorectal_cancer,cancer,Colorectal Cancer,STAT3|INS|TP53|VEGFA|AKT1|TNF|IL6|JUN|EGF|CASP3|MAPK3|MAPK1|MAPK8|SRC|IGF1|CCND1|ESR1|EGFR|PTEN|MTOR|FOS|PTGS2|CXCL8|HRAS|CDH1|BCL2L1|FN1|MMP9|ERBB2|JAK2,high,23.0,core,results,paragraph,2,"At the same time, we also obtained 30 core targets, including STAT3, INS, TP53, VEGFA, AKT1, TNF, IL6, JUN, EGF, CASP3, MAPK3, MAPK1, MAPK8, SRC, IGF1, CCND1, ESR1, EGFR, PTEN, MTOR, FOS, PTGS2, CXCL8, HRAS, CDH1, BCL2L1, FN1, MMP9, ERBB2, and JAK2.",30,True,2,3f4860aeb4184471038ce693a475400c67c689e2a2ce65cf613baf3b71842e2a,30
PMC10999575,38590639,10.3389/fphar.2024.1361379,Mechanisms of Bushenyiqi decoction in the treatment of asthma: an investigation based on network pharmacology with experimental validation,2024,Frontiers in Pharmacology,"Qin Z, Chen Y, Liu N, Wang Y, Su L, Liang B, Huang C.",research-article,asthma,respiratory,asthma,HSP90AA1|ESR1|FOS|EGFR|MAPK8|BCL2|MYC|IL6|CASP3,high,15.875,key,ppi network construction and key target identification,paragraph,41,"After deleting targets lower than the mean value of degree (4.271186441), betweenness centrality (0.057581465), and closeness centrality (0.338852949), the remaining 9 targets were considered as the potential key targets in BYD treatment for asthma ( Table 2 ): heat shock protein 90 alpha family class A member 1 (HSP90AA1), estrogen receptor 1 (ESR1), proto-oncogenec-Fos (FOS), epidermal growth factor receptor (EGFR), mitogen-activated protein kinase 8 (MAPK8), B-cell lymphoma-2 (BCL2), proto-oncogene Myc (MYC), IL6, caspase 3 (CASP3), and most of which are involved in the PI3K/AKT signaling pathways ( Laboratories, 2024 ).",9,True,1,58e4fa934956788dd028b93133c130d5cecaf2b76a8acc6e234dacbd580f67a7,9
PMC8767100,35071383,10.3389/fvets.2021.775490,Antioxidant Effects and Potential Molecular Mechanism of Action of Limonium aureum Extract Based on Systematic Network Pharmacology,2021,Frontiers in Veterinary Science,"Yang Z, Mo Y, Cheng F, Zhang H, Shang R, Wang X, Liang J, Liu Y, Hao B.",research-article,,,,PTGS2|COX2|MMP2|ERBB2|PRKCA|INSR,high,18.0,hub,conclusion,paragraph,94,"Moreover, the hub genes including PTGS2 (COX-2), MMP2, ERBB2, PRKCA, and INSR were screened out based on the analysis of the topological character of the protein–protein interaction network.",,False,2,a7d26a67b5ee14ed30de64240559f0a9aff16090667ab6c5e9746a47b42f91ba,6
PMC9895386,36743801,10.3389/fnins.2023.1093180,The efficacy and mechanism of berberine in improving aging-related cognitive dysfunction: A study based on network pharmacology,2023,Frontiers in Neuroscience,"Yao J, Wei W, Wen J, Cao Y, Li H.",research-article,,,,MAPK1|CTNNB1|AKT1|PIK3CA|TP53|HSP90AA1,medium,16.0,key,figure,caption,59,The molecular docking results of berberine (BBR) and key targets. BBR and (A) Mapk1 ; (B) Src ; (C) Ctnnb1 ; (D) Akt1 ; (E) Pik3ca ; (F) Tp53 ; (G) Jun ; (H) Hsp90aa1 .,,False,2,5abde693be663cd899b681ed200eb0f7e4b67fb416af9b9debc9b0f874c74782,6
PMC13191495,42179644,10.1021/acsomega.5c10445,"Integration of Network Pharmacology, Molecular Docking, and Molecular Dynamics to Decipher the Multi-Target Mechanisms of Crocin I in Parkinson’s Disease with In Vivo Validation",2026,ACS Omega,"Wang J, Lv M, Yu J, Xu Y, Lin Y, Pei J, Zhou M.",research-article,,,,MCC|SRC|MAPK3|MAPK1|PTPN11|EGFR|STAT3|HRAS|PIK3R1|PIK3CA|IL6,high,19.0,hub,ppi network construction and hub gene identification,paragraph,59,"Subsequently, the CytoHubba plugin (MCC algorithm) was employed to rank and identify the top 10 hub genes from the PPI network. These were SRC, MAPK3, MAPK1, PTPN11, EGFR, STAT3, HRAS, PIK3R1, PIK3CA, and IL6.",10,True,6,aaf935e0212eac1d224c7cf6e3af90f25b0c12e390465d08ae501726da4f5156,11
PMC8478540,34595237,10.1155/2021/5507003,Network Pharmacology-Based Identification of Potential Targets of Lonicerae japonicae Flos Acting on Anti-Inflammatory Effects,2021,BioMed Research International,"Guo X, Yu X, Zheng B, Zhang L, Zhang F, Zhang Y, Li J, Pu G, Zhang L, Wu H.",research-article,,,,PIK3CA|MAPK1|PIK3R1|AKT1|SRC|APP|HRAS|STAT3,high,15.352941176470587,hub,4. conclusions,paragraph,115,"Third, hub genes, such as PIK3CA, MAPK1, PIK3R1, AKT1, SRC, APP, HRAS, and STAT3, were screened from the protein-protein interaction network. Fourth, the bioactivity of 279 inflammation targets spreads widely, involving response to toxic substance, response to inorganic substance, cellular response to nitrogen compound, positive regulation of MAPK cascade, positive regulation of kinase activity, cellular response to organonitrogen compound, response to antibiotic, and response to oxidative stress.",,False,3,60a2068cec694d9991af6412f79bf5a8b53cb83a4289a0755eb0f4a8b663a7f0,8
PMC13159095,42112743,10.1155/mi/5435119,Yiqi–Wenyang–Tiaoshen Decoction Reduces Cisplatin‐Induced Acute Kidney Injury in Rats Through Autophagy and Apoptosis Signaling Pathways Based on Network Pharmacology and Experimental Validation,2026,Mediators of Inflammation,"Bai Y, Chang Y, Zhang L, Zhou W, Su Y, Zhou J.",research-article,,,,BCL2|CASP3|CASP9|SQSTM1|MAP1LC3A,medium,9.272727272727273,key,3.6. compound–target–pathway network analysis,paragraph,70,"Key targets such as BCL2, CASP3, CASP9, SQSTM1 (p62), and MAP1LC3A (LC3) are closely linked to the apoptosis signaling pathway and interact with the identified compounds. These components and targets likely represent the active ingredients and mechanisms of YWT in treating CDDP‐induced AKI.",,False,1,7095b02a6cfc09826426c393728c1f5f909b15141a0caf3ced07c55b23e390c3,5
PMC8845118,35178159,10.1155/2022/6934812,Serum Pharmacochemistry Combining Network Pharmacology to Discover the Active Constituents and Effect of Xijiao Dihuang Tang Prescription for Treatment of Blood-Heat and Blood-Stasis Syndrome-Related Disease,2022,Oxidative Medicine and Cellular Longevity,"Chen Y, Dai Y, Xia J, Liu J, Zhou G, Chen C, Jiang B, Yin L, Li G.",research-article,,,,IL1B|IL6|TNF|NOS3|MAPK1,high,16.564102564102562,core,abstract,paragraph,0,"The core targets including IL-1 β , IL-6, TNF, NOS3, and MAPK1 were identified using protein-protein interaction network analysis, whereas dozens of signaling pathways such as the p38MAPK signaling pathway were identified using functional pathway enrichment analysis.",,False,2,f0f4b4aa33b8e293f9e2db68cd584605a4d9d0948d6a95d6f4937875a0c2b7d8,5
PMC12733305,41465428,10.3390/ijms262411999,"Enhanced Anti-Lung Cancer Effects of Steamed Panacis Japonici Rhizoma : Insights from Metabolomics, Network Pharmacology and Molecular Dynamics Simulation",2025,International Journal of Molecular Sciences,"Zhang Y, Yang J, Qu B, Huang J, Wang Y, Yan J.",research-article,lung_cancer,cancer,Lung Cancer,AKT1|EGFR|HSP90AA1|SRC|STAT3,high,17.5,core,abstract,paragraph,0,"Network pharmacology analysis identified AKT1, EGFR, HSP90AA1, SRC, and STAT3 as core targets, primarily enriched in the MAPK, PI3K-Akt, and Ras signaling pathways. Molecular docking and molecular dynamics simulations further demonstrated stable interactions between major metabolites and core targets.",,False,3,01f8ef94c2f07038d1a828c1de61155f4d394b140e88edeaf66f2c40576ef698,5
PMC12494972,41044331,10.1038/s41598-025-18200-w,Exploring Nigella Sativa’s medicinal capacity against skin cancer pathways using network pharmacology and molecular docking,2025,Scientific Reports,"Alamri AM, Assiri AA, Yousuf A, Khan NU.",research-article,cancer_unspecified,cancer,cancer,AR|CDK4|EGFR|MAPK1|MAPK3,high,19.846153846153847,hub,abstract,paragraph,0,"sativa, highlighting hub genes. Molecular docking studies were conducted to validate the interactions of select bioactive compounds with key receptors (AR, CDK4, EGFR, MAPK1, and MAPK3).",,False,4,57174cd929f3e9cc465226e11c93a3044a243408097fb615eedda39d339b56c7,5
PMC12267510,40670490,10.1038/s41598-025-11019-5,Exploreing the potential mechanism of Aitongxiao formula inhibiting hepatocellular carcinoma in vitro and in vivo based on network Pharmacology,2025,Scientific Reports,"Zhao X, Zhou H, Xia M, Cheng Q, Wang R, Tao J, Leng J.",research-article,hepatocellular_carcinoma,cancer,hepatocellular carcinoma,IL6|IL1B|TP53|AKT1|TNF|EGFR,medium,16.0,core,discussion,paragraph,89,"Based on the comprehensive application of GEPIA and molecular docking technology, we identified six core targets: IL-6, IL-1β, TP53, AKT1, TNF, and EGFR, which exhibit significant network importance.",,False,1,b2ebe038dfe8433414ddfc3fe9e496c8fcde1239ac5db64d42b55def81e3c64f,6
PMC11303875,39114361,10.3389/fphar.2024.1414856,Mechanisms of Puerariae Lobatae Radix in regulating sebaceous gland secretion: insights from network pharmacology and experimental validation,2024,Frontiers in Pharmacology,"Yijie D, Siqi Z, Ruiyin H, YuJing S, Hong M, Yinmao D, Tao Y, Changyong L.",research-article,,,,TP53|INS|AKT1|STAT3|EGFR|CTNNB1|PIK3CA|HRAS|EGF|ESR1,medium,12.0,top,3.3 construction and analysis of protein-protein interaction networks,paragraph,34,"The top 10 targets with the highest Degree values are: TP53, INS, AKT1, STAT3, EGFR, CTNNB1, PIK3CA, HRAS, EGF, and ESR1.",,False,2,e790058241a48ec649551475921a81386e985d280e8b15d7363d8f969bc1c715,10
PMC10762922,38167125,10.1186/s41065-023-00301-z,Network pharmacology to unveil the mechanism of suanzaoren decoction in the treatment of alzheimer’s with diabetes,2024,Hereditas,"Chen T, Lei Y, Li M, Liu X, Zhang L, Cai F, Gong X, Zhang R.",research-article,diabetes,metabolic,diabetes,IL6|TNF|IL1B|CXCL8|IL10|CCL2|ICAM1|STAT3|IL4,high,20.0,hub,abstract,paragraph,7,"• IL6, TNF, IL1B, CXCL8, IL10, CCL2, ICAM1, STAT3 and IL4 are hub genes and have a strong binding capacity to potential active ingredients.",,False,3,de55e7b22bd895915f3b2bfdc3c8ebf938b1c731e0807477eec051d68d642871,9
PMC8806438,34098848,10.1080/21655979.2021.1933867,Utilizing network pharmacology to explore potential mechanisms of YiSui NongJian formula in treating myelodysplastic syndrome,2021,Bioengineered,"Qin L, Chen H, Ding X, Guo M, Lang H, Liu J, Li L, Liao J, Liao J.",research-article,,,,TP53|BAX|BCL2,medium,11.304347826086957,core,discussion,paragraph,70,"Topological analysis harvested core targets network also revealed some clues which may help to understand the therapeutic action of YSNJF. TP53, a typical tumor-inhibiting gene, was reported to upregulating the expression of BAX while downregulating Bcl-2 so that it could promote target cell apoptosis.",,False,3,5067d43e31a37a4a42c2ba2689a32401cb333d6dd64a226ac9214907022bc293,3
PMC13180395,42152956,10.2147/ndt.s586181,Cistanche deserticola Stem Extract Attenuates Depression Through NF-κB Pathway Modulation: Insights from Network Pharmacology and Experimental Validation,2026,Neuropsychiatric Disease and Treatment,"Jiang S, An Z, Hu Q, Song Y, Zhao X, Gao S, Jia Q, Xu B.",research-article,depression,psychiatric,Depression,IL1A|IL6|IL2|IFNG|STAT1|MAPK1|HIF1A|FOS|MMP9|MMP2|MPO|PTGS2|VCAM1|ICAM1|CXCL8|CXCL2|CCL2|CRP|SERPINE1|PPARG|IL10|TGFB1|HMOX1,high,18.0,hub,results of network pharmacology and in silico target analysis,paragraph,53,"Notably, 23 of the 25 hub targets (92%) were functionally associated with inflammatory processes, including inflammation-initiating factors (IL1A, IL6, IL2, and IFNG), signaling mediators (STAT1, MAPK1, HIF1A, and FOS), inflammatory effector molecules (MMP9, MMP2, MPO, PTGS2, VCAM1, ICAM1, CXCL8, CXCL2, CCL2, CRP, and SERPINE1), and anti-inflammatory regulators (PPARG, IL10, TGFB1, and HMOX1).",25,False,2,9511af7d887b747a34c974788a9ab802807d905abaf60a8175185289d129f809,23
PMC10800909,38260083,10.3389/fnut.2023.1306037,Integrated 16s RNA sequencing and network pharmacology to explore the effects of polyphenol-rich raspberry leaf extract on weight control,2023,Frontiers in Nutrition,"Wang T, Yang J, Huang Z, Wang F, Liu R, Liu Y, Li X.",research-article,,,,AKT1|TP53|TNF|IL6|VEGFA|PPARG|HIF1A|ESR1|ERBB2|CRP|MAPK1|PPARA,high,17.0,key,ppi networks and key target genes,paragraph,51,"Nodes that meet these three thresholds were considered as key target. A total of 12 potential key targets for treating obesity with RLE polyphenols were AKT1, TP53, TNF, IL-6, VEGFA, PPARG, HIF1A, ESR1, ERBB2, CRP, MAPK1, and PPARA.",12,True,2,1c314cd2584116cf95a636464e563c1c9b2b654dd5289aab118320c12d9930f9,12
PMC8643239,34873575,10.1155/2021/8141075,Research on the Mechanism of Guizhi to Treat Nephrotic Syndrome Based on Network Pharmacology and Molecular Docking Technology,2021,BioMed Research International,"He D, Li Q, Du G, Sun J, Meng G, Chen S.",research-article,,,,VEGFA|MAPK3|SRC|PTGS2|MAPK8,high,16.77777777777778,core,results,paragraph,2,"In PPI network, VEGFA, MAPK3, SRC, PTGS2, and MAPK8 were the core targets. GO and KEGG analyses showed that the main pathways of Guizhi in treating NS involved VEGF, Toll-like receptor, and MAPK signaling pathway.",,False,1,ed15e27add2cbe03cfd960084ef3c4250fa1ccf206403fe8dd7021aa06bd2f79,5
PMC11018190,38608062,10.1097/md.0000000000037829,Active substance and mechanisms of Actinidia chinensis Planch for the treatment of breast cancer was explored based on network pharmacology and in silico study,2024,Medicine,"Xu Y, Yang J, Han X, Gan C, Wei X.",research-article,breast_cancer,cancer,breast cancer,TP53|AKT1|ESR1|ERBB2|EGFR|JUN|HSP90AA1,high,20.0,core,4. discussion,paragraph,94,"After the key targets were placed in metascape to perform KEGG pathway and GO enrichment analysis, we identified 7 core targets, namely TP53, AKT1, ESR1, ERBB2, EGFR, JUN, and HSP90AA1.",7,True,3,ec394dec89d0d21ba921edce06286d7d50f13b32d4010527e1c5a77326c407bd,7
PMC11450433,39370810,10.3892/mmr.2024.13338,Exploring the anti‑oxidative mechanisms of Rhodiola rosea in ameliorating myocardial fibrosis through network pharmacology and in vitro experiments,2024,Molecular Medicine Reports,"Zhang L, Yin H, Xie Y, Zhang Y, Dong F, Wu K, Yang L, Lv H.",research-article,cardiac_fibrosis,cardiovascular,myocardial fibrosis,ALB|IL6|AKT1|MMP9|CASP3,medium,10.470588235294118,core,establishment of a rhodiola rosea database and visualization of the drug-active ingredient relationship network diagram,paragraph,22,"The primary five core targets were identified as serum ALB (Degree=81.0), IL6 (Degree=71.0), AKT1 (Degree=68.0), MMP9 (Degree=59.0) and CASP3 (Degree=57.0). Using the DAVID database, these targets were analyzed and 317 biological processes (BP), 52 cellular components (CC) and 76 molecular functions (MF) predominantly involved in the negative regulation of apoptosis, protein hydrolysis and cell proliferation were identified ( Fig.",,False,1,4f0578f4100a87e85370a3e6f8ec310c82c1acc298fd2b24d7d2b45759388e06,5
PMC11425098,39328512,10.1016/j.heliyon.2024.e37908,"Exploring resveratrol against Alzheimer's disease and Parkinson's disease through integrating network pharmacology, bioinformatics, and experimental validation strategy in vitro",2024,Heliyon,"Wu J, Tian Z, Wang B, Liu J, Bi R, Zhan N, Song D, He C, Zhao W.",research-article,alzheimer_disease,neurological,Alzheimer's disease,PLK4|FCGRT|PRKAR2A,high,15.068965517241379,core,results,paragraph,2,"Three core targets associated with AD and PD (PLK4, FCGRT, and PRKAR2A) were finally identified through comprehensive transcriptome analysis, and experimentally verified in cell models of AD and PD.",,False,1,8d006a86414872eaefea22f5d8af2acec805a5693a65d114ed75177f6a8d864d,3
PMC7607277,33163086,10.1155/2020/8897918,Network Pharmacology-Based Study on the Mechanism of Scutellariae Radix for Hepatocellular Carcinoma Treatment,2020,Evidence-based Complementary and Alternative Medicine : eCAM,"Wang Q, Liang Y, Peng C, Jiang P.",research-article,hepatocellular_carcinoma,cancer,Hepatocellular Carcinoma,TP53|CCND1|MYC|VEGFA|CTNNB1|RHOA|CCNA2|AR|HSP90AA1|CDK2|CDH1|CDK1|EP300|JUN,medium,15.0,core,4. discussion,paragraph,47,"The core targets were the nodes whose degree was more than twice the mean degree of the nodes in the PPI network. These targets included candidate protein targets (TP53, CCND1, MYC, VEGFA, CTNNB1, RHOA, CCNA2, AR, and HSP90AA1) and human other targets (CDK2, CDH1, CDK1, EP300, and JUN).",,False,4,6c8bc40431af42f31ac1908dc0274f662f468427db02150014961a63d9a1dd31,14
PMC11191986,38905402,10.1097/md.0000000000038315,Exploring the action mechanism of Gegensan in the treatment of alcoholic liver disease based on network pharmacology and bioinformatics,2024,Medicine,"Yang J, Zhuang Q, Tang K, Liu X.",research-article,,,,CYP1A1|CYP1A2|CXCL8|ADH1C|MMP1|SERPINE1|COL1A1|APOB,high,19.0,core,abstract,paragraph,0,"Further molecular docking showed that the core targets CYP1A1, CYP1A2, CXCL8, ADH1C, MMP1, SERPINE1, COL1A1, APOB, MMP1, and their corresponding 4 active ingredients, Naringenin, Kaempferol, Quercetin, and Stigmasterol, have a greater docking potential.",,False,4,563d57cfbf81cbe1ab475e21bb65e10497a81ac24d224744ba2afe28d69a7f76,8
PMC7289712,32536965,10.1186/s13020-020-00346-6,Mechanism of Dayuanyin in the treatment of coronavirus disease 2019 based on network pharmacology and molecular docking,2020,Chinese Medicine,"Ruan X, Du P, Zhao K, Huang J, Xia H, Dai D, Huang S, Cui X, Liu L, Zhang J.",research-article,,,,IL6|MAPK3|MAPK8|CASP3|IL10|IL1B|CXCL8|MAPK1|CCL2|IFNG|IL4,medium,15.0,core,discussion,paragraph,122,"The core gene map in Fig. 3 b shows that the top-ranking genes were IL6, MAPK3, MAPK8, CASP3, IL10, IL1B, CXCL8, MAPK1, CCL2, IFNG, IL4, etc.",,False,3,272f25bb5548f0605a13ddd24b8b37975adf39fdac0d34ecb0b3b11cbed4124f,11
PMC13096405,41807627,10.1038/s41598-026-41921-5,Mechanism of action of Astragalus membranaceus for treating diabetic foot ulcers based on single-cell RNA sequencing data and network pharmacology,2026,Scientific Reports,"Li X, Dong Y, Huang C, Zhou G, Ning Y, Liu Y, Zhang R, Yang Y, Chen N.",research-article,,,,MMP9|HSP90AA1|STAT1|NFKB1|EP300|TP53|SRC|BCL2,medium,16.0,hub,discussion,paragraph,50,"PPI and hub gene analyses prioritized eight candidate regulators ( MMP9 , HSP90AA1 , STAT1 , NFKB1 , EP300 , TP53 , SRC , and BCL2 ) as hub genes within the network.",,False,1,f42b7176018e296c14576c8d20446aed9033be42e8b73a3f22e1264f5eb6f4d6,8
PMC9253672,35800440,10.3389/fphar.2022.811030,Network Pharmacology and Data Mining Approach Reveal the Medication Rule of Traditional Chinese Medicine in the Treatment of Premenstrual Syndrome/Premenstrual Dysphoric Disorder,2022,Frontiers in Pharmacology,"Qu S, Qiao M, Wang J, Gao M, Chen D, Li S, Wei E, Guo Y.",research-article,,,,SLC6A4|SLC6A3|SLC6A2|NR3C1|ESR1|HTR2A,medium,13.0,core,construction of the interaction network of herb active ingredients and disease intersection targets and proteins,paragraph,124,"The greater the number of adjacent nodes, the more likely it becomes a core protein. The core proteins mainly included SLC6A4, SLC6A3, SLC6A2, NR3C1, ESR1, and HTR2A.",,False,7,9d15d47a4895d2fca8d42aa7e266721c3790bc2b78184c71059672c6f2b47994,6
PMC13282690,42322165,10.1111/jcmm.71253,"Solasodine, a Natural Steroidal Alkaloid, Attenuates RANKL‐Induced Osteoclastogenesis and Bone Resorption: A Study Based on Network Pharmacology and Experimental Validation",2026,Journal of Cellular and Molecular Medicine,"Jiang Y, Jin Z, Ji X, Wang M, Cao Z.",research-article,,,,SOAT1|JAK1|STAT3,medium,15.463414634146341,core,abstract,paragraph,0,"Pharmacological targets predicted via network pharmacology and validated by molecular docking identified 81 overlapping targets, which were primarily enriched in MAPK, NF‐κB, and JAK–STAT pathways, confirming robust affinity between SOL and core targets including NFκB1, JAK1/2, and STAT3.",,False,3,1660bffd4f5aff1f90cf2f0b59890663f60aa633ea3be6baa57b4f3ba3ec170f,3
PMC12810852,41544100,10.1371/journal.pone.0338723,"Integrative GC-MS, network pharmacology, and molecular dynamics elucidate synergistic anti-diabetic mechanisms of Chongqing Citrus reticulata ‘Dahongpao’ volatile oil via multi-target stabilization",2026,PLOS One,"Zhong W, Xiong Y, Luo J, Ahmad S, Wang J.",research-article,,,,PPARA|NR1H4|PTGS2|FABP1|HMGCR|ESRRA|CYP19A1|NR3C1|G6PD,high,17.0,core,conclusions,paragraph,148,"Network pharmacology revealed 36 diabetes-related targets, with nine core targets (PPARA, FXR, PTGS2, FABP1, HMGCR, ESRRA, CYP19A1, NR3C1, G6PD) implicated in nuclear receptor signaling, lipid metabolism, and inflammatory pathways.",,False,1,556a87ca7a8ebf35065e06a006f04cea86311bc60a99f725f8228547f543dad9,9
PMC12597982,41221088,10.1002/fsn3.71133,Based on Network Pharmacology and Gut Microbiota to Explore the Underlying Mechanism of Huangqi Gegen Decoction for Treating Metabolic‐Associated Fatty Liver Disease,2025,Food Science & Nutrition,"Li L, Zhang Y, Zhou C, Yang C, Rao C, Zhang D, Ai X, Shao X, Zhou J, Yang Y, Lei S.",research-article,,,,MCC|PTGS2|JUN|VEGFA|STAT3|MMP9|AKT1|IL6|TP53|TNF|CASP3,high,19.0,hub,integration of the ppi network and analysis of hub gene,paragraph,75,"Specifically, the MCC (Maximal Clique Centrality) algorithm was applied to pinpoint the top 10 hub genes in the context of HQGG treatment for MAFLD (Figure 5C ), which were PTGS2, JUN, VEGFA, STAT3, MMP9, AKT1, IL6, TP53, TNF, and CASP3.",10,True,3,4b46d25d33f1a7863c8e736bfb6af1a827262bd9debd799f52f97e34848c2ba0,11
PMC11471080,39399124,10.2147/dddt.s480248,Network Pharmacology and Experimental Verification: SanQi-DanShen Treats Coronary Heart Disease by Inhibiting the PI3K/AKT Signaling Pathway,2024,"Drug Design, Development and Therapy","Zhao M, Feng L, Li W.",research-article,coronary_heart_disease,cardiovascular,Coronary Heart Disease,AKT1|TNF|TP53|IL6|VEGFA,high,17.0,key,results,paragraph,2,"The key targets identified include AKT1, TNF, TP53, IL6, and VEGFA. Notably, the PI3K/AKT signaling pathway emerged as the primary pathway.",,False,2,2982dcbafd74568195e709266e0b833d823b2e05c00bf44b79e4e9aaa4550865,5
PMC12944351,41754829,10.3390/ph19020289,"Mechanistic Investigation of Astragalus Root in the Management of T2DM-NAFLD Comorbidity: An Integrated Network Pharmacology, Molecular Docking, Molecular Dynamics Simulation, and In Vitro Study",2026,Pharmaceuticals,"Li J, Shao N, Gao Y, Li B, Liang Y, Yang Y, Li J.",research-article,nonalcoholic_fatty_liver,hepatic_metabolic,NAFLD,IL6|AKT1|JUN|TNF|CASP3|ESR1,high,17.0,core,3. discussion and conclusions,paragraph,37,"Molecular docking analysis demonstrated that formononetin, the principal bioactive constituent of Astragalus root, exhibited strong binding affinity toward core targets, including IL-6, AKT1, JUN, TNF, CASP3, and ESR1.",,False,1,f7ca84e8f16718573260eda78a1a141ebd417497d5bff8b57d7e9bbdc13575c9,6
PMC12086034,40391004,10.1155/abb/6687606,Network Pharmacology Study on the Mechanisms of Panax Notoginseng in the Treatment of Diabetic Retinopathy and Cataract,2025,Applied Bionics and Biomechanics,"Zhang T, Ji G, Feng T, Lin X, Wang L, Xu Y, Shi P, Liang W.",research-article,,,,SRC|JAK2|IGF1R|EGFR,high,16.80952380952381,key,abstract,paragraph,3,"Molecular docking indicated that four key targets (SRC, JAK2, IGF1R, and EGFR) effectively bind to the active components of P. notoginseng .",,False,3,adab63d7c3d87e44cc85ffc3251f6a2db3d0c85b59fb37b2fedace4347078bc9,4
PMC8357467,34394391,10.1155/2021/6658395,Mechanism of Fei-Xian Formula in the Treatment of Pulmonary Fibrosis on the Basis of Network Pharmacology Analysis Combined with Molecular Docking Validation,2021,Evidence-based Complementary and Alternative Medicine : eCAM,"Chen XL, Tang C, Xiao QL, Pang ZH, Zhou DD, Xu J, Wang Q, Zhao YX, Zhu QY.",research-article,pulmonary_fibrosis,respiratory,Pulmonary Fibrosis,PTGS2|NOS2|CDK2|GSK3B|CCNA2|PPARG|MAPK14|CASP3|BCL2|RELA,medium,15.0,core,4. discussion,paragraph,24,"According to the node degrees in our constructed core component-target network, PTGS2, NOS2, CDK2, GSK3B, CCNA2, PPARG, MAPK14, CASP3, BCL2, and RELA were suggested as core targets of FXF for the treatment of pulmonary fibrosis.",,False,3,4247902d609648765148fb133559a3e41f0c195886beb3b6e8258f0506389cf2,10
PMC12582814,41261722,10.1097/md.0000000000045621,Mechanism of Liangxue Jiedu oral liquid in the treatment of psoriasis vulgaris based on network pharmacology and molecular docking,2025,Medicine,"Yang J, Tong Y, Wang W.",research-article,psoriasis,dermatologic_autoimmune,psoriasis,TNF|ALB|IL6|TP53|IL1B,medium,9.702702702702702,core,4. discussion,paragraph,35,"A PPI network of common targets of the disease and active compounds was established using the STRING database with 27 core targets screened via Cytoscape software package, including the main targets TNF, ALB, IL6, TP53, and IL1B.",27,False,2,e36c824e5dde6843f07336b44cdf79bb9099adf6fa62ace59b60e574b7ca4b09,5
PMC9396374,36017263,10.3389/fpls.2022.934130,Network pharmacology analysis and experimental verification reveal the mechanism of the traditional Chinese medicine YU-Pingfeng San alleviating allergic rhinitis inflammatory responses,2022,Frontiers in Plant Science,"Liu Z, Sun Q, Liu X, Song Z, Song F, Lu C, Zhang Y, Song X, Yang Y, Li Y.",research-article,,,,EGFR|MAPK1|AKT1|AR,high,17.5,hub,abstract,paragraph,0,"Finally, three hub gene targeting epidermal growth factor receptor (EGFR), mitogen-activated protein kinase 1 (MAPK1), and protein kinase B1 (AKT1) related to YPFS and AR were identified by network pharmacology analysis.",,False,4,e80bb76b63ee20faf4dd4ea67b541b638ab6267f95f524f6a1cafc1a513599e1,4
PMC12832263,41601832,10.3389/fmed.2025.1708952,Investigation of the pharmacological mechanisms of Denglao Qingguan decoction in inhibiting viral pneumonia through network pharmacology and in vitro laboratory validation,2025,Frontiers in Medicine,"Lei B, Wang S, Li X, Chen F, Lu W, Liu B, Chen X, Chen R, Cui Z, Li A, Ren X, Yu L, Ma Q.",research-article,pneumonia,respiratory_infectious,pneumonia,STAT3|AKT1|PIK3CA|PIK3R1|JUN|MAPK1,medium,14.428571428571429,core,discussion,paragraph,94,"Through the construction of a comprehensive PPI network, we identified six core targets, including STAT3, AKT1, PIK3CA, PIK3R1, JUN, and MAPK1, which are likely central to the mechanism of action of DLQGD in viral pneumonia.",,False,4,c8ed56be66fa39b70136a2391a3d6efb764b421b067ff5eb092e16d2d18bccaf,6
PMC11334046,39171177,10.4251/wjgo.v16.i8.3635,"Curcumin for gastric cancer: Mechanism prediction via network pharmacology, docking, and in vitro experiments",2024,World Journal of Gastrointestinal Oncology,"Yang PH, Wei YN, Xiao BJ, Li SY, Li XL, Yang LJ, Pan HF, Chen GX.",research-article,gastric_cancer,cancer,gastric cancer,ESR1|EGFR|CYP2B6|CYP3A4|MAPK14|CYP1A2,high,22.307692307692307,hub,results,paragraph,3,"Following PPI analysis, 6 hub targets were identified, namely, estrogen receptor 1 ( ESR1 ), epidermal growth factor receptor ( EGFR ), cytochrome P450 family 3 subfamily A member 4 ( CYP3A4 ), mitogen-activated protein kinase 14 ( MAPK14 ), cytochrome P450 family 1 subfamily A member 2 ( CYP1A2 ), and cytochrome p450 family 2 subfamily B member 6 ( CYP2B6 ).",6,True,3,69351dd30b66d3c217c984374e5854af0179750245219fa4dce31de60d3b592d,6
PMC9013574,35480085,10.1155/2022/5070086,Mechanism of Jujube ( Ziziphus jujuba Mill.) Fruit in the Appetite Regulation Based on Network Pharmacology and Molecular Docking Method,2022,Contrast Media & Molecular Imaging,"Zhu Y, Huang J, Shen T, Yue R.",research-article,,,,MAOA|MMP2|HSPB1,medium,13.714285714285715,key,results,paragraph,2,"Three key targets (MAOA, MMP2, and HSPB1) were screened out by MCODE analysis. KEGG enrichment analysis was mainly enriched in neuroactive ligand-receptor interaction, serotonin-containing synapse, gap junction, cAMP signaling pathway, and dopaminergic synapse.",,False,5,0d69d06b735fd42ef96e38e7e0e899877b31e13dcfc5f32af2a15b1605e64f28,3
PMC12567495,41155650,10.3390/ph18101534,"The Hepatoprotective Properties of the Revised Formulation of Dahuang Xiaoshi Tang, an Ancient Chinese Herbal Decoction, Are Probed by Integrated Metabolomics and Network Pharmacology",2025,Pharmaceuticals,"Kong X, Wang X, Ren H, Yao Y, Zhang H, Li H, Li H, Cheng Y, Song Z, Pei M, Tsim KWK.",research-article,,,,CYP3A4|CYP1A2|CYP2B6|CYP1A1|GSTP1|GSTM1,medium,10.157894736842106,key,2.5.1. target screening and interaction analysis,paragraph,31,"Key targets, such as CYP3A4, CYP1A2, CYP2B6, CYP1A1, GSTP1, and GSTM1, appear in both the PPI network and core subnetworks, and are crucial for DXT-M’s role in modulating metabolism, as detailed in Section 2.4.2 .",,False,2,284a58bf9917c8a14a4fcc5dbdf1579369233302708694ed913cee9866c4d878,6
PMC9869961,36699068,10.3389/fphar.2022.1072547,Study on the mechanism of action of Scutellaria barbata on hepatocellular carcinoma based on network pharmacology and bioinformatics,2022,Frontiers in Pharmacology,"Yang AY, Liu HL, Yang YF.",research-article,hepatocellular_carcinoma,cancer,hepatocellular carcinoma,CDK1|CDK4|SRC|E2F1,high,16.857142857142858,core,abstract,paragraph,2,"The core targets were CDK1, CDK4, SRC, and E2F1. A total of 3056 GO enrichment entries were obtained, and 180 enrichment results were obtained by KEGG pathway analysis.",,False,5,ac27c14bc516d73ecc7c9fdb80e11da319218d348a74a4c78efa7778598157d3,4
PMC11284526,39076591,10.3389/fphar.2024.1415422,"Exploring the mechanisms of Qingdu Fang for the treatment of cervical HR-HPV using UPLC-QTOF-MS, network pharmacology, and cell experimentation",2024,Frontiers in Pharmacology,"Wang S, Li G, Wang Z, Luo Q, Zeng J, Xiao J.",research-article,,,,TP53|JUN|AKT1|STAT3|TNF|ESR1|IL6|HSP90AA1,medium,13.0,core,3.2.4 ppi network of qdf targets for the treatment of hr-hpv,paragraph,37,"Core targets were identified with a screening condition of count ≥3 times. The results indicate that TP53, JUN, AKT1, STAT3, TNF, ESR1, IL6, and HSP90AA1 could be potential targets for treating HR-HPV with QDF ( Figure 4B ).",,False,2,cd139f1d6aad1a1fe2365a972d7d18c37fe1f77f30c526d88c25be02237f0165,8
PMC9300327,35873639,10.1155/2022/6944792,Network Pharmacology-Based Investigation on the Mechanism of the JinGuanLan Formula in Treating Acne Vulgaris,2022,Evidence-based Complementary and Alternative Medicine : eCAM,"Gholais NS, Shi C, Zhang J, Liao B, Albarmaqi RA, Tang X, Mi L.",research-article,acne,dermatologic,Acne,TNF|JUN|IL6|STAT3|MAPK1|MAPK3,high,16.4,core,result,paragraph,2,"Among the 97 potential therapeutic targets that were screened out, the 6 core targets were TNF, JUN, IL6, STAT3, MAPK1, and MAPK3. A total of 2260 terms of GO enrichment analysis were obtained, including 2090 for biological processes (BP), 37 for cellular components (CC), and 133 for molecular function (MF).",,False,1,bc2e0b93ffe70cd615c531e545dbc1016bb17d62dea36431228a24535f925eb3,6
PMC12440942,40970090,10.3389/fcell.2025.1629110,"Mechanism of Huaiqihuang (HQH) against cyclophosphamide (CYP)-induced hippocampal neurotoxicity based on network pharmacology, molecular docking and experimental verification",2025,Frontiers in Cell and Developmental Biology,"Zhang Y, Huang F, Zhai J, Sun J, Li B, Zhang S.",research-article,,,,HSP90AA1|TP53|MAPK1|AKT1|RELA|TNF,high,18.0,core,results,paragraph,2,"Network pharmacology identified core targets including HSP90AA1, TP53, MAPK1, AKT1, RELA, TNF. Molecular docking revealed that TNF, HSP90AA1, TP53, and MAPK1 had strong binding affinities with CYP.",,False,4,e7c96c821e2e646a42c956bbe8b3832d78979367e62df5cc4da65de802947592,6
PMC10832243,38303001,10.1186/s12906-024-04347-y,Network pharmacology study to explore the multiple molecular mechanism of SH003 in the treatment of non-small cell lung cancer,2024,BMC Complementary Medicine and Therapies,"Lee K, Choi YJ, Lim HI, Cho KJ, Kang N, Ko SG.",research-article,lung_cancer,cancer,non-small cell lung cancer,TP53|JUN|AKT1|STAT3|MAPK3,high,18.125,hub,results,paragraph,2,"Network analyses spotlighted 79 hub genes, including TP53 , JUN , AKT1 , STAT3 , and MAPK3 , crucial in NSCLC treatment. GO and KEGG analyses underscored SH003’s multifaceted anti-NSCLC effects from a genetic perspective.",,False,2,97592c72841ba7b25ccb9c4207097965141fd319be161bad3751e516008cc52c,5
PMC8923798,35299895,10.1155/2022/5988310,Molecular Mechanism of Gleditsiae Spina for the Treatment of High-Grade Serous Ovarian Cancer Based on Network Pharmacology and Pharmacological Experiments,2022,BioMed Research International,"Zhang B, Dan W, Zhang G, Wang X.",research-article,ovarian_cancer,cancer,Ovarian Cancer,PIK3CA|CTNNB1|HPSE|AKT1,high,15.758620689655173,core,3.2.6. molecular docking and molecular dynamic simulation results,paragraph,51,"The two core potential compounds luteolin and genistein were molecularly docked with the four core targets PIK3CA, CTNNB1, HPSE, and AKT1 to obtain the group receptor-ligand docking results.",,False,1,a7d2cf964f8fae0060f80e4d1982fd86b66eea71e1cdf4060d7cfc8a3f0aae60,4
PMC7768820,33381034,10.3389/fphar.2020.581984,The Underlying Mechanism of Paeonia lactiflora Pall. in Parkinson’s Disease Based on a Network Pharmacology Approach,2020,Frontiers in Pharmacology,"Du W, Liang X, Wang S, Lee P, Zhang Y.",research-article,,,,AKT1|CAT|TNF|CASP3|PTGS2,high,17.941176470588236,core,abstract,paragraph,2,"lactiflora (kaempferol, ß-sitosterol, betulinic acid, palbinone, paeoniflorin and (+)-catechin) as well as six core targets strongly related to PD treatment [AKT1, interleukin-6, CAT, Tumor necrosis factor (TNF), CASP3, and PTGS2] were identified.",,False,4,9442cfb7ae270634322708105c598c85eb81db3db4df79aaca4462ab9d32e442,5
PMC11402759,39286188,10.1016/j.heliyon.2024.e37249,Mechanism of modified danggui buxue decoction in glucocorticoid-induced osteoporosis: A discussion based on network pharmacology and molecular docking,2024,Heliyon,"Chen YZ, Zhou Y, Chen JL, Luo YP, Feng CZ, Fan XH.",research-article,osteoporosis,musculoskeletal,osteoporosis,TP53|JUN|MAPK3|AKT1|MAPK1|RELA|ESR1|CTNNB1|MAPK14|FOS,medium,12.0,key,key targets and active compounds in dgbxd identified as potential therapeutic agents for giop through a network analysis,paragraph,30,"The key target genes comprised TP53 (degree = 72), JUN (degree = 70), MAPK3 (degree = 68), AKT1 (degree = 66), MAPK1 (degree = 64), RELA (degree = 60), ESR1 (degree = 54), CTNNB1 (degree = 54), MAPK14 (degree = 50), and FOS (degree = 50) ( Fig.",,False,3,b1a85537d64b6f2f2269587d014b344cdc046c59b48e715a500a4916dea7f082,10
PMC7808160,33458543,10.1021/acsomega.0c05550,Elucidation of the Mechanisms and Molecular Targets of Shuanglian Decoction for the Treatment of Hepatocellular Carcinoma Based on Network Pharmacology,2021,ACS Omega,"He K, Chen H, Cao T, Lin J.",research-article,hepatocellular_carcinoma,cancer,Hepatocellular Carcinoma,CYP3A4|CYP1A2|PPP3CA|PTGS2|CDK1|SLC17A5|HYCC1,high,17.45614035087719,core,abstract,paragraph,0,"CYP3A4 was the core gene and other several genes including CYP1A2, PPP3CA, PTGS2, CCCNB1, and CDK1 were the key genes in the gene-pathway network of SLD for the treatment of HCC. The results indicated that SLD’s effects against HCC may relate to the regulation of an antioxidant function through specific biological processes and related pathways.",,False,2,cf8ad3794598cc208cf7763cda16fd74f6c43a8ab4a90d83a41b9ce195a676c6,7
PMC11546154,39524878,10.1016/j.heliyon.2024.e39292,The mechanism of wen jing tang in the treatment of endometriosis: Insights from network pharmacology and experimental validation,2024,Heliyon,"Hu X, Guo X, Wei D, Yue J, Zhang J, Wang B.",research-article,endometriosis,gynecologic,endometriosis,AKT1|IL6|TNF|IL1B|TP53|ESR1|EGFR|STAT3|HIF1A|PTGS2,high,23.0,core,ppi network analysis results,paragraph,48,"The top 10 core target genes were selected using the CytoHubba plug-in, namely AKT1, IL6, TNF, IL1B, TP53, ESR1, EGFR, STAT3, HIF1A, and PTGS2 ( Table 3 , Fig. 5 C).",10,True,4,0e0897277df6f62e74931a44d91b79f785f3c8795ea0d9f051b91224709a32bb,10
PMC12389041,40872344,10.3390/pathogens14080834,Study on the Mechanism of RuHaoDaShi Granules in Treating H1N1 Viral Pneumonia Based on Network Pharmacology and Experimental Validation,2025,Pathogens,"Chen A, Chen T, He Y, Yang J, Wan H.",research-article,pneumonia,respiratory_infectious,Pneumonia,GPX4|SLC7A11|TFRC|SETD2|COX2|ACSL4,medium,13.538461538461538,key,figure,caption,34,"Effect of RHDS on the expression levels of key genes and proteins on the GPX4/SLC7A11/Nrf2 pathway in mice infected with H1N1: ( A ) the level of FSP1 gene mRNA; ( B ) the level of VEGF gene mRNA; ( C ) the level of CD71 gene mRNA; ( D – F ) the relative expression level of GPX4, Nrf2, and SLC7A11 ( n = 3); ( G ) Images of the expression of proteins; ( H – J ) the relative expression level of HIF-1α, COX2, and ACSL4 ( n = 3).",,False,2,a3457146102214f73dc47e7010a2a2948c22585d95e20de05c05393ed48df601,6
PMC10288138,37361210,10.3389/fphar.2023.1178734,Exploring the potential mechanisms of Shiwei Hezi pill against nephritis based on the method of network pharmacology,2023,Frontiers in Pharmacology,Wei L.,research-article,,,,TNF|AKT1|PTGS2|NR0B2,medium,14.403508771929825,key,abstract,paragraph,2,"Our results demonstrated that TNF, AKT1 and PTGS2 might be the key targets of SHP in the treatment of nephritis. GO enrichment analysis yielded 2163 GO entries ( p < 0.05), including 2,014 entries of the biological process (BP) category, 61 entries of the cell composition (CC) category and 143 entries of the molecular function (MF) category.",,False,2,bcb83ad02617373a9b052beb8647e3887a061d043d92c736f6c064345db8e014,4
PMC11666830,39723092,10.1002/fsn3.4587,Evaluation of the Potential Targets of Shenxian–Shengmai Oral Liquid in Treating Sick Sinus Syndrome Based on Network Pharmacology and Molecular Docking,2024,Food Science & Nutrition,"Hou P, Zhang H, Min DY, Wu J, Chen C, Wang J, Lu YP, Yao YJ, Li LK, Liu Y.",research-article,,,,PPARG|COMT|MTOR|CACNA1C|KCNH2|BMP4|KCNQ1|KCNMA1|PTPN11|ADRB2|CACNA2D1|CACNA1H|CHRM1|ICAM1|VCAM1|CASP8|CYP2D6,high,18.0,core,ppi network for common targets of sxsm and sss,paragraph,47,"According to the topological parameters, 17 core targets were screened out, which included PPARG, COMT, MTOR, CACNA1C, KCNH2, BMP4, KCNQ1, KCNMA1, PTPN11, ADRB2, CACNA2D1, CACNA1H, CHRM1, ICAM1, VCAM1, CASP8, and CYP2D6.",17,True,2,0857508b1b03f14029577f5876386e0788c9a51dfd714dfa1ae4492a44bdd6b3,17
PMC9504917,36145261,10.3390/ph15091038,Exploring the Underlying Mechanism of Ren-Shen-Bai-Du Powder for Treating Inflammatory Bowel Disease Based on Network Pharmacology and Molecular Docking,2022,Pharmaceuticals,"Jin N, Liu Y, Xiong P, Zhang Y, Mo J, Huang X, Zhou Y.",research-article,inflammatory_bowel_disease,gastrointestinal,Inflammatory Bowel Disease,CYP1B1|SRC|ESR2|ABCG2|CYP19A1|AHR|CA4|ALOX5|ABCC1|ESR1|NOS2,medium,17.0,core,figure,caption,62,Molecular docking model of vital active ingredients and core targets. ( a ) Quercetin−CYP1B1; ( b ) Quercetin−SRC; ( c ) Quercetin−ESR2; ( d ) Kaempferol−ABCG2; ( e ) Kaempferol−CYP19A1; ( f ) Kaempferol−AhR; ( g ) Luteolin−ABCG2; ( h ) Luteolin−CA4; ( i ) Luteolin−ALOX5; ( j ) Luteolin−ABCC1; ( k ) Naringenin−ESR1; ( l ) Ergosterol peroxide−NOS2.,,False,4,82a11efd81666e10025ff9856d5df4bbac51a91d821af990a4dd90cffe68aa18,11
PMC10973190,38550331,10.1016/j.jsps.2024.102026,"Exploring the therapeutic mechanism of potential phytocompounds from Kalanchoe pinnata in the treatment of diabetes mellitus by integrating network pharmacology, molecular docking and simulation approach",2024,Saudi Pharmaceutical Journal : SPJ,"Halayal RY, Bagewadi ZK, Aldabaan NA, Shaikh IA, Khan AA.",research-article,diabetes,metabolic,diabetes mellitus,AMY2A|NOX4|RPS6KA3|ADRA2A|CHRM5|IL2|PPARA,high,19.0,core,abstract,paragraph,5,"AMY2A, NOX4, RPS6KA3, ADRA2A, CHRM5, and IL2 were identified as core targets for luteolin, kaempferol, alpha amyrin, stigmasterol compounds by modulating neuroactive ligand interaction, P13-AKT, MAPK, and PPAR signaling pathways.",,False,3,6bfcb813dd33471d998c56bfafb82b78748406f31b4e074e5a9e5fd3b90921e3,7
PMC8410425,34484411,10.1155/2021/9988650,Exploring the Biological Mechanism of Huang Yam in Treating Tumors and Preventing Antitumor Drug-Induced Cardiotoxicity Using Network Pharmacology and Molecular Docking Technology,2021,Evidence-based Complementary and Alternative Medicine : eCAM,"Zhang H, Dan W, He Q, Guo J, Dai S, Hui X, Meng P, Cao Q, Yun W, Guo X.",research-article,,,,TP53|RPS27A|UBC,medium,14.666666666666666,core,abstract,paragraph,0,"The components with higher median values in the network were molecularly docked with the core targets. The network contained 10 compounds, including daucosterol, delusive, dioxin, panthogenin-B, and 124 targets, such as TP53, RPS27A, and UBC.",,False,1,17239a7199122c880a4944658a0a9358638e6d2ea151cbc10103ca3eec7483f2,3
PMC10343517,37446707,10.3390/molecules28135045,"Exploring the Mechanism of Hepatotoxicity Induced by Dictamnus dasycarpus Based on Network Pharmacology, Molecular Docking and Experimental Pharmacology",2023,Molecules,"Gao P, Chang K, Yuan S, Wang Y, Zeng K, Jiang Y, Tu P, Lu Y, Guo X.",research-article,,,,ALB|CYP2E1|CYP1A2|CYP3A4|CYP2C9|ABCB1|AHR|TNF|UGT1A9|GSTP1|DCX,medium,12.0,key,2.2. construction of a protein-protein interaction (ppi) network of dc hepatotoxicity,paragraph,7,"The degree values of the nodes were calculated in Cytoscape 3.7.2, and the top 10 targets, ALB, CYP2E1, CYP1A2, CYP3A4, CYP2C9, ABCB1, AHR, TNF, UGT1A9 and GSTP1, were potential key targets that played a significant role in DC hepatotoxicity.",,False,4,ce2da473d92f84921fa239f4fea15d42c17967aee37b6f3907ef1480f6d73d0a,11
PMC11346898,39183406,10.1097/md.0000000000039384,Network pharmacology and molecular docking reveal potential mechanisms of ginseng in the treatment of diabetes mellitus-induced erectile dysfunction and asthenospermia,2024,Medicine,"Liu L, Zhang Y, Yang J, Chen W, Lan K, Shi Y, Zhang X, Xing X.",research-article,diabetes,metabolic,diabetes mellitus,TNF|IL1B|AKT1|PTGS2|BCL2|JUN,high,17.666666666666668,core,abstract,paragraph,0,"Core targets of the protein–protein interaction network included TNF, IL-1β, AKT1, PTGS2, BCL2, and JUN. Kyoto Encyclopedia of Genes and Genomes enrichment analysis showed that they were mainly involved in AGE-RAGE signaling pathway in diabetic complications, TNF signaling pathway, Lipid and atherosclerosis.",,False,4,9bcd7ad3f03c83f5ba2c2eaaddfe4c814d6d6f855b97273ac2ce263053e880ff,6
PMC12787952,41515060,10.3390/plants15010115,Integrating Network Pharmacology and Experimental Validation: Mechanistic Study of the Anti- Porphyromonas gingivalis and Anti-Inflammatory Effects of Berberis hemsleyana Ahrendt Extract,2025,Plants,"Yang G, Gui M, Dong H, Zhuoma D, Li X, Shen T, Guo H, Yuan R, Li L.",research-article,,,,BCL2|BCL2L1|BIRC5|CASP1|CASP3|CASP7|CASP8|CASP9|CDK9|IL1B|MCL1|RELA|STAT1|STAT3,high,17.636363636363637,core,molecular docking validation,paragraph,100,"Based on the values of relevant targets degree, betweenness centrality, and closeness centrality, the frequency of active components, and the relevant literature, 17 active components including Calenduloside E, Tarasaponin VI, Cucurbitacin E, Echinacoside B, Hesperetin 7-O-neohesperidoside, Citric Acid, Luteolin, Dihydroberberine, Quercetin, Syringaresinol, Liriodendrin, Magnoflorine, Berbamine, Matrine, Aesculetin, and Betaine—were selected for molecular docking with 14 core targets (BCL2, BCL2L1, BIRC5, CASP1, CASP3, CASP7, CASP8, CASP9, CDK9, IL1B, MCL1, RELA, STAT1, and STAT3) ( Figure 7 ).",14,True,4,5d19f084bd8127c41fec97b3804767c768039191ab3bdb610158bda8e17373f4,14
PMC10027700,36959927,10.3389/fpls.2023.1144583,Insights into the mechanisms of triptolide nephrotoxicity through network pharmacology-based analysis and RNA-seq,2023,Frontiers in Plant Science,"Luo YM, Yang SD, Wen MY, Wang B, Liu JH, Li ST, Li YY, Cheng H, Zhao LL, Li SM, Jiang JJ.",research-article,,,,OTSC1|STAT3|TNF|JUN|CMAS,medium,9.040816326530612,top,potential targets of tpl nephrotoxicity predicted by network pharmacology-based analysis,paragraph,21,"The contribution scores of 17 OTs were shown in Figure 2C , among which STAT3, TNF and JUN rank the top 3 genes with ≥ 11 gene nodes. By ranking the CSs, genes with CSs ≥ 4 were regarded as candidate targeted genes related to TPL renal toxicity (CTGs-TPL) ( Figure 2C ).",,False,1,3b27ae209f894ee745e48102673cebf93e4da8baf2f3b9ce3d7d9717715b26ea,5
PMC12462212,40993792,10.1186/s41065-025-00551-z,"Unveiling the mechanisms of yanhusuo’s therapeutic effects in neuropathic pain through network pharmacology, single-cell RNA sequencing, and molecular docking",2025,Hereditas,"Liu R, Yu M, Zhuang K, Liu T, Suo S, Dong H.",research-article,neuropathic_pain,neurological,neuropathic pain,ACTB|PPP1CA|MAPK3|PTEN,high,16.424242424242426,hub,results,paragraph,2,"PPI analysis suggests that ACTB, PPP1CA, ERK1, and PTEN may be the hub nodes with maximal centrality. KEGG pathway enrichment highlighted the focal adhesion pathway as pivotal in Yanhusuo’s anti-NP activity.",,False,4,74cab61dfb666e5e9ade67c4757a254c994fa906002f971004ac00f83bc5e05e,4
PMC11479432,39465851,10.1097/md.0000000000039309,Integrated network pharmacology and transcriptomics to reveal the mechanism of Passiflora against depressive disorder: An observational study,2024,Medicine,"Wang W, Zhai GQ, Xin M, Li J, Liao JJ, Liang J, Li CB.",research-article,,,,TNF|IL1B|IL6|IL17A|EGR1|THBS1,medium,11.4,key,4. discussion,paragraph,32,"This is related to the synergistic activity of its key active ingredients, such as Harmaline, Harmine, Quercetin, and Kaempferol, with proteins such as TNF-α, IL-1β, and IL-6, which jointly regulate signaling pathways such as IL-17, NF-kappa B, and TNF in key targets EGR1 and THBS1.",,False,1,e26c1aeef24484c3e453bb5a6a4493b3b8a019adeaa6bc84d8634ba21f6da81c,6
PMC12091606,40388786,10.1097/md.0000000000042466,Exploration of Liuwei Dihuang Pill on periodontitis based on network pharmacology and molecular docking,2025,Medicine,"Luo Y, Liu C, Liu J, Wang H, Fu Y, Liu Y.",research-article,periodontitis,oral,periodontitis,TNF|AKT1|SRC|EGFR|MMP9,high,13.325581395348838,key,5. conclusion,paragraph,46,"TNF, AKT1, SRC, EGFR, and MMP9 are the key targets and the TNF signaling pathway, the PI3K-Akt signaling pathway are the key pathways. LWDHP treats periodontitis through actions such as anti-inflammatory and regulation of the balance between osteogenesis and bone destruction.",,False,1,cf5f3813b15092354c17b5999527ce80a3e910fceb0a45dff9db4633aa1f46ce,5
PMC10783272,38222693,10.1097/ms9.0000000000001464,Exploring the mechanism of Si-Ni-San against depression by UPLC-Q-TOF-MS/MS integrated with network pharmacology: experimental research,2024,Annals of Medicine and Surgery,"Jia K, Li C, Xu M, Dai G, Zhou J, Chen B, Zou J, Li J, Zhang Q, Ju W.",research-article,depression,psychiatric,depression,AKT1|PIK3R1|PIK3CA|MAPK1|MAPK8,high,15.857142857142858,key,results:,paragraph,2,"AKT1, PIK3R1, PIK3CA, mTOR, MAPK1 and MAPK8 were the key targets. Furthermore, PI3K-Akt signalling pathway, serotonergic synapse, MAPK signalling pathway and neurotrophin signalling pathway were involved in the antidepressant mechanism of Si-Ni-San.",,False,1,77be4e42e32d59a951aed57700854dab466f3428a603e4fd3996ab58de6b2521,5
PMC10627606,37933032,10.1097/md.0000000000035642,Identification of biomarkers of acne based on transcriptome analysis and combined with network pharmacology to explore the therapeutic mechanism of Jinhuang ointment,2023,Medicine,"Li M, Gao X, Miao T, Sun H.",research-article,acne,dermatologic,acne,CXCL8|ESR1|IL1B|MMP1|MMP3,high,17.63157894736842,core,abstract,paragraph,0,"JHO active components may regulate skin cell metabolism and inflammatory response and improve cellular immune microenvironment by acting on core targets (CXCL8, ESR1, IL-1 β, MMP1, MMP3, secretory phosphoprotein 1), thus achieving the purpose of treating acne.",,False,7,88ba94ee0a246e51d6ba1e0e7f23f5087cd3f47a9a5f7731aeb90a78fdaf602f,5
PMC6593161,31275142,10.3389/fphar.2019.00650,Target Identification of Active Constituents of Shen Qi Wan to Treat Kidney Yang Deficiency Using Computational Target Fishing and Network Pharmacology,2019,Frontiers in Pharmacology,"Zhang JY, Hong CL, Chen HS, Zhou XJ, Zhang YJ, Efferth T, Yang YX, Li CY.",research-article,,,,SRC|MAPK14|HRAS|HSP90AA1|F2|LCK|CDK2|MMP9,high,19.0,hub,results of qpcr for candidate target genes,paragraph,103,"The hub genes were identified in the PPI network with high degree of connectivity. Among them, SRC, MAPK14, HRAS, HSP90AA1, F2, LCK, CDK2 , and MMP9 were closely related to the emperor’s constituents.",,False,4,411b3f82644468d8df935d918db4d3c5548a17a64626be7c98c7e055e8db5cc6,8
PMC12563024,41150746,10.3390/cimb47100798,"Cinnamomum migao H.W. Li Ethanol-Water Extract Suppresses IL-6 Production in Cardiac Fibroblasts: Mechanisms Elucidated via UPLC-Q-TOF-MS, Network Pharmacology, and Experimental Assays",2025,Current Issues in Molecular Biology,"Lu Y, Li Y, Zhu C, Guo M, Liu X, Chen X.",research-article,,,,CFTR|IL6|ADRB2,medium,14.463414634146341,key,abstract,paragraph,0,"An isoproterenol (ISO)-induced rat CF model was established to evaluate the effects of MG-EWE and its main monomers, Laurolitsine and Hecogenin, on cell proliferation, migration, collagen metabolism, IL-6 production, and key proteins in the ADRB2/JNK signaling pathway.",,False,3,cb21d9739e1d6d515115e1367ecda3a5ef9262e536a0e7b72e3fd67b81c4c1e8,3
PMC12277270,40692617,10.3389/fbioe.2025.1618575,Investigating the molecular mechanisms of the “Astragalus-Codonopsis” herb pair in treating diabetes: a network pharmacology and bioinformatics approach with molecular docking validation,2025,Frontiers in Bioengineering and Biotechnology,"Yang J, Li M, Zhu Z, Han F, Ma Y, Hou J, Zhao Q, Yuan H, Li X.",research-article,diabetes,metabolic,diabetes,GSK3B|TP53|PTGS2|INS|IL1B,medium,10.0,core,3.1.2 ppi network analysis of key targets of anti-t2dm,paragraph,27,"Through Venn analysis, 17 core targets were identified, including GSK3B, TP53, PTGS2, INS, IL1B, among others ( Figure 3A ; Table. 2 ).",17,False,1,579208d7fa52d654d6feb770f3517e59f9979a8b9630524ac47c28869b96e73b,5
PMC8860994,35210754,10.2147/dddt.s343149,Network Pharmacology and Experimental Verification to Explore the Potential Mechanism of Yin-Huo-Tang for Lung Adenocarcinoma Recurrence,2022,"Drug Design, Development and Therapy","Liu D, Lin S, Li Y, Zhou T, Hu K, Li Q.",research-article,,,,S1PR5|MBTPS1|GNAI1,medium,10.578947368421053,hub,in vivo validation of the efficacy of yin-huo-tang,paragraph,90,"S1PR5 was one of the hub genes identified by network pharmacology, which contained in sphingolipid signaling pathway. According to the details of the sphingolipid signaling pathway, S1PR5 played an important role through S1P/S1PR5/GNAI1 signaling ( Figure 8 ).",,False,1,a6b5b1d50900cf389e62e37123e204f0a54446cbe9dbed39c83637555d4a02f9,3
PMC9901982,36749251,10.1097/md.0000000000032523,Exploring the mechanism of astragalus membranaceus in the treatment of multiple system atrophy based on network pharmacology and molecular docking,2023,Medicine,"Yang N, Qi X, Hu J, Teng J, Wang Y, Li C.",research-article,,,,TP53|RELA|TNF,high,16.935483870967744,core,4. discussion,paragraph,53,"Molecular docking results between 3 core proteins (TP53, RELA, and TNF) selected by PPI analysis and the top 3 components(quercetin, kaempferol, and isorhamnetin) filtered by degree are good and standard.",3,True,4,040a267f7b7e72623aacf42fa5cbf37c2df73beb31c725a5fa98afcc1ad81816,3
PMC9892186,36744264,10.3389/fphar.2023.1016967,"Molecular mechanism of Ganji Fang in the treatment of hepatocellular carcinoma based on network pharmacology, molecular docking and experimental verification technology",2023,Frontiers in Pharmacology,"Yang M, Yan Q, Luo Y, Wang B, Deng S, Luo H, Ye B, Wang X.",research-article,hepatocellular_carcinoma,cancer,hepatocellular carcinoma,HSP90AA1|SRC|CDK1|CCNA2|CDK4|PLK1|CDK2|TOP2A|AURKB|CDK6,medium,11.0,top,3.4 ppi network and herb-compound-target network of gjf,paragraph,35,"GJF and the top 10 genes were HSP90AA1, SRC, CDK1, CCNA2, CDK4, PLK1, CDK2, TOP2A, AURKB and CDK6. Based on the results of the KEGG analysis, we verified the role of the PI3K/Akt signaling pathway in GJF.",,False,2,a0f40811a656027ce3420e4a86e75a7666383ad9c4769b95716a325db209578b,10
PMC9985903,36883114,10.2147/dddt.s386941,Integrating Network Pharmacology and Bioinformatics to Explore the Effects of Dangshen ( Codonopsis pilosula ) Against Hepatocellular Carcinoma: Validation Based on the Active Compound Luteolin,2023,"Drug Design, Development and Therapy","Yu Y, Ding S, Xu X, Yan D, Fan Y, Ruan B, Zhang X, Zheng L, Jie W, Zheng S.",research-article,hepatocellular_carcinoma,cancer,Hepatocellular Carcinoma,CASP3|TP53|MDM2|AKT1|ESR1|BCL2L1|MCL1|HSP90AA1|CASP9|CCND1,high,22.0,key,results,paragraph,2,"Finally, 53 interacting genes between the two databases were obtained, among which, the 10 key node genes were CASP3, TP53, MDM2, AKT1, ESR1, BCL2L1, MCL1, HSP90AA1, CASP9 , and CCND1 , involving 77 typical GO terms and 72 KEGG signals.",10,True,4,df51539a49438b4003424c64774c8818fa89cb76af65ea8c3cd3e26aee83c4dc,10
PMC11637857,39679373,10.3389/fphar.2024.1446707,Chen’s peiyuan tang and premature ovarian failure: unveiling the mechanisms through network pharmacology,2024,Frontiers in Pharmacology,"Yang X, Mao YM, Yao C, Song DM, He YB, Shen W.",research-article,,,,CDKN1B|MAPK3|PRKCD|CDKN1A|MAPK1|RAF1|BIRC5|CTSB,high,19.555555555555557,intersection,results,paragraph,2,"According to the drug and disease database, the common targets of Chen’s Peiyuan Tang and premature ovarian failure were screened, combined with autophagy gene targets and transcriptome analysis, and finally 8 intersection targets were obtained, namely CDKN1B, MAPK3, PRKCD, CDKN1A, MAPK1, RAF1, BIRC5, CTSB.",8,True,3,a97f43e88fb3933524c71d8091b6841d9931a5182ce144abdd15c23dcc3f7fad,8
PMC9634740,36338468,10.3389/fphys.2022.1034014,Through network pharmacology and molecular docking to explore the underlying mechanism of Artemisia annua L. treating in abdominal aortic aneurysm,2022,Frontiers in Physiology,"Jia L, Jing Y, Wang D, Cheng S, Fu C, Chu X, Yang C, Jiang B, Xin S.",research-article,,,,RELA|CCND1|MAPK1|AKT1|MYC|MAPK8|TP53|ESR1|FOS|JUN,high,21.0,hub,discussion,paragraph,45,"By screening a total of 117 intersections of a drug-disease gene, the topological analysis of 11 hub genes RELA, APK14, CCND1, MAPK1, AKT1, MYC, MAPK8, TP53, ESR1, FOS, and JUN were finally performed.",11,True,1,59d1282d7d423d0820328e90aa5176a57bb615bbc63ac74b8a0ebed5f8cd19e1,10
PMC12030508,40283942,10.3390/ph18040508,"Computational Network Pharmacology, Molecular Docking, and Molecular Dynamics to Decipher Natural Compounds of Alchornea laxiflora for Liver Cancer Chemotherapy",2025,Pharmaceuticals,"Jain NK, Chandrasekaran B, Khazaleh N, Jain HK, Lal M, Joshi G, Jha V.",research-article,hepatocellular_carcinoma,cancer,Liver Cancer,HYCC1|EGFR|SRC|STAT3|HSP90AB1|AKT1|ESR1|PTGS2|MAPK1|ALB|TLR4|MMP9|CYP1A1|CYP19A1|AR|NR3C1,high,21.0,hub,3. discussion,paragraph,107,"laxiflora phytoconstituents may target 15 hub genes to treat HCC. These potential targets, including EGFR, SRC, STAT3, HSP90AB1, AKT1, ESR1, PTGS2, MAPK1, ALB, TLR4, MMP9, CYP1A1, CYP19A1, AR, and NR3C1, were involved in the molecular mechanism of HCC pathogenesis.",15,True,5,811df2c88825df9bfcc2b1615d03b1b7cc66000a829b9a2e02968b3bbb4241e2,16
PMC11040418,38639187,10.3892/mmr.2024.13226,Network pharmacology combined with experimental validation to investigate the effect of Rongjin Niantong Fang on chondrocyte apoptosis in knee osteoarthritis,2024,Molecular Medicine Reports,"Chen J, Zhang T, Luo Q, Wang R, Dai Y, Chen Z, Zhang C, Chen X, Wu G.",research-article,osteoarthritis,musculoskeletal,knee osteoarthritis,STAT3|ZHX2|PARP1,medium,8.621621621621621,key,key targets of rjntf for the treatment of koa,paragraph,16,"Finally, 143 key targets and 3,600 target-target interrelationships were obtained by screening with the betweeness centrality value, including STAT3, PI3K, RAF, RAS, AKT, PARP1 and JALK2, the mechanisms of which include proliferation, inflammation and apoptosis.",,False,1,693089efb7e60c5b8be0914883cd57aad2cfdc9f0bfc2d29fd44a1a36a7359b7,3
PMC10651518,38027573,10.1016/j.heliyon.2023.e21744,Exploring the mechanism of Liuwei Dihuang formula for promoting melanin synthesis in juvenile zebrafish based on network pharmacology and molecular docking,2023,Heliyon,"Wang D, Yang Y, Hengerjia G, Deng Y.",research-article,,,,TNF|TP53|CAT|IL6|CASP3|VEGFA|IL1B|MYC|PPARG|PTGS2,high,17.0,key,ppi network construction and screening key targets,paragraph,56,"The top 10 key proteins according to the Degree value include TNF, TP53, CAT, IL6, CASP3, VEGFA, IL1B, MYC, PPARG and PTGS2, as shown in Table 3 .",10,True,3,57b80b0ade2aaeaef8b092bfdd5b8e13caa6e4137c118eeafed84b3b0972d135,10
PMC8820622,35130311,10.1371/journal.pone.0263614,A network pharmacology approach to explore active compounds and pharmacological mechanisms of a patented Chinese herbal medicine in the treatment of endometriosis,2022,PLoS ONE,"Wu Y, Zhu Y, Xie N, Wang H, Wang F, Zhou J, Qu F.",research-article,endometriosis,gynecologic,endometriosis,VEGFA|CXCL8|CCL2|IL1B|PTGS2,medium,8.694915254237287,top,molecular docking,paragraph,73,"Among the top genes in the two key subnetworks, VEGFA , CXCL8 , CCL2 , IL1B and PTGS2 were also considered to be highly related to endometriosis in MalaCards. Therefore, protein 3QTK encoded by VEGFA , protein 5WDZ encoded by CXCL8 , protein 3IFD encoded by CCL2 , protein 5I1B encoded by IL1B , and protein 5F1A encoded by PTGS2 were selected to conduct molecular docking.",,False,2,7893a7c8a9a9aeeed9873244e8b9cdd6751818386482a6b224dc40c2bdf677f6,5
PMC9084909,35547866,10.2147/dddt.s348985,Network Pharmacology Analysis of Hewei Jiangni Granule for Gastroesophageal Reflux Disease and Experimental Verification of Its Anti-Neurogenic Inflammation Mechanism,2022,"Drug Design, Development and Therapy","Cheng Y, Kou F, Zhang X, Dai Y, Shi L, Xie C, Li X, Li J.",research-article,,,,TP53|AKT1|IL6|STAT3|VEGFA|MAPK1|INS|EGFR|TNF|JUN,medium,10.846153846153847,crucial,hwjng-gerd target network and enrichment analysis,paragraph,56,"TP53, AKT1, IL6, STAT3, VEGFA, MAPK1, INS, EGFR, TNF and JUN represented the crucial targets of HWJNG based on degree. To establish the underlying mechanism of HWJNG in the treatment of GERD, we used Cytoscape ClueGO plugin to conduct GO and KEGG functional enrichment analysis based on the 282 co-target genes.",,False,2,69a5d3f5a33e6fa8e52515bde8d5f6dd34bcf0dfe6918409d314a0340d91dce8,10
PMC12564757,41155161,10.3390/ijms26209866,Exploring the Mechanisms of n -Butanol Extract from Tibetan Medicine Biebersteinia heterostemon in Improving Type 2 Diabetes Based on Network Pharmacology and Cellular Experiments,2025,International Journal of Molecular Sciences,"Chen S, Zeng M, Shen X, Zhang B.",research-article,type_2_diabetes,metabolic,Type 2 Diabetes,GAPDH|AKT1|TNF|SRC|EGFR|PPARA,medium,10.926829268292682,key,"2.2.1. identification of shared targets between active compounds of bhbe and t2dm, network construction, and functional pathway enrichment",paragraph,18,"According to the degree values of nodes in the core PPI network, the top six targets were selected as key nodes potentially mediating the therapeutic effects of BHBE in T2DM. These include GAPDH, AKT1, TNF, SRC, EGFR and PPARγ ( Table 2 ).",,False,1,7acde45b7514b59ab8f4d415493e2130047cc71339236b8829efc652374281a1,6
PMC10232107,37266321,10.1155/2023/2558415,"Development of Novel Herbal Compound Formulations Targeting Neuroinflammation: Network Pharmacology, Molecular Docking, and Experimental Verification",2023,Evidence-based Complementary and Alternative Medicine : eCAM,"Liu Y, Chang D, Zhou X.",research-article,,,,AN|MAPK8|MAPK14|NOS3,medium,13.051282051282051,hub,4. discussion,paragraph,39,"These findings are in line with the predictions from our network pharmacology analysis that the crosstalk among AN, 6-SG, and BA were likely to occur on their hub gene targets, MAPK8, MAPK14 and NOS3, and their coded proteins.",,False,1,0a3a81f5696316a34f3e36b4e0c7dc3edfbb13fcf7d0edbdfaf28d59bf99af70,4
PMC8727110,34992668,10.1155/2021/6195174,"Effects of Qinghuang Powder on Acute Myeloid Leukemia Based on Network Pharmacology, Molecular Docking, and In Vitro Experiments",2021,Evidence-based Complementary and Alternative Medicine : eCAM,"Zeng YJ, Wu M, Zhang H, Wu XP, Zhou L, Wan N, Wu ZH.",research-article,leukemia,cancer,Leukemia,AKT1|MAPK1|MAPK3|PIK3CG|CASP3|CASP9|TNF|TGFB1|MAPK8|TP53,high,18.0,key,3.6. molecular docking,paragraph,46,"The top 10 key targets based on degree were as follows: AKT1, MAPK1, MAPK3, PIK3CG, CASP3, CASP9, TNF, TGFB1, MAPK8, and TP53. A total of 13 compounds were selected for docking on the 10 target proteins under the procedure.",10,True,1,0165cccdf6ea212546e8bc9a71e12f8a23861fd59902a451936c62af6e9bde04,10
PMC10448170,37638220,10.1016/j.jsps.2023.101732,"Exploring the multi-gene regulatory molecular mechanism of Saudi Arabian flora against epilepsy based on data mining, network pharmacology and docking analysis",2023,Saudi Pharmaceutical Journal : SPJ,"Falah Alshehri F, Alzahrani FM, Alkhoshaiban A, Saad Al Shehri Z.",research-article,epilepsy,neurological,epilepsy,AKT1|ALB|TNF|TP53|EGFR|SRC|MAPK3|JUN|CASP3|ESR1,medium,14.0,hub,identification of hub genes,paragraph,41,"The hub genes, ranked by their degree of connectivity, are AKT1 (158 connections), ALB (149 connections), TNF (134 connections), TP53 (132 connections), EGFR (122 connections), SRC (122 connections), MAPK3 (114 connections), JUN (113 connections), CASP3 (110 connections), and ESR1 (110 connections) ( Fig.",,False,1,7b4aada37cfe35f460ef732a0e2dc8ded1f0dbe51bd3622c1cd8c200f7ca5800,10
PMC9663660,36386710,10.3389/fmicb.2022.1040056,Exploring the active ingredients and pharmacological mechanisms of the oral intake formula Huoxiang Suling Shuanghua Decoction on influenza virus type A based on network pharmacology and experimental exploration,2022,Frontiers in Microbiology,"Tang R, Wang L, Zhang J, Li X, Tan L, He W, Han H, Liu Y, Wang K, Wang M.",research-article,influenza,infectious,influenza,TLR4|CD14|MYD88|HIF1A|IL17A|IL6|TNF|IL1B|CCL2|CXCL8|IL10|STAT1|IFNG|CXCL10|SLC13A1,high,19.0,hub,molecular docking analysis,paragraph,123,"Then, the TLR4, CD14, MyD88, NF-κB p65, HIF1 α, VEGF, IL17A, and IL6 in the critical pathways, as well as the TNF, IL1B, CCL2, CXCL8, IL10, STAT1, IFNG, and CXCL10 in the critical hub genes of HSSD in treating H1N1, were molecularly docked with the 16 key active compounds of HSSD, including quercetin, beta-sitosterol, ursolic acid, kaempferol, hyperoside, wogonin, luteolin, acacetin, chlorogenic acid, caffeic acid, scutellarin, rosmarinic acid, hesperidin, naringin, paeoniflorin, and nobiletin.",16,True,8,1f40e59240d7b9789159887f0c2bd959059997524de10eea68fccfa4e67d8fb9,15
PMC10891378,38404557,10.21037/tau-23-562,The effect of Astragali Radix-Radix Angelica Sinensis on acute kidney injury: a network pharmacology and molecular docking study,2024,Translational Andrology and Urology,"Wang Q, Zhen W, Lippi G, Liu Q.",research-article,,,,AKT1|NCOA1|JUN|ESR1|MAPK8,high,16.703703703703702,key,results,paragraph,2,"The key targets included AKT serine/threonine kinase 1 (AKT1), nuclear receptor coactivator 1 (NCOA1), JUN, estrogen receptor alpha (ESR1) and mitogen-activated protein kinase 8 (MAPK8).",,False,1,abb83d03dff5412f914edcc20a70a34ceb2dc4e0ed31fbc6171dc7a044f2daf3,5
PMC12323944,40760645,10.1097/md.0000000000043560,Mechanisms of Actinidia chinensis Planch roots in the treatment of breast cancer based on network pharmacology and molecular docking,2025,Medicine,"Tong J, Ding Y, Zhang D.",research-article,breast_cancer,cancer,breast cancer,MCC|ESR1|AKT1|HSP90AA1|ALB|EGFR|SRC|ANXA5|MAPK1|MDM2|GSK3B,high,18.0,key,3.4. ppi network,paragraph,27,"Topological analysis of the network was conducted using the cytoHubba plugin, identifying the top 10 key targets with the highest MCC values: ESR1, AKT1, HSP90AA1, ALB, EGFR, SRC, ANXA5, MAPK1, MDM2, and GSK3B (Fig.",10,True,4,0d7212a958d90f85e3a177c68cf0e3fa03c3429078a1a3bd9fd82c10fd2731e1,11
PMC12751377,41469666,10.1186/s12906-025-05188-z,Integration of network pharmacology and molecular docking reveals the anti-inflammatory efficacy of formononetin in Huangqin decoction and experiment verification in DSS-induced zebrafish IBD model,2025,BMC Complementary Medicine and Therapies,"Yang X, Tang Q, Dou J, Cheng J, He M, Sun M.",research-article,,,,AKT1|IL6|CASP3|TP53|TNF|IL1B|PTGS2|PPARG|IL17A,high,13.168674698795181,key,conclusions,paragraph,101,"HQD may pass through effective ingredients such as formononetin, quercetin, catechin, kaempferol, naringenin, baicalein, β-sitosterol, and stigmasterol, which act on key targets such as AKT1, IL-6, CASP3, TP53, TNF, IL1B, PTGS2, and PPARG, activate or inhibit pathways in cancer, the PI3K-AKT signaling pathway, the MAPK signaling pathway, and the IL-17 signaling pathway, and participate in biological processes, including anti-oxidation, anti-inflammation, improvement of mucosal barrier, and regulation of immunity, so as to play a therapeutic role on IBD.",,False,4,25745da54e958c4900253eb3b2dece243070f68b16fb125393ac9cdb20a10557,9
PMC9459502,36093517,10.21037/tcr-22-1716,A network pharmacology-based exploration of the active compounds and potential drug targets of Si-Jun-Zi decoction in the treatment of cutaneous squamous cell carcinoma,2022,Translational Cancer Research,"Qin S, Zhang LY, Zhang HB, Shi SM, Zhou X, Lu ZY, Duan YX, Huang WB, Wen J.",research-article,cancer_unspecified,cancer,carcinoma,CASP3|MYC|ESR1|EGFR|HIF1A|CCND1|VEGFA|IL6|ERBB2|FOS,medium,17.0,hub,figure,caption,81,"Hub targets of SJZ. As results, the 10 regulator targets were finally identified, showing CASP3, MYC, ESR1, EGFR, HIF1A, CCND1, VEGFA, IL-6 , ERBB2 , and FOS .",,False,1,af920dff3641a243e7fb9fc0836c4066fa4e2e841daaa69308ce96885a4353b4,10
PMC11803458,39917999,10.1002/iid3.70154,"Jian Pi Hua Tan Fang Reverses Trastuzumab Resistance of HER2‐Positive Gastric Cancer Through PI3K/AKT/mTOR Pathway: Integrating Network Pharmacology, Molecular Docking and Experimental Validation",2025,"Immunity, Inflammation and Disease","Hu J, Bu W, Ding Y, Li X, Zhang B, Shen B, Wu C, Xu Y, Zhang X.",research-article,gastric_cancer,cancer,Gastric Cancer,HSP90AA1|SRC|EGFR|TP53|AKT1|STAT3|EP300|MAPK1|ERBB2|ESR1,medium,14.0,hub,ppi network analysis and hub gene identification,paragraph,45,"HSP90AA1, SRC, EGFR, TP53, AKT1, STAT3, EP300, MAPK1, ERBB2, and ESR1 are identified as HUB genes in the core‐target PPI network due to their high degree values, potentially contributing significantly to the treatment process according to Table 1 .",,False,1,c6d9352c44f66a8ccd0b442f2ea174df91acc02a020da191410cd5537d506fb5,10
PMC9126727,35615688,10.1155/2022/7291434,"Investigating the Molecular Mechanism of Quercetin Protecting against Podocyte Injury to Attenuate Diabetic Nephropathy through Network Pharmacology, MicroarrayData Analysis, and Molecular Docking",2022,Evidence-based Complementary and Alternative Medicine : eCAM,"Ma X, Hao C, Yu M, Zhang Z, Huang J, Yang W.",research-article,diabetic_nephropathy,renal_metabolic,Diabetic Nephropathy,TNF|VEGFA|AKT1,medium,14.875,key,abstract,paragraph,0,"Candidate targets, of which three key targets (TNF, VEGFA, and AKT1), and the major AGE-RAGE signaling pathway in diabetic complications were ascertained and associated with QUE against podocyte injury in DN.",,False,2,2bd9ccd7c842941913aa52b6e01bb5c00e3b31d5a4081a6d74e758d4e6d07dad,3
PMC12537249,41189264,10.1097/md.0000000000045050,Investigating the molecular mechanism of Yangxin decoction in treating major depressive disorder using network pharmacology and molecular docking technology approaches,2025,Medicine,"Li P, Foo CN, Lim YM.",research-article,depression,psychiatric,major depressive disorder,AKT1|TNF|IL6|TP53|SRC|DCX,high,21.448979591836736,core,3.5. molecular docking results,paragraph,50,"Molecular docking analysis was performed on the top 5 core targets (AKT1, TNF, IL-6, TP53, and SRC) and 5 active compounds (Quercetin, Neryl acetate, 1,7-Dimethoxyxanthone, Cinnamyl acetate, and 3,4,5-Trimethoxycinnamic acid) selected based on their DC values, as shown in Tables 3 and 4 .",5,True,4,c4411be0c125f8d5dc2d3655192dccdbab0dcda32be2fa8cb5b035d78b5b651c,6
PMC7482508,32866138,10.12659/msm.923327,A Network Pharmacology Analysis of the Active Components of the Traditional Chinese Medicine Zuojinwan in Patients with Gastric Cancer,2020,Medical Science Monitor : International Medical Journal of Experimental and Clinical Research,"Zhang Z, Li B, Huang J, Huang S, He D, Peng W, Zhang S.",research-article,gastric_cancer,cancer,Gastric Cancer,MMP9|SERPINE1|CXCL8|MMP1|SPP1|ERBB2|CRP|MMP3,medium,13.018867924528301,hub,network construction and enrichment analysis of zjw anti-gastric cancer genes,paragraph,49,"In the PPI network, the hub genes with the higher degree values were MMP9 , SERPINE1 , CXCL8 , MMP1 , SPP1 , ERBB2 , CRP , and MMP3 . The number of edges connected to these nodes were relatively high (22, 19, 19, 18, 17, 16, 16, and 15 for MMP9 , SERPINE1 , CXCL8 , MMP1 , SPP1 , ERBB2 , CRP , and MMP3 , respectively).",,False,4,e4118bd2448130ffd6ad0d6d554b3dfc8224c44d386e47632b9479b0dc1205f7,8
PMC10126622,37113386,10.3892/br.2023.1620,Protective effect of Gastrodia elata Blume in a Caenorhabditis elegans model of Alzheimer's disease based on network pharmacology,2023,Biomedical Reports,"Shi X, Luo Y, Yang L, Duan X.",research-article,alzheimer_disease,neurological,Alzheimer's disease,DMPK|GAPDH|EP300|HSP90AB1|KDM6B|CREBBP,high,18.157894736842106,core,abstract,paragraph,0,"The GEB components 4,4'-dihydroxydiphenyl methane (DM) and protocatechuic aldehyde (PA) were found to be most strongly associated with AD, and five core targets were identified in the PPI network, including GAPDH, EP300, HSP90AB1, KDM6B, and CREBBP.",,False,5,29c19708e53f0b6000f9ed26e088758d28b998ed313593b5ae8523f57d35b75d,6
PMC10545357,37773835,10.1097/md.0000000000035220,Exploring the synergistic pharmacological mechanism of Huoxiang Drink against irritable bowel syndrome by integrated data mining and network pharmacology,2023,Medicine,"Wang RH, Lin YK, Xie HK, Li H, Li M, He D.",research-article,irritable_bowel_syndrome,gastrointestinal,irritable bowel syndrome,HTT|TP53|VEGFA|MMP9|TNF,medium,11.5,core,3.6. molecular docking,paragraph,47,"These direct binding conformation between the core targets and active compounds, as shown in Figure 5 , suggested that the therapeutic effects of HD in treating IBS may be achieved through the regulation of core targets TP53, VEGFA, MMP9, and TNF.",,False,2,5ae9b969f2c3c793b4e516df3f2d1e8a26b760b48dcc02b1f013931bd1e4a0f9,5
PMC13207515,42196413,10.3390/ijms27104435,Integrated Network Pharmacology and Single-Cell Transcriptomics Reveal Transketolase as a Potential Target for the DanShen–DaHuang Herb Pair in Acute Kidney Injury,2026,International Journal of Molecular Sciences,"Zhang Y, Yang H, Li J, Wu X, Li L, Ye G, Zhang K, Zhong Z.",research-article,,,,TKT|ADRB2|VEGFA|MMP9,high,18.58064516129032,core,figure,caption,34,"( L ) Contribution coefficients of the top 4 core genes (TKT, ADRB2, VEGFA, and MMP9) derived from the Generalized Linear Model (GLM). TKT ranked consistently among the top contributors across all models.",4,True,2,490aa6fa342dff5dc952143c3dc04e8c1889d65b6b334180d81909e10ac9bff4,4
PMC7069061,32210799,10.3389/fphar.2020.00147,Modular Characteristics and Mechanism of Action of Herbs for Endometriosis Treatment in Chinese Medicine: A Data Mining and Network Pharmacology–Based Identification,2020,Frontiers in Pharmacology,"Zheng W, Wu J, Gu J, Weng H, Wang J, Wang T, Liang X, Cao L.",research-article,endometriosis,gynecologic,Endometriosis,TP53|SRC|TNF|VEGFA|PIK3CA|CXCL8|EGFR,medium,14.0,core,curcuma phaeocaulis (ezhu) and sparganium stoloniferum (buch.-ham. ex graebn.) buch.-ham. ex juz. (sanleng),paragraph,134,"Topological analysis showed the major targets included: TP53, SRC, TNF, VEGFA, PIK3CA, IL8 , and EGFR , among others, which are also the core genes that cause endometriosis.",,False,2,5f2b735a3e6e761515014b4c2ab7a2d0a62ade07a4b0db6da8c2a625a14335ff,7
PMC5859839,29692855,10.1155/2018/5059743,Exploring the Pharmacological Mechanism of Danzhi Xiaoyao Powder on ER-Positive Breast Cancer by a Network Pharmacology Approach,2018,Evidence-based Complementary and Alternative Medicine : eCAM,"Yang K, Zeng L, Ge J.",research-article,breast_cancer,cancer,Breast Cancer,HSD17B1|CA2|MAPK14|BACE1|HSP90AA1|FGFR2|ALDH2|PPIA|IGLV2-8,medium,10.673469387755102,central,3.2. compound-compound target network analysis,paragraph,45,"In this network we can find that many targets are hit by multiple compounds (central nodes, e.g., HSD17B1, CA2, MAPK14, BACE1, and HSP90AA1, can be hit by all compounds), but some can be modulated by only one compound (peripheral nodes, e.g., FGFR2, ALDH2, PPIA, and IGLV2-8).",,False,1,c7b6d134e5925ed4f2002ce07c8926f16271dc7f916672cc220166c286fe40a5,9
PMC11191921,38905394,10.1097/md.0000000000038531,Explore the mechanism of Astragalus membranaceus and Poria cocos drug pair in improving immunity based on network pharmacology,2024,Medicine,"Bai Y, Ning N, Zhao J, Chen G, Du Y, Huang S, Jiang X, Feng X, Feng Y, Nan Y, Yuan L.",research-article,,,,ESR1|JUN|CYP3A4|CYP17A1|AR|SRD5A1|CYP2C9|CYP1A2|SHBG|SERPINE1|FABP1,high,19.0,core,4. discussion,paragraph,57,"The screening of PPI core target genes revealed that the HFDP includes 12 core targets, such as ESR1, JUN, CYP3A4, CYP17A1, AR, UGT287, SRD5A1, CYP2C9, CYP1A2, SHBG, SERPINE1, FABP1, etc, which are beneficial for enhancing immunity.",12,True,4,9270f63d82e174d12cd8e94fc592b58a2da570e31e9d9ba2cc5319f89195edbe,11
PMC7336235,32714404,10.1155/2020/4062813,Study on Mechanism of Iridoid Glycosides Derivatives from Fructus Gardeniae in Jiangxi Province by Network Pharmacology,2020,Evidence-based Complementary and Alternative Medicine : eCAM,"Liu F, Li Y, Li M, Wang J, Zhang Y, Du Y, Yang Y.",research-article,,,,BCL2|MAPT|F2|BCL2L1|PRKCD|PRKCB|HIF1A|PRKCA,medium,11.720430107526882,core,3.2. c-t-d network construction and analysis,paragraph,103,"The key core nodes (target or disease) are screened based on the topological properties of the degree of network nodes. The results showed that the eight targets of BCL2, MAPT, F2, BCL2L1, PRKCD, PRKCB, HIF1A, and PRKCA were in the front of degree ranking (degree > 20), and they were the pivotal nodes in the network, indicating that they might be the core targets of the pharmacological mechanism of candidate components; among the disease nodes, the nervous system diseases, cardiovascular diseases, mental disorders, neoplasms, brain diseases, endocrine system diseases, nutritional and metabolic diseases, digestiv",,False,1,8bdad832c82b42f8e0871def5e0b3ad9a0ef4b09019796ad54237f67f49d4145,8
PMC11378754,39247617,10.3389/fpsyt.2024.1414242,Network pharmacology- and molecular docking-based investigation on the mechanism of action of Si-ni San in the treatment of depression combined with anxiety and experimental verification in adolescent rats,2024,Frontiers in Psychiatry,"Li Z, Liang S, Cui X, Shen C, Xu Z, Chen W, Wu M, Liang C, Liu J, Huang J, Li W.",research-article,depression,psychiatric,depression,PTGS2|ESR1|NOS2|GSK3B|PPARG,medium,8.75438596491228,top,interactions between potential targets and ingredients,paragraph,49,"To gain a more comprehensive understanding of the potential effects of drug components and disease targets, the top 5 components obtained from the network topology of active compound-target- pathway network graph ( Supplementary Table 2 ), including quercetin, luteolin, kaempferol, nobiletin and formononetin were each associated with the top 5 targets, including PTGS2, ESR1, NOS2, GSK3B and PPARG.",,False,3,a03c60c1538f83633c19122bc2f2ed79c8e498852fcd223a8f30315e179b2f4b,5
PMC9553462,36248435,10.1155/2022/1193846,Decoding the Mechanism of CheReCunJin Formula in Treating Sjögren's Syndrome Based on Network Pharmacology and Molecular Docking,2022,Evidence-based Complementary and Alternative Medicine : eCAM,"Xu X, Wang L, Chen Q, Wang Z, Pan X, Peng X, Wang M, Wei D, Li Y, Wu B.",research-article,,,,ALB|IL6|TNF|INS|AKT1|IL1B|VEGFA|TP53|JUN|TLR4,high,19.0,hub,results,paragraph,3,"246 SS-related genes in CRCJ were identified by intersection analysis, and then ten hub genes were identified as crucial potential targets from PPI, including ALB, IL-6, TNF, INS, AKT1, IL1B, VEGFA, TP53, JUN, and TLR4.",,False,2,f639849f766e6da4287dda39abba64c9dbf5a05b4693fa211fddc1083290109b,10
PMC9966887,36837814,10.3390/metabo13020195,Network Pharmacology and Experimental Verification to Unveil the Mechanism of N-Methyl-D-Aspartic Acid Rescue Humantenirine-Induced Excitotoxicity,2023,Metabolites,"Qi XJ, Huang CY, Zuo MT, Gong MD, Huang SJ, Tang MH, Liu ZY.",research-article,,,,MAPK3|SRC|MAPK1,medium,15.621621621621621,core,abstract,paragraph,0,"Molecular docking showed that alkaloids have high affinity with core targets, including MAPK3, SRC, MAPK1, NMDAR 2B and NMDAR 2A . In addition, the difference of binding affinity may be the basis of toxicity differences among different alkaloids.",,False,2,8df7ef067cd14a4c5e30acb184973cdd02a19f2bfb3f80dbac07cd5b41ebeb97,3
PMC11980797,40206492,10.2147/dddt.s504671,"Unveiling the Novel Anti - Tumor Potential of Digitonin, a Steroidal Saponin, in Gastric Cancer: A Network Pharmacology and Experimental Validation Study",2025,"Drug Design, Development and Therapy","Lu D, Huang L, Weng C.",research-article,gastric_cancer,cancer,Gastric Cancer,SETD2|HSP90AA1|NFKB1,medium,14.764705882352942,core,results,paragraph,2,"Network pharmacology analysis revealed that the core targets of Digitonin are involved in key cancer-related signaling pathways, including HIF-1α, Ras, and PI3K-Akt pathways, with HSP90AA1 and NFKB1 identified as central targets.",,False,5,5e6e220c614d2fdec06d6b4e85fc8ac141f548521807db85c63f235399561dcf,3
PMC10644664,37957674,10.1186/s13018-023-04352-w,Network pharmacology and experimental validation methods to reveal the active compounds and hub targets of Curculigo orchioides Gaertn in rheumatoid arthritis,2023,Journal of Orthopaedic Surgery and Research,"Liu X, Huang M, Wang L, Li J, Wu W, Wang Q.",research-article,rheumatoid_arthritis,autoimmune,rheumatoid arthritis,AQP1|MMP9|JUN|PTGS2,medium,15.311475409836065,hub,results,paragraph,2,"Network pharmacological topology analysis showed that caffeine, 2,4-dichloro-5-methoxy-3-methylphenol, curculigoside, orcinol glucoside, and orcin were the main active ingredients of CO, and matrix metalloproteinase 9 (MMP9), transcription factor AP-1 (JUN), prostaglandin-endoperoxide synthase 2 (PTGS2), brain-derived neurotrophic factor, and receptor-type tyrosine-protein phosphatase C were the hub targets of CO for RA treatment.",,False,4,c6a7301cc8cf48057f669212bd6b19976bd8da5d0519b1634ed4e7b0a54ffcfd,4
PMC8263254,34306165,10.1155/2021/9991533,Determining the Traditional Chinese Medicine (TCM) Syndrome with the Best Prognosis of HBV-Related HCC and Exploring the Related Mechanism Using Network Pharmacology,2021,Evidence-based Complementary and Alternative Medicine : eCAM,"Wu Z, Wei C, Wang L, He L.",research-article,hepatocellular_carcinoma,cancer,HCC,TP53|AKT1|SRC|STAT3|MAPK3|PIK3CA|MAPK1|PIK3R1|HRAS|JUN|VEGFA|HSP90AA1|EGFR|JAK2|MAPK8|HYCC1,high,19.0,hub,3.7. protein-protein interaction networks and prognostic values of hub genes,paragraph,21,"On the basis of the PPI data, the top 15 hub genes with the highest degree were identified, and the result was presented in an interaction network ( Figure 8(b) ). As displayed in Figure 8(b) , TP53, AKT1, SRC, STAT3, MAPK3, PIK3CA, MAPK1, PIK3R1, HRAS, JUN, VEGFA, HSP90AA1, EGFR, JAK2, MAPK8, and JUN could be the potential target genes for KCMMs in the treatment of HCC.",15,True,5,d32dfd054aecc2829c339a1110ac9b45b67190abe3ea49b91328c2e847601b77,16
PMC8819592,35140607,10.3389/fphar.2021.806829,Diosgenin From Dioscorea Nipponica Rhizoma Against Graves’ Disease—On Network Pharmacology and Experimental Evaluation,2021,Frontiers in Pharmacology,"Xin J, Cheng W, Yu Y, Chen J, Zhang X, Shao S.",research-article,,,,ALB|AKT1|MAPK1|MMP9|EGFR|SRC|IGF1|ESR1|MAPK14|HSP90AA1|NOS3|PIK3R1|IL2|PLG|IGF1R|BCL2L1,high,19.0,core,3.3 ppi network of dnr’s compound-gd targets,paragraph,37,"As shown in Figure 4B , the genes were exhibited in a concentric circle according to their degree, and the innercircle was comprised of 16 core targets: ALB (degree = 60), AKT1 (degree = 54), MAPK1 (degree = 50), MMP9 (degree = 47), EGFR (degree = 46), SRC (degree = 42), IGF-1 (degree = 40), ESR1 (degree = 36), MAPK14 (degree = 32), HSP90AA1 (degree = 32), NOS3 (degree = 31), PIK3R1 (degree = 28), IL2 (degree = 26), PLG (degree = 26), IGF-1R (degree = 24), and BCL2L1 (degree = 23).",16,True,2,09a281eba6ad4d5024b1489254870feb9f76f9e0c26c5f1acb304b56eea5eb7c,16
PMC12950218,41773085,10.1155/jamc/2885034,"Exploration of Potential Antidepressant Active Ingredients of Albiziae Flos via HS–GC–MS, Chemometrics, and Network Pharmacology",2026,Journal of Analytical Methods in Chemistry,"Yang D, He D, Wang Y, Shen Y, Yu J, Yang R, Yang L.",research-article,depression,psychiatric,Antidepressant,TNF|PTGS2|ESR1|NR3C1|MAOB|MAOA|CXCL8|GRM5,medium,9.758620689655173,key,3.3.4. construction of the herb–component–target–pathway network,paragraph,56,"This study showed that potential active ingredients may regulate serotonergic synapse, cocaine addiction, IL‐17 signaling pathway, and other signaling pathways by acting on key targets, such as TNF, PTGS2, ESR1, NR3C1, MAOB, MAOA, CXCL8, IL‐2, and GRM5, and participate in BPs, such as response to a xenobiotic stimulus to alleviate the symptoms of depression and insomnia.",,False,1,33ff7fedd6e04bd7ef6d5507f126768fc536954b20480815cd912f527d55cbf3,8
PMC12582737,41261601,10.1097/md.0000000000045358,Integrating network pharmacology and molecular docking to elucidate the mechanism of Xiaotan Sanjie Fang in colorectal cancer therapy,2025,Medicine,"Wang XW, Zhang CA, Ye M, Ye M.",research-article,colorectal_cancer,cancer,colorectal cancer,EGFR|JUN|RELA|STAT3|TP53,high,21.941176470588236,key,abstract,paragraph,0,"Finally, EGFR, JUN, RELA, STAT3, and TP53 were identified as key targets by topological analysis and molecular docking, and 5 key genes were further validated by gene and protein expression analysis of key targets.",5,True,2,b6daabfa0bfe9a542c1a7e75a16d171802a12c107edcdfc73d95902fd29e42c0,5
PMC8929114,34062719,10.3390/cimb43010006,Network Pharmacology and Molecular Docking Combined to Analyze the Molecular and Pharmacological Mechanism of Pinellia ternata in the Treatment of Hypertension,2021,Current Issues in Molecular Biology,"Zhai Z, Tao X, Alami MM, Shu S, Wang X.",research-article,hypertension,cardiovascular,Hypertension,AKT1|FOS|VEGFA|TP53|JUN|ESR1|MMP9|CASP3|AR|PTGS2,medium,10.92156862745098,top,3.3. protein-protein interaction network of targets,paragraph,32,"Combined with the degree statistics of each node ( Figure 2 b), the top 10 nodes (AKT1, FOS, VEGFA, TP53, JUN, ESR1, MMP9, CASP3, AR, PTGS2) are selected ( Figure 2 c). As the key nodes in the PPI network, they may play a key role in the treatment of hypertension in P.",,False,2,3839ae2f149ad4ea90da082569d2f485382aabd31892e45ed758d55d91a3910b,10
PMC7569866,32916837,10.3390/plants9091166,The Active Compounds and Therapeutic Mechanisms of Pentaherbs Formula for Oral and Topical Treatment of Atopic Dermatitis Based on Network Pharmacology,2020,Plants,"Chu M, Tsang MS, He R, Lam CW, Quan ZB, Wong CK.",research-article,atopic_dermatitis,dermatologic,Atopic Dermatitis,AKT1|IL6|RELA,medium,14.0,core,figure,caption,27,"Molecular docking of compounds with core targets. ( A1 – A3 ) Docking process of quercetin with AKT1, IL-6, and RELA, respectively.",,False,3,be7b62d380b405a65aacc170730b7cb8e9f7ffa9149794ba2dd076a3d6ad6932,3
PMC10911376,38329441,10.18632/aging.205516,Mechanism of Erianin anti-triple negative breast cancer based on transcriptomics methods and network pharmacology,2024,Aging (Albany NY),"Li M, Zhao Y, Li H, Kang S, Deng X, Sheng M.",research-article,breast_cancer,cancer,breast cancer,PPARA|ROCK2|PDGFRB|CCND1|MUC1|CDK1,high,19.42857142857143,hub,abstract,paragraph,0,"Analysis of protein-protein interactions identified eight hub targets. Furthermore, molecular docking indicated that the PPARA binding energy was the lowest for Erianin among the hub targets, followed by ROCK2, PDGFRB, CCND1, MUC1, and CDK1.",,False,2,001b53d955e938ee3dfae1b8c7feaad9f584c956cb7f7b5710f57b2084a1d2bb,6
PMC11139529,38817340,10.1155/2024/9962574,Analysis of an Aqueous Extract from Turkish Galls Based on Multicomponent Qualitative and Quantitative Analysis Combined with Network Pharmacology and Chemometric Analysis,2024,Journal of Analytical Methods in Chemistry,"Zeng Y, Zhao L, Hao M, Maimaiti M, Li Z, Zhang M, Ma X.",research-article,,,,NOS3|FASLG|RELA|VEGFA|MMP2|MMP9,medium,11.0,central,"3.2. the main active components, targets, and pathways of tg in the treatment of rau",paragraph,87,"Consequently, six central nodes were obtained, namely, NOS3, FASLG, RELA, VEGFA, MMP2, and MMP9, as shown in Figure 3 .",,False,1,14870d7109468ca77ff0c1afb9ff65cb272b938feb6cdcab019d52656d4175ef,6
PMC9626984,36339549,10.3389/fphar.2022.965694,"The effect of a traditional Chinese quadri-combination therapy and its component quercetin on recurrent spontaneous abortion: A clinical trial, network pharmacology and experiments-based study",2022,Frontiers in Pharmacology,"Zhou J, Li L, Pan X, Wang J, Qi Q, Sun H, Li C, Wang L.",research-article,,,,AKT1|TP53|TNF|IL6|JUN|CASP3|IL1B|EGFR|PTGS2|MYC|HIF1A|MMP9|PPARG|HSP90AA1|CXCL8|CCND1|MMP2|FOS|CCL2|ERBB2,medium,13.0,core,3.5 quercetin plays a crucial role in treating rsa,paragraph,76,"Ninety-six core targets were retrieved and the top 20 targets in PPI analysis includes AKT1, TP53, TNF, IL6, JUN, CASP3, IL1B, EGFR, PTGS2, MYC, HIF1A, MMP9, PPARG, HSP90AA1, CXCL8, CCND1, MMP2, FOS, CCL2, and ERBB2 ( Supplementary Figures S1A,B ).",,False,4,99462d0457e11b6df9ba9549d1c8fac5048710cb4254eab245946bc0ff04c444,20
PMC9970883,36866196,10.2147/dddt.s398808,Effects and Potential Mechanism of Zhuyu Pill Against Atherosclerosis: Network Pharmacology and Experimental Validation,2023,"Drug Design, Development and Therapy","Pan Y, Feng X, Song W, Zhou X, Zhou Z, Chen G, Shen T, Zhang X.",research-article,atherosclerosis,cardiovascular,Atherosclerosis,MAPK1|MAPK8|MAPK14,medium,11.428571428571429,core,discussion,paragraph,72,"PPI cluster showed that MAPK1, MAPK8, and MAPK14 were the core targets. GO analysis revealed that the 198 common targets were significantly enriched in protein phosphorylation, positive regulation of MAPK cascade, cellular response to lipid, inflammatory response, regulation of inflammatory response, etc.",,False,1,32830dbc1f449297f8fd9ab8bb4ab25876b2fb8d8e650583261f318a0a16c116,3
PMC12012937,40259353,10.1186/s41065-025-00432-5,Regulation of the Nrf2/HO-1 pathway in chronic obstructive pulmonary disease-induced muscle atrophy using Jinshui Liujian decoction and Bajitian pills: insights from network pharmacology and animal models,2025,Hereditas,"Lin BY, Bai L, Wang SL.",research-article,copd,respiratory,chronic obstructive pulmonary disease,TP53|STAT3|AKT2|TNF|IL6|JUN,medium,13.0,key,discussion,paragraph,70,"Key targets, such as TP53, STAT3, AKT2, TNF, IL-6, and JUN, were identified, with TNF and IL-6 playing crucial roles in inflammatory responses, oxidative stress, and apoptotic pathways.",,False,1,f7cc37a20dcf855f4cacf8dac3a07329d9ae389232d999d31bdad8842beec709,6
PMC11813014,39928767,10.1097/md.0000000000041459,Molecular mechanism of the effect of BixiezelanYin on knee osteoarthritis based on network pharmacology and molecular docking,2025,Medicine,"Huang R, Lu J, Yang X, Sheng G, Qin F, Yang X.",research-article,osteoarthritis,musculoskeletal,knee osteoarthritis,STAT3|ESR1|EGFR|JUN|PTGS2|SETD2,high,18.636363636363637,core,abstract,paragraph,0,"Core target proteins consisted of STAT3, ESR1, EGFR, JUN, and PTGS2. The pathways mainly involved the advanced glycation end products – receptor for advanced glycation end products, estrogen, HIF-1, and relaxin signal pathways.",,False,3,9815265b2dd114ee45b5b4aad4ff81f7217d8bd19b18463c02364e03b13e4801,6
PMC6685170,31406500,10.1186/s13020-019-0249-6,A network pharmacology-based study on the anti-hepatoma effect of Radix Salviae Miltiorrhizae,2019,Chinese Medicine,"Luo Y, Feng Y, Song L, He GQ, Li S, Bai SS, Huang YJ, Li SY, Almutairi MM, Shi HL, Wang Q, Hong M.",research-article,,,,TNF|PIK3CG|VEGFA|IL6|EGFR|MAPK1|JUN|TP53|BCL2|ESR1|HYCC1,medium,16.0,hub,discussion,paragraph,63,"The PPI network analysis revealed that TNF, PIK3CG, VEGFA, IL6, EGFR, MAPK1, JUN, TP53, BCL2, and ESR1 may represent hub genes against HCC. EGFR is a transmembrane receptor tyrosine kinase and a receptor for members of the ErbB family of extracellular protein ligands [ 52 ].",,False,2,409faae5caa39a12fa4ded11824bf3b2ed8883572ff9ee3a5d089e53a9807039,11
PMC13266507,42305710,10.3892/etm.2026.13199,Integrated network pharmacology and serum metabolomics to reveal the protective mechanism of methanolic extract of BaiYangJie on cisplatin-induced acute kidney injury in mice,2026,Experimental and Therapeutic Medicine,"Xia B, Chen J, Wang J, Li D, Zhang L, Su J, Ding X, Lv Y, Liu S, Zhang X, Wan T, Li G.",research-article,,,,DCX|AKT1|EGFR|ALB|BCL2|HIF1A|HSP90AA1|SRC|ESR1|PTGS2|MAPK3|GSK3B,high,20.0,core,discussion,paragraph,110,"By analysing the DC, BC and CC values of the PPI network, 11 core targets were identified, including AKT1, EGFR, ALB, BCL2, HIF1A, HSP90AA1, SRC, ESR1, PTGS2, MAPK3 and GSK3B, which may serve key roles in the MEAG interaction network targeting Cis-AKI.",11,True,2,e115ab42667a11cca64c55382718ca69ca4e3b7757f23ebcd2c1ea085de9ace2,12
PMC12778220,41496113,10.1097/md.0000000000046583,Exploring the mechanism of action of Kaixin San in treating dementia based on network pharmacology and molecular docking,2026,Medicine,"Liu S, Zhang Z.",research-article,,,,AKT1|STAT3|ESR1|EGFR,high,14.352941176470589,core,conclusion:,paragraph,3,"Kaixin San likely mitigates dementia through flavonoid/xanthone-mediated modulation of core targets (AKT1, STAT3, ESR1) and critical pathways (ErbB, PI3K-AKT), thereby alleviating behavioral deficits, conferring neuroprotection, and attenuating amyloid-β (Aβ) deposition.",,False,6,a4b6ea8f47715cba9348a29a19a9a663d2ead97b2d5a07eca462665590520ec1,4
PMC12389595,40872607,10.3390/ph18081216,Network Pharmacology and Experiment Verification-Based Strategy for Exploring the Mechanisms of Shuqing Granule in the Treatment of COVID-19,2025,Pharmaceuticals,"Guo X, Zheng H, An Y, Song Y, Liu T, Zhou Z, Liu C, Wang G, Wang F.",research-article,covid_19,infectious,COVID-19,RELA|TP53|TNF,medium,8.538461538461538,core,5. conclusions,paragraph,64,"Network pharmacology suggested that the therapeutic effect of SG on COVID-19 may be related to 15 key ingredients such as quercetin and isoliquiritigenin, core targets such as RELA, TP53 and TNF, and signaling pathways such as NF-κB.",15,False,1,dd95f99e71fec12b6f18ab45e866ff40e2a82fea4ca738ff3f4714f61790ab4d,3
PMC8187140,34105049,10.1007/s11030-021-10244-0,Investigating the active compounds and mechanism of HuaShi XuanFei formula for prevention and treatment of COVID-19 based on network pharmacology and molecular docking analysis,2022,Molecular Diversity,"Wang J, Ge W, Peng X, Yuan L, He S, Fu X.",research-article,covid_19,infectious,COVID-19,RELA|TNF|TP53|IL6|MAPK1|CXCL8|IL1B|MAPK14|IL17A,high,16.333333333333332,key,abstract,paragraph,0,"The herbs-targets network mainly contained 52 compounds and 70 corresponding targets, including key targets such as RELA, TNF, TP53, IL6, MAPK1, CXCL8, IL-1 β , and MAPK14. The GO and KEGG indicated that HSXFF may be mainly acting on the IL-17 signaling pathway, TNF signaling pathway, NF- κ B signaling pathway, etc.",,False,2,d9b4a770facdec2c1ff29ed0d54bc1f2ea7778ceaf80c865b631f90878e44cc1,9
PMC9477627,36118824,10.1155/2022/4640849,Identification of Molecular Targets and Underlying Mechanisms of Xiaoji Recipe against Pancreatic Cancer Based on Network Pharmacology,2022,Computational and Mathematical Methods in Medicine,"Xia C, Chen D, Wang G, Sun H, Lin J, Chen C, Shen T, Cheng H, Pan C, Xu D, Yang H, Zhu Y, Zhu H.",research-article,pancreatic_cancer,cancer,Pancreatic Cancer,TP53|HRAS|VEGFA|AKT1|STAT3|EGFR|SRC,medium,14.88888888888889,core,4. discussion,paragraph,87,"Moreover, the PPI networks revealed that TP53, HRAS, VEGFA, AKT1, STAT3, EGFR, and SRC were the core target genes in the PPI network. The target genes were not mutually independent but were interacted with each other.",,False,1,d92d233b27fe9737f2e998ba6872265dc40336723194233f19ec5f321d7d72c8,7
PMC12155304,40507893,10.3390/ijms26115082,Sinhyotaklisan as a Potential Therapeutic for Psoriasis: Network Pharmacology and Experimental Validation,2025,International Journal of Molecular Sciences,"Ahn JY, Lim DW, Kim JH, Park SY, Park SD, Lee JH.",research-article,psoriasis,dermatologic_autoimmune,Psoriasis,TNF|SETD2|IL17A|TP53,high,11.0,key,abstract,paragraph,0,"A total of 36 key targets were significantly enriched in TNF-α, MAPK, HIF-1α, and IL-17 signaling pathways. SHTLS suppressed TNF-α-induced expression of VEGF and HIF-1α, while upregulating p53, thereby inhibiting keratinocyte hyperproliferation and angiogenesis.",36,False,4,41e1bb6faa92490862ddb4500ed964cb1694cd47c2dfa2cc05a7d33b4c8df388,4
PMC13135239,42068224,10.1111/jcmm.71167,A Network Pharmacology and Experimental Validation Strategy for Hypoglycemic Study of Lonicerae Japonicae Flos on Diabetes,2026,Journal of Cellular and Molecular Medicine,"Nan Z, Xiaolong L, Chunyan L, Lu R, Chao G, Jintao X.",research-article,diabetes,metabolic,Diabetes,PRKAB1|HDAC2|PTGS1|NR3C2|PPARG,medium,9.694915254237287,key,"hypoglycemic ingredients, targets and ppi network",paragraph,41,"Our findings suggested that the hypoglycemic effects of LJF might be achieved through coordinated regulation of multiple key targets, including 5′‐AMP‐activated protein kinase subunit beta‐1 (PRKAB1), histone deacetylase 2 (HDAC2), prostaglandin G/H synthase 1 (PTGS1), mineralocorticoid receptor (NR3C2) and peroxisome proliferator‐activated receptor gamma (PPARG), as well as possibly others (Figure 1 and Table 1 ).",,False,2,82d75d5dfe483b3cc4d7cd59a67216b2021b564e4e0a3ce053288c9ced3e3325,5
PMC11931053,40129983,10.3389/fimmu.2025.1559400,"Huoshan Dendrobium Zengye Jiedu Formula mitigates radiation-induced oral mucositis and improves oral immune microenvironment by targeting the EGFR/PI3K/AKT pathway: evidence from network pharmacology, molecular docking, and experimental validation",2025,Frontiers in Immunology,"Liu C, Liu X, Liu J, Zhang H, Zhang P, Huo X, Song H, Zhu Y.",research-article,,,,AKT1|INS|IL6|IL1B|TNF|BCL2|TP53|PTGS2|PPARG|ESR1,medium,13.0,core,construction of the ppi network and core target screening,paragraph,46,"By ranking nodes based on their degree values, the core targets (top ten by degree) of HDZJF in RIOM treatment were identified as AKT1, INS, IL-6, IL-1β, TNF, BCL2, TP53, PTGS2, PPARG, and ESR1, as shown in Figures 2B, C .",,False,2,2798f2d8b9e932382666b47494e3cfd8a3b709445e7fb114d3937ea24062d5bc,10
PMC11992827,40217538,10.1186/s13020-025-01094-1,Machine learning-assisted analysis of serum metabolomics and network pharmacology reveals the effective compound from herbal formula against alcoholic liver injury,2025,Chinese Medicine,"Ma J, Wei P, Xu X, Dong R, Deng X, Zhang F, Sun M, Li M, Liu W, Yao J, Cao Y, Ying L, Yang Y, Yang Y, Wu X, She G.",research-article,acute_liver_injury,hepatic,liver injury,AKT1|CAT|STAT1,medium,13.428571428571429,key,expression result of key target,paragraph,97,"AKT1, CAT and STAT1 had the highest count among key targets selected by the shortest path of CTPDN. To demonstrate the generality of this predictive analysis strategy and activation of approach, the expression of high appearance target from shortest path were verified.",,False,1,48c276de77ca526fc35a1cd6dabe470e29200db72302913d4c24d2bffc659af8,3
PMC9983444,36875720,10.2147/dddt.s395512,"Mechanistic Study of Schisandra chinensis Fruit Mixture Based on Network Pharmacology, Molecular Docking and Experimental Validation to Improve the Inflammatory Response of DKD Through AGEs/RAGE Signaling Pathway",2023,"Drug Design, Development and Therapy","Li H, Dong A, Li N, Ma Y, Zhang S, Deng Y, Chen S, Zhang M.",research-article,,,,TNF|IL6|IL1B|IL10,medium,9.73913043478261,core,molecular docking verification,paragraph,53,"To verify the degree of binding between this component and our core target, we used (+)-aristolone as a ligand and TNF-α, IL-6, IL-1β, IL-10, and AGEs as receptors. Lower values of binding energy indicate more stable binding between the receptor and ligand.",,False,1,bed69ddb2cc2b46d29bf5dcd7dc20a439f232a3a4f363a1d7344bd7e1820ebbf,4
PMC12063623,40351347,10.2147/dddt.s505270,"The Potential Mechanisms of Althaea rosea (Linn.) Cavan. Flower in Alleviating Tetrodotoxin Poisoning: An Integrated Metabolomics, Network Pharmacology and Experimental Validation",2025,"Drug Design, Development and Therapy","Zheng R, Wu Y, Huang L, Zeng F, Huang L.",research-article,,,,ESR2|MAOA|ESR1|ADORA1|NOS2|PTGS2|GRM5|APP|ADORA2A|MAPK8|AKT1|CSNK2A1|ITGB1|CHRNA7|NOS3,high,19.0,core,“component–target–pathway” network analysis,paragraph,52,"Similarly, topological analysis was performed on key targets in “component–target–pathway” network, and 15 core targets whose betweenness, closeness, and degree are greater than the average were screened: ESR2, MAOA, ESR1, ADORA1, NOS2, PTGS2, GRM5, APP, ADORA2A, MAPK8, AKT1, CSNK2A1, ITGB1, CHRNA7, and NOS3 ( Table 2 ).",15,True,9,5374eb17561e0c8dd0cc17e5a4d5e89e948fd6582f032c46c206543a4afa6bfa,15
PMC12643769,41305716,10.1097/md.0000000000045619,Identification of biomarkers of Shenhailong formula in benign prostatic hyperplasia treatment: An observation study using network pharmacology and Mendelian randomization analysis,2025,Medicine,"Pan J, Yu M, Zhang L, Yin J, Liu J, Zhang S, Zhang P, Fan Q, Liu J, Li X.",research-article,,,,NR3C2|ERBB2|MAP3K8|ABCB1|IL1B|MTOR|DPP4|IFNG|CYP1B1|NQO1|PAM|SGK1|EGF|HSD17B3|LDHA|ENPP1,high,15.0,candidate,3.2. discovery of potential biomarkers associated with bph,paragraph,21,"A total of 15 genes were identified through MR analysis, which was conducted on candidate gene of BPH. Among them, ERBB2, MAP3K8, ABCB1, IL1B, MTOR, DPP4, IFNG, CYP1B1, NQO1, PAM were risk factors (odds ratio > 1), while serum/glucocorticoid-regulated kinase 1 (SGK1), epidermal growth factor (EGF), HSD17B3, LDHA, ENPP1 were protective factors (odds ratio < 1) for BPH (Supplementary Material 1, Supplemental Digital Content, https://links.lww.com/MD/Q552 ).",15,True,4,78a5267de488fa3f06b3683bda2c727b558afd9c2d2e017646679ad1fe055d13,16
PMC9704970,36451478,10.1097/md.0000000000032059,Mechanism of Epimedium intervention in heart failure based on network pharmacology and molecular docking technology,2022,Medicine,"Boyang C, Yuexing L, Yiping Y, Haiyang Y, Lingjie Z, Liancheng G, Xufei Z, Jie Z, Yunzhi C.",research-article,heart_failure,cardiovascular,heart failure,JUN|MYC|TP53|HIF1A|ESR1|RELA|MAPK1|CFH,high,19.0,core,abstract,paragraph,0,"The core targets are JUN, MYC, TP53, HIF1A, ESR1, RELA, MAPK1, etc. Molecular docking validation showed better binding activity of the major targets of HF to the core components of Epimedium.",,False,1,1a225b68e36b15e406aa838aabb666edabf330e84d6d48391095c972d355e124,8
PMC12419440,40922324,10.1097/md.0000000000044070,"Integrating network pharmacology, bioinformatics and molecular docking to explore the anti-NSCLC mechanisms of EGCG in green tea",2025,Medicine,"Yang Q, Li G, Lu T, Mi S, Li T, Zhang J, Yun Z, Xue C, Si Y, Zhang Y, Wang J, Hou L.",research-article,lung_cancer,cancer,NSCLC,TP53|STAT3|AKT1|IL6|HSP90AA1|JUN,high,17.608695652173914,key,4. discussion,paragraph,41,"We employed molecular docking technology to predict interactions between 6 key target proteins (TP53, STAT3, AKT1, IL-6, HSP90AA1, and JUN) and active compounds. The molecular docking results demonstrated strong binding affinities ranging from −5.0 to −7.5 kcal/mol between these proteins and ligands.",6,True,1,5da2cc9c5a5f8aa9407f377a4b9813eb45ccaba880f4fd6988a07d7ecbabff3a,6
PMC11770944,39871254,10.1186/s12906-025-04760-x,"Mechanisms of wogonoside in the treatment of atherosclerosis based on network pharmacology, molecular docking, and experimental validation",2025,BMC Complementary Medicine and Therapies,"Gong Z, Yang H, Gao L, Liu Y, Chu Q, Luo C, Kang L, Zhai H, Xu Q, Wu W, Li N, Li R.",research-article,atherosclerosis,cardiovascular,atherosclerosis,RELA|STAT3|TLR4|TLR9|TNF|ESR1|ESR2|MAPK1|MAPK3|PDE4D|PTGS2|RAC1,high,16.0,key,ppi view of the wogonoside-as core target with kegg focus pathway,paragraph,29,"Through KEGG enrichment pathway analysis, it was revealed that 12 key targets, such as RELA, STAT3, TLR4, TLR9, TNF, ESR1, ESR2, MAPK1, MAPK3, PDE4D, PTGS2, and RAC1, were significantly enriched in the initial 15 signaling pathways.",12,True,4,da20966e8d9952e308f438f73334d5a46efa6e72c86594a3931a22fc56b3edf5,12
PMC13118322,42075882,10.3390/ph19040627,Repurposing Product Nkabinde for Hepatitis B Virus Therapy: A Network Pharmacology and Molecular Docking Investigation,2026,Pharmaceuticals,"Ugbaja SC, Nkabinde SA, Nkabinde M, Gqaleni N.",research-article,,,,STAT1|STAT3|SRC|HCK|EGFR|SYK|PIK3CA|PIK3CB|PIK3R1|PTPN11,high,25.0,hub,abstract,paragraph,0,"Topological analysis identified 10 hub targets (STAT1, STAT3, SRC, HCK, EGFR, SYK, PIK3CA, PIK3CB, PIK3R1, and PTPN11). Gene Ontology and KEGG pathway enrichment were performed with an FDR cut-off < 0.05.",10,True,4,0bf84773c2f8f9595680f199644c2fc5db8711838d9ead91eb95716ab4168cc6,10
PMC10788922,38018195,10.2174/0113816128265009231102063840,Potential Targets and Mechanisms of Bitter Almond-Licorice for COVID-19 Treatment Based on Network Pharmacology and Molecular Docking,2023,Current Pharmaceutical Design,"Hong Q, Shang X, Wu Y, Nie Z, He B.",research-article,covid_19,infectious,COVID-19,IL6|TNF|MAPK1|IL1B|IL17A,medium,14.851851851851851,core,results,paragraph,2,"PPI network and core target analysis indicated that IL-6, TNF, MAPK1, and IL1B were the key targets against COVID-19. In addition, GO and KEGG enrichment analysis showed that the bitter almond-licorice were involved in various biological processes through inflammation-related pathways such as TNF signaling pathway and IL-17 signaling pathway.",,False,4,a0de2495d4534d70d80a54c5d29a8653140cf53773686c03f0edc55cb528135c,5
PMC8766719,35069454,10.3389/fendo.2021.815891,Exploration of the Molecular Mechanism of Polygonati Rhizoma in the Treatment of Osteoporosis Based on Network Pharmacology and Molecular Docking,2021,Frontiers in Endocrinology,"Zhao J, Lin F, Liang G, Han Y, Xu N, Pan J, Luo M, Yang W, Zeng L.",research-article,osteoporosis,musculoskeletal,Osteoporosis,JUN|TP53|AKT1|ESR1|AR|CASP3|SETD2,high,15.589743589743591,core,conclusions,paragraph,3,"PR may regulate OP by regulating core target genes, such as JUN, TP53, AKT1, ESR1, AR and CASP3, and acting on multiple key pathways, such as the HIF-1 signaling pathway, PI3K-Akt signaling pathway, and estrogen signaling pathway.",,False,3,13a242d9e9032bae24baf52536b04866a042324a15205a1de8a759c8fd3aaea2,7
PMC12143326,40486277,10.1016/j.jtcme.2024.06.003,Integrated serum pharmacochemistry and network pharmacology to reveal the kernel material basis and underlying mechanisms of the fuzi-lizhong pill for ulcerative colitis,2025,Journal of Traditional and Complementary Medicine,"Huang Y, Lin X, Wu Q, Wu X, Yang S, Dong Y, Fu C, Lin W, Zhang Z.",research-article,ulcerative_colitis,gastrointestinal,ulcerative colitis,IL6|TNF|MPO,medium,10.222222222222221,core,flzp exerts anti-inflammatory activity to alleviate pathological changes in skyd-uc model rats,paragraph,79,"These core targets included IL-6, TNF, and MPO, all of which are closely related to the inflammatory response. Inflammation is integral to UC incidence and progression.",,False,1,a6a7e407e616ce8c65eeb0808cf31d657134c9e04ea2f7192e653920b6c4fe8c,3
PMC9747319,36523484,10.1155/2022/6113093,Integrated Brain Metabolomics and Network Pharmacology Analysis to Reveal the Improvement Effect of Bai Chan Ting on Parkinson's Disease,2022,BioMed Research International,"Zhang N, Fu J, Gao X, Lu F, Lu Y, Liu S.",research-article,parkinson_disease,neurological,Parkinson's Disease,ARG1|P4HA1|NOS3|NOS1|ALDH2,medium,12.439024390243903,hub,2.5. comprehensive analysis of metabolomics and network pharmacology,paragraph,151,"MetScape analysis revealed that five hub genes in network pharmacology (ARG1, P4HA1, NOS3, NOS1, and ALDH2) were associated with metabolites in metabolomics. The related key metabolites are L-Histidine, L-Arginine, L-Proline, 4-Aminobutyric acid, 1-Methylhistidine, and argininosuccinic acid.",,False,1,3b49a5b238e5d1f2bce01cc1a707f12f4363c7d3742fc627a12c169dcf22bec1,5
PMC12939618,41751423,10.3390/cimb48020160,From Gas Chromatography–Mass Spectrometry (GC–MS) to Network Pharmacology: System-Level Insights into the Multi-Target Biological Potential of Flaveria trinervia (Spreng.) C. Mohr,2026,Current Issues in Molecular Biology,"Torres Flores C, Pérez-Campos E, Pérez-Campos Mayoral L, Laguna-Barrios LÁ, Méndez-Rodríguez KB, Pérez-Vázquez FJ, Pérez Campos-Mayoral E, Lastre-Domínguez CM, Jarquín González EE, Martínez Cruz M, Pina Canseco MDS, Mora Guzmán Z, López Montesinos KC, Cabrera-Fuentes HA, Hernández-Huerta MT.",research-article,,,,ESR1|RXRA|NCOA2|CYP19A1,medium,14.666666666666666,central,abstract,paragraph,0,"Network topology analysis identified ESR1, RXRA/B/G, NCOA2, and CYP19A1 as central nodes, reflecting convergence on signaling axes involved in apoptosis, cell proliferation, immune modulation, and transcriptional regulation pathways.",,False,3,2f5149c19627c359a5eae1c22157640e77b67fa626e6810e2458b0b9f962dc8a,4
PMC11106056,38767701,10.1186/s40643-024-00764-6,Network pharmacology and molecular docking: combined computational approaches to explore the antihypertensive potential of Fabaceae species,2024,Bioresources and Bioprocessing,"Shahzadi Z, Yousaf Z, Anjum I, Bilal M, Yasin H, Aftab A, Booker A, Ullah R, Bari A.",research-article,,,,TLR4|MMP9|MAPK14|AKT1|VEGFA|HSP90AA1,high,19.0,hub,abstract,paragraph,0,"Top hub genes identified were TLR4, MMP9, MAPK14, AKT1, VEGFA and HSP90AA1 with their respective associates. Higher binding affinities was found with three compounds Dihydrokaempferol, Flavan-3-ol and Germichrysone, −7.1, −9.0 and −8.0 kcal/mol, respectively.",,False,2,6c6ab8f3b2db48f7e1ccfe9324e0383014f1f7701fb7824434106f452a0722cc,6
PMC12638804,41272040,10.1038/s41598-025-25343-3,"Exploring the mechanism of guben kechuan granules in the treatment of COPD via network pharmacology, molecular docking and molecular dynamics simulations",2025,Scientific Reports,"Li W, Yuan M, Li J, Tu Z, Cui K, Liao Y, Liao H, Liu J, Gong X.",research-article,copd,respiratory,COPD,AKT1|TNF|IL6|ACTB|TP53|SETD2|IL17A,high,17.25581395348837,key,abstract,paragraph,0,"Its five key targets were found to be AKT1, TNF, IL6, ACTB, and TP53. GO and KEGG enrichment analyses revealed that these proteins are involved mainly in the HIF-1 signalling pathway, the IL-17 signalling pathway and the PI3K‒Akt signalling pathway.",,False,3,49228be645aa98213b01a421facedb93eae99a80327828cf8821906137f9ba8b,7
PMC13194826,41933050,10.1038/s41598-026-45960-w,Combining network pharmacology and experimental validation to study the action and mechanism of brusatol against lung adenocarcinoma,2026,Scientific Reports,"Jin X, Yang S, Pan D, Jin B, Zhang Y, Yang C.",research-article,,,,ALB|SRC|HSP90AA1|HRAS|CASP3|MAPK1|ESR1,high,17.414634146341463,key,abstract,paragraph,0,"We identified 328 potential targets of brusatol for treating LUAD, and the PPI network analysis identified ALB, SRC, HSP90AA1, HRAS, CASP3, MAPK1, and ESR1 as key genes. Through molecular docking, MAPK1 was identified as the core target of brusatol in LUAD.",,False,3,b5436818f893127dcd60adcb2da5cd4e68c5351fd59075b371c37e9b49d9becb,7
PMC9393234,36003508,10.3389/fphar.2022.920514,"Curcumin and its nano-formulations: Defining triple-negative breast cancer targets through network pharmacology, molecular docking, and experimental verification",2022,Frontiers in Pharmacology,"Deng Z, Chen G, Shi Y, Lin Y, Ou J, Zhu H, Wu J, Li G, Lv L.",research-article,breast_cancer,cancer,breast cancer,STAT3|AKT1|TNF|PTGS2|MMP9|EGFR|PPARG|NFE2L2|EP300|GSK3B,high,17.0,top,abstract,paragraph,2,"STAT3, AKT1, TNF, PTGS2, MMP9, EGFR, PPARG, NFE2L2, EP300, and GSK3B were identified as the top 10 targets of CUR against TNBC. In vitro experiment verified that CUR and CUR-NPs could not only restrain the invasion, migration, and proliferation of MDA-MB-231 cells but also induce their apoptosis.",,False,3,cef7806415e139480e47b9932cc8b974f45218b96e9af7d16c73f1cb251c11a8,10
PMC7936909,33727915,10.1155/2021/8874296,Synergistic Network Pharmacology for Traditional Chinese Medicine Liangxue Tongyu Formula in Acute Intracerebral Hemorrhagic Stroke,2021,Neural Plasticity,"Chen Y, Dong J, Yang D, Qian Q, Wang P, Yang X, Li W, Li G, Shen X, Wang F.",research-article,,,,PTGS2|PTGS1|AR,high,13.935483870967742,key,3.3. network analysis and key nodes screening,paragraph,55,"The first 3 key targets are PTGS2, PTGS1, and AR, and the first 3 key components are quercetin, kaempferol, and emodin, which may all have a great effect on AICH treatment.",3,True,4,3ae214c16c5ffd407a6924aac1c86c8feafa141a00652a849f9a6fd39b72b900,3
PMC9772884,36570530,10.3389/fnagi.2022.1052249,Potential bioactive compounds and mechanisms of Fibraurea recisa Pierre for the treatment of Alzheimer’s disease analyzed by network pharmacology and molecular docking prediction,2022,Frontiers in Aging Neuroscience,"Wang S, Ma Y, Huang Y, Hu Y, Huang Y, Wu Y.",research-article,,,,AKT1|TNF|STAT3|JUN|EGFR,medium,14.694915254237287,key,screening results of core targets,paragraph,57,"The key targets screened in Figure 6A were ranked according to the degree values and histograms were plotted, as shown in Figure 6B . Based on these results, AKT1, TNF, STAT3, JUN, and EGFR were closely related to other targets in the PPI network, and presumably, they were identified as the most likely to be important potential targets against AD.",,False,4,a21b184a3ea78151afc279fe3470d68d7c997bd935f47daea3c60f8c5a59d333,5
PMC9526650,36193154,10.1155/2022/2116006,Systems Network Pharmacology-Based Prediction and Analysis of Potential Targets and Pharmacological Mechanism of Actinidia chinensis Planch. Root Extract for Application in Hepatocellular Carcinoma,2022,Evidence-based Complementary and Alternative Medicine : eCAM,"Hu Y, Yang L, Lu Y, Wang Y, Jiang J, Liu Y, Cao Q.",research-article,hepatocellular_carcinoma,cancer,Hepatocellular Carcinoma,AKT1|BCL2L1|HIF1A|RELA|CASP3|PPARG|CAT|JUN|ESR1|AR|EGFR|HYCC1,high,22.0,hub,figure,caption,47,"Effect of expression of the 11 hub genes (AKT1, BCL2L1, HIF1A, RELA, Casp3, PPARG, CAT, JUN, ESR1, AR, and EGFR) closely associated with acRoots by TCGA HCC data in UALCAN.",11,True,9,0d78ffb57bdcd242653196b1e1adeed56da13dbc285220ef5461dffb880b0992,12
PMC10314554,37391801,10.1186/s13018-023-03948-6,Network pharmacology prediction and molecular docking-based strategy to discover the potential pharmacological mechanism of Huang–Qi–Gui–Zhi–Wu–Wu decoction against deep vein thrombosis,2023,Journal of Orthopaedic Surgery and Research,"Fan W, Lan S, Yang Y, Liang J.",research-article,,,,AKT1|IL6|IL1B,medium,12.538461538461538,core,discussion,paragraph,50,"The results of the PPI network analysis suggested that AKT1, IL6, and IL1B could be potential core targets for treating DVT with HQGZWWD; IL-1B and IL-6 are proinflammatory cytokines with a wide range of biological activities [ 43 ].",,False,2,341cba87e85df9bfbda06acdcd0d8840050c1df5228936fd10cf35538dc7a597,3
PMC8898804,35265149,10.1155/2022/7053613,Mechanism of Huoluo Xiaoling Dan in the Treatment of Psoriasis Based on Network Pharmacology and Molecular Docking,2022,Evidence-based Complementary and Alternative Medicine : eCAM,"Gong K, Guo W, Du K, Wang F, Li M, Guo J.",research-article,psoriasis,dermatologic_autoimmune,Psoriasis,AKT1|TNF|IL6|TP53|VEGFA|JUN|CASP3|IL1B|STAT3|PTGS2|HIF1A|EGF|MYC|EGFR|MMP9|PPARG|SETD2,high,16.0,key,results,paragraph,2,"Key targets included AKT1, TNF, IL6, TP53, VEGFA, JUN, CASP3, IL1B, STAT3, PTGS2, HIF1A, EGF, MYC, EGFR, MMP9, and PPARG. Enrichment analysis showed that 735 GO analysis and 85 KEGG pathways were mainly involved in biological processes such as response to the drug, inflammatory response, gene expression, and cell proliferation and apoptosis, as well as signal pathways such as cancer, TNF, HIF-1, and T cell receptor.",,False,3,bc24efa484ec54889b4813e45e261527f4b153032a464872840391faf814c82a,17
PMC10578686,37832096,10.1097/md.0000000000035404,Exploring traditional Chinese medicine as a potential treatment for sarcopenia: A network pharmacology and data mining analysis of drug selection and efficacy,2023,Medicine,"Zhou C, Zhou C, Ma H, Liu C, Yang L.",research-article,,,,ESR1|TP53|IL6|AKT1|EGFR,high,14.612903225806452,key,4.1. target,paragraph,54,"This study is based on target-compound network screening, which has identified 5 key targets (ESR1, TP53, IL6, AKT1, and EGFR). ESR1 has been confirmed to be expressed and widely present in human skeletal muscle, [ 28 ] and its expression in skeletal muscle can be modulated by endurance training, indicating that ESR1 expression may change in response to functional demands of the muscle.",5,True,1,1e799750e82c47dca2e4be37823b6f20465ade63d3461227c098088ec29d6491,5
PMC9849370,36686428,10.3389/fendo.2022.1044775,A network pharmacology study on mechanism of resveratrol in treating preeclampsia via regulation of AGE-RAGE and HIF-1 signalling pathways,2022,Frontiers in Endocrinology,"Shi J, Wang J, Jia N, Sun Q.",research-article,preeclampsia,gynecologic,preeclampsia,IL6|RELA|TNF|MAPK1|IL1B|TGFB1|TGFB2|CASP3|CXCL8|BCL2|STAT3|VEGFA|TP53|IL10|IL1A|EGFR,high,19.0,hub,3.4 analyses of ppi network and tp network,paragraph,35,"The result showed that in the top 30 pathways, there were 16 hub proteins including IL6, RELA, TNF, MAPK1, IL1B, TGFB1, TGFB2, CASP3, CXCL8, BCL2, STAT3, VEGFA, TP53, IL10, IL1A, and EGFR in the TP network for their high frequency (>10 times) ( Supplementary Material Additional file 7 ).",16,True,4,b44db05e3b52ecf47cc087f6896c71febb15d4227b934092348bc9e42ac2194e,16
PMC11229930,38983404,10.12998/wjcc.v12.i18.3505,Exploring the potential mechanism of WuFuYin against hypertrophic scar using network pharmacology and molecular docking,2024,World Journal of Clinical Cases,"Zhang SY, Guo SX, Chen LL, Zhu JY, Hou MS, Lu JK, Shen XX.",research-article,,,,ABCC1|MMP2|MMP9|GSK3B|MMP3|PIK3CG|APCDD1,high,18.641509433962263,hub,unknown,paragraph,6,"Core Tip: This study identified 8 hub genes [ CKD2 , ABCC1 , MMP2 , MMP9 , glycogen synthase kinase 3 beta ( GSK3B ), PRARG , MMP3 , and phosphatidylinositol-4,5-bisphosphate 3-kinase catalytic subunit gamma ( PIK3CG )] and five key compounds (MOL004941, MOL004935, MOL004866, MOL004993, and MOL004989) in the WuFuYin (WFY) as an effective treatment for hypertrophic scar (HTS).",8,True,3,42aac9f58507b9876b4554d72cc89cde716f01dd44cc592bc4ac47f34db63ad9,7
PMC9307349,35873623,10.1155/2022/3389180,Active Compounds and Targets of Yuanzhi Powder in Treating Alzheimer's Disease and Its Relationship with Immune Infiltration Based on HPLC Fingerprint and Network Pharmacology,2022,Evidence-based Complementary and Alternative Medicine : eCAM,"Liu Q, Liu Q, Wang S, Hao Y, Li J, Li W, Zhang Y, Li B.",research-article,alzheimer_disease,neurological,Alzheimer's Disease,FOS|CCL2|GJA1|CD4,medium,14.63265306122449,core,results,paragraph,2,"We showed that FOS, CCL2, and GJA1 were the core targets and that the gap junction is an essential signaling pathway in YZP for AD. Furthermore, the AD group had a higher infiltration level of naïve B cells and resting CD4 memory T cells, as determined by the CIBERSORT.",,False,2,eabc56a7a227aa98c5d908b9d9f0001334ae5ec2ba651c101f585bc5d7bb0f9e,4
PMC8536441,34692849,10.1155/2021/9949302,Study on the Mechanism of Prunella Vulgaris L on Diabetes Mellitus Complicated with Hypertension Based on Network Pharmacology and Molecular Docking Analyses,2021,Journal of Diabetes Research,"Jiao X, Liu H, Lu Q, Wang Y, Zhao Y, Liu X, Liu F, Zuo Y, Wang W, Li Y.",research-article,diabetes,metabolic,Diabetes Mellitus,IL6|NOS3|SETD2,medium,7.276595744680851,key,5. conclusion,paragraph,42,"The eleven active components of Prunella vulgaris L for diabetes combined with hypertension include steroids, flavonoids, etc., 41 key targets IL-6, NOS3, etc., and 21 significant signaling pathways, such as AGE-RAGE, HIF-1, etc., and analyzed the specific role of these targets and signaling pathways.",41,False,2,29d5383bdef0b45fdd1cc709d5f29dbca232c62c0145c12b0ef1c0371a1e2eca,3
PMC9325604,35911143,10.1155/2022/2407462,Exploring the Mechanism of Curcumin on Retinoblastoma Based on Network Pharmacology and Molecular Docking,2022,Evidence-based Complementary and Alternative Medicine : eCAM,"Wu C, Zheng W, Zhang J, He X.",research-article,,,,RB1|STAT3|CDKN2A,medium,14.395348837209303,core,3.4. docking results analysis,paragraph,31,"We selected the core targets, including RB1, STAT3, and CDKN2A, for molecular docking with curcumin. The results showed that curcumin has a good affinity with RB1, STAT3, and CDKN2A, and the docking results were visualized by PyMOL software ( Figure 7 and Table 2 ).",,False,1,3f79a4ba0f4ffa99d7b173f441faca9606ddc1f6542eaa8d3cfc8e97e8a9145a,3
PMC8382556,34434246,10.1155/2021/5582782,A Network Pharmacology Approach for Exploring the Mechanisms of Panax notoginseng Saponins in Ischaemic Stroke,2021,Evidence-based Complementary and Alternative Medicine : eCAM,"Wang C, Chen H, Ma ST, Mao BB, Chen Y, Xu HN, Yu H.",research-article,ischemic_stroke,neurological,Ischaemic Stroke,MAPK1|AKT1|PIK3R1|SRC|MAPK8|EGFR|IGF1|HRAS|RHOA|HSP90AA1,high,17.0,key,results,paragraph,2,"Among these targets, 241 were common to PNS, and IS network analysis showed that MAPK1, AKT1, PIK3R1, SRC, MAPK8, EGFR, IGF1, HRAS, RHOA, and HSP90AA1 are key targets of PNS against IS.",,False,4,e1d377a521fcd2fd64df3c65365d67f21465bfa2e1f0a113f36bb3594fe8e702,10
PMC10825855,38292259,10.1039/d3ra06297j,"Integration of network pharmacology, molecular docking, and simulations to evaluate phytochemicals from Drymaria cordata against cervical cancer †",2024,RSC Advances,"Bhattacharya K, Chandra Nath B, Ahmed E, Khanal P, Chanu NR, Deka S, Das D, Shrivastava AK.",research-article,cervical_cancer,cancer,cervical cancer,AR|ESR1|IL6|VEGFA|CTNNB1|HRAS|TNF,medium,14.0,hub,protein–protein interaction and gene-enrichment analysis,paragraph,24,"Additionally, AR, ESR1, IL6, VEGFA, CTNNB1, HRAS, and TNF were identified as major hub genes (Fig. S2 † ).",,False,2,3ff7654fccc09a60d22e8a6bf03ea4222f266b0b7757011bf4c8168dccd0ad45,7
PMC11475257,38178669,10.2174/0115734099259071231115072421,Network Pharmacology and Bioinformatics Analyses Identify the Core Genes and Pyroptosis-related Mechanisms of Nardostachys chinensis for Atrial Fibrillation,2024,Current Computer-Aided Drug Design,"Xue W, Luo Y, He W, Yan M, Zhao H, Qing L.",research-article,arrhythmia,cardiovascular,Atrial Fibrillation,IDS|CASP8|TNF,medium,9.428571428571429,core,molecular docking,paragraph,39,"We docked each of the five small molecules and the two core targets, and the results showed that all had good binding power (Table 1 ). The protein PDB IDs of CASP8 and TNF collected from the database were 6X8H and 1A8M, respectively.",,False,5,84823c1746c49cad795d0978ad541d0bb38e3bbccbaeb91166142b7c1cf8c24a,3
PMC9468872,36110545,10.3389/fphar.2022.961012,Exploring the mechanisms of neurotoxicity caused by fuzi using network pharmacology and molecular docking,2022,Frontiers in Pharmacology,"An J, Fan H, Han M, Peng C, Xie J, Peng F.",research-article,,,,AKT1|MAPK1|TP53|TNF|EGFR|INS|CASP3|IL1B|BDNF,medium,15.0,core,discussion,paragraph,74,"AKT1 is the core target of PI3K/AKT signaling pathway. MAPK1, TP53, TNF, EGFR, INS, CASP3, IL1B and BDNF are related to MAPK signaling pathway.",,False,4,2aab7598fdf257be1d37bc67f3a920f067bac5c4a034aaff0b9563a95dddc866,9
PMC9794283,36595750,10.1097/md.0000000000032300,The mechanism study of Miao medicine Tongfengting decoction in the treatment of gout based on network pharmacology and molecular docking,2022,Medicine,"Peng X, Huang C, Zhang N, Cao Y, Chen Z, Ma W, Liu Z.",research-article,gout,musculoskeletal,gout,AKT1|TNF|ALB|IL6|TP53|VEGFA|EGFR|SRC|JUN|STAT3|IL1B|EGF|MAPK3|MYC|HSP90AA1|PPARG|HRAS|TLR4|PTGS2|IL10|MMP9|ERBB2|PTPRC,medium,14.0,key,4. discussion,paragraph,75,"Through network topology parameter screening, the key targets of Miaoyao Tongfengting Decoction in the treatment of gout are AKT1, TNF, ALB, IL6, TP53, VEGFA, EGFR, SRC, JUN, STAT3, IL1B, EGF, MAPK3, MYC, HSP90AA1, PPARG, HRAS, TLR4, PTGS2, IL10, MMP9, ERBB2, PTPRC.",,False,2,863a32a5889122a8d244cd63243825005bd243bbde6f9287b8439e5437615b33,23
PMC9192289,35707465,10.1155/2022/6186662,Molecular Targets and Mechanisms of Hedyotis diffusa - Scutellaria barbata Herb Pair for the Treatment of Colorectal Cancer Based on Network Pharmacology and Molecular Docking,2022,Evidence-based Complementary and Alternative Medicine : eCAM,"Yang Z, Lu S, Tang H, Qu J, Wang B, Wang Y, Pan G, Rao B.",research-article,colorectal_cancer,cancer,Colorectal Cancer,STAT3|TP53|MAPK3|AKT1|JUN|EGFR|MYC|VEGFA|EGF|CTNNB1|MAP3K14,high,20.933333333333334,hub,5. conclusion,paragraph,57,"The top 10 hub genes were STAT3, TP53, MAPK3, AKT1, JUN, EGFR, MYC, VEGFA, EGF, and CTNNB1, which may be the core targets of HS. Our study shows that HS acts simultaneously on a variety of signaling pathways related to CRC, such as the PI3K-Akt signaling pathway, proteoglycans in cancer, and the MAPK signaling pathway, which provides a reference for the research on the specific mechanism of the drug in the treatment of CRC.",10,True,2,3dfa259a5322dc5c1e48f968de615462a1839fb3c436041ff72a968e12c79eff,11
PMC10489428,37682156,10.1097/md.0000000000035034,Hu-Zhang Qing-Mai Formulation anti-oxidative stress alleviates diabetic retinopathy: Network pharmacology analysis and in vitro experiment,2023,Medicine,"Wu X, Mu L, Dong Z, Wu J, Zhang S, Su J, Zhang Y.",research-article,,,,SERPINF2|JUN|MAPK1|STAT3,medium,15.666666666666666,hub,results:,paragraph,2,"Quercetin (Que) was identified as the primary API of HZQMF through network pharmacology analysis, while JUN, MAPK1, and STAT3 were identified as the primary hub genes. Kyoto encyclopedia of genes and genomes enrichment analysis showed that the AGE-RAGE signaling pathway may be crucial to the therapeutic process.",,False,3,cfe9edde49cc832eb229cdca8b690b7866a9589d27091b19afc1b6c6a6ed3af5,4
PMC8814618,35136386,10.1177/1934578x221075075,Prediction the Molecular Mechanism of Shengmai Injection in Acute Treatment of COVID-19 Based on Network Pharmacology,2022,Natural Product Communications,"Wang C, Liu AL, Wu HZ, Yang YF.",research-article,covid_19,infectious,COVID-19,EGFR|MAPK1|AR|MTOR|AKT1|JAK2|STAT3|BRAF|NOS2|IL6|JAK3|VEGFA|TNF|CASP8|CASP3,high,17.0,key,network construction,paragraph,57,"According to the critical degree between the components and the genes, the top 15 key genes were screened, which were EGFR, MAPK1, AR, MTOR, AKT1, JAK2, STAT3, BRAF, NOS2, IL6, JAK3, VEGFA, TNF, CASP8, CASP3.",15,True,2,ddee63752b8bb200f1e3d8edbe91ee63fca1b5e79c91139c94f5f39340463723,15
PMC9641366,36386237,10.3389/fphar.2022.1010036,Network pharmacology-based and experimental identification of the effects of Renshen Yangrong decoction on myocardial infarction,2022,Frontiers in Pharmacology,"Zhao J, Xu X, Yang X.",research-article,myocardial_infarction,cardiovascular,myocardial infarction,AR|PPARG|ESR1|CASP3|IL6|MAPK8|MYC|HIF1A|RELA|NOS3|FOS|GSK3B|NFKBIA,high,23.0,hub,5 conclusion,paragraph,64,"13 hub targets, including AR, PPARG, ESR1, CASP3, IL-6, MAPK8, MYC, HIF1A, RELA, NOS3, FOS, GSK3B, and NFKBIA, were identified. According to the GO and KEGG functional enrichment analyses, these intersections were closely related to oxidative stress injury, inflammatory response, and apoptosis signaling pathways.",13,True,2,29e3d32a7314d930572f132efb295630f24d588141b4ddf965748a58c2477791,13
PMC9389148,35992697,10.3389/fmicb.2022.972576,"Network pharmacology and molecular docking-based investigations of Kochiae Fructus’s active phytomolecules, molecular targets, and pathways in treating COVID-19",2022,Frontiers in Microbiology,"Khan SA, Lee TKW.",research-article,covid_19,infectious,COVID-19,TNF|IL6|PPARG|MAPK3|PTGS2|ICAM1|MAPK1,high,13.916666666666668,core,abstract,paragraph,0,"Three key pathways (pathways in cancer, the TNF signaling pathway, and lipid and atherosclerosis) and the top six anti-COVID-19 core targets (IL-6, PPARG, MAPK3, PTGS2, ICAM1, and MAPK1) were determined to be involved in the treatment of COVID-19 with active phytomolecules of Kochiae Fructus.",19,False,6,66d6fc4292283c80e8804eb02ba3c7d5e41625da9d2c50177d825070084e2260,7
PMC12083493,40386180,10.2147/jir.s510966,Integration of Multi-Omics and Network Pharmacology Analysis Reveals the Mechanism of Qingchang Huashi Jianpi Bushen Formula in Repairing the Epithelial Barrier of Ulcerative Colitis,2025,Journal of Inflammation Research,"Fang Y, Min S, Wu Y, Xu F, Chen H, Li Y, Lu Y, Hu J, Zhu L, Shen H.",research-article,ulcerative_colitis,gastrointestinal,Ulcerative Colitis,EGFR|STAT3|SRC|AKT1|HSP90AA1|DCX,medium,8.411764705882353,key,analysis of potential anti-colitis mechanisms of qchs_jpbs formula using network pharmacology,paragraph,85,"The top five targets are EGFR, STAT3, SRC, AKT1, and HSP90AA1, which can be considered as key targets in the anti-UC pharmacological mechanism of QCHS_JPBS formula. GO enrichment analyses of the 44 intersecting genes (DC>30) identified earlier revealed that the targeted genes were associated with biological processes (such as response to hormone and enzyme-linked receptor protein signaling pathway), cellular components (such as membrane raft and perinuclear region of cytoplasm), and molecular functions (such as protein kinase binding and phosphotransferase activity) ( Figure 10e ).",,False,3,70555c868ce3ece20db467809a153c7d83916e647f03235c85106341fd55e3ea,6
PMC12478307,41031039,10.7717/peerj.19960,"Integrating network pharmacology, molecular docking, and molecular dynamics simulations to explore potential compounds and mechanisms of Coptis chinensis in treating streptococcal infections",2025,PeerJ,"Qi W, Shi B, Tang W, Zeng J, Zhuo M, Ma H.",research-article,,,,TP53|ACTB|AKT1|TNF|HIF1A|IL6|MYC|EGFR|IL1B|ALB,high,20.0,hub,construction of protein–protein interaction (ppi) network and hub gene screening,paragraph,27,"Node importance was comprehensively assessed based on Degree, Betweenness, and Closeness centrality metrics, leading to the identification of 10 key hub genes: TP53, ACTB, AKT1, TNF, HIF1A, IL6, MYC, EGFR, IL1B, and ALB.",10,True,4,0dc5b493562f2e3111a14e0a2d662c2329ef05020d8e6acf00b97d792d6b02a1,10
PMC10957020,38518018,10.1097/md.0000000000037592,Observational study on the potential mechanism of Sanao decoction in the treatment of asthma based on network pharmacology and molecular docking,2024,Medicine,"Chen W, Liu Q, Gao X, Geng Y, Kan H.",research-article,asthma,respiratory,asthma,FOS|STAT3|RELA|JUN|ESR1|TP53|IL6|IL1B|TNF,high,18.0,core,3.6. molecular docking of principal compounds and key targets,paragraph,36,"Concurrently, the 9 core targets, FOS, STAT3, RELA, JUN, ESR1, TP53, IL6, IL1B and TNF functioned as receptors. Batch molecular docking was executed using AutoDock Vina (version 1.1.2), with the resultant binding energy profiles encapsulated in Figure 6 A.",9,True,3,da41a7b8775dc1194b9e25b4f11484659e3ec26a23430682ec0bdc245ed48238,9
PMC9827666,36624462,10.1186/s13018-022-03470-1,Study on the treatment of postmenopausal osteoporosis with quercetin in Liuwei Dihuang Pill based on network pharmacology,2023,Journal of Orthopaedic Surgery and Research,"Zhu F, Li W, Wang L, Dai B, Liu Z, Wu H, Deng T.",research-article,osteoporosis,musculoskeletal,osteoporosis,AKT1|JUN|GSK3B|CCND1|AR|FOS|TGFB1|PPARD,medium,13.0,core,ppi network,paragraph,28,"AKT1, JUN, HSP90A1, GSK3B, CCND1, AR, FOS, JUN, TGFB1, PPARD, etc., were PPI's core genes.",,False,1,e7ae2825031d80071865ad05c38776f5cb0578185dcced2f78f16012efce4376,8
PMC13223287,41957261,10.1038/s41598-026-47737-7,Network pharmacology-guided optimization of Semen Sojae Praeparatum fermentation for enhanced anti-influenza efficacy,2026,Scientific Reports,"Liu W, Zhao W, Zhang Q, Wu X, Hu T, Zhu Y.",research-article,influenza,infectious,influenza,TNF|AKT1|EGFR|SRC|MMP9,high,20.0,hub,abstract,paragraph,0,"Network pharmacology identified genistein and daidzein as key bioactive constituents targeting hub proteins TNF, AKT1, EGFR, SRC, and MMP9, which mediate pathological process in influenza.",,False,1,9793b917ce078662888582fc28d4a2b7862c53f45ad9ef7a04bbc54db961b3ad,5
PMC12220612,40598199,10.1186/s13020-025-01159-1,Multi-omics and network pharmacology reveal Huayu-Tongbi decoction reduced arthritis-related bone erosion,2025,Chinese Medicine,"Chen B, Yang L, Wang H, Yu P, Ma M, Chen M, Zhou Y, Wu J, Liang H, Wang M, Huang R, He Y, Huang Q, He X.",research-article,,,,HT|TNFSF11|PPARA|TEAD1,medium,12.777777777777779,key,results,paragraph,2,"Serum pharmacochemistry identified 44 absorbed components in HT, and network pharmacology analysis predicted 89 key targets of HT related to RA. In vitro experiments demonstrated that HT inhibited RANKL–induced osteoclastic differentiation through multiple pathways, such as PPAR pathway, AA metabolism, and NF-κB pathway.",,False,2,ad2dc0d23e151dc9f2cbfda439efdd1e04cd9e0d96186d7d1aa359aa1a4ccd06,4
PMC11096846,38756592,10.1016/j.heliyon.2024.e29977,Network pharmacology-based analysis on the key mechanisms of Yiguanjian acting on chronic hepatitis,2024,Heliyon,"Jiang X, Cui X, Nie R, You H, Tang Z, Liu W.",research-article,,,,GNAS|GNB1|CYP2E1|SFTPC|F2|MAPK3|PLG|SRC|HDAC1|STAT3,medium,14.389830508474576,hub,prediction of the key ch-related genes by the rwr algorithm,paragraph,44,"As shown in Table 2 , the approach yielded the top 10 genes ( GNAS , GNB1 , CYP2E1 , SFTPC, F2 , MAPK3 , PLG , SRC , HDAC1 , and STAT3 ) as hub genes. GNAS is a frequently mutated gene in human cancers; mutations in this gene are seen in many different types of cancer, including liver, lung, pancreatic, and rectal cancers [ [21] , [22] , [23] , [24] , [25] ].",,False,3,1798efdafc217c4bcd9253548579f6b6d83b57b1a2a889841845bcef60a8c6b7,10
PMC9304690,35873580,10.3389/fphar.2022.891889,Network Pharmacology and Experimental Validation to Explore the Mechanism of Qing-Jin-Hua-Tan-Decoction Against Acute Lung Injury,2022,Frontiers in Pharmacology,"Xiao S, Liu L, Sun Z, Liu X, Xu J, Guo Z, Yin X, Liao F, Xu J, You Y, Zhang T.",research-article,acute_lung_injury,respiratory,Acute Lung Injury,MAPK14|CDK2|EGFR|F2|SRC|AKT1,medium,12.448979591836736,key,discussion,paragraph,82,"Based on the network pharmacology results, the key targets with higher degree values of the compound–target–pathway network included MAPK14, CDK2, EGFR, F2, SRC, AKT1, and so on. The p38 MAPKs signaling pathway plays an important role in regulating neutrophil activation, especially endotoxin stimulation ( Li et al., 2021 ).",,False,1,f456a0f09369dde7244ce6d88f554aa891372ccd25155615d66f70c93eebb08d,6
PMC12204778,40584908,10.34172/bi.30568,Uncovering the anticancer effects of Bhallataka Taila in lung cancer: A metabolomic and network pharmacology approach,2025,BioImpacts : BI,"Suchitha GP, Upadhyay SS, Pervaje R, Prasad TSK, Dagamajalu S.",research-article,lung_cancer,cancer,lung cancer,F2|AR|EGFR|FLT3LG|FLT3|HGF|IGF1R|PRRT2|COX2|SETD2|PIM1|CDK4|FASLG|TERT,medium,10.666666666666666,key,pathways in cancer,paragraph,38,"Key proteins associated with these pathways include coagulation factor II (F2), G protein-coupled receptors (GPCR), Rho guanine nucleotide exchange factor (RhoGEF), androgen receptor (AR), epidermal growth factor receptor (EGFR), FLT3LG, Fms-like tyrosine kinase 3 (FLT3), hepatocyte growth factor (HGF), insulin-like growth factor receptor (IGFR), protein kinase C (PKC), rapidly accelerated fibrosarcoma (Raf), cyclooxygenase (COX2), HIF-1β, VEGF, Pim-1 proto-oncogene (PIM1/2), MMPs, cyclin-dependent kinases (CDK4/6), retinoic X receptor (RXR), estrogen receptor (ER), Fas cell surface death receptor (Fas), Fas ligand (FasL), and telomerase reverse transcriptase (TERT), all of which are modulated by Bhallataka taila in cancer pathways ( Fig.",,False,1,1d7bff89e06e616149122eee114bbcfd8341c7520297c327aa29d22f4cb04d6c,14
PMC10977574,38552049,10.1097/md.0000000000037674,Exploring the mechanism of action of Shuangyang houbitong granules in the treatment of acute pharyngitis based on network pharmacology and molecular docking,2024,Medicine,"Zhou J, Qiao C, Gao Y, Wang H, Li J, Yang S, Chai K, Zhao T, Wu J.",research-article,,,,DHCR7-DT|GAPDH|IL6|TNF|AKT1|TP53|EGFR,high,16.58974358974359,core,5. conclusion,paragraph,52,"In conclusion, this study utilized network pharmacology and molecular docking technology to identify the core components of SHG in treating AP as genkwanin, acetin, apigenin, and quercetin, with GAPDH, IL6, TNF, AKT1, TP53, and EGFR being the core targets.",,False,2,187b6dece68c1a677e26706e635cdf96b84707e18f189bd8d09c36023633dd16,7
PMC11414759,39310899,10.2147/jir.s453638,Exploration of Potential Therapeutic Targets of Shentong Zhuyu Decoction for Ankylosing Spondylitis Based on Network Pharmacology and Molecular Docking,2024,Journal of Inflammation Research,"Xin H, Wang M, Wang S, Han H, Jiang N.",research-article,ankylosing_spondylitis,autoimmune,Ankylosing Spondylitis,MMP9|NLRP3|CYP2B6,medium,10.5,core,construction of protein–protein interaction networks,paragraph,58,"A total of three gene clusters ( Figure 4 ) and three core genes, including matrix metalloproteinase-9 (MMP9), NLRP3 and cytochrome P450 2D6, were obtained.",,False,1,c5f4aed5563ed62069cbf73f6e3ae93a48572e3f1896ae49624145d924667f07,3
PMC11102677,38765022,10.1177/11779322241247634,Integrating Network Pharmacology and Molecular Docking Approach to Elucidate the Mechanism of Commiphora wightii for the Treatment of Rheumatoid Arthritis,2024,Bioinformatics and Biology Insights,"Abdel-Maksoud MA, Askar MA, Abdel-Rahman IY, Gharib M, Aufy M.",research-article,rheumatoid_arthritis,autoimmune,Rheumatoid Arthritis,PIK3CA|TNF|MAPK3,medium,8.578947368421053,key,topological protein-protein network construction,paragraph,36,"Following a comparison between these results and those provided by enrichment assay ( Table 4 ), 3 genes of C wightii particularly PIK3CA, TNF, and MAPK3 were outlined as key targets of anti-arthritis and selected for docking study further.",,False,1,b071f485a9043771aa1e40e51d54b1cb3f8ec68874f5e856c24700b61e07c8ae,3
PMC9692208,36438835,10.3389/fphar.2022.964593,Integrating network pharmacology and experimental validation to clarify the anti-hyperuricemia mechanism of cortex phellodendri in mice,2022,Frontiers in Pharmacology,"Xu L, Cheng J, Lu J, Lin G, Yu Q, Li Y, Chen J, Xie J, Su Z, Zhou Q.",research-article,gout,musculoskeletal,hyperuricemia,CP|ELAVL1|TP53|MAPK8|MAPK3|IL6|AKT1|ABCG2|TNF|NLRP3,high,16.89855072463768,core,abstract,paragraph,0,"The core targets of CP for treating HUA were TP53, MAPK8, MAPK3, IL-6, c-Jun, AKT1, xanthine oxidase (XOD), and ATP-binding cassette subfamily G member 2 (ABCG2). The Kyoto Encyclopedia of Genes and Genomes (KEGG) enrichment results showed that the anti-HUA effect of CP mainly involved the pathways of inflammation and apoptosis, such as PI3K/Akt, TNF, MAPK, TLR, AMPK, NF-κB, and NLRP3 signaling pathways.",,False,7,c0c502eeb7dca5c305a454637b41dcf1050107a7b317874dd8bc4ddc74f699a2,10
PMC9831705,36636607,10.1155/2023/9208017,Network Pharmacology Approach to Investigate the Mechanism of Danggui-Shaoyao-San against Diabetic Kidney Disease,2023,Evidence-based Complementary and Alternative Medicine : eCAM,"Chen Y, Song X, Luo Y, Li G, Luo Y, Wang Z, He R, Lu J, Xiong G, Cheng H, Li H, Yang S.",research-article,diabetic_nephropathy,renal_metabolic,Diabetic Kidney Disease,IL6|AKT1|TNF|CAT|JUN|PTGS2,medium,16.0,hub,6. discussion,paragraph,57,"Hub targets of the pharmacokinetically active compounds included IL-6, AKT1, TNF, CAT, JUN, and PTGS2. Inflammation, cell proliferation, apoptosis, and fibrosis were all linked to these genes.",,False,1,f010d2ee2b40cb131bfdba5c0546ccd5ed02fdd970ecbfd1d802bb02c0c87b08,6
PMC12376120,38835132,10.2174/0113862073293313240519161145,Mechanism of Guigan Longmu Decoction in the Treatment of Arrhythmias Based on Network Pharmacology and Untargeted Metabolomics Assays,2025,Combinatorial Chemistry & High Throughput Screening,"Deng T, Guo S, Yang J, Huang XY, Lu XB, Lu J, Liu L, Du Z.",research-article,,,,MAPK1|MAPK3|MAPK8|MAPK10|MAPK14,medium,13.030303030303031,core,comprehensive analysis,paragraph,35,"Furthermore, by integrating network pharmacology with the targets of differential metabolites, we identified five core targets: MAPK1, MAPK3, MAPK8, MAPK10, and MAPK14, along with two affected metabolites, L-glutamic acid, and arachidonic acid.",,False,1,59525674adc415137fd83438f1b3db78825576d160c94af4e93bfa808ca7401b,5
PMC11239594,39005919,10.1016/j.heliyon.2024.e33102,Network pharmacology and experimental validation to explore the mechanism of Changji'an formula against irritable bowel syndrome with predominant diarrhea,2024,Heliyon,"Ke W, Wu J, Li H, Huang S, Li H, Wang Y, Wu Y, Yuan J, Zhang S, Tang H, Lei K.",research-article,irritable_bowel_syndrome,gastrointestinal,irritable bowel syndrome,DCX|TNF|IL6|ALB|AKT1|TP53|JUN|IL1B|VEGFA|CASP3|EGFR|MMP9|SRC|MAPK3|MYC|CXCL8|PTGS2|CCL2|ESR1,medium,10.0,hub,network construction,paragraph,31,"A total of 111 and 56 hub nodes were identified with DC ≥ 43 and 76, respectively. Finally, these 56 crucial targets were identified as the candidate targets of CJAF for the treatment of IBS-D, which included TNF, IL6, ALB, AKT1, TP53, JUN, IL1B, VEGFA, STST3, CASP3, EGFR, MMP9, SRC, MAPK3, MYC, CXCL8, PTGS2, CCL2 and ESR1, etc ( Fig.",56,False,2,90ffb5ffea66fa0fd70670cd3aad750695eec95c64da6a08159ad40c6ea7a9a2,19
PMC12358555,40820159,10.1038/s41598-025-15556-x,"Network pharmacology and metabolomics reveal mathurameha, a Thai traditional Anti-Diabetic formula, enhances glucose metabolism through PI3K-AKT/AMPK/GLUT4 pathway modulation",2025,Scientific Reports,"Banerjee S, Jaidee W, Rujanapun N, Duangyod T, Maneerat T, Phuneerub P, Malee K, Popluechai S, Suthiphasilp V, Puttarak P, Hiransai P, Laphookhieo S, Ramli S, Vanden Berghe W, Cordell GA, Charoensup R.",research-article,,,,SLC2A4|PPARG|INSR|AKT2|CASP3|MMP9,high,18.0,key,abstract,paragraph,0,"Network pharmacology and pathway enrichment analyses revealed key targets (GSK3β, GLUT4, PPARG, INSR, AKT2, CASP3, and MMP9) and highlighted the involvement of PI3K-AKT, AMPK, and GLUT4 signaling pathways.",,False,4,eb432adb7dbd6b5eed85088676671fc6e32ee70c75a18710f27734b641282d96,6
PMC10235497,37275616,10.3389/fvets.2023.1123449,The therapeutic mechanism of Chebulae Fructus in the treatment of immunosuppression in Chinese yellow quail on the basis of network pharmacology,2023,Frontiers in Veterinary Science,"Wu Q, He M, Wang J, Tong T, Yang D, Tang H.",research-article,,,,RELA|TBX21|GATA3,high,15.25,key,discussion,paragraph,41,"In particular, 3 key genes, RELA , TBX21 , and GATA3 , were regulated by 3 or more components of Chebulae Fructus linked to inflammation and intestinal mucosal immunity. Most of the compounds were classified as polyphenols, which have been indicated as the most effective ingredients in Chebulae Fructu ( 17 , 24 ).",3,True,1,375c3ca45cca6a4702c728e8499d4f6a2546b8c92dcfe0b48b65a0fe17c909c4,3
PMC12215522,40596125,10.1038/s41598-025-06515-7,"Integrated network pharmacology, molecular docking and experimental validation to explore the mechanism of Dingji Fumai Decoction against LQTS",2025,Scientific Reports,"Huang X, Jin Y, Lian J.",research-article,,,,KCNH2|HSP90AA1|SCN5A|CACNA2D1,medium,12.5,core,discussion,paragraph,76,"It suggests that the core active components can spontaneously and stably join with the core target proteins (KCNH2, HSP90AA1, SCN5A, and CACNA2D1) and play an important role in the therapy of LQTS.",,False,3,e76fb2068990d2b74b7cd9e22dbf2fceb33750ad0b4c4e7c8f8096cd79f07056,4
PMC11967982,40179089,10.1371/journal.pone.0320818,Network pharmacology and in silico analysis reveal Kochiae Fructus as a potential therapeutic against atopic dermatitis through immunomodulatory pathway interactions,2025,PLOS One,Khan SA.,research-article,atopic_dermatitis,dermatologic,atopic dermatitis,SRC|MAPK3|MAPK1|JUN|PIK3CA|ESR1|PTGS2|PTPN11|IL6|ALOX5,high,19.0,core,abstract,paragraph,0,"Protein-protein interaction (PPI) networks and Molecular Complex Detection (MCODE) analyses highlighted 78 anti-AD key targets, including SRC, MAPK3, MAPK1, JUN, PIK3CA, ESR1, PTGS2, PTPN11, IL-6, and ALOX5, among the top ten anti-AD core targets.",,False,11,e99bdc9d12106721762dbc2586022c055a8e672a0d021d5ce6d8511e32a573d4,10
PMC8249129,34257681,10.1155/2021/5516525,Therapeutic Targets and Mechanism of Xingpi Jieyu Decoction in Depression: A Network Pharmacology Study,2021,Evidence-based Complementary and Alternative Medicine : eCAM,"Chang Z, He LJ, Tian DF, Gao Q, Ling JF, Wang YC, Han ZY, Guo RJ.",research-article,depression,psychiatric,Depression,AKT1|VEGFA|MAPK8|FOS|ESR1|NR3C1|IL6|HIF1A|NOS3|AR,high,22.636363636363637,core,results,paragraph,2,"PPI network analysis demonstrated that the top 10 core targets were AKT1, VEGFA, MAPK8, FOS, ESR1, NR3C1, IL6, HIF1A, NOS3, and AR. The molecular docking results showed that the binding energies of beta sitosterol with AR, FOS, AKT1, VEGFA, NR3C1, and NOS3 were less than −7.0 kcal·mol −1 , indicating a good docking effect.",10,True,2,8437b152f2001aee9a1838f314d291c8d8a91f20d6fc7767003734695442ac8b,10
PMC10050741,37007048,10.3389/fphar.2023.1145675,"Investigating the effect of dehydromiltirone on septic AKI using a network pharmacology method, molecular docking, and experimental validation",2023,Frontiers in Pharmacology,"Chen S, Wang Y, Liu Y, Bai L, Li F, Wu Y, Xie X, Zhang N, Zeng C, Zhang L, Wang X.",research-article,,,,MCC|IL6|TNF|IL1B|IL10|INS|EGF|PTGS2|COX2|EGFR|BCL2L1,high,19.0,hub,protein–protein interaction (ppi) analysis and “herb–ingredient–target–signal pathway” network construction of sm,paragraph,28,"To find the potential hub genes, 32 intersecting proteins were screened for the top 10 key targets by calculating the MCC (maximal clique centrality) scores including IL-6, TNF, IL-1β, IL-10, INS, EGF, PTGS2 (also known as COX2), EGFR, TGFβ1, and BCL2l1 ( Figure 2B ).",10,True,1,1252dfa8526fb20b13bff227cde3428eec937a726c7ba31c9efb73ce5527074f,11
PMC12110816,40428401,10.3390/genes16050580,Analysis of Multi-Target Synergistic Mechanism of Coix Seed Therapy for Herpes Zoster Based on Machine Learning and Network Pharmacology,2025,Genes,"Song Z, Yang L, He J, Li Y, Yang N, Yang M, Wu M.",research-article,,,,TNF|EGF|GAPDH,high,16.307692307692307,core,abstract,paragraph,0,"Results: Fifty-five overlapping targets were identified, with core targets including TNF , EGF, and GAPDH . Enrichment analysis revealed key pathways such as inflammation and immune regulation.",,False,1,6dee7177ba1e76ffd965e6e8f50d1ad79524b6520401fc85d06d80e7fed41da2,3
PMC9288182,35855804,10.1155/2022/1493137,Reveal the Mechanisms of Yi-Fei-Jian-Pi-Tang on Covid-19 through Network Pharmacology Approach,2022,Computational Intelligence and Neuroscience,"Lang W, Yang F, Cai F, Shi W, Dong M, An Q, Li Y.",research-article,covid_19,infectious,Covid-19,ERBB2|TP53|IL6|PTGS2|FOS|IL1B|IL10|SPP1|PPARG|MMP9|MYC|JUN|HIF1A|CXCL8|ICAM1|MAPK3|CCL2|CCND1|AKT1|TNF|SERPINE1|TGFB1|MMP2|TIMP1|CASP3|EGFR,medium,13.0,core,3.2. chinese herbal medicinal ingredient prescription (yfjpt) targets' ppi network analysis,paragraph,30,"Three topological properties of each node are determined with the intention of finding the core nodes. At last, there are 26 nodes whose average value is more than 52 chosen as core nodes, which means, ERBB2, TP53, IL6, PTGS2, FOS, IL1B, IL10, SPP1, PPARG, MMP9, MYC, JUN, HIF1A, CXCL8, ICAM1, MAPK3, CCL2, CCND1, AKT1, TNF, SERPINE1, TGFB1, MMP2, TIMP1, CASP3, and EGFR.",,False,2,42a99a0ea749e85b3062e253f042377efd70b4d5b16d09764c2a06e93cad96e8,26
PMC7076893,32143602,10.1186/s12906-020-2871-3,A systematic analysis of natural α -glucosidase inhibitors from flavonoids of Radix scutellariae using ultrafiltration UPLC-TripleTOF-MS/MS and network pharmacology,2020,BMC Complementary Medicine and Therapies,"Wang L, Tan N, Wang H, Hu J, Diwu W, Wang X.",research-article,,,,PPARG|ACACB|NFKB1|PPARA,high,13.857142857142858,key,conclusion,paragraph,135,"PPARG, PGH2, ACACB, and NFKB1 were key targets. The α-glucosidase inhibitors from RS might influence T2D progression through the type II diabetes mellitus and PPAR signaling pathways.",,False,3,dcebe5ec785484d9dc099fed55b7a15efc081d98948de8f66ee733ddf213d2fd,4
PMC9191557,35049243,10.1097/md.0000000000028132,Mechanism research of Salvia miltiorrhiza on treating myocardial ischemia reperfusion injury according to network pharmacology combined with molecular docking technique,2021,Medicine,Jiang Z.,research-article,myocardial_infarction,cardiovascular,myocardial ischemia,AKT1|IL6|VEGFA|MAPK1|STAT3|CASP3|PTGS2|FOS|MYC|JUN|MAPK14|BCL2L1,medium,10.857142857142858,key,construction and analysis of protein interaction (ppi) network,paragraph,94,"The PPI network was imported into Cytoscape 3.6.1 software and Cytohubba plug-in was used to analyze the key nodes of the above 61 genes. As shown in Figure 3 , AKT1, IL-6, vascular endothelial growth factor A (VEGFA), MAPK1, STAT3, CASP3, PTGS2, FOS, MYC, JUN, MAPK14, and BCL2L1 interacted with the other proteins in the highest frequency, and the interaction between targets was stronger and the degree value was larger, which indicated to play an important role in the PPI network.",,False,4,cec7ef20b83f3107a8cc2256fdf07e0ba99cd43918a0ea3768b4e16d31324943,12
PMC12163577,40520339,10.1515/med-2025-1215,Mechanisms of hesperetin in treating metabolic dysfunction-associated steatosis liver disease via network pharmacology and in vitro experiments,2025,Open Medicine,"Wu Y, Lin Y, Xu S, Su D, Yang H, Tang L.",research-article,,,,MYC|IL6|IL1B|PTGS2,high,16.636363636363637,core,results,paragraph,2,"Forty core targets of hesperetin for MASLD mitigation were identified. Notably, MYC, IL-6, IL1B, and PTGS2 had high network association values.",,False,3,eb2d5a42efdaa2a169b5a682e60cbc42bfd64de7f61be7e6d84d6cdf6b6960e4,4
PMC12303444,40725959,10.1097/md.0000000000043115,Elucidation of the mechanism of treating endometriosis with Ge Xia-Zhu Yu decoction by means of network pharmacology and molecular docking,2025,Medicine,"Li S, Li B, Duan Z, Liu D, Lin X.",research-article,endometriosis,gynecologic,endometriosis,AKT1|ALB|STAT3|TNF,high,13.962962962962962,core,abstract,paragraph,0,"The top 5 active ingredients were quercetin, kaempferol, baicalin, tetrahydropalmatine, and luteolin, and the intersection of the top 10 core proteins were AKT1, ALB, STAT3, and TNF.",10,False,3,d79ee1a66bc0709e84e66b805ce3158a10ca66f8ed03aa77246ccab70ec7ebf7,4
PMC7718855,33313323,10.1155/2020/9105972,Mechanism of Action of Bu-Fei-Yi-Shen Formula in Treating Chronic Obstructive Pulmonary Disease Based on Network Pharmacology Analysis and Molecular Docking Validation,2020,BioMed Research International,"Wu L, Chen Y, Yi J, Zhuang Y, Cui L, Ye C.",research-article,copd,respiratory,Chronic Obstructive Pulmonary Disease,PTGS2|PPARG|NOS2|NR3C1|COPD,medium,14.225806451612904,core,4. discussion,paragraph,46,"Furthermore, based on the topological parameters of nodes in the component-target network, it was speculated that PTGS2, PPARG, NOS2, and NR3C1 were the core targets for BFYSF in treating COPD.",,False,4,81274331d9922a434df1f9209a28272945af66de63493436dc67b60ada5131d6,5
PMC9359200,35938504,10.1080/13880209.2022.2101671,Network pharmacology and experimental evidence reveal the protective mechanism of Yi-Qi Cong-Ming decoction on age-related hearing loss,2022,Pharmaceutical Biology,"Yang YF, Yan XR, Wu RX, Li N, Chu M, Dong Y, Fu SP, Shi JR, Liu Q.",research-article,,,,AKT1|PTGS2|CASP3,medium,15.666666666666666,hub,results,paragraph,3,"The main compounds have good affinities with hub targets, especially AKT1, PTGS2, and CASP3. GO and KEGG analysis showed that the main biological process and key targets were related to negative regulation of the apoptotic process.",,False,4,c9c7e6f92fd11969f97361d44f569c9a18c6400dbc570cbc8fda87f83cbc31c0,3
PMC9200514,35722157,10.1155/2022/4891370,Molecular Mechanism of Crataegi Folium and Alisma Rhizoma in the Treatment of Dyslipidemia Based on Network Pharmacology and Molecular Docking,2022,Evidence-based Complementary and Alternative Medicine : eCAM,"Wang H, Wang H, Zhang J, Luo J, Peng C, Tong X, Chen X.",research-article,,,,CCND1|CASP3|HIF1A|ESR1,high,12.424242424242424,key,5. conclusion,paragraph,75,"were potential active ingredients of the SZHP, and they act on key targets such as CCND1, CASP3, HIF1A, and ESR1 to regulate a variety of biological processes, molecular functions, cellular components, and pathways.",,False,2,f55bc5310245363d7413a637ecf013d1bb8d83ae343d86fb5b5c9313be482f55,4
PMC11818921,39941120,10.3390/ijms26031353,Biological Activities of Constituents from Rosa roxburghii and Their Mechanisms Based on Network Pharmacology and Biological Verification,2025,International Journal of Molecular Sciences,"Xiang LJ, Zhang S, Luo ML, Long XX, Zhou Y, Yin X.",research-article,,,,TNF|IL6|BCL2|ESR1|SRC|MMP9|HIF1A|NFKB1|CCS,medium,11.05084745762712,key,2.6. network pharmacology predicts the potential anti-inflammatory pathways of compound 3,paragraph,34,"These key genes are TNF, IL-6, BCL2, ESR1, SRC, MMP9, HIF1A, and NFKB1, which may play a crucial role in the anti-inflammatory effect of 3 . In addition, the GO (Gene Ontology) included BPs (Biological Processes), CCs (Cellular Components), and MF (Molecular Function), and the top five items in each category were selected for bar charts ( Figure 7 ).",,False,1,ebb770fae94dece3f3f5f40e3425f3fd9c905497bb5eb3d5d776eba630224b08,9
PMC7843179,33542744,10.1155/2021/6236135,Systematically Deciphering the Pharmacological Mechanism of Fructus Aurantii via Network Pharmacology,2021,Evidence-based Complementary and Alternative Medicine : eCAM,"Jin Q, Lu J, Gao R, Xu J, Pan X, Wang L.",research-article,,,,TP53|AKT1|MAPK3|PTGS2|BAX|BCL2,high,16.857142857142858,key,abstract,paragraph,0,"TP53, AKT1, caspase 3, MAPK3, PTGS2, and BAX/BCL2 were related key targets in the identified enriched pathways and the PPI network. In addition, our molecular docking results showed that the bioactive compounds in FA can tightly bind to most target proteins.",,False,7,ff60fa7afb274a25a37bb54f713c28c64e25a1d9f6c8cffce171fefc0fe2ede2,6
PMC12067316,40356949,10.3389/fphar.2025.1560420,Integrating proteomics and network pharmacology to explore the relevant mechanism of Huangkui capsule in the treatment of chronic glomerulonephritis,2025,Frontiers in Pharmacology,"Wen CQ, Zou J, Li JX, Wang FJ, Ge HT.",research-article,,,,STAT3|PIK3R1|AKT1|PARP1|ICAM1|DPP4|KLKB1|F2|F10|PTPN6|FABP3|SLC37A4|CASP1,high,20.0,key,4 discussion,paragraph,97,"Through a combined analysis of network pharmacology and proteomics, 13 key target proteins were identified: STAT3, PIK3R1, AKT1, PARP1, ICAM1, DPP4, KLKB1, F2, F10, PTPN6, FABP3, SLC37A4, and CASP1 ( Figure 10 ).",13,True,7,f75c9544b48f0917862fd3bfd027366671c9418536bdd79b91e0a5920acc6a36,13
PMC12991575,41824834,10.1097/md.0000000000048071,Rosa roxburghii Tratt. enhances fracture healing through multitarget regulation of osteogenesis and angiogenesis: Integrated network pharmacology and molecular docking analysis,2026,Medicine,"Wu Z, Luo P, Liu H, Xu J, Ying Q, Zhang J, Xuan Z.",research-article,,,,EGFR|SETD2|PTGS2|SRC|TNF,high,19.470588235294116,core,figure,caption,50,"(B) the visualization images of quercetin docking with 4 core targets; and (C) the visualization images of the 4 core targets docked with the best affinity components. EGFR = epidermal growth factor receptor, HIF-1 = hypoxia-inducible factor 1, MAPK = mitogen-activated protein kinase, PI3K-Akt = phosphoinositide 3-kinase/protein kinase B, PTGS2 = prostaglandin G/H synthase 2, SRC = proto-oncogene tyrosine-protein kinase Src, TNF = tumor necrosis factor.",4,True,2,1e0aedc8b50c75d71764083c933d0714c364fccac4f34ef7efe08bef227813c5,5
PMC10615469,37904411,10.1097/md.0000000000035438,"Exploring the action mechanism of Jinxin oral liquid on asthma by network pharmacology, molecular docking, and microRNA recognition",2023,Medicine,"Chen J, Zhu Q, Mo Y, Ling H, Wang Y, Xie H, Li L.",research-article,asthma,respiratory,asthma,ACTB|AKT1|TNF|HSP90AA1|EGFR,high,21.639344262295083,hub,3.5. ppi network and md results,paragraph,22,"The 6 HUB targets with the highest degree values for molecular docking were chosen from among them. They were actin, cytoplasmic 1 (ACTB) (degree 82), RAC-alpha Ser/Thr protein kinase (AKT1) (degree 78), tumor necrosis factor (TNF) (degree 72), heat shock protein 90-alpha (HSP90AA1) (degree 69), transcription factor Jun (degree 64), and epidermal growth factor receptor (EGFR) (degree 63).",6,True,3,733267df15ac6c9b0bcf822e1c39a07bed389eeee519bb48de90738b8ff19746,5
PMC8121566,34035828,10.1155/2021/9928282,Based on Network Pharmacology and Molecular Docking to Explore the Underlying Mechanism of Huangqi Gegen Decoction for Treating Diabetic Nephropathy,2021,Evidence-based Complementary and Alternative Medicine : eCAM,"Ding S, Wang W, Song X, Ma H.",research-article,diabetic_nephropathy,renal_metabolic,Diabetic Nephropathy,VEGFA|IL6|TNF|AKT1|TP53,high,15.857142857142858,core,5. conclusions,paragraph,129,"Then, we validated the core targets and key components by molecular docking technology. The results showed that quercetin, formononetin, kaempferol, isorhamnetin, and beta-sitosterol had good binding activity with VEGFA, IL6, TNF, AKT1, and TP53.",,False,2,25cf664826820efba78f3f116b45d92c09f2f389d93137594ef3b67ba785fccf,5
PMC10607277,37894904,10.3390/ijms242015222,Network Pharmacology and Bioinformatics Study of Geniposide Regulating Oxidative Stress in Colorectal Cancer,2023,International Journal of Molecular Sciences,"Wu Y, Luo J, Xu B.",research-article,colorectal_cancer,cancer,Colorectal Cancer,HPSE|IL1B|GSK3B|NOS3|RELA|CDK4,high,21.0,hub,abstract,paragraph,0,"We verified the hub genes by molecular docking, GEPIA, HPA and starBase database. We identified five hub genes: IL1B, GSK3B, NOS3, RELA and CDK4 .",,False,7,c6fb2ab21a4ffa0eeda1e4526c8e15a60e57c4a29f16facaa6f8475668e64d29,6
PMC7673937,33224254,10.1155/2020/7617261,Investigating the Multitarget Mechanism of Traditional Chinese Medicine Prescription for Cancer-Related Pain by Using Network Pharmacology and Molecular Docking Approach,2020,Evidence-based Complementary and Alternative Medicine : eCAM,"Chang J, Liu L, Wang Y, Sui Y, Li H, Feng L.",research-article,cancer_unspecified,cancer,Cancer,JUN|MAPK1|RELA|TYRP1,medium,14.454545454545455,key,abstract,paragraph,0,"The key targets of GTF for cancer-related pain were Jun proto-oncogene (JUN), mitogen-activated protein kinase 1 (MAPK1), and RELA proto-oncogene (RELA). 2204 GO entries and 148 pathways were obtained by GO and KEGG enrichment, respectively, which proved that chemokine, MAPK, and transient receptor potential (TRP) channels can be regulated by GTF.",,False,2,420e3f5bc4bdde20c3d903a6e1482924a30a7b3959b18fe53adad571553c7ac9,4
PMC8100455,33968984,10.3389/fmolb.2021.644561,Pharmacological Mechanisms Underlying the Anti-asthmatic Effects of Modified Guomin Decoction Determined by Network Pharmacology and Molecular Docking,2021,Frontiers in Molecular Biosciences,"Wang G, Zhou B, Wang Z, Meng Y, Liu Y, Yao X, Feng C.",research-article,,,,STAT3|PTGS2|JUN|VEGFA|EGFR|ALOX5,medium,14.0,hub,molecular docking verification of core compounds and core protein targets,paragraph,65,"The hub protein targets were identified by top 5 node degree of PPI network and seed node of clusters, included STAT3, PTGS2, JUN, VEGFA, EGFR, and ALOX5.",,False,3,43e654ea8c9f312a9289761e01c22fa9b0fbd13dfdca662fb38063a594cfb683,6
PMC11847854,39995416,10.3389/fphar.2025.1530715,Exploring the multi-targeted mechanism of Saikosaponin A in prostate cancer treatment: a network pharmacology and molecular docking approach,2025,Frontiers in Pharmacology,"Zhu G, Jiang Z, Zhu N, Wang D, Guo T, Meng Y, Zhu Y, Tan K, Hu M, Tang H, Wang X.",research-article,prostate_cancer,cancer,prostate cancer,BCL2|ESR1|HIF1A|STAT3,medium,13.666666666666666,key,results,paragraph,2,"A least of four key targets, namely BCL2 apoptosis regulator (BCL2), estrogen receptor 1 (ESR1), hypoxia-inducible factor 1 subunit alpha (HIF1A), and signal transducer and activator of transcription 3 (STAT3) were identified in this study, and molecular docking analyses revealed that SSA stably binds to these targets.",,False,1,486a7d254c8b3c8280d0312eee6f32483c1dff892f7432927a114b100124da39,4
PMC11366254,39219692,10.2147/dddt.s456656,Mechanism of YJKL Decoction in Treating of PCOS Infertility by Integrative Approach of Network Pharmacology and Experimental Verification,2024,"Drug Design, Development and Therapy","Zhang R, Xu W, Wei H, Li B, Wang Y, He X, Cao J, He X, Xu M, Lu W, Xu Y.",research-article,female_infertility,reproductive,Infertility,AKT1|TP53|TNF|ALB|VEGFA,high,17.846153846153847,core,results,paragraph,2,"Five core targets were screened, Threonine kinase 1 (AKT1), Cellular tumor antigen p53 (TP53), Tumor necrosis factor (TNF), Albumin (ALB) and Vascular endothelial growthfactor A (VEGFA).",,False,1,d1f2fd669e5b4515bf50f1e74b6717bdb43a99ea5e9a35e582527a2f4d1761ab,5
PMC11544044,39524833,10.1016/j.heliyon.2024.e39142,Network pharmacology and bioinformatic integrative analysis reveals candidate gene targets and potential therapeutic of East Kalimantan propolis against hepatocellular carcinoma,2024,Heliyon,"Kustiawan PM, Siregar KAAK, Jauhar MM, Ramadhan D, Mardliyati E, Syaifie PH.",research-article,hepatocellular_carcinoma,cancer,hepatocellular carcinoma,HYCC1|MAPK1|AKR1C3,medium,12.714285714285715,core,figure,caption,120,"Differential expression of four core genes in normal tissues and HCC Analysis expression in HCC and adjacent normal tissue (A), survival analysis based on UALCAN database (B) and Immunohistochemical images of MAPK1 and AKR1C3 (C).",,False,2,1bcc56b53cc2b38403e650e552108b4e4f7c48b788d9bfa15ff21f6b7b3aa6ac,3
PMC12230579,40626307,10.3389/fphar.2025.1584766,"Unveiling therapeutic targets and preventive components for kidney insufficiency and blood stasis-type BPH: bridging metabolomics, network pharmacology and reverse screening",2025,Frontiers in Pharmacology,"Kong X, Ren H, Pei K, Yao Y, Liang Z, Xue Y, Liang S, Li T, Zhang J, Guo Y, Pei M, Li H.",research-article,,,,ALDH2|CDS1|ODC1|IDH1|NOS3|UGT2B7|HMOX1,high,16.414634146341463,core,5 conclusion,paragraph,107,"Reverse screening and target-component validation confirmed the high predictive reliability of seven core targets, including ALDH2, CDS1, ODC1, IDH1, NOS3, UGT2B7, and HMOX-1, as evidenced by the tight ligand conformation overlap and prominent ligand affinity-driven target residue clustering.",,False,2,c3580beeae2a1b952412e0f446dd47db8039044ec279d1968ca843bd187a6129,7
PMC7753939,33415161,10.1155/2020/8829346,Identify Molecular Mechanisms of Jiangzhi Decoction on Nonalcoholic Fatty Liver Disease by Network Pharmacology Analysis and Experimental Validation,2020,BioMed Research International,"Wang L, Zhi Y, Ye Y, Zhang M, Ma X, Tie H, Ma X, Zheng N, Xia W, Song Y.",research-article,,,,TNF|IGF1|IL1B|GPT|CCL2|HGF|TLR4|PPARG|GOT2|LDLR|MMP1|F2|DCN|GLUL|PPARA|THBS1|JAK2|CFTR|PLAT|OAT|GPX8,high,18.0,core,3.2.1. core targets in protein-protein interaction (ppi),paragraph,26,"According to the screening criteria of the degree score above the average value and the confidence score above 0.9, 22 core targets were obtained, including TNF, IGF1, IL1B, GPT, CCL2, HGF, TLR4, PPARG, GOT2, LDLR, MMP1, F2, DCN, ACE, GLUL, PPARA, THBS1, JAK2, CFTR, PLAT, OAT, and GPX8 ( Figure 3 ).",22,True,2,ef49931df83cf9bb8c545a081cf8f774d34c7f26d5fdcd0c71a02eba82c928a9,21
PMC9992681,36882618,10.1038/s41598-023-30585-0,The inhibitory effect and mechanism of Resina Draconis on the proliferation of MCF-7 breast cancer cells: a network pharmacology-based analysis,2023,Scientific Reports,"Lv Y, Mou Y, Su J, Liu S, Ding X, Yuan Y, Li G, Li G.",research-article,breast_cancer,cancer,breast cancer,AKT1|ESR1|EGFR|SRC|CASP3|HSP90AA1|IGF1|MDM2|RHOA|MAPK1,high,19.0,hub,construction of the ppi network and screening of hub targets,paragraph,14,"Finally, the top 10 hub targets were precisely aligned as AKT1, ESR1, EGFR, SRC, CASP3, HSP90AA1, IGF1, MDM2, RHOA, and MAPK1 (Fig. 4 b and Table 1 ).",10,True,6,aca4871ba8c3eb7669b39f06dc3e682143198171661e440512172c03ad6f7233,10
PMC9192323,35707473,10.1155/2022/9363131,Evaluation of the Mechanism of Jiedu Huazhuo Quyu Formula in Treating Wilson's Disease-Associated Liver Fibrosis by Network Pharmacology Analysis and Molecular Dynamics Simulation,2022,Evidence-based Complementary and Alternative Medicine : eCAM,"Huang SP, Chen S, Ma YZ, Zhou A, Jiang H, Wu P.",research-article,liver_fibrosis,hepatic,Liver Fibrosis,CXCL8|MAPK1|AKT1|SRC|VEGFA|IL6,high,18.727272727272727,core,4. discussion,paragraph,23,"Then, module analysis of the 113 key OGEs was performed using MCODE and the CytoNCA plugin to obtain 6 core genes (CXCL8, MAPK1, AKT1, SRC, VEGFA, and IL-6), which might play important roles in the effects of JQH against WD-associated liver fibrosis.",6,True,4,7125c0a9fddb47ac0ff480448726703e2265fbbd9cb45eceb9b4511de7775a9e,6
PMC12860169,41454327,10.1186/s12885-025-15498-7,Network pharmacology analysis and in vitro experimental validation of liriodenine against non-small cell lung cancer,2025,BMC Cancer,"Yang J, Sun Y, Liang F, Shen Z, Zhou Y, Zhu J, Sun W, Xia Y.",research-article,lung_cancer,cancer,non-small cell lung cancer,PIK3CB|ERBB2|SRC|MTOR|JUN|GSK3B|STAT3|PIK3CA|EGFR,high,18.0,core,construction and analysis of the ppi network,paragraph,24,"Further topological analysis was performed using Cytoscape software, and 10 core genes were selected based on topological parameters analyzed via the CytoNCA plugin (Table 1 ). These core genes included PIK3CB, ERBB2, SRC, MTOR, JUN, GSK3B, STAT3, PIK3CA, EGFR, and TGF-β1 (Fig.",10,True,3,bb5efe448a24f0f37a7ca2e541df2fc0e224cdf677e15e274edf4298d947bba7,9
PMC12444918,40957644,10.1080/0886022x.2025.2526688,"Analysis of potential targets of 20S-protopanaxadiol on diabetic nephropathy based on network pharmacology, molecular docking, and experimental validation",2025,Renal Failure,"Li C, Ma C, Zhao R, Li X, Yu H, Yuan M.",research-article,diabetic_nephropathy,renal_metabolic,diabetic nephropathy,CCL2|NFKB1|IFNG|CRP|IL1B|STAT3|ICAM1|PPARG|ALB|NOS3,high,19.0,hub,therapeutic targets of ginseng folium in dn,paragraph,40,"The top 10 hub genes were identified as CCL2, NFKB1, IFNG, CRP, IL1B, STAT3, ICAM1, PPARG, ALB, and NOS3.",10,True,2,c7d4841b2569fd1e2ac8c466ed2475dc16986b0e093ff529a5d611676f186848,10
PMC9578366,36268464,10.1021/acsomega.2c04589,Dissection of the Active Ingredients and Potential Mechanism of Han-Shi-Yu-Fei-Decoction in Treating COVID-19 Based on In Vivo Substances Profiling and Clinical Symptom-Guided Network Pharmacology,2022,ACS Omega,"Jiao G, Fan X, Wang Y, Weng N, Ouyang L, Wang H, Pan S, Huang D, Han J, Zhang F, Chen W.",research-article,covid_19,infectious,COVID-19,EGFR|TP53|TNF|JAK2|NR3C1|TH|COMT|DRD2,high,17.26530612244898,core,abstract,paragraph,0,"A total of 42 HSYFD targets oriented by COVID-19 clinical symptom were obtained, with EGFR, TP53, TNF, JAK2, NR3C1, TH, COMT, and DRD2 as the core targets. Enriched pathway analysis yielded multiple COVID-19-related signaling pathways, such as the PI3K/AKT signaling pathway and JAK-STAT pathway.",,False,5,eeed661b5b30880ecae14073decb87464b1a88476afab51ff1e13cacf4b0e171,8
PMC10589576,37861542,10.1097/md.0000000000034773,Mechanism of Liuwei Dihuang Pills in treating osteoporosis based on network pharmacology,2023,Medicine,"Wang X, Li H, Long L, Song C, Chen R, Pan H, Qiu J, Liu B, Liu Z.",research-article,osteoporosis,musculoskeletal,osteoporosis,AKT1|TP53|IL6|TNF|VEGFA|CASP3|IL1B|MYC|PTGS2|EGFR,high,19.0,hub,3.4. ppi data and enrichment analysis results,paragraph,21,"The first 10 genes, which were identified as hub genes, are AKT1, TP53, IL6, TNF, VEGFA, CASP3, IL1B, MYC, PTGS2, and EGFR (Fig. 6 ).",,False,1,60a1d3a80b51785a9e3635722066627639ee973311217d0aacb65a3e1f33f394,10
PMC8779036,35051095,10.3390/vetsci9010011,Integrating Network Pharmacology and Molecular Docking to Analyse the Potential Mechanism of action of Macleaya cordata (Willd.) R. Br. in the Treatment of Bovine Hoof Disease,2021,Veterinary Sciences,"Dong Z, Liu M, Zou X, Sun W, Liu X, Zeng J, Yang Z.",research-article,,,,SRC|MAPK3|MTOR|MAPK1|GSK3B|JAK2|ESR1|AR|PIK3CA|BCL2L1|SIRT1,medium,12.0,top,3.2.2. ppi network,paragraph,39,"The nodes in the network were ranked according to the magnitude of the degree value and the top 10 proteins with the highest connectivity were selected, including cell growth, proliferation, and differentiation-related SRC, MAPK3, MTOR, MAPK1, GSK3B, and JAK2; hormone-related ESR1 and AR; and apoptosis-related PIK3CA, BCL2L1, and SIRT1.",,False,1,4ab828e7ca82d8e240ecb8382c85b2628594e9045b99dd784df1cf419bcbb349,11
PMC12560116,41164346,10.1155/abb/5493390,Exploring the Therapeutic Potential of Ginseng in Diabetic Retinopathy: A Network Pharmacology and Molecular Docking Study,2025,Applied Bionics and Biomechanics,"Fu Y, Liu C, Xu G, Zhou C.",research-article,,,,JUN|TNF|AKT1|IL1B|PPARG|MAPK8|CASP3|PTGS2,high,17.0,core,5. conclusion,paragraph,44,"Furthermore, we constructed a PPI network and identified eight core targets, including JUN, TNF, AKT1, IL1B, PPARG, MAPK8, CASP3, and PTGS2. Future studies will aim to validate these findings through additional in vitro and in vivo experiments.",,False,2,8458efc1e2006b466715387ead395384a4b827960a8b39664f00c1a125f05bb0,8
PMC9578855,36267087,10.1155/2022/3699146,Eucommia ulmoides Oliver's Multitarget Mechanism for Treatment of Ankylosing Spondylitis: A Study Based on Network Pharmacology and Molecular Docking,2022,Evidence-based Complementary and Alternative Medicine : eCAM,"Zhang HS, Zhang SN, Guo WK, He SH.",research-article,ankylosing_spondylitis,autoimmune,Ankylosing Spondylitis,IL1B|PTGS2|CXCL8|CCL2|MYC|IL2,high,16.727272727272727,core,results,paragraph,2,"Major targets against AS in the PPI network and core targets analyses were identified as IL-1B, PTGS2, IL-8, nMMP-9, CCL2, MYC, and IL-2. Furthermore, molecular docking studies showed the strong affinity between EU's bioactive molecules and their AS targets.",,False,1,e5fec5b893b311d333af9115d118cebbada7086350e863d285965d89123a4c2f,6
PMC9304584,35874525,10.3389/fphys.2022.942049,Differential Gene Analysis of Trastuzumab in Breast Cancer Based on Network Pharmacology and Medical Images,2022,Frontiers in Physiology,"Lu Y, Bi J, Li F, Wang G, Zhu J, Jin J, Liu Y.",research-article,breast_cancer,cancer,Breast Cancer,GAPDH|MMP9|CCNA2|RRM2|CHEK1,high,17.5,core,abstract,paragraph,0,"PPI network core genes include GAPDH, MMP9, CCNA2, RRM2, CHEK1, etc. GO analysis indicated that trastuzumab treats breast cancer through abundant biological processes, especially positive regulation of phospholipase activity, linoleic acid metabolic process, and negative regulation of endothelial cell proliferation.",,False,2,983dd03b110fa62f6db926c64a4ce5ebdc5dbcd9c36c6e1ba611e27ad8ffc959,5
PMC6920415,31852981,10.1038/s41598-019-56050-5,A network pharmacology approach to reveal the protective mechanism of Salvia miltiorrhiza - Dalbergia odorifera coupled-herbs on coronary heart disease,2019,Scientific Reports,"Li F, Duan J, Zhao M, Huang S, Mu F, Su J, Liu K, Pan Y, Lu X, Li J, Wei P, Xi M, Wen A.",research-article,coronary_heart_disease,cardiovascular,coronary heart disease,ART4|TP53|ESR1|AKT1|STAT3|MAPK1,medium,12.181818181818182,core,discussion,paragraph,57,"In conclusion, the cardioprotective effect of the bioactive components of SMDOCH, such as tanshinone IIA from SM as well as formononetin and butin from DO, can be explained, at least in part, by the biological processes ‘vascular endothelial function regulation’, ‘inflammatory response’, and ‘lipid metabolism’ through the core targets TP53, ESR1, AKT1, STAT3, and MAPK1.",,False,1,bd432d588e2d0dd8b4e517178859cb80d186d6baf7f293359907fa7a5bd94f57,6
PMC11958725,40164657,10.1038/s41598-025-95810-4,"Integrated network pharmacology, molecular docking, and animal experiments to reveal the potential mechanism of hesperetin on COPD",2025,Scientific Reports,"Wang J, Wang H, Kang X, Wang X, Li X, Guo J, Jing X, Chu X, Han X.",research-article,copd,respiratory,COPD,ESR1|SRC|PPARG|BCL2|PARP1|KDR|APP|MMP9|ATP8A2|ABCG2,high,18.448275862068968,core,potential targets and ppi network analysis,paragraph,30,"A screening revealed the top 10 core targets to be: Estrogen Receptor 1 (ESR1), Sarcoma Gene (SRC), Peroxisome Proliferator Activated Receptor Gamma Gene (PPARG), B-cell Lymphoma-2 (BCL2), Poly (ADP-ribose) Polymerase 1 (PARP1), Kinase Insert Domain Receptor (KDR), Amyloid Precursor Protein (APP), Matrix Metalloproteinase 9 (MMP9), and ATP Binding Cassette Subfamily G Member 2 (ABCG2) (Fig.",10,True,2,e5d5e6d1080ebd18587484193b82d83809518483bb5bfa38b43d397e0163db0a,10
PMC12431576,39930921,10.1002/ame2.12567,Yunweiling alleviates functional constipation: integrating network pharmacology and experimental study,2025,Animal Models and Experimental Medicine,"Zhang P, Li W, Zheng W, Liu J, She N, Chen X, Wen W.",research-article,constipation,gastrointestinal,constipation,AKT1|TNF|TP53|PTGS2|CASP3,high,17.941176470588236,key,discussion,paragraph,58,"The results of PPI network analysis showed that the 5 key targets were AKT1, TNF, TP53, PTGS2, and CASP3. And the results of molecular docking showed that yunweiling had good binding activity with them.",5,True,3,1074a8b8278c475d680fa33b0bfaa9cd644cdb65ef55abbf2f20bc47c76724d0,5
PMC9239803,35774743,10.1155/2022/4194827,Network Pharmacology and In Vivo Analysis of Dahuang-Huangqi Decoction Effectiveness in Alleviating Renal Interstitial Fibrosis,2022,Evidence-based Complementary and Alternative Medicine : eCAM,"Luo Y, Xuan C, Cheng J, Xiong Y, Cao W.",research-article,,,,IL6|EGFR|TLR4,medium,14.428571428571429,core,abstract,paragraph,0,"DHHQD treatment significantly regulated the levels of renal core proteins, such as eNOS, IL-6, EGFR, and VEGF and reduced the mRNA and protein expression of the core targets involved in inflammation pathways, such as PI3K/AKT and TLR4/NF- κ B.",,False,2,b621039b409b64312c5a91185322902b97a0b922c892439b00097f1fa46f11e9,3
PMC11255520,39027618,10.1016/j.heliyon.2024.e33761,"The active components of Erzhi wan and their anti-Alzheimer's disease mechanisms determined by an integrative approach of network pharmacology, bioinformatics, molecular docking, and molecular dynamics simulation",2024,Heliyon,"Yu M, Shen Z, Zhang S, Zhang Y, Zhao H, Zhang L.",research-article,alzheimer_disease,neurological,Alzheimer's disease,TP53|EGFR|CASP3|PTGS2|MMP9|SRC|BCL2|ESR1|PPARG|HSP90AA1,medium,13.0,top,discussion,paragraph,86,"Top 10 targets ranked by node degree are TP53, EGFR, CASP3, PTGS2, MMP9, SRC, BCL2, ESR1, PPARG, and HSP90AA1. Further interpretations of the PPI network rest on the MCODE, GO, and KEGG enrichment analysis.",,False,1,7ac1889d0b5f4790b67e50cf81251cb925ec7d977f00f5ae701a6d8ef5e36604,10
PMC8941571,35341135,10.1155/2022/3690016,Integrated Network Pharmacology and Mice Model to Investigate Qing Zao Fang for Treating Sjögren's Syndrome,2022,Evidence-based Complementary and Alternative Medicine : eCAM,"Zeng P, Liu W, Zhang S, Du S, Fan Y, Zhao L, Wang A.",research-article,,,,AKT1|SETD2|TNF|IL17A|IL6|IL10,high,14.448979591836736,key,5. conclusion,paragraph,26,"Akt1, HIF-1 α , TNF- α , IL-17A, IL-6, and IL-10 may be the key target gene of QZF in the treatment of SS. Stigmasterol, neocryptotanshinone II, neotanshinone C, miltionone I, and beta-pinene may be the important active ingredients of QZF in the treatment of SS.",,False,2,1b57b6284f9f93508cfc807a9837fd76136041ead6b1cb18cce3bb37a62a70ac,6
PMC10963236,38533054,10.1016/j.heliyon.2024.e27829,Utilizing network pharmacology and experimental validation to investigate the underlying mechanism of Denglao Qingguan decoction against HCoV-229E,2024,Heliyon,"Xue Y, Cai X, Wang Y, Ban L, Mei M, Chen S, Xu Q, Chen B, Liang S, Wang X.",research-article,,,,CXCL8|RELA|MAPK14|NFKB1|CXCL10|IL6|TNF,medium,13.857142857142858,core,discussion,paragraph,70,"The topology of the PPI network suggested that CXCL8 (IL-8), RELA, MAPK14, NFKB1, CXCL10 (IP-10) are the core targets of DLQGD against HCoV-229E. Research [ 50 ] has shown that inflammation-related factors IL-8, IL-6, TNF-α, IP-10 are highly correlated with HCoV-229E infection.",,False,4,f72d86e8ee06662024b86e1f187f45ba25ce4502700a46f73d5524a66a4ddade,7
PMC11427391,39346898,10.3389/fcimb.2024.1458913,Mechanism of emodin in treating hepatitis B virus-associated hepatocellular carcinoma: network pharmacology and cell experiments,2024,Frontiers in Cellular and Infection Microbiology,"Wang Y, Li S, Ren T, Zhang Y, Li B, Geng X.",research-article,hepatocellular_carcinoma,cancer,hepatocellular carcinoma,HSP90AA1|XRCC1|PTGS2|IL6|GSTP1|TGFB1|HIF1A|SOD2|MAPK3|PCNA,high,21.0,core,discussion,paragraph,136,"Using protein-protein interaction (PPI) network analysis, we identified 10 core targets: HSP90AA1, XRCC1, PTGS2, IL-6, GSTP1, TGFB1, HIF1A, SOD2, MAPK3, and PCNA. PPI analysis indicates that these proteins, with higher interaction intensities, are more likely to be targeted for emodin in the treatment of HBV-HCC.",10,True,7,ddd34d5cfbfde1b6b4660cd8ea3ab3e0cc4a3f8a73acd1e20d2479143db75ffb,10
PMC11251886,39022612,10.3389/fpls.2024.1423678,"A multidimensional strategy for uncovering comprehensive quality markers of Scutellariae Radix based on UPLC-Q-TOF-MS analysis, artificial neural network, network pharmacology analysis, and molecular simulation",2024,Frontiers in Plant Science,"Liu M, Zhao X, Wen J, Sun L, Huang R, Zhang H, Liu Y, Ren X.",research-article,,,,AKT1|SRC|EGFR|CASP3|TP53,high,17.923076923076923,key,discussion,paragraph,175,"By constructing a protein-protein interaction network, 5 key targets of the 8 crucial compounds were identified: AKT1, SRC, EGFR, CASP3, and TP53. The AKT family kinases are indispensable and important components in the downstream activation of growth factor signaling pathways mediated by membrane-bound phosphoinositide-3 kinase ( Marquard and Jücker, 2020 ).",5,True,2,37684d0719c61896d2e271a21390cd3f05a90f779af9a2a2b32c9fddf4b3c22a,5
PMC8828947,35153756,10.3389/fphar.2021.799448,Network Pharmacology and Molecular Docking-Based Mechanism Study to Reveal the Protective Effect of Salvianolic Acid C in a Rat Model of Ischemic Stroke,2021,Frontiers in Pharmacology,"Yang Y, He Y, Wei X, Wan H, Ding Z, Yang J, Zhou H.",research-article,ischemic_stroke,neurological,Ischemic Stroke,ADCY10|F2|MMP7|KDR|IGF1|REN|PPARG|PLG|MMP1,medium,12.0,hub,discussion,paragraph,69,"Then 20 hub genes screened by cytoHubba plug-ins were used for molecular docking, the docking results indicated that SAC may effectively interact with the nine targets (F2, MMP7, KDR, IGF1, REN, PPARG, PLG, ACE and MMP1).",20,False,2,c2fe8f2eec022fb217996312ceb3a38fa6ab1f44d4e20e739e174517e86a4af9,9
PMC10468769,37663478,10.1021/acsomega.3c04724,Network Pharmacology-Based Approach to Investigate the Active Ingredients and Therapeutic Mechanisms of Jingu Tongxiao Pill against Osteoarthritis,2023,ACS Omega,"Sun S, Wang Y, Li J, Wu A, Xie Y, Wang Z, Zhao X, Wang D, Wu X, Liu X.",research-article,osteoarthritis,musculoskeletal,Osteoarthritis,PTGS2|TNF|DCX|RPS5,medium,9.379310344827587,core,ppi analysis and compound-target network construction,paragraph,83,"Based on the results, PTGS2 and TNF (DC = 13) represented the top core targets in this network with the highest DC values. In the compound-target network ( Figure 1 b and Supporting Information , Table S5), hexagonal nodes in the exterior circle symbolized the key compounds in JGTXP while circular nodes in the interior circle represented their corresponding targets.",,False,2,fa98cb289657f3423d7bfe18b6a82fff62123df2c10a09c1732358fde9b2ac13,4
PMC9217541,35757473,10.1155/2022/5780936,Study the Mechanism of Gualou Niubang Decoction in Treating Plasma Cell Mastitis Based on Network Pharmacology and Molecular Docking,2022,BioMed Research International,"Wu Z, Yang Q, Ma H.",research-article,,,,ALB|IL6|EGFR|VEGFA,medium,9.105263157894736,key,4.2. analysis of core targets,paragraph,80,"PPI network analysis showed that the key genes were ALB, IL-6, EGFR, and VEGFA. ALB has been mentioned in many inflammatory studies, and the expression of the ALB gene can also be detected in peripheral blood monocytes.",,False,1,b6601edd808470b818a2b37c6c19822614e20b6be9f0f3d854615234610c2762,4
PMC10489552,37682166,10.1097/md.0000000000035070,"Integrated network pharmacology, bioinformatics, and molecular docking to explore the mechanisms of berberine regulating autophagy in breast cancer",2023,Medicine,"Huang B, Wen G, Li R, Wu M, Zou Z.",research-article,breast_cancer,cancer,breast cancer,PIK3CA|CASP3|BCL2|MET|KDR|SIRT2|EGFR|SETD2,medium,13.076923076923077,crucial,5. conclusions,paragraph,51,"The results demonstrated that berberine targets several crucial proteins for the regulation of autophagy, including mTOR, PIK3CA, AKT, CASP3, BCL2, MET, KDR, and SIRT2. These targets affect autophagy primarily through the regulation of signaling pathways such as EGFR tyrosine kinase inhibitor resistance, PI3K-Akt, JAK-STAT, HIF-1, and AMPK signaling pathway.",,False,2,a520f058d17896632bce4d3d9478afc8737e219903f4ecb8aa1b4bf81cf94a32,8
PMC12144589,40488190,10.1002/fsn3.70392,"Metabolite‐Based Network Pharmacology, Molecular Docking, and Dynamics Simulations to Preliminarily Verify Treating Diabetic Encephalopathy Effect of Kuwanon G",2025,Food Science & Nutrition,"Zhang Y, Zhang S, Niu H, Xie W, Tan Y, Li D, Jin Y.",research-article,,,,AKT1|TNF|SRC|EGFR|ESR1,high,17.7027027027027,core,abstract,paragraph,0,"Network pharmacology revealed core targets (AKT1, TNF, SRC, EGFR, ESR1) linked to DE, while molecular docking demonstrated strong binding affinities (−4.87 to −43.41 kcal/mol) between active metabolites (N1, N4, N6, N8) and these targets.",,False,1,ecedb41906af262076def6e614c27c05ee8ab25f35b17143666c10a21f95bfdb,5
PMC8096424,33958856,10.2147/dddt.s304911,Integrating Network Pharmacology and Experimental Validation to Decipher the Mechanism of Action of Huanglian Jiedu Decoction in Treating Atherosclerosis,2021,"Drug Design, Development and Therapy","Liang J, Huang Y, Mai Z, Zhan Q, Lin H, Xie Y, Wang H, Liu Y, Luo C.",research-article,atherosclerosis,cardiovascular,Atherosclerosis,MCC|ICAM1|PECAM1|MMP9|PIK3R1|AKT1|SRC|HSP90AA1|MMP2|PTK2|HSP90AB1,high,18.0,core,ppi network of common targets,paragraph,109,"To analyze the complex PPI network, we established network topology analysis based on three parameters—degree, MCC and EPC—to filter 11 core targets, ICAM1, CD31, RAM11, MMP9, PIK3R1, AKT1, SRC, HSP90AA1, MMP2, PTK2, and HSP90AB1 ( Figure 2 ).",11,True,2,810544bbb61875308430db601009f4204de4cc23f66d8321113ee90f8be50d43,11
PMC10905266,38435751,10.3389/fendo.2024.1320092,"Identification of inhibitors from a functional food-based plant Perillae Folium against hyperuricemia via metabolomics profiling, network pharmacology and all-atom molecular dynamics simulations",2024,Frontiers in Endocrinology,"Wu C, Wong AR, Chen Q, Yang S, Chen M, Sun X, Zhou L, Liu Y, Yang AWH, Bi J, Hung A, Li H, Zhao X.",research-article,gout,musculoskeletal,hyperuricemia,XDH|MMP3|ABCC1|MAOA|ALB|SLC22A8|SLC22A6|HTR2A|PTGS2|MAPK8,medium,11.0,top,evaluation of perillae folium compounds docking with hyperuricemia proteins,paragraph,34,"The top 10 targets with the best binding scores were ZH01 (XDH), ZH02 (MMP3), ZH24 (ABCC1), ZH03 (MAOA), ZH15 (ALB), ZH23 (SLC22A8), ZH22 (SLC22A6), ZH16 (HTR2A), ZH12 (PTGS2), and ZH05 (MAPK8).",,False,1,9cc94b07addfb7f0cfb6b829e8c6719b8ff3af8fb9914027292eb1a9cad580d9,10
PMC7685835,33281910,10.1155/2020/2723705,Network Pharmacology Identifies the Mechanisms of Action of Tongxie Anchang Decoction in the Treatment of Irritable Bowel Syndrome with Diarrhea Predominant,2020,Evidence-based Complementary and Alternative Medicine : eCAM,"Tan X, Pei W, Xie C, Wang Z, Mao T, Zhao X, Kou F, Lu Q, Sun Z, Xue X, Li J.",research-article,irritable_bowel_syndrome,gastrointestinal,Irritable Bowel Syndrome,VEGFA|MAPK3|IL6|TP53|JUN,medium,14.941176470588236,hub,4. discussion,paragraph,21,"We constructed the PPI network of hub genes of 212 common targets in the active compound and IBS-D targets. In these targets, VEGFA, MAPK3, IL-6, TP53, and JUN were regarded as significant.",,False,3,9422310fe0af7d9847e7c9283e12e5919b77d1d11cdc26d8f6d0f785331ce43d,5
PMC12337733,40783939,10.1080/13880209.2025.2543829,"Uncovering the mechanistic basis of Rheum palmatum L. (rhubarb) in the treatment of chronic kidney disease: an integrative approach using network pharmacology, molecular docking, and experimental validation",2025,Pharmaceutical Biology,"He W, Wei Z, Li S, Han S, Ma J, Wu L, Lu D, Ta G.",research-article,chronic_kidney_disease,renal,chronic kidney disease,IL6|IL1A|TNF|PTGS2|NFKBIA,high,15.225806451612904,key,conclusions,paragraph,99,"Network pharmacology analysis suggested that rhubarb’s therapeutic action in CKD primarily involves modulation of the NF-κB signaling pathway, with IL6, IL1β, TNF, PTGS2, and NFKBIA identified as key targets.",,False,8,c07d0dd66dc20d9ca68d3322af48a3a2a8ee969710495c4faab1fc2eaa5ab12d,5
PMC10900653,38419811,10.2147/dddt.s450305,Protective Effects of Red Ginseng Against Tacrine-Induced Hepatotoxicity: An Integrated Approach with Network Pharmacology and Experimental Validation,2024,"Drug Design, Development and Therapy","Kim BJ, Bak SB, Bae SJ, Jin HJ, Park SM, Kim YR, Jung DH, Song CH, Kim YW, Kim SC, Lee WY, Park SD.",research-article,,,,C4A|PPARA|SLC2A4|FOXO1|IL10|IL6|IFNG|IL2|EGFR|TGFB1|BDNF|FOS|MAPK14|TNF|RELA|NFKB1|VEGFA|IKBKB|IL1B|CASP3|DDIT3|FAS|MAPK1|TP53|NFKBIA|PARP1|PTGS2|BAD|NOS3|CASP9|MMP9|CASP8|CCL2|SGSM3,medium,12.0,key,signaling pathways associated with rg targets,paragraph,30,Table 2 Significant Enrichment Pathway Related to Oxidative Liver Injury by Key Targets of RG (Adjusted P-value of ≤ 0.05) Term Overlap P-value (Adjusted*) Combined Score Related Genes AMPK signaling pathway 3/120 0.02 27.24 PPAR;SLC2A4;FOXO1 JAK-STAT signaling pathway 5/162 9.45E-4 60.24 IL10;IL6;IFNG;IL2;EGFR MAPK signaling pathway 16/294 4.08E-13 511.62 TGFB1;BDNF;FOS;MAPK14;TNF;RELA;EGFR;NFKB1;VEGFA;IKBKB;IL1B;CASP3;DDIT3;FAS;MAPK1;TP53 NF-kappa B signaling pathway 8/104 3.78E-08 402.37 NFKBIA;IKBKB;PARP1;IL1B;PTGS2;TNF;RELA;NFKB1 PI3K-Akt signaling pathway 13/354 8.32E-09 211.93 BAD;BDNF;NOS3;IL2;RELA;EGFR;NFKB1;VEGFA;CASP9;IKBKB;IL6;MAPK1;TP53 TNF signaling pathway 16/112 1.95E-19 2263.09 FOS;MAPK14;PTGS2;MMP9;TNF;RELA;NFKB1;NFKBIA;IKBKB;IL6;CASP8;IL1B;CASP3;FAS;CCL2;MAP,,False,1,048965cbe58d75cd48c629d2242f207cbbd369a7b45a10848b7ccd61dea6cdf6,34
PMC12595059,41203817,10.1038/s41598-025-25133-x,"Network pharmacology, molecular docking, and molecular dynamics simulations to explore the effects of sinomenine on thyroid dysfunction",2025,Scientific Reports,"Chen J, Cai R, Xiao Y, Chen X, Liu X, Yang H.",research-article,,,,TNF|STAT3|NFKB1|IL6|SRC|ESR1|MAPK8,high,18.58974358974359,key,abstract,paragraph,0,"Molecular docking experiments showed that sinomenine and 14-episinomenine exhibit good binding affinity with the key targets, including TNF, STAT3, NFKB1, IL6, SRC, ESR1, and MAPK8; Molecular dynamics simulations were carried out on the two most stable binding complexes.",,False,4,9ffec6e3a00c1f8e59ffdacb98e4009f3e45e1e28a71b652c3c122b32a3bd5bf,7
PMC8794673,35096103,10.1155/2022/1670014,Action Mechanism Underlying Improvement Effect of Fuzi Lizhong Decoction on Nonalcoholic Fatty Liver Disease: A Study Based on Network Pharmacology and Molecular Docking,2022,Evidence-based Complementary and Alternative Medicine : eCAM,"Luo Z, Xia LY, Tang YQ, Huang L, Liu D, Huai WY, Zhang CJ, Wang YQ, Xie YM, Yin QZ, Chen YH, Zhang TE.",research-article,,,,ALB|MAPK1|CASP3|AR,high,14.285714285714285,key,results,paragraph,2,"The PPI network analysis identified ALB, MAPK1, CASP3, MARK8, and AR as key targets, mainly focusing on cellular response to organic cyclic compound, steroid metabolic process, and response to steroid hormone in the biological processes.",,False,4,6dbf08e55b1c8627bdd60e2fdfc636772a10b9ec39f082876920129b7c27ced0,4
PMC10589944,37865727,10.1186/s12906-023-04215-1,Network pharmacology-based strategy to investigate the effect and mechanism of α-solanine against glioma,2023,BMC Complementary Medicine and Therapies,"Wang C, Liu X, Guo S.",research-article,glioma,cancer,glioma,SRC|HRAS|HSP90AA1|IGF1|MAPK1|MAPK14|KDR|STAT1|JAK2|MAP2K1|IGF1R|SGSM3,high,24.0,hub,results,paragraph,2,"11 hub genes were obtained, including SRC, HRAS, HSP90AA1, IGF1, MAPK1, MAPK14, KDR, STAT1, JAK2, MAP2K1, and IGF1R. The GO and KEGG pathway analyses unveiled that α-solanine was strongly associated with several signaling pathways, including positive regulation of MAP kinase activity and PI3K-Akt.",11,True,2,2fd1c7d43d7eb8fc13cc01c8c86fcd4e530dacd03e52e4435b09fe0b9a62b932,12
PMC10894492,38403669,10.1186/s13020-024-00901-5,SKP alleviates the ferroptosis in diabetic kidney disease through suppression of HIF-1α/HO-1 pathway based on network pharmacology analysis and experimental validation,2024,Chinese Medicine,"Yan Y, Yuan N, Chen Y, Ma Y, Chen A, Wang F, Yan S, He Z, He J, Zhang C, Wang H, Wang M, Diao J, Xiao W.",research-article,diabetic_nephropathy,renal_metabolic,diabetic kidney disease,TP53|EGFR|IL6|CTNNB1|ESR1|JUN|HIF1A|MYC,high,17.47826086956522,core,construction of ppi network and herb-ingredient-targets gene network,paragraph,47,Table 1 Summary of the top 8 core targets of SKP in treatment of DKD in PPI network Number Target Degree centrality 1 TP53 54 2 EGFR 48 3 IL6 48 4 CTNNB1 48 5 ESR1 48 6 JUN 46 7 HIF1A 46 8 MYC 46,8,True,1,0216a569a830df840835b497d155396587c5deede46b27e58d7e53afd7f3dd4f,8
PMC12142903,40481474,10.1186/s12906-025-04939-2,Exploring the neuroprotective mechanisms of Jiawei Suanzaoren decoction in depression: insights from network pharmacology and molecular docking,2025,BMC Complementary Medicine and Therapies,"Ma R, Zhang W, Chen L, Tong L.",research-article,depression,psychiatric,depression,ESR2|STAT1|CASP3,high,13.142857142857142,key,conclusion,paragraph,69,"PPI network analysis identified key targets (ESR2, STAT1, CASP3) interacting with JWSZR components, suggesting modulation of immune signaling and neurotrophic pathways to maintain cell survival and reduce neurotoxicity.",,False,5,1d9b92ccc7a4b3873a4f49b354db2b7344621845020eed77fee0cbe4d4b870a6,3
PMC10432970,37600377,10.1016/j.heliyon.2023.e18886,Integrating network pharmacology and experimental studies for uncovering the molecular mechanisms of Dioscorea bulbifera L. in the treatment of thyroid cancer,2023,Heliyon,"Liu Z, Zhong L, Wang L, Li M, Chen C.",research-article,thyroid_cancer,cancer,thyroid cancer,FN1|JUN|AR|RUNX2|FOS|BMP2|MET,medium,13.333333333333332,hub,ppi of hyz against tc,paragraph,32,"Through the analysis of hub genes in the network, it was found that FN1 JUN AR RUNX2 FOS BMP2 MET and other targets had a large degree, suggesting that these genes were important targets for HYZ to play anti-TC roles ( Fig.",,False,1,4399faf806f11d9e4e3e5668962bce3a16c414ae4caf54908c1c84d7bcb1ee0a,7
PMC11898993,40069864,10.1186/s13048-025-01632-3,Gengnianchun formula ameliorates insulin resistance-induced diminished ovarian reserve via the estrogen signaling pathway: evidence from network pharmacology and experimental validation,2025,Journal of Ovarian Research,"Rao Y, Li J, Xu T, Gao L, Wang W.",research-article,,,,MCC|ESR1|SRC|CTNNB1|MAPK3|AKT1|EGFR|ERBB2|ESR2|TNF|PRKACA,high,18.0,core,construction of protein–protein interaction (ppi) network,paragraph,59,"The CytoHubba plugin in Cytoscape identified the top 10 core genes based on the maximum clique centrality(MCC) method (Fig. 3 E), with ESR1, SRC, CTNNB1, MAPK3, AKT1, EGFR, ERBB2, ESR2, TNF, and PRKACA recognized as the most critical targets (Table S4 ).",10,True,3,a0bb4527c97c09372ec1017b4be4a08480c70490debb935805c230d01632ae1d,11
PMC7391051,32754224,10.1186/s13020-020-00360-8,Potential mechanism prediction of Cold-Damp Plague Formula against COVID-19 via network pharmacology analysis and molecular docking,2020,Chinese Medicine,"Han L, Wei XX, Zheng YJ, Zhang LL, Wang XM, Yang HY, Ma X, Zhao LH, Tong XL.",research-article,covid_19,infectious,COVID-19,IL6|TNF|IL10|MAPK8|MAPK3|CXCL8|CASP3|PTGS2|TP53|MAPK1,medium,16.0,hub,discussion,paragraph,117,"Moreover, in the PPI network, the top 10 targets (IL6, TNF, IL10, MAPK8, MAPK3, CXCL8, CASP3, PTGS2, TP53, and MAPK1) were regarded as hub genes that may play important roles in the treatment of COVID-19 by CDPF and are involved in the regulation of immunity and inflammation.",,False,3,7810bf969487a95467f99cc126542ed7d2ed4f57dcddd2fb12b96943d09ee9c1,10
PMC8672039,34925035,10.3389/fphar.2021.777689,Integrated Network Pharmacology and Lipidomics to Reveal the Inhibitory Effect of Qingfei Oral Liquid on Excessive Autophagy in RSV-Induced Lung Inflammation,2021,Frontiers in Pharmacology,"Lin L, An L, Chen H, Feng L, Lu M, Liu Y, Chu C, Shan J, Xie T, Wang X, Wang S.",research-article,,,,AKT1|TP53|MAPK3|VEGFA|TNF|IL6|JUN|CASP3,medium,14.26530612244898,core,discussion,paragraph,132,"From PPI network and pathway enrichment analyses, core targets including AKT1, TP53, MAPK3, VEGFA, TNF, IL6, JUN, and CASP3 were identified as potential major points of action for QF against RSV-LI, and these targets are closely associated with inflammation, apoptosis, and carcinogenesis in the progressive course of disease.",,False,3,1684c0c66c4f5ae2bb7c013437c1e3f03caa8f412c1bf28633d18a2fb761cfda,8
PMC12969908,41809526,10.2147/ccid.s579507,"Unraveling the Mechanism of Cuochuangling Pills in Rosacea Treatment: An Integrated Approach Combining Network Pharmacology, Bioinformatics, and Experimental Validation",2026,"Clinical, Cosmetic and Investigational Dermatology","Shen X, Liu D, Zhu Z, Zhao S, Yan X, Li M.",research-article,,,,CTSS|PTPRC|PTAFR|MMP9|IL1B|LCK|ITK,medium,16.0,core,discussion,paragraph,93,"Integration with machine learning algorithms (LASSO, SVM-RFE, Random Forest) yielded seven core targets: CTSS, PTPRC, PTAFR, MMP9, IL1B, LCK, and ITK.Immune infiltration analysis demonstrated distinct IL1B expression patterns between High and Low groups.",,False,2,596a2b29da5791871b9a9db17b46a2bea1ebfcea1fa5b252abe14635d3a61a91,7
PMC11443296,39360308,10.5152/alphapsychiatry.2024.241560,Integrated Network Pharmacology and Molecular Docking to Explore the Mechanisms of Ningshen Wendan Decoction in the Treatment of Schizophrenia,2024,Alpha Psychiatry,"Qi C, Qi C, Yu Y, Lv H, Ju X, Ji X, Li P, He K.",research-article,,,,AKT1|ACTB|ALB|INS|TP53,medium,9.96078431372549,key,molecular docking,paragraph,40,"Based on the degree of common targets in the PPI network and KEGG results, we identified key targets associated with SCZ, namely, AKT1, ACTB, ALB, INS, and TP53. Subsequently, for molecular docking analysis, we selected 4 compounds from the Chinese herbal compound target network analysis based on their highest moderate value.",,False,2,fa056feb1cc41cbe6f12598ef78f9418df63818664869dc5aa69b8b79aa50dc3,5
PMC11383270,39252243,10.1097/md.0000000000035529,Network pharmacology-based study on the mechanism of action of Trollius chinensis capsule in the treatment of upper respiratory tract infection,2024,Medicine,"Wu J, Zhang HP, Gao JW, Liu ZF, Jin L.",research-article,,,,TP53|IL6|AKT1|CASP3|CXCL8|MMP9|EGFR,high,20.97872340425532,key,results:,paragraph,2,"Among them, 7 key targets (TP53, IL6, AKT1, CASP3, CXCL8, MMP9, and EGFR) were verified to have good binding affinities to the main active compounds. Furthermore, enrichment analyses suggested that inflammatory response, virus infection and oxidative stress related biological processes and pathways were possibly the potential mechanism.",7,True,1,37c0ea8827464e9c08f60b0f46ec0acfc25c15f7fec4610de0cf2ebaa0f0c40d,7
PMC9068296,35529936,10.1155/2022/3641586,Identification of Bioactive Components of Stephania epigaea Lo and Their Potential Therapeutic Targets by UPLC-MS/MS and Network Pharmacology,2022,Evidence-based Complementary and Alternative Medicine : eCAM,"Li X, Li M, Mao Z, Du Y, Brown S, Min X, Zhang R, Zhong Y, Dong Y, Liu Z, Lin C, Lin C.",research-article,,,,EGFR|HSP90AA1|SRC|TNF|CASP3,high,17.703703703703702,key,abstract,paragraph,0,"Five key target proteins (EGFR, HSP90AA1, SRC, TNF, and CASP3) and twelve correlated metabolites, including aknadinine, cephakicine, homostephanoline, and N-methylliriodendronine associated with medical applications of S.",,False,1,673a6a1e0af6cf3a7017be3de90b36459ca17924e2c81f3c81641ee5552f66dd,5
PMC10082258,37026906,10.1097/md.0000000000033486,Exploring the pharmacological and adverse reaction mechanism of a drug by network pharmacology strategy: Using colchicine to treat Behcet syndrome as an example,2023,Medicine,"Li S, Wang L, Wang Y, Zhang C.",research-article,,,,PIK3CA|AKT3|GSK3B|JUN,medium,7.666666666666666,key,3.3.1. networks involving protein targets of colc.,paragraph,42,"Key targets, such as PIK3CA, AKT3, GSK3B, and JUN, were found to play a crucial role in the networks. Furthermore, the analysis of the TP network indicated that tubulin targets had a high total degree and might play equal roles with key targets in the pathway network (Fig.",,False,2,67b06bfa326abbc74af2f10a337d357fae5d7decf0175bc343fbcd8e8850f6d3,4
PMC13056865,41960185,10.3389/fcell.2026.1761424,"Multifaceted mechanistic exploration of Geranium wilfordii Maxim. in asthma treatment: integrating network pharmacology, machine learning, Mendelian randomization and experimental validation",2026,Frontiers in Cell and Developmental Biology,"Wu Y, He K, Luo P, Li T, Lu Z, Fu T, He Y, Liu Z, Liu F, Jin Y, Wang Y.",research-article,asthma,respiratory,asthma,NOTCH2|HDAC2|MAPK1,high,18.0,hub,identification of hub genes,paragraph,141,"This stepwise screening ultimately identified NOTCH2, HDAC2, and MAPK1 as the 3 hub genes.",3,True,4,361f050d5059835e654ee4b5c99e03ec91d1d5ce53f9fcf5b61e3b5eea6762c5,3
PMC12402425,40904605,10.2147/jhc.s527095,"Exploration of the Mechanism of Action of Dendrobium officinale in the Treatment of Liver Cancer Based on Network Pharmacology, Molecular Docking and in vitro Validation",2025,Journal of Hepatocellular Carcinoma,"Zhan S, Lu X, Guo H, Liu Y, Li Z, Xu W, Xia F, Tang H, Tian Y, Chen J, Lin X.",research-article,hepatocellular_carcinoma,cancer,Liver Cancer,AKT1|CCND1|EGFR|HIF1A|SRC|PPARG|PTGS2|MMP9|JAK2|TERT,high,20.0,core,discussion,paragraph,74,"Through the analysis and screening of the PPI network topology, 10 core targets for the treatment of liver cancer with Dendrobium officinale were identified, namely AKT1, CCND1, EGFR, HIF1A, SRC, PPARG, PTGS2, MMP9, JAK2, and TERT.",10,True,2,4528b4d1cc9860f61cfa4b42f67897fabf5aeae7a0527a5cbf89b74705872295,10
PMC10504908,37719360,10.2147/dddt.s417954,Deciphering the Mechanism of Xijiao Dihuang Decoction in Treating Psoriasis by Network Pharmacology and Experimental Validation,2023,"Drug Design, Development and Therapy","Guo Y, Gan H, Xu S, Zeng G, Xiao L, Ding Z, Zhu J, Xiong X, Fu Z.",research-article,psoriasis,dermatologic_autoimmune,Psoriasis,IGES|IL6|MMP9|STAT3|TNF|VEGFA|TLR4,high,19.745098039215687,hub,discussion,paragraph,67,"Through constructing a PPI network, we performed topological analysis of 92 IGEs and screened 8 hub genes by Cytohubba and MCODE plugins. We subsequently examined the expression level of hub genes GEO validation set, IL6, MMP9, STAT3, TNF and VEGFA were up-regulated in lesion samples, while TLR4 was down-regulated.",8,True,6,03d512a6ad6bc9358fde9cead5670541bf17a932921555a698a39e27ae9fdf24,7
PMC7836709,33520015,10.1016/j.eujim.2020.101241,Analysis of the mechanism of Shufeng Jiedu capsule prevention and treatment for COVID-19 by network pharmacology tools,2020,European Journal of Integrative Medicine,"Xiong H, Dong Z, Lou G, Gan Q, Wang J, Huang Q.",research-article,covid_19,infectious,COVID-19,TNF|IL10|IL2|IL6|STAT1|CCL2,high,22.0,key,results,paragraph,2,"Finally, 6 key proteins of TNF, IL-10, IL-2, IL-6, STAT1 and CCL2 were selected and successfully docked with 4 active ingredients of quercetin, luteolin, wogonin and kaempferol.",6,True,12,f465e80bdb3d31a5d5eb21540b92df12b8dd42d1c0b1d91c56136bf3c7372252,6
PMC10010188,36923105,10.2147/dddt.s399183,"Integrating Network Pharmacology, Molecular Docking and Pharmacological Evaluation for Exploring the Polyrhachis vicina Rogers in Ameliorating Depression",2023,"Drug Design, Development and Therapy","He J, Han D, Jia C, Xie J, Zhu F, Wei J, Li D, Wei D, Li Y, Tang L, Wei G, Yan J, Tong Y, Yang L, Tan X.",research-article,depression,psychiatric,Depression,PTPN11|ESR1|NR3C1|MAPK1,high,15.454545454545455,hub,potential targets of afpr on antidepressant,paragraph,44,"A total of 4 Hub nodes were obtained after screening, namely PTPN11, ESR1, NR3C1, MAPK1, as shown in Figure 2C , key targets were located in the inner cycle, the other targets were located in the outer cycle, and the color changes with the Degree value, the darker the color indicates the larger the Degree value.",4,True,2,38f602f5870ff2a9180e49c2c6bdbef8c3c93120ef7151177d39c3f34bd09d46,4
PMC9678500,36401463,10.1097/md.0000000000031791,Uncovering the mechanism of Radix Paeoniae Alba in the treatment of restless legs syndrome based on network pharmacology and molecular docking,2022,Medicine,"Liu J, Liu S, Hao L, Liu F, Mu S, Wang T.",research-article,,,,HSP90AA1|MAPK1|MAPK8|MAPK14|IL17A,medium,14.333333333333332,core,4. discussion,paragraph,164,"[ 77 ] HSP90AA1, MAPK1, MAPK8, and MAPK14 in the core targets were related to the IL-17 signaling pathway. HSP90AA1 was one of the proteins in the IL-17 signaling pathway.",,False,4,f6bbce4f6fbd21e3295d180220c06a3ca9b0f93c95d63632e841a551938aa65c,5
