2026-08-20T12:42:02.857375+00:00	1	37	32369519543:LANTERN v7 official Toy holdout 18-19 finalizer v2:queued;32369399578:Dispatch isolated LANTERN v7 finalizer v2:queued;32369399441:LANTERN v7 official Toy holdout 18-19 finalizer v2:queued;32369030791:LANTERN v7 official Toy holdout 18-19 finalizer v2:queued;32368791937:LANTERN global versus pair coassembly finalizer:queued;32368465029:CAMI III LANTERN v4 hybrid-backbone development:in_progress;32368276602:LANTERN global versus pair coassembly finalizer:queued;32368254148:LANTERN v7 official Toy holdout 18-19 finalizer v2:queued;32368147357:LANTERN global versus pair coassembly finalizer:queued;32368087436:LANTERN v7 official Toy holdout 18-19 finalizer:in_progress;32368087422:LANTERN v7 official Toy holdout 18-19 finalizer v2:queued;32367365950:LANTERN global versus pair coassembly finalizer:queued;32367365878:LANTERN global coassembly pivot audit:queued;32366268684:LANTERN v7 official Toy holdout 18-19 finalizer v2:queued;32366268605:LANTERN v7 untouched official Toy holdout 18-19:queued;32366101004:LANTERN terminal evidence closer:in_progress;32366100891:CAMI III LANTERN resume frozen Toy gold evaluation:in_progress;32366100839:CAMI III LANTERN Toy pair deterministic downsample v1:in_progress;32366100809:CAMI III LANTERN v5 precision-filter holdout 14-15:queued;32366100781:CAMI III LANTERN Toy short-read benchmark:in_progress;32366100753:CAMI III LANTERN metaMDBG long-read development benchmark:queued;32366100709:Repair LANTERN v4 holdout input lifetime and dispatch validation:queued;32366100703:CAMI III LANTERN metaMDBG holdout 14-15 baseline:in_progress;32366100671:CAMI III LANTERN domain-specific SPAdes development:queued;32366100662:CAMI III LANTERN high-depth metaMDBG development:queued;32366100661:CAMI III LANTERN v4 corrected untouched holdout 14-15:queued;32366100651:CAMI III LANTERN additive-rescue untouched holdout 10-11:queued;32365847800:LANTERN v7 untouched official Toy holdout 18-19:in_progress;32365761907:CAMI III LANTERN additive-rescue untouched holdout 10-11:in_progress;32365761863:CAMI III LANTERN high-depth metaMDBG development:queued;32365761503:CAMI III LANTERN v4 corrected untouched holdout 14-15:queued;32365761453:CAMI III LANTERN Toy short-read benchmark:in_progress;32365761441:CAMI III LANTERN domain-specific SPAdes development:in_progress;32365761410:CAMI III LANTERN metaMDBG long-read development benchmark:queued;32364881967:CAMI III LANTERN v4 corrected untouched holdout 14-15:queued;32364881966:CAMI III LANTERN additive-rescue untouched holdout 10-11:in_progress;32364881941:CAMI III LANTERN metaMDBG long-read development benchmark:queued
2026-08-20T12:43:04.634831+00:00	2	35	32369519543:LANTERN v7 official Toy holdout 18-19 finalizer v2:queued;32369399578:Dispatch isolated LANTERN v7 finalizer v2:queued;32369399441:LANTERN v7 official Toy holdout 18-19 finalizer v2:queued;32369030791:LANTERN v7 official Toy holdout 18-19 finalizer v2:queued;32368791937:LANTERN global versus pair coassembly finalizer:queued;32368465029:CAMI III LANTERN v4 hybrid-backbone development:in_progress;32368276602:LANTERN global versus pair coassembly finalizer:queued;32368254148:LANTERN v7 official Toy holdout 18-19 finalizer v2:queued;32368147357:LANTERN global versus pair coassembly finalizer:queued;32368087436:LANTERN v7 official Toy holdout 18-19 finalizer:in_progress;32368087422:LANTERN v7 official Toy holdout 18-19 finalizer v2:queued;32367365950:LANTERN global versus pair coassembly finalizer:queued;32367365878:LANTERN global coassembly pivot audit:queued;32366268684:LANTERN v7 official Toy holdout 18-19 finalizer v2:queued;32366268605:LANTERN v7 untouched official Toy holdout 18-19:queued;32366101004:LANTERN terminal evidence closer:in_progress;32366100891:CAMI III LANTERN resume frozen Toy gold evaluation:in_progress;32366100839:CAMI III LANTERN Toy pair deterministic downsample v1:in_progress;32366100809:CAMI III LANTERN v5 precision-filter holdout 14-15:queued;32366100781:CAMI III LANTERN Toy short-read benchmark:in_progress;32366100753:CAMI III LANTERN metaMDBG long-read development benchmark:queued;32366100709:Repair LANTERN v4 holdout input lifetime and dispatch validation:queued;32366100671:CAMI III LANTERN domain-specific SPAdes development:queued;32366100662:CAMI III LANTERN high-depth metaMDBG development:queued;32366100661:CAMI III LANTERN v4 corrected untouched holdout 14-15:queued;32366100651:CAMI III LANTERN additive-rescue untouched holdout 10-11:queued;32365847800:LANTERN v7 untouched official Toy holdout 18-19:in_progress;32365761907:CAMI III LANTERN additive-rescue untouched holdout 10-11:in_progress;32365761863:CAMI III LANTERN high-depth metaMDBG development:queued;32365761503:CAMI III LANTERN v4 corrected untouched holdout 14-15:queued;32365761453:CAMI III LANTERN Toy short-read benchmark:in_progress;32365761441:CAMI III LANTERN domain-specific SPAdes development:in_progress;32365761410:CAMI III LANTERN metaMDBG long-read development benchmark:queued;32364881967:CAMI III LANTERN v4 corrected untouched holdout 14-15:queued;32364881941:CAMI III LANTERN metaMDBG long-read development benchmark:in_progress
2026-08-20T12:44:06.542949+00:00	3	34	32370296647:LANTERN v7 official Toy holdout 18-19 finalizer v2:queued;32369519543:LANTERN v7 official Toy holdout 18-19 finalizer v2:queued;32369399441:LANTERN v7 official Toy holdout 18-19 finalizer v2:queued;32369030791:LANTERN v7 official Toy holdout 18-19 finalizer v2:queued;32368791937:LANTERN global versus pair coassembly finalizer:queued;32368465029:CAMI III LANTERN v4 hybrid-backbone development:in_progress;32368276602:LANTERN global versus pair coassembly finalizer:queued;32368254148:LANTERN v7 official Toy holdout 18-19 finalizer v2:queued;32368147357:LANTERN global versus pair coassembly finalizer:queued;32368087436:LANTERN v7 official Toy holdout 18-19 finalizer:in_progress;32368087422:LANTERN v7 official Toy holdout 18-19 finalizer v2:queued;32367365950:LANTERN global versus pair coassembly finalizer:queued;32367365878:LANTERN global coassembly pivot audit:queued;32366268684:LANTERN v7 official Toy holdout 18-19 finalizer v2:queued;32366268605:LANTERN v7 untouched official Toy holdout 18-19:queued;32366101004:LANTERN terminal evidence closer:in_progress;32366100839:CAMI III LANTERN Toy pair deterministic downsample v1:in_progress;32366100809:CAMI III LANTERN v5 precision-filter holdout 14-15:queued;32366100781:CAMI III LANTERN Toy short-read benchmark:in_progress;32366100753:CAMI III LANTERN metaMDBG long-read development benchmark:queued;32366100709:Repair LANTERN v4 holdout input lifetime and dispatch validation:queued;32366100671:CAMI III LANTERN domain-specific SPAdes development:queued;32366100662:CAMI III LANTERN high-depth metaMDBG development:queued;32366100661:CAMI III LANTERN v4 corrected untouched holdout 14-15:queued;32366100651:CAMI III LANTERN additive-rescue untouched holdout 10-11:queued;32365847800:LANTERN v7 untouched official Toy holdout 18-19:in_progress;32365761907:CAMI III LANTERN additive-rescue untouched holdout 10-11:in_progress;32365761863:CAMI III LANTERN high-depth metaMDBG development:queued;32365761503:CAMI III LANTERN v4 corrected untouched holdout 14-15:queued;32365761453:CAMI III LANTERN Toy short-read benchmark:in_progress;32365761441:CAMI III LANTERN domain-specific SPAdes development:in_progress;32365761410:CAMI III LANTERN metaMDBG long-read development benchmark:queued;32364881967:CAMI III LANTERN v4 corrected untouched holdout 14-15:queued;32364881941:CAMI III LANTERN metaMDBG long-read development benchmark:queued
2026-08-20T12:45:08.553567+00:00	4	34	32370296647:LANTERN v7 official Toy holdout 18-19 finalizer v2:queued;32369519543:LANTERN v7 official Toy holdout 18-19 finalizer v2:queued;32369399441:LANTERN v7 official Toy holdout 18-19 finalizer v2:queued;32369030791:LANTERN v7 official Toy holdout 18-19 finalizer v2:queued;32368791937:LANTERN global versus pair coassembly finalizer:queued;32368465029:CAMI III LANTERN v4 hybrid-backbone development:in_progress;32368276602:LANTERN global versus pair coassembly finalizer:queued;32368254148:LANTERN v7 official Toy holdout 18-19 finalizer v2:queued;32368147357:LANTERN global versus pair coassembly finalizer:queued;32368087436:LANTERN v7 official Toy holdout 18-19 finalizer:in_progress;32368087422:LANTERN v7 official Toy holdout 18-19 finalizer v2:queued;32367365950:LANTERN global versus pair coassembly finalizer:queued;32367365878:LANTERN global coassembly pivot audit:queued;32366268684:LANTERN v7 official Toy holdout 18-19 finalizer v2:queued;32366268605:LANTERN v7 untouched official Toy holdout 18-19:queued;32366101004:LANTERN terminal evidence closer:in_progress;32366100839:CAMI III LANTERN Toy pair deterministic downsample v1:in_progress;32366100809:CAMI III LANTERN v5 precision-filter holdout 14-15:queued;32366100781:CAMI III LANTERN Toy short-read benchmark:in_progress;32366100753:CAMI III LANTERN metaMDBG long-read development benchmark:queued;32366100709:Repair LANTERN v4 holdout input lifetime and dispatch validation:queued;32366100671:CAMI III LANTERN domain-specific SPAdes development:queued;32366100662:CAMI III LANTERN high-depth metaMDBG development:queued;32366100661:CAMI III LANTERN v4 corrected untouched holdout 14-15:queued;32366100651:CAMI III LANTERN additive-rescue untouched holdout 10-11:in_progress;32365847800:LANTERN v7 untouched official Toy holdout 18-19:queued;32365761907:CAMI III LANTERN additive-rescue untouched holdout 10-11:in_progress;32365761863:CAMI III LANTERN high-depth metaMDBG development:queued;32365761503:CAMI III LANTERN v4 corrected untouched holdout 14-15:queued;32365761453:CAMI III LANTERN Toy short-read benchmark:in_progress;32365761441:CAMI III LANTERN domain-specific SPAdes development:in_progress;32365761410:CAMI III LANTERN metaMDBG long-read development benchmark:queued;32364881967:CAMI III LANTERN v4 corrected untouched holdout 14-15:queued;32364881941:CAMI III LANTERN metaMDBG long-read development benchmark:queued
2026-08-20T12:46:10.538152+00:00	5	34	32370296647:LANTERN v7 official Toy holdout 18-19 finalizer v2:queued;32369519543:LANTERN v7 official Toy holdout 18-19 finalizer v2:queued;32369399441:LANTERN v7 official Toy holdout 18-19 finalizer v2:queued;32369030791:LANTERN v7 official Toy holdout 18-19 finalizer v2:queued;32368791937:LANTERN global versus pair coassembly finalizer:queued;32368465029:CAMI III LANTERN v4 hybrid-backbone development:in_progress;32368276602:LANTERN global versus pair coassembly finalizer:queued;32368254148:LANTERN v7 official Toy holdout 18-19 finalizer v2:queued;32368147357:LANTERN global versus pair coassembly finalizer:queued;32368087436:LANTERN v7 official Toy holdout 18-19 finalizer:in_progress;32368087422:LANTERN v7 official Toy holdout 18-19 finalizer v2:queued;32367365950:LANTERN global versus pair coassembly finalizer:queued;32367365878:LANTERN global coassembly pivot audit:queued;32366268684:LANTERN v7 official Toy holdout 18-19 finalizer v2:in_progress;32366268605:LANTERN v7 untouched official Toy holdout 18-19:queued;32366101004:LANTERN terminal evidence closer:in_progress;32366100839:CAMI III LANTERN Toy pair deterministic downsample v1:in_progress;32366100809:CAMI III LANTERN v5 precision-filter holdout 14-15:queued;32366100781:CAMI III LANTERN Toy short-read benchmark:in_progress;32366100753:CAMI III LANTERN metaMDBG long-read development benchmark:queued;32366100709:Repair LANTERN v4 holdout input lifetime and dispatch validation:queued;32366100671:CAMI III LANTERN domain-specific SPAdes development:in_progress;32366100662:CAMI III LANTERN high-depth metaMDBG development:queued;32366100661:CAMI III LANTERN v4 corrected untouched holdout 14-15:queued;32366100651:CAMI III LANTERN additive-rescue untouched holdout 10-11:in_progress;32365847800:LANTERN v7 untouched official Toy holdout 18-19:queued;32365761907:CAMI III LANTERN additive-rescue untouched holdout 10-11:in_progress;32365761863:CAMI III LANTERN high-depth metaMDBG development:queued;32365761503:CAMI III LANTERN v4 corrected untouched holdout 14-15:queued;32365761453:CAMI III LANTERN Toy short-read benchmark:in_progress;32365761441:CAMI III LANTERN domain-specific SPAdes development:in_progress;32365761410:CAMI III LANTERN metaMDBG long-read development benchmark:queued;32364881967:CAMI III LANTERN v4 corrected untouched holdout 14-15:queued;32364881941:CAMI III LANTERN metaMDBG long-read development benchmark:queued
2026-08-20T12:47:12.416589+00:00	6	34	32370296647:LANTERN v7 official Toy holdout 18-19 finalizer v2:queued;32369519543:LANTERN v7 official Toy holdout 18-19 finalizer v2:queued;32369399441:LANTERN v7 official Toy holdout 18-19 finalizer v2:queued;32369030791:LANTERN v7 official Toy holdout 18-19 finalizer v2:queued;32368791937:LANTERN global versus pair coassembly finalizer:queued;32368465029:CAMI III LANTERN v4 hybrid-backbone development:in_progress;32368276602:LANTERN global versus pair coassembly finalizer:queued;32368254148:LANTERN v7 official Toy holdout 18-19 finalizer v2:queued;32368147357:LANTERN global versus pair coassembly finalizer:queued;32368087436:LANTERN v7 official Toy holdout 18-19 finalizer:in_progress;32368087422:LANTERN v7 official Toy holdout 18-19 finalizer v2:queued;32367365950:LANTERN global versus pair coassembly finalizer:queued;32367365878:LANTERN global coassembly pivot audit:queued;32366268684:LANTERN v7 official Toy holdout 18-19 finalizer v2:in_progress;32366268605:LANTERN v7 untouched official Toy holdout 18-19:queued;32366101004:LANTERN terminal evidence closer:in_progress;32366100839:CAMI III LANTERN Toy pair deterministic downsample v1:in_progress;32366100809:CAMI III LANTERN v5 precision-filter holdout 14-15:queued;32366100781:CAMI III LANTERN Toy short-read benchmark:in_progress;32366100753:CAMI III LANTERN metaMDBG long-read development benchmark:queued;32366100709:Repair LANTERN v4 holdout input lifetime and dispatch validation:queued;32366100671:CAMI III LANTERN domain-specific SPAdes development:in_progress;32366100662:CAMI III LANTERN high-depth metaMDBG development:queued;32366100661:CAMI III LANTERN v4 corrected untouched holdout 14-15:queued;32366100651:CAMI III LANTERN additive-rescue untouched holdout 10-11:in_progress;32365847800:LANTERN v7 untouched official Toy holdout 18-19:queued;32365761907:CAMI III LANTERN additive-rescue untouched holdout 10-11:in_progress;32365761863:CAMI III LANTERN high-depth metaMDBG development:in_progress;32365761503:CAMI III LANTERN v4 corrected untouched holdout 14-15:queued;32365761453:CAMI III LANTERN Toy short-read benchmark:in_progress;32365761441:CAMI III LANTERN domain-specific SPAdes development:in_progress;32365761410:CAMI III LANTERN metaMDBG long-read development benchmark:queued;32364881967:CAMI III LANTERN v4 corrected untouched holdout 14-15:queued;32364881941:CAMI III LANTERN metaMDBG long-read development benchmark:queued
2026-08-20T12:48:14.167572+00:00	7	34	32370296647:LANTERN v7 official Toy holdout 18-19 finalizer v2:queued;32369519543:LANTERN v7 official Toy holdout 18-19 finalizer v2:queued;32369399441:LANTERN v7 official Toy holdout 18-19 finalizer v2:queued;32369030791:LANTERN v7 official Toy holdout 18-19 finalizer v2:queued;32368791937:LANTERN global versus pair coassembly finalizer:queued;32368465029:CAMI III LANTERN v4 hybrid-backbone development:in_progress;32368276602:LANTERN global versus pair coassembly finalizer:queued;32368254148:LANTERN v7 official Toy holdout 18-19 finalizer v2:queued;32368147357:LANTERN global versus pair coassembly finalizer:queued;32368087436:LANTERN v7 official Toy holdout 18-19 finalizer:in_progress;32368087422:LANTERN v7 official Toy holdout 18-19 finalizer v2:queued;32367365950:LANTERN global versus pair coassembly finalizer:queued;32367365878:LANTERN global coassembly pivot audit:queued;32366268684:LANTERN v7 official Toy holdout 18-19 finalizer v2:in_progress;32366268605:LANTERN v7 untouched official Toy holdout 18-19:in_progress;32366101004:LANTERN terminal evidence closer:in_progress;32366100839:CAMI III LANTERN Toy pair deterministic downsample v1:in_progress;32366100809:CAMI III LANTERN v5 precision-filter holdout 14-15:queued;32366100781:CAMI III LANTERN Toy short-read benchmark:in_progress;32366100753:CAMI III LANTERN metaMDBG long-read development benchmark:queued;32366100709:Repair LANTERN v4 holdout input lifetime and dispatch validation:queued;32366100671:CAMI III LANTERN domain-specific SPAdes development:in_progress;32366100662:CAMI III LANTERN high-depth metaMDBG development:queued;32366100661:CAMI III LANTERN v4 corrected untouched holdout 14-15:queued;32366100651:CAMI III LANTERN additive-rescue untouched holdout 10-11:in_progress;32365847800:LANTERN v7 untouched official Toy holdout 18-19:queued;32365761907:CAMI III LANTERN additive-rescue untouched holdout 10-11:in_progress;32365761863:CAMI III LANTERN high-depth metaMDBG development:in_progress;32365761503:CAMI III LANTERN v4 corrected untouched holdout 14-15:queued;32365761453:CAMI III LANTERN Toy short-read benchmark:in_progress;32365761441:CAMI III LANTERN domain-specific SPAdes development:in_progress;32365761410:CAMI III LANTERN metaMDBG long-read development benchmark:queued;32364881967:CAMI III LANTERN v4 corrected untouched holdout 14-15:queued;32364881941:CAMI III LANTERN metaMDBG long-read development benchmark:queued
2026-08-20T12:49:16.244389+00:00	8	33	32370296647:LANTERN v7 official Toy holdout 18-19 finalizer v2:queued;32369519543:LANTERN v7 official Toy holdout 18-19 finalizer v2:queued;32369399441:LANTERN v7 official Toy holdout 18-19 finalizer v2:queued;32369030791:LANTERN v7 official Toy holdout 18-19 finalizer v2:queued;32368791937:LANTERN global versus pair coassembly finalizer:in_progress;32368465029:CAMI III LANTERN v4 hybrid-backbone development:in_progress;32368276602:LANTERN global versus pair coassembly finalizer:queued;32368254148:LANTERN v7 official Toy holdout 18-19 finalizer v2:queued;32368147357:LANTERN global versus pair coassembly finalizer:queued;32368087436:LANTERN v7 official Toy holdout 18-19 finalizer:in_progress;32368087422:LANTERN v7 official Toy holdout 18-19 finalizer v2:queued;32367365950:LANTERN global versus pair coassembly finalizer:queued;32367365878:LANTERN global coassembly pivot audit:queued;32366268684:LANTERN v7 official Toy holdout 18-19 finalizer v2:in_progress;32366268605:LANTERN v7 untouched official Toy holdout 18-19:in_progress;32366101004:LANTERN terminal evidence closer:in_progress;32366100809:CAMI III LANTERN v5 precision-filter holdout 14-15:queued;32366100781:CAMI III LANTERN Toy short-read benchmark:in_progress;32366100753:CAMI III LANTERN metaMDBG long-read development benchmark:queued;32366100709:Repair LANTERN v4 holdout input lifetime and dispatch validation:queued;32366100671:CAMI III LANTERN domain-specific SPAdes development:in_progress;32366100662:CAMI III LANTERN high-depth metaMDBG development:queued;32366100661:CAMI III LANTERN v4 corrected untouched holdout 14-15:queued;32366100651:CAMI III LANTERN additive-rescue untouched holdout 10-11:in_progress;32365847800:LANTERN v7 untouched official Toy holdout 18-19:queued;32365761907:CAMI III LANTERN additive-rescue untouched holdout 10-11:in_progress;32365761863:CAMI III LANTERN high-depth metaMDBG development:in_progress;32365761503:CAMI III LANTERN v4 corrected untouched holdout 14-15:queued;32365761453:CAMI III LANTERN Toy short-read benchmark:in_progress;32365761441:CAMI III LANTERN domain-specific SPAdes development:in_progress;32365761410:CAMI III LANTERN metaMDBG long-read development benchmark:queued;32364881967:CAMI III LANTERN v4 corrected untouched holdout 14-15:queued;32364881941:CAMI III LANTERN metaMDBG long-read development benchmark:queued
2026-08-20T12:50:18.289561+00:00	9	33	32370296647:LANTERN v7 official Toy holdout 18-19 finalizer v2:queued;32369519543:LANTERN v7 official Toy holdout 18-19 finalizer v2:queued;32369399441:LANTERN v7 official Toy holdout 18-19 finalizer v2:queued;32369030791:LANTERN v7 official Toy holdout 18-19 finalizer v2:queued;32368791937:LANTERN global versus pair coassembly finalizer:in_progress;32368465029:CAMI III LANTERN v4 hybrid-backbone development:in_progress;32368276602:LANTERN global versus pair coassembly finalizer:queued;32368254148:LANTERN v7 official Toy holdout 18-19 finalizer v2:queued;32368147357:LANTERN global versus pair coassembly finalizer:queued;32368087436:LANTERN v7 official Toy holdout 18-19 finalizer:in_progress;32368087422:LANTERN v7 official Toy holdout 18-19 finalizer v2:queued;32367365950:LANTERN global versus pair coassembly finalizer:queued;32367365878:LANTERN global coassembly pivot audit:queued;32366268684:LANTERN v7 official Toy holdout 18-19 finalizer v2:in_progress;32366268605:LANTERN v7 untouched official Toy holdout 18-19:in_progress;32366101004:LANTERN terminal evidence closer:in_progress;32366100809:CAMI III LANTERN v5 precision-filter holdout 14-15:queued;32366100781:CAMI III LANTERN Toy short-read benchmark:in_progress;32366100753:CAMI III LANTERN metaMDBG long-read development benchmark:queued;32366100709:Repair LANTERN v4 holdout input lifetime and dispatch validation:queued;32366100671:CAMI III LANTERN domain-specific SPAdes development:in_progress;32366100662:CAMI III LANTERN high-depth metaMDBG development:queued;32366100661:CAMI III LANTERN v4 corrected untouched holdout 14-15:queued;32366100651:CAMI III LANTERN additive-rescue untouched holdout 10-11:in_progress;32365847800:LANTERN v7 untouched official Toy holdout 18-19:queued;32365761907:CAMI III LANTERN additive-rescue untouched holdout 10-11:in_progress;32365761863:CAMI III LANTERN high-depth metaMDBG development:in_progress;32365761503:CAMI III LANTERN v4 corrected untouched holdout 14-15:queued;32365761453:CAMI III LANTERN Toy short-read benchmark:in_progress;32365761441:CAMI III LANTERN domain-specific SPAdes development:in_progress;32365761410:CAMI III LANTERN metaMDBG long-read development benchmark:queued;32364881967:CAMI III LANTERN v4 corrected untouched holdout 14-15:queued;32364881941:CAMI III LANTERN metaMDBG long-read development benchmark:queued
2026-08-20T12:51:20.249913+00:00	10	33	32370296647:LANTERN v7 official Toy holdout 18-19 finalizer v2:queued;32369519543:LANTERN v7 official Toy holdout 18-19 finalizer v2:queued;32369399441:LANTERN v7 official Toy holdout 18-19 finalizer v2:queued;32369030791:LANTERN v7 official Toy holdout 18-19 finalizer v2:queued;32368791937:LANTERN global versus pair coassembly finalizer:in_progress;32368465029:CAMI III LANTERN v4 hybrid-backbone development:in_progress;32368276602:LANTERN global versus pair coassembly finalizer:queued;32368254148:LANTERN v7 official Toy holdout 18-19 finalizer v2:queued;32368147357:LANTERN global versus pair coassembly finalizer:queued;32368087436:LANTERN v7 official Toy holdout 18-19 finalizer:in_progress;32368087422:LANTERN v7 official Toy holdout 18-19 finalizer v2:queued;32367365950:LANTERN global versus pair coassembly finalizer:queued;32367365878:LANTERN global coassembly pivot audit:queued;32366268684:LANTERN v7 official Toy holdout 18-19 finalizer v2:in_progress;32366268605:LANTERN v7 untouched official Toy holdout 18-19:in_progress;32366101004:LANTERN terminal evidence closer:in_progress;32366100809:CAMI III LANTERN v5 precision-filter holdout 14-15:queued;32366100781:CAMI III LANTERN Toy short-read benchmark:in_progress;32366100753:CAMI III LANTERN metaMDBG long-read development benchmark:queued;32366100709:Repair LANTERN v4 holdout input lifetime and dispatch validation:queued;32366100671:CAMI III LANTERN domain-specific SPAdes development:in_progress;32366100662:CAMI III LANTERN high-depth metaMDBG development:queued;32366100661:CAMI III LANTERN v4 corrected untouched holdout 14-15:queued;32366100651:CAMI III LANTERN additive-rescue untouched holdout 10-11:in_progress;32365847800:LANTERN v7 untouched official Toy holdout 18-19:queued;32365761907:CAMI III LANTERN additive-rescue untouched holdout 10-11:in_progress;32365761863:CAMI III LANTERN high-depth metaMDBG development:in_progress;32365761503:CAMI III LANTERN v4 corrected untouched holdout 14-15:queued;32365761453:CAMI III LANTERN Toy short-read benchmark:in_progress;32365761441:CAMI III LANTERN domain-specific SPAdes development:in_progress;32365761410:CAMI III LANTERN metaMDBG long-read development benchmark:queued;32364881967:CAMI III LANTERN v4 corrected untouched holdout 14-15:queued;32364881941:CAMI III LANTERN metaMDBG long-read development benchmark:queued
2026-08-20T12:52:22.337112+00:00	11	33	32370296647:LANTERN v7 official Toy holdout 18-19 finalizer v2:queued;32369519543:LANTERN v7 official Toy holdout 18-19 finalizer v2:queued;32369399441:LANTERN v7 official Toy holdout 18-19 finalizer v2:queued;32369030791:LANTERN v7 official Toy holdout 18-19 finalizer v2:queued;32368791937:LANTERN global versus pair coassembly finalizer:in_progress;32368465029:CAMI III LANTERN v4 hybrid-backbone development:in_progress;32368276602:LANTERN global versus pair coassembly finalizer:queued;32368254148:LANTERN v7 official Toy holdout 18-19 finalizer v2:queued;32368147357:LANTERN global versus pair coassembly finalizer:queued;32368087436:LANTERN v7 official Toy holdout 18-19 finalizer:in_progress;32368087422:LANTERN v7 official Toy holdout 18-19 finalizer v2:queued;32367365950:LANTERN global versus pair coassembly finalizer:queued;32367365878:LANTERN global coassembly pivot audit:queued;32366268684:LANTERN v7 official Toy holdout 18-19 finalizer v2:in_progress;32366268605:LANTERN v7 untouched official Toy holdout 18-19:in_progress;32366101004:LANTERN terminal evidence closer:in_progress;32366100809:CAMI III LANTERN v5 precision-filter holdout 14-15:queued;32366100781:CAMI III LANTERN Toy short-read benchmark:in_progress;32366100753:CAMI III LANTERN metaMDBG long-read development benchmark:queued;32366100709:Repair LANTERN v4 holdout input lifetime and dispatch validation:queued;32366100671:CAMI III LANTERN domain-specific SPAdes development:in_progress;32366100662:CAMI III LANTERN high-depth metaMDBG development:queued;32366100661:CAMI III LANTERN v4 corrected untouched holdout 14-15:queued;32366100651:CAMI III LANTERN additive-rescue untouched holdout 10-11:in_progress;32365847800:LANTERN v7 untouched official Toy holdout 18-19:queued;32365761907:CAMI III LANTERN additive-rescue untouched holdout 10-11:in_progress;32365761863:CAMI III LANTERN high-depth metaMDBG development:in_progress;32365761503:CAMI III LANTERN v4 corrected untouched holdout 14-15:queued;32365761453:CAMI III LANTERN Toy short-read benchmark:in_progress;32365761441:CAMI III LANTERN domain-specific SPAdes development:in_progress;32365761410:CAMI III LANTERN metaMDBG long-read development benchmark:queued;32364881967:CAMI III LANTERN v4 corrected untouched holdout 14-15:queued;32364881941:CAMI III LANTERN metaMDBG long-read development benchmark:queued
2026-08-20T12:53:24.283730+00:00	12	33	32370296647:LANTERN v7 official Toy holdout 18-19 finalizer v2:queued;32369519543:LANTERN v7 official Toy holdout 18-19 finalizer v2:queued;32369399441:LANTERN v7 official Toy holdout 18-19 finalizer v2:queued;32369030791:LANTERN v7 official Toy holdout 18-19 finalizer v2:queued;32368791937:LANTERN global versus pair coassembly finalizer:in_progress;32368465029:CAMI III LANTERN v4 hybrid-backbone development:in_progress;32368276602:LANTERN global versus pair coassembly finalizer:queued;32368254148:LANTERN v7 official Toy holdout 18-19 finalizer v2:queued;32368147357:LANTERN global versus pair coassembly finalizer:queued;32368087436:LANTERN v7 official Toy holdout 18-19 finalizer:in_progress;32368087422:LANTERN v7 official Toy holdout 18-19 finalizer v2:queued;32367365950:LANTERN global versus pair coassembly finalizer:queued;32367365878:LANTERN global coassembly pivot audit:queued;32366268684:LANTERN v7 official Toy holdout 18-19 finalizer v2:in_progress;32366268605:LANTERN v7 untouched official Toy holdout 18-19:in_progress;32366101004:LANTERN terminal evidence closer:in_progress;32366100809:CAMI III LANTERN v5 precision-filter holdout 14-15:queued;32366100781:CAMI III LANTERN Toy short-read benchmark:in_progress;32366100753:CAMI III LANTERN metaMDBG long-read development benchmark:queued;32366100709:Repair LANTERN v4 holdout input lifetime and dispatch validation:queued;32366100671:CAMI III LANTERN domain-specific SPAdes development:in_progress;32366100662:CAMI III LANTERN high-depth metaMDBG development:queued;32366100661:CAMI III LANTERN v4 corrected untouched holdout 14-15:queued;32366100651:CAMI III LANTERN additive-rescue untouched holdout 10-11:in_progress;32365847800:LANTERN v7 untouched official Toy holdout 18-19:queued;32365761907:CAMI III LANTERN additive-rescue untouched holdout 10-11:in_progress;32365761863:CAMI III LANTERN high-depth metaMDBG development:in_progress;32365761503:CAMI III LANTERN v4 corrected untouched holdout 14-15:queued;32365761453:CAMI III LANTERN Toy short-read benchmark:in_progress;32365761441:CAMI III LANTERN domain-specific SPAdes development:in_progress;32365761410:CAMI III LANTERN metaMDBG long-read development benchmark:queued;32364881967:CAMI III LANTERN v4 corrected untouched holdout 14-15:queued;32364881941:CAMI III LANTERN metaMDBG long-read development benchmark:queued
2026-08-20T12:54:26.266285+00:00	13	32	32370296647:LANTERN v7 official Toy holdout 18-19 finalizer v2:queued;32369519543:LANTERN v7 official Toy holdout 18-19 finalizer v2:queued;32369399441:LANTERN v7 official Toy holdout 18-19 finalizer v2:queued;32369030791:LANTERN v7 official Toy holdout 18-19 finalizer v2:queued;32368791937:LANTERN global versus pair coassembly finalizer:in_progress;32368465029:CAMI III LANTERN v4 hybrid-backbone development:in_progress;32368276602:LANTERN global versus pair coassembly finalizer:queued;32368254148:LANTERN v7 official Toy holdout 18-19 finalizer v2:queued;32368147357:LANTERN global versus pair coassembly finalizer:queued;32368087422:LANTERN v7 official Toy holdout 18-19 finalizer v2:queued;32367365950:LANTERN global versus pair coassembly finalizer:queued;32367365878:LANTERN global coassembly pivot audit:queued;32366268684:LANTERN v7 official Toy holdout 18-19 finalizer v2:in_progress;32366268605:LANTERN v7 untouched official Toy holdout 18-19:in_progress;32366101004:LANTERN terminal evidence closer:in_progress;32366100809:CAMI III LANTERN v5 precision-filter holdout 14-15:queued;32366100781:CAMI III LANTERN Toy short-read benchmark:in_progress;32366100753:CAMI III LANTERN metaMDBG long-read development benchmark:queued;32366100709:Repair LANTERN v4 holdout input lifetime and dispatch validation:queued;32366100671:CAMI III LANTERN domain-specific SPAdes development:in_progress;32366100662:CAMI III LANTERN high-depth metaMDBG development:queued;32366100661:CAMI III LANTERN v4 corrected untouched holdout 14-15:queued;32366100651:CAMI III LANTERN additive-rescue untouched holdout 10-11:in_progress;32365847800:LANTERN v7 untouched official Toy holdout 18-19:queued;32365761907:CAMI III LANTERN additive-rescue untouched holdout 10-11:in_progress;32365761863:CAMI III LANTERN high-depth metaMDBG development:in_progress;32365761503:CAMI III LANTERN v4 corrected untouched holdout 14-15:queued;32365761453:CAMI III LANTERN Toy short-read benchmark:in_progress;32365761441:CAMI III LANTERN domain-specific SPAdes development:in_progress;32365761410:CAMI III LANTERN metaMDBG long-read development benchmark:queued;32364881967:CAMI III LANTERN v4 corrected untouched holdout 14-15:queued;32364881941:CAMI III LANTERN metaMDBG long-read development benchmark:queued
2026-08-20T12:55:28.302941+00:00	14	32	32370296647:LANTERN v7 official Toy holdout 18-19 finalizer v2:queued;32369519543:LANTERN v7 official Toy holdout 18-19 finalizer v2:queued;32369399441:LANTERN v7 official Toy holdout 18-19 finalizer v2:queued;32369030791:LANTERN v7 official Toy holdout 18-19 finalizer v2:queued;32368791937:LANTERN global versus pair coassembly finalizer:in_progress;32368465029:CAMI III LANTERN v4 hybrid-backbone development:in_progress;32368276602:LANTERN global versus pair coassembly finalizer:queued;32368254148:LANTERN v7 official Toy holdout 18-19 finalizer v2:queued;32368147357:LANTERN global versus pair coassembly finalizer:queued;32368087422:LANTERN v7 official Toy holdout 18-19 finalizer v2:queued;32367365950:LANTERN global versus pair coassembly finalizer:queued;32367365878:LANTERN global coassembly pivot audit:queued;32366268684:LANTERN v7 official Toy holdout 18-19 finalizer v2:in_progress;32366268605:LANTERN v7 untouched official Toy holdout 18-19:in_progress;32366101004:LANTERN terminal evidence closer:in_progress;32366100809:CAMI III LANTERN v5 precision-filter holdout 14-15:queued;32366100781:CAMI III LANTERN Toy short-read benchmark:in_progress;32366100753:CAMI III LANTERN metaMDBG long-read development benchmark:queued;32366100709:Repair LANTERN v4 holdout input lifetime and dispatch validation:queued;32366100671:CAMI III LANTERN domain-specific SPAdes development:in_progress;32366100662:CAMI III LANTERN high-depth metaMDBG development:queued;32366100661:CAMI III LANTERN v4 corrected untouched holdout 14-15:queued;32366100651:CAMI III LANTERN additive-rescue untouched holdout 10-11:in_progress;32365847800:LANTERN v7 untouched official Toy holdout 18-19:queued;32365761907:CAMI III LANTERN additive-rescue untouched holdout 10-11:in_progress;32365761863:CAMI III LANTERN high-depth metaMDBG development:in_progress;32365761503:CAMI III LANTERN v4 corrected untouched holdout 14-15:queued;32365761453:CAMI III LANTERN Toy short-read benchmark:in_progress;32365761441:CAMI III LANTERN domain-specific SPAdes development:in_progress;32365761410:CAMI III LANTERN metaMDBG long-read development benchmark:queued;32364881967:CAMI III LANTERN v4 corrected untouched holdout 14-15:queued;32364881941:CAMI III LANTERN metaMDBG long-read development benchmark:queued
2026-08-20T12:56:30.061412+00:00	15	32	32370296647:LANTERN v7 official Toy holdout 18-19 finalizer v2:queued;32369519543:LANTERN v7 official Toy holdout 18-19 finalizer v2:queued;32369399441:LANTERN v7 official Toy holdout 18-19 finalizer v2:queued;32369030791:LANTERN v7 official Toy holdout 18-19 finalizer v2:queued;32368791937:LANTERN global versus pair coassembly finalizer:in_progress;32368465029:CAMI III LANTERN v4 hybrid-backbone development:in_progress;32368276602:LANTERN global versus pair coassembly finalizer:queued;32368254148:LANTERN v7 official Toy holdout 18-19 finalizer v2:queued;32368147357:LANTERN global versus pair coassembly finalizer:queued;32368087422:LANTERN v7 official Toy holdout 18-19 finalizer v2:in_progress;32367365950:LANTERN global versus pair coassembly finalizer:queued;32367365878:LANTERN global coassembly pivot audit:queued;32366268684:LANTERN v7 official Toy holdout 18-19 finalizer v2:in_progress;32366268605:LANTERN v7 untouched official Toy holdout 18-19:queued;32366101004:LANTERN terminal evidence closer:in_progress;32366100809:CAMI III LANTERN v5 precision-filter holdout 14-15:queued;32366100781:CAMI III LANTERN Toy short-read benchmark:in_progress;32366100753:CAMI III LANTERN metaMDBG long-read development benchmark:queued;32366100709:Repair LANTERN v4 holdout input lifetime and dispatch validation:queued;32366100671:CAMI III LANTERN domain-specific SPAdes development:in_progress;32366100662:CAMI III LANTERN high-depth metaMDBG development:queued;32366100661:CAMI III LANTERN v4 corrected untouched holdout 14-15:queued;32366100651:CAMI III LANTERN additive-rescue untouched holdout 10-11:in_progress;32365847800:LANTERN v7 untouched official Toy holdout 18-19:queued;32365761907:CAMI III LANTERN additive-rescue untouched holdout 10-11:in_progress;32365761863:CAMI III LANTERN high-depth metaMDBG development:in_progress;32365761503:CAMI III LANTERN v4 corrected untouched holdout 14-15:queued;32365761453:CAMI III LANTERN Toy short-read benchmark:in_progress;32365761441:CAMI III LANTERN domain-specific SPAdes development:in_progress;32365761410:CAMI III LANTERN metaMDBG long-read development benchmark:queued;32364881967:CAMI III LANTERN v4 corrected untouched holdout 14-15:queued;32364881941:CAMI III LANTERN metaMDBG long-read development benchmark:queued
2026-08-20T12:57:31.920643+00:00	16	32	32370296647:LANTERN v7 official Toy holdout 18-19 finalizer v2:queued;32369519543:LANTERN v7 official Toy holdout 18-19 finalizer v2:in_progress;32369399441:LANTERN v7 official Toy holdout 18-19 finalizer v2:queued;32369030791:LANTERN v7 official Toy holdout 18-19 finalizer v2:queued;32368791937:LANTERN global versus pair coassembly finalizer:in_progress;32368465029:CAMI III LANTERN v4 hybrid-backbone development:in_progress;32368276602:LANTERN global versus pair coassembly finalizer:queued;32368254148:LANTERN v7 official Toy holdout 18-19 finalizer v2:queued;32368147357:LANTERN global versus pair coassembly finalizer:queued;32368087422:LANTERN v7 official Toy holdout 18-19 finalizer v2:in_progress;32367365950:LANTERN global versus pair coassembly finalizer:queued;32367365878:LANTERN global coassembly pivot audit:queued;32366268684:LANTERN v7 official Toy holdout 18-19 finalizer v2:in_progress;32366268605:LANTERN v7 untouched official Toy holdout 18-19:queued;32366101004:LANTERN terminal evidence closer:in_progress;32366100809:CAMI III LANTERN v5 precision-filter holdout 14-15:queued;32366100781:CAMI III LANTERN Toy short-read benchmark:in_progress;32366100753:CAMI III LANTERN metaMDBG long-read development benchmark:queued;32366100709:Repair LANTERN v4 holdout input lifetime and dispatch validation:queued;32366100671:CAMI III LANTERN domain-specific SPAdes development:in_progress;32366100662:CAMI III LANTERN high-depth metaMDBG development:queued;32366100661:CAMI III LANTERN v4 corrected untouched holdout 14-15:queued;32366100651:CAMI III LANTERN additive-rescue untouched holdout 10-11:in_progress;32365847800:LANTERN v7 untouched official Toy holdout 18-19:queued;32365761907:CAMI III LANTERN additive-rescue untouched holdout 10-11:in_progress;32365761863:CAMI III LANTERN high-depth metaMDBG development:in_progress;32365761503:CAMI III LANTERN v4 corrected untouched holdout 14-15:queued;32365761453:CAMI III LANTERN Toy short-read benchmark:in_progress;32365761441:CAMI III LANTERN domain-specific SPAdes development:in_progress;32365761410:CAMI III LANTERN metaMDBG long-read development benchmark:queued;32364881967:CAMI III LANTERN v4 corrected untouched holdout 14-15:queued;32364881941:CAMI III LANTERN metaMDBG long-read development benchmark:queued
2026-08-20T12:58:33.749807+00:00	17	32	32370296647:LANTERN v7 official Toy holdout 18-19 finalizer v2:queued;32369519543:LANTERN v7 official Toy holdout 18-19 finalizer v2:in_progress;32369399441:LANTERN v7 official Toy holdout 18-19 finalizer v2:queued;32369030791:LANTERN v7 official Toy holdout 18-19 finalizer v2:queued;32368791937:LANTERN global versus pair coassembly finalizer:in_progress;32368465029:CAMI III LANTERN v4 hybrid-backbone development:in_progress;32368276602:LANTERN global versus pair coassembly finalizer:queued;32368254148:LANTERN v7 official Toy holdout 18-19 finalizer v2:queued;32368147357:LANTERN global versus pair coassembly finalizer:queued;32368087422:LANTERN v7 official Toy holdout 18-19 finalizer v2:in_progress;32367365950:LANTERN global versus pair coassembly finalizer:queued;32367365878:LANTERN global coassembly pivot audit:queued;32366268684:LANTERN v7 official Toy holdout 18-19 finalizer v2:in_progress;32366268605:LANTERN v7 untouched official Toy holdout 18-19:queued;32366101004:LANTERN terminal evidence closer:in_progress;32366100809:CAMI III LANTERN v5 precision-filter holdout 14-15:queued;32366100781:CAMI III LANTERN Toy short-read benchmark:in_progress;32366100753:CAMI III LANTERN metaMDBG long-read development benchmark:queued;32366100709:Repair LANTERN v4 holdout input lifetime and dispatch validation:queued;32366100671:CAMI III LANTERN domain-specific SPAdes development:in_progress;32366100662:CAMI III LANTERN high-depth metaMDBG development:queued;32366100661:CAMI III LANTERN v4 corrected untouched holdout 14-15:queued;32366100651:CAMI III LANTERN additive-rescue untouched holdout 10-11:in_progress;32365847800:LANTERN v7 untouched official Toy holdout 18-19:queued;32365761907:CAMI III LANTERN additive-rescue untouched holdout 10-11:in_progress;32365761863:CAMI III LANTERN high-depth metaMDBG development:in_progress;32365761503:CAMI III LANTERN v4 corrected untouched holdout 14-15:queued;32365761453:CAMI III LANTERN Toy short-read benchmark:in_progress;32365761441:CAMI III LANTERN domain-specific SPAdes development:in_progress;32365761410:CAMI III LANTERN metaMDBG long-read development benchmark:queued;32364881967:CAMI III LANTERN v4 corrected untouched holdout 14-15:queued;32364881941:CAMI III LANTERN metaMDBG long-read development benchmark:queued
2026-08-20T12:59:35.863610+00:00	18	32	32370296647:LANTERN v7 official Toy holdout 18-19 finalizer v2:queued;32369519543:LANTERN v7 official Toy holdout 18-19 finalizer v2:in_progress;32369399441:LANTERN v7 official Toy holdout 18-19 finalizer v2:queued;32369030791:LANTERN v7 official Toy holdout 18-19 finalizer v2:queued;32368791937:LANTERN global versus pair coassembly finalizer:in_progress;32368465029:CAMI III LANTERN v4 hybrid-backbone development:in_progress;32368276602:LANTERN global versus pair coassembly finalizer:queued;32368254148:LANTERN v7 official Toy holdout 18-19 finalizer v2:queued;32368147357:LANTERN global versus pair coassembly finalizer:queued;32368087422:LANTERN v7 official Toy holdout 18-19 finalizer v2:in_progress;32367365950:LANTERN global versus pair coassembly finalizer:queued;32367365878:LANTERN global coassembly pivot audit:queued;32366268684:LANTERN v7 official Toy holdout 18-19 finalizer v2:in_progress;32366268605:LANTERN v7 untouched official Toy holdout 18-19:queued;32366101004:LANTERN terminal evidence closer:in_progress;32366100809:CAMI III LANTERN v5 precision-filter holdout 14-15:queued;32366100781:CAMI III LANTERN Toy short-read benchmark:in_progress;32366100753:CAMI III LANTERN metaMDBG long-read development benchmark:queued;32366100709:Repair LANTERN v4 holdout input lifetime and dispatch validation:queued;32366100671:CAMI III LANTERN domain-specific SPAdes development:in_progress;32366100662:CAMI III LANTERN high-depth metaMDBG development:queued;32366100661:CAMI III LANTERN v4 corrected untouched holdout 14-15:queued;32366100651:CAMI III LANTERN additive-rescue untouched holdout 10-11:in_progress;32365847800:LANTERN v7 untouched official Toy holdout 18-19:queued;32365761907:CAMI III LANTERN additive-rescue untouched holdout 10-11:in_progress;32365761863:CAMI III LANTERN high-depth metaMDBG development:in_progress;32365761503:CAMI III LANTERN v4 corrected untouched holdout 14-15:queued;32365761453:CAMI III LANTERN Toy short-read benchmark:in_progress;32365761441:CAMI III LANTERN domain-specific SPAdes development:in_progress;32365761410:CAMI III LANTERN metaMDBG long-read development benchmark:queued;32364881967:CAMI III LANTERN v4 corrected untouched holdout 14-15:queued;32364881941:CAMI III LANTERN metaMDBG long-read development benchmark:queued
2026-08-20T13:00:37.947417+00:00	19	32	32370296647:LANTERN v7 official Toy holdout 18-19 finalizer v2:queued;32369519543:LANTERN v7 official Toy holdout 18-19 finalizer v2:in_progress;32369399441:LANTERN v7 official Toy holdout 18-19 finalizer v2:queued;32369030791:LANTERN v7 official Toy holdout 18-19 finalizer v2:queued;32368791937:LANTERN global versus pair coassembly finalizer:in_progress;32368465029:CAMI III LANTERN v4 hybrid-backbone development:in_progress;32368276602:LANTERN global versus pair coassembly finalizer:queued;32368254148:LANTERN v7 official Toy holdout 18-19 finalizer v2:queued;32368147357:LANTERN global versus pair coassembly finalizer:queued;32368087422:LANTERN v7 official Toy holdout 18-19 finalizer v2:in_progress;32367365950:LANTERN global versus pair coassembly finalizer:queued;32367365878:LANTERN global coassembly pivot audit:queued;32366268684:LANTERN v7 official Toy holdout 18-19 finalizer v2:in_progress;32366268605:LANTERN v7 untouched official Toy holdout 18-19:queued;32366101004:LANTERN terminal evidence closer:in_progress;32366100809:CAMI III LANTERN v5 precision-filter holdout 14-15:queued;32366100781:CAMI III LANTERN Toy short-read benchmark:in_progress;32366100753:CAMI III LANTERN metaMDBG long-read development benchmark:queued;32366100709:Repair LANTERN v4 holdout input lifetime and dispatch validation:queued;32366100671:CAMI III LANTERN domain-specific SPAdes development:in_progress;32366100662:CAMI III LANTERN high-depth metaMDBG development:queued;32366100661:CAMI III LANTERN v4 corrected untouched holdout 14-15:queued;32366100651:CAMI III LANTERN additive-rescue untouched holdout 10-11:in_progress;32365847800:LANTERN v7 untouched official Toy holdout 18-19:queued;32365761907:CAMI III LANTERN additive-rescue untouched holdout 10-11:in_progress;32365761863:CAMI III LANTERN high-depth metaMDBG development:in_progress;32365761503:CAMI III LANTERN v4 corrected untouched holdout 14-15:queued;32365761453:CAMI III LANTERN Toy short-read benchmark:in_progress;32365761441:CAMI III LANTERN domain-specific SPAdes development:in_progress;32365761410:CAMI III LANTERN metaMDBG long-read development benchmark:queued;32364881967:CAMI III LANTERN v4 corrected untouched holdout 14-15:queued;32364881941:CAMI III LANTERN metaMDBG long-read development benchmark:queued
2026-08-20T13:01:39.717416+00:00	20	31	32370296647:LANTERN v7 official Toy holdout 18-19 finalizer v2:queued;32369519543:LANTERN v7 official Toy holdout 18-19 finalizer v2:in_progress;32369399441:LANTERN v7 official Toy holdout 18-19 finalizer v2:queued;32369030791:LANTERN v7 official Toy holdout 18-19 finalizer v2:queued;32368791937:LANTERN global versus pair coassembly finalizer:in_progress;32368465029:CAMI III LANTERN v4 hybrid-backbone development:in_progress;32368276602:LANTERN global versus pair coassembly finalizer:queued;32368254148:LANTERN v7 official Toy holdout 18-19 finalizer v2:queued;32368147357:LANTERN global versus pair coassembly finalizer:queued;32368087422:LANTERN v7 official Toy holdout 18-19 finalizer v2:in_progress;32367365950:LANTERN global versus pair coassembly finalizer:queued;32367365878:LANTERN global coassembly pivot audit:queued;32366268684:LANTERN v7 official Toy holdout 18-19 finalizer v2:in_progress;32366268605:LANTERN v7 untouched official Toy holdout 18-19:queued;32366101004:LANTERN terminal evidence closer:in_progress;32366100809:CAMI III LANTERN v5 precision-filter holdout 14-15:queued;32366100781:CAMI III LANTERN Toy short-read benchmark:in_progress;32366100753:CAMI III LANTERN metaMDBG long-read development benchmark:queued;32366100709:Repair LANTERN v4 holdout input lifetime and dispatch validation:queued;32366100671:CAMI III LANTERN domain-specific SPAdes development:in_progress;32366100662:CAMI III LANTERN high-depth metaMDBG development:queued;32366100661:CAMI III LANTERN v4 corrected untouched holdout 14-15:queued;32366100651:CAMI III LANTERN additive-rescue untouched holdout 10-11:in_progress;32365847800:LANTERN v7 untouched official Toy holdout 18-19:queued;32365761907:CAMI III LANTERN additive-rescue untouched holdout 10-11:in_progress;32365761863:CAMI III LANTERN high-depth metaMDBG development:in_progress;32365761503:CAMI III LANTERN v4 corrected untouched holdout 14-15:queued;32365761453:CAMI III LANTERN Toy short-read benchmark:in_progress;32365761410:CAMI III LANTERN metaMDBG long-read development benchmark:in_progress;32364881967:CAMI III LANTERN v4 corrected untouched holdout 14-15:queued;32364881941:CAMI III LANTERN metaMDBG long-read development benchmark:queued
2026-08-20T13:02:41.746806+00:00	21	30	32370296647:LANTERN v7 official Toy holdout 18-19 finalizer v2:in_progress;32369519543:LANTERN v7 official Toy holdout 18-19 finalizer v2:in_progress;32369399441:LANTERN v7 official Toy holdout 18-19 finalizer v2:queued;32369030791:LANTERN v7 official Toy holdout 18-19 finalizer v2:in_progress;32368791937:LANTERN global versus pair coassembly finalizer:in_progress;32368276602:LANTERN global versus pair coassembly finalizer:queued;32368254148:LANTERN v7 official Toy holdout 18-19 finalizer v2:queued;32368147357:LANTERN global versus pair coassembly finalizer:queued;32368087422:LANTERN v7 official Toy holdout 18-19 finalizer v2:in_progress;32367365950:LANTERN global versus pair coassembly finalizer:queued;32367365878:LANTERN global coassembly pivot audit:queued;32366268684:LANTERN v7 official Toy holdout 18-19 finalizer v2:in_progress;32366268605:LANTERN v7 untouched official Toy holdout 18-19:queued;32366101004:LANTERN terminal evidence closer:in_progress;32366100809:CAMI III LANTERN v5 precision-filter holdout 14-15:queued;32366100781:CAMI III LANTERN Toy short-read benchmark:in_progress;32366100753:CAMI III LANTERN metaMDBG long-read development benchmark:queued;32366100709:Repair LANTERN v4 holdout input lifetime and dispatch validation:queued;32366100671:CAMI III LANTERN domain-specific SPAdes development:in_progress;32366100662:CAMI III LANTERN high-depth metaMDBG development:queued;32366100661:CAMI III LANTERN v4 corrected untouched holdout 14-15:queued;32366100651:CAMI III LANTERN additive-rescue untouched holdout 10-11:in_progress;32365847800:LANTERN v7 untouched official Toy holdout 18-19:queued;32365761907:CAMI III LANTERN additive-rescue untouched holdout 10-11:in_progress;32365761863:CAMI III LANTERN high-depth metaMDBG development:in_progress;32365761503:CAMI III LANTERN v4 corrected untouched holdout 14-15:queued;32365761453:CAMI III LANTERN Toy short-read benchmark:in_progress;32365761410:CAMI III LANTERN metaMDBG long-read development benchmark:queued;32364881967:CAMI III LANTERN v4 corrected untouched holdout 14-15:queued;32364881941:CAMI III LANTERN metaMDBG long-read development benchmark:queued
2026-08-20T13:03:44.106489+00:00	22	30	32370296647:LANTERN v7 official Toy holdout 18-19 finalizer v2:in_progress;32369519543:LANTERN v7 official Toy holdout 18-19 finalizer v2:in_progress;32369399441:LANTERN v7 official Toy holdout 18-19 finalizer v2:queued;32369030791:LANTERN v7 official Toy holdout 18-19 finalizer v2:in_progress;32368791937:LANTERN global versus pair coassembly finalizer:in_progress;32368276602:LANTERN global versus pair coassembly finalizer:queued;32368254148:LANTERN v7 official Toy holdout 18-19 finalizer v2:queued;32368147357:LANTERN global versus pair coassembly finalizer:queued;32368087422:LANTERN v7 official Toy holdout 18-19 finalizer v2:in_progress;32367365950:LANTERN global versus pair coassembly finalizer:queued;32367365878:LANTERN global coassembly pivot audit:queued;32366268684:LANTERN v7 official Toy holdout 18-19 finalizer v2:in_progress;32366268605:LANTERN v7 untouched official Toy holdout 18-19:queued;32366101004:LANTERN terminal evidence closer:in_progress;32366100809:CAMI III LANTERN v5 precision-filter holdout 14-15:queued;32366100781:CAMI III LANTERN Toy short-read benchmark:in_progress;32366100753:CAMI III LANTERN metaMDBG long-read development benchmark:queued;32366100709:Repair LANTERN v4 holdout input lifetime and dispatch validation:queued;32366100671:CAMI III LANTERN domain-specific SPAdes development:in_progress;32366100662:CAMI III LANTERN high-depth metaMDBG development:queued;32366100661:CAMI III LANTERN v4 corrected untouched holdout 14-15:queued;32366100651:CAMI III LANTERN additive-rescue untouched holdout 10-11:in_progress;32365847800:LANTERN v7 untouched official Toy holdout 18-19:queued;32365761907:CAMI III LANTERN additive-rescue untouched holdout 10-11:in_progress;32365761863:CAMI III LANTERN high-depth metaMDBG development:in_progress;32365761503:CAMI III LANTERN v4 corrected untouched holdout 14-15:queued;32365761453:CAMI III LANTERN Toy short-read benchmark:in_progress;32365761410:CAMI III LANTERN metaMDBG long-read development benchmark:queued;32364881967:CAMI III LANTERN v4 corrected untouched holdout 14-15:queued;32364881941:CAMI III LANTERN metaMDBG long-read development benchmark:queued
2026-08-20T13:04:46.297397+00:00	23	30	32370296647:LANTERN v7 official Toy holdout 18-19 finalizer v2:in_progress;32369519543:LANTERN v7 official Toy holdout 18-19 finalizer v2:in_progress;32369399441:LANTERN v7 official Toy holdout 18-19 finalizer v2:queued;32369030791:LANTERN v7 official Toy holdout 18-19 finalizer v2:in_progress;32368791937:LANTERN global versus pair coassembly finalizer:in_progress;32368276602:LANTERN global versus pair coassembly finalizer:queued;32368254148:LANTERN v7 official Toy holdout 18-19 finalizer v2:queued;32368147357:LANTERN global versus pair coassembly finalizer:queued;32368087422:LANTERN v7 official Toy holdout 18-19 finalizer v2:in_progress;32367365950:LANTERN global versus pair coassembly finalizer:queued;32367365878:LANTERN global coassembly pivot audit:queued;32366268684:LANTERN v7 official Toy holdout 18-19 finalizer v2:in_progress;32366268605:LANTERN v7 untouched official Toy holdout 18-19:queued;32366101004:LANTERN terminal evidence closer:in_progress;32366100809:CAMI III LANTERN v5 precision-filter holdout 14-15:queued;32366100781:CAMI III LANTERN Toy short-read benchmark:in_progress;32366100753:CAMI III LANTERN metaMDBG long-read development benchmark:queued;32366100709:Repair LANTERN v4 holdout input lifetime and dispatch validation:queued;32366100671:CAMI III LANTERN domain-specific SPAdes development:in_progress;32366100662:CAMI III LANTERN high-depth metaMDBG development:queued;32366100661:CAMI III LANTERN v4 corrected untouched holdout 14-15:queued;32366100651:CAMI III LANTERN additive-rescue untouched holdout 10-11:in_progress;32365847800:LANTERN v7 untouched official Toy holdout 18-19:queued;32365761907:CAMI III LANTERN additive-rescue untouched holdout 10-11:in_progress;32365761863:CAMI III LANTERN high-depth metaMDBG development:in_progress;32365761503:CAMI III LANTERN v4 corrected untouched holdout 14-15:queued;32365761453:CAMI III LANTERN Toy short-read benchmark:in_progress;32365761410:CAMI III LANTERN metaMDBG long-read development benchmark:queued;32364881967:CAMI III LANTERN v4 corrected untouched holdout 14-15:queued;32364881941:CAMI III LANTERN metaMDBG long-read development benchmark:queued
2026-08-20T13:05:48.336728+00:00	24	30	32370296647:LANTERN v7 official Toy holdout 18-19 finalizer v2:in_progress;32369519543:LANTERN v7 official Toy holdout 18-19 finalizer v2:in_progress;32369399441:LANTERN v7 official Toy holdout 18-19 finalizer v2:queued;32369030791:LANTERN v7 official Toy holdout 18-19 finalizer v2:in_progress;32368791937:LANTERN global versus pair coassembly finalizer:in_progress;32368276602:LANTERN global versus pair coassembly finalizer:queued;32368254148:LANTERN v7 official Toy holdout 18-19 finalizer v2:queued;32368147357:LANTERN global versus pair coassembly finalizer:queued;32368087422:LANTERN v7 official Toy holdout 18-19 finalizer v2:in_progress;32367365950:LANTERN global versus pair coassembly finalizer:queued;32367365878:LANTERN global coassembly pivot audit:queued;32366268684:LANTERN v7 official Toy holdout 18-19 finalizer v2:in_progress;32366268605:LANTERN v7 untouched official Toy holdout 18-19:queued;32366101004:LANTERN terminal evidence closer:in_progress;32366100809:CAMI III LANTERN v5 precision-filter holdout 14-15:queued;32366100781:CAMI III LANTERN Toy short-read benchmark:in_progress;32366100753:CAMI III LANTERN metaMDBG long-read development benchmark:queued;32366100709:Repair LANTERN v4 holdout input lifetime and dispatch validation:queued;32366100671:CAMI III LANTERN domain-specific SPAdes development:in_progress;32366100662:CAMI III LANTERN high-depth metaMDBG development:queued;32366100661:CAMI III LANTERN v4 corrected untouched holdout 14-15:queued;32366100651:CAMI III LANTERN additive-rescue untouched holdout 10-11:in_progress;32365847800:LANTERN v7 untouched official Toy holdout 18-19:queued;32365761907:CAMI III LANTERN additive-rescue untouched holdout 10-11:in_progress;32365761863:CAMI III LANTERN high-depth metaMDBG development:in_progress;32365761503:CAMI III LANTERN v4 corrected untouched holdout 14-15:queued;32365761453:CAMI III LANTERN Toy short-read benchmark:in_progress;32365761410:CAMI III LANTERN metaMDBG long-read development benchmark:queued;32364881967:CAMI III LANTERN v4 corrected untouched holdout 14-15:queued;32364881941:CAMI III LANTERN metaMDBG long-read development benchmark:queued
2026-08-20T13:06:50.456544+00:00	25	30	32370296647:LANTERN v7 official Toy holdout 18-19 finalizer v2:in_progress;32369519543:LANTERN v7 official Toy holdout 18-19 finalizer v2:in_progress;32369399441:LANTERN v7 official Toy holdout 18-19 finalizer v2:queued;32369030791:LANTERN v7 official Toy holdout 18-19 finalizer v2:in_progress;32368791937:LANTERN global versus pair coassembly finalizer:in_progress;32368276602:LANTERN global versus pair coassembly finalizer:queued;32368254148:LANTERN v7 official Toy holdout 18-19 finalizer v2:queued;32368147357:LANTERN global versus pair coassembly finalizer:queued;32368087422:LANTERN v7 official Toy holdout 18-19 finalizer v2:in_progress;32367365950:LANTERN global versus pair coassembly finalizer:queued;32367365878:LANTERN global coassembly pivot audit:queued;32366268684:LANTERN v7 official Toy holdout 18-19 finalizer v2:in_progress;32366268605:LANTERN v7 untouched official Toy holdout 18-19:queued;32366101004:LANTERN terminal evidence closer:in_progress;32366100809:CAMI III LANTERN v5 precision-filter holdout 14-15:queued;32366100781:CAMI III LANTERN Toy short-read benchmark:in_progress;32366100753:CAMI III LANTERN metaMDBG long-read development benchmark:queued;32366100709:Repair LANTERN v4 holdout input lifetime and dispatch validation:queued;32366100671:CAMI III LANTERN domain-specific SPAdes development:in_progress;32366100662:CAMI III LANTERN high-depth metaMDBG development:queued;32366100661:CAMI III LANTERN v4 corrected untouched holdout 14-15:queued;32366100651:CAMI III LANTERN additive-rescue untouched holdout 10-11:in_progress;32365847800:LANTERN v7 untouched official Toy holdout 18-19:queued;32365761907:CAMI III LANTERN additive-rescue untouched holdout 10-11:in_progress;32365761863:CAMI III LANTERN high-depth metaMDBG development:in_progress;32365761503:CAMI III LANTERN v4 corrected untouched holdout 14-15:queued;32365761453:CAMI III LANTERN Toy short-read benchmark:in_progress;32365761410:CAMI III LANTERN metaMDBG long-read development benchmark:queued;32364881967:CAMI III LANTERN v4 corrected untouched holdout 14-15:queued;32364881941:CAMI III LANTERN metaMDBG long-read development benchmark:queued
2026-08-20T13:07:52.321567+00:00	26	30	32370296647:LANTERN v7 official Toy holdout 18-19 finalizer v2:in_progress;32369519543:LANTERN v7 official Toy holdout 18-19 finalizer v2:in_progress;32369399441:LANTERN v7 official Toy holdout 18-19 finalizer v2:queued;32369030791:LANTERN v7 official Toy holdout 18-19 finalizer v2:in_progress;32368791937:LANTERN global versus pair coassembly finalizer:in_progress;32368276602:LANTERN global versus pair coassembly finalizer:queued;32368254148:LANTERN v7 official Toy holdout 18-19 finalizer v2:queued;32368147357:LANTERN global versus pair coassembly finalizer:queued;32368087422:LANTERN v7 official Toy holdout 18-19 finalizer v2:in_progress;32367365950:LANTERN global versus pair coassembly finalizer:queued;32367365878:LANTERN global coassembly pivot audit:queued;32366268684:LANTERN v7 official Toy holdout 18-19 finalizer v2:in_progress;32366268605:LANTERN v7 untouched official Toy holdout 18-19:queued;32366101004:LANTERN terminal evidence closer:in_progress;32366100809:CAMI III LANTERN v5 precision-filter holdout 14-15:queued;32366100781:CAMI III LANTERN Toy short-read benchmark:in_progress;32366100753:CAMI III LANTERN metaMDBG long-read development benchmark:queued;32366100709:Repair LANTERN v4 holdout input lifetime and dispatch validation:queued;32366100671:CAMI III LANTERN domain-specific SPAdes development:in_progress;32366100662:CAMI III LANTERN high-depth metaMDBG development:queued;32366100661:CAMI III LANTERN v4 corrected untouched holdout 14-15:queued;32366100651:CAMI III LANTERN additive-rescue untouched holdout 10-11:in_progress;32365847800:LANTERN v7 untouched official Toy holdout 18-19:queued;32365761907:CAMI III LANTERN additive-rescue untouched holdout 10-11:in_progress;32365761863:CAMI III LANTERN high-depth metaMDBG development:in_progress;32365761503:CAMI III LANTERN v4 corrected untouched holdout 14-15:queued;32365761453:CAMI III LANTERN Toy short-read benchmark:in_progress;32365761410:CAMI III LANTERN metaMDBG long-read development benchmark:queued;32364881967:CAMI III LANTERN v4 corrected untouched holdout 14-15:queued;32364881941:CAMI III LANTERN metaMDBG long-read development benchmark:queued
2026-08-20T13:08:54.283542+00:00	27	30	32370296647:LANTERN v7 official Toy holdout 18-19 finalizer v2:in_progress;32369519543:LANTERN v7 official Toy holdout 18-19 finalizer v2:in_progress;32369399441:LANTERN v7 official Toy holdout 18-19 finalizer v2:queued;32369030791:LANTERN v7 official Toy holdout 18-19 finalizer v2:in_progress;32368791937:LANTERN global versus pair coassembly finalizer:in_progress;32368276602:LANTERN global versus pair coassembly finalizer:queued;32368254148:LANTERN v7 official Toy holdout 18-19 finalizer v2:queued;32368147357:LANTERN global versus pair coassembly finalizer:queued;32368087422:LANTERN v7 official Toy holdout 18-19 finalizer v2:in_progress;32367365950:LANTERN global versus pair coassembly finalizer:queued;32367365878:LANTERN global coassembly pivot audit:queued;32366268684:LANTERN v7 official Toy holdout 18-19 finalizer v2:in_progress;32366268605:LANTERN v7 untouched official Toy holdout 18-19:queued;32366101004:LANTERN terminal evidence closer:in_progress;32366100809:CAMI III LANTERN v5 precision-filter holdout 14-15:queued;32366100781:CAMI III LANTERN Toy short-read benchmark:in_progress;32366100753:CAMI III LANTERN metaMDBG long-read development benchmark:queued;32366100709:Repair LANTERN v4 holdout input lifetime and dispatch validation:queued;32366100671:CAMI III LANTERN domain-specific SPAdes development:in_progress;32366100662:CAMI III LANTERN high-depth metaMDBG development:queued;32366100661:CAMI III LANTERN v4 corrected untouched holdout 14-15:queued;32366100651:CAMI III LANTERN additive-rescue untouched holdout 10-11:in_progress;32365847800:LANTERN v7 untouched official Toy holdout 18-19:queued;32365761907:CAMI III LANTERN additive-rescue untouched holdout 10-11:in_progress;32365761863:CAMI III LANTERN high-depth metaMDBG development:in_progress;32365761503:CAMI III LANTERN v4 corrected untouched holdout 14-15:queued;32365761453:CAMI III LANTERN Toy short-read benchmark:in_progress;32365761410:CAMI III LANTERN metaMDBG long-read development benchmark:queued;32364881967:CAMI III LANTERN v4 corrected untouched holdout 14-15:queued;32364881941:CAMI III LANTERN metaMDBG long-read development benchmark:queued
2026-08-20T13:09:56.431076+00:00	28	30	32370296647:LANTERN v7 official Toy holdout 18-19 finalizer v2:in_progress;32369519543:LANTERN v7 official Toy holdout 18-19 finalizer v2:in_progress;32369399441:LANTERN v7 official Toy holdout 18-19 finalizer v2:queued;32369030791:LANTERN v7 official Toy holdout 18-19 finalizer v2:in_progress;32368791937:LANTERN global versus pair coassembly finalizer:in_progress;32368276602:LANTERN global versus pair coassembly finalizer:queued;32368254148:LANTERN v7 official Toy holdout 18-19 finalizer v2:queued;32368147357:LANTERN global versus pair coassembly finalizer:queued;32368087422:LANTERN v7 official Toy holdout 18-19 finalizer v2:in_progress;32367365950:LANTERN global versus pair coassembly finalizer:queued;32367365878:LANTERN global coassembly pivot audit:queued;32366268684:LANTERN v7 official Toy holdout 18-19 finalizer v2:in_progress;32366268605:LANTERN v7 untouched official Toy holdout 18-19:queued;32366101004:LANTERN terminal evidence closer:in_progress;32366100809:CAMI III LANTERN v5 precision-filter holdout 14-15:queued;32366100781:CAMI III LANTERN Toy short-read benchmark:in_progress;32366100753:CAMI III LANTERN metaMDBG long-read development benchmark:queued;32366100709:Repair LANTERN v4 holdout input lifetime and dispatch validation:queued;32366100671:CAMI III LANTERN domain-specific SPAdes development:in_progress;32366100662:CAMI III LANTERN high-depth metaMDBG development:queued;32366100661:CAMI III LANTERN v4 corrected untouched holdout 14-15:queued;32366100651:CAMI III LANTERN additive-rescue untouched holdout 10-11:in_progress;32365847800:LANTERN v7 untouched official Toy holdout 18-19:queued;32365761907:CAMI III LANTERN additive-rescue untouched holdout 10-11:in_progress;32365761863:CAMI III LANTERN high-depth metaMDBG development:in_progress;32365761503:CAMI III LANTERN v4 corrected untouched holdout 14-15:queued;32365761453:CAMI III LANTERN Toy short-read benchmark:in_progress;32365761410:CAMI III LANTERN metaMDBG long-read development benchmark:queued;32364881967:CAMI III LANTERN v4 corrected untouched holdout 14-15:queued;32364881941:CAMI III LANTERN metaMDBG long-read development benchmark:queued
2026-08-20T13:10:58.366744+00:00	29	30	32370296647:LANTERN v7 official Toy holdout 18-19 finalizer v2:in_progress;32369519543:LANTERN v7 official Toy holdout 18-19 finalizer v2:in_progress;32369399441:LANTERN v7 official Toy holdout 18-19 finalizer v2:queued;32369030791:LANTERN v7 official Toy holdout 18-19 finalizer v2:in_progress;32368791937:LANTERN global versus pair coassembly finalizer:in_progress;32368276602:LANTERN global versus pair coassembly finalizer:queued;32368254148:LANTERN v7 official Toy holdout 18-19 finalizer v2:queued;32368147357:LANTERN global versus pair coassembly finalizer:queued;32368087422:LANTERN v7 official Toy holdout 18-19 finalizer v2:in_progress;32367365950:LANTERN global versus pair coassembly finalizer:queued;32367365878:LANTERN global coassembly pivot audit:queued;32366268684:LANTERN v7 official Toy holdout 18-19 finalizer v2:in_progress;32366268605:LANTERN v7 untouched official Toy holdout 18-19:queued;32366101004:LANTERN terminal evidence closer:in_progress;32366100809:CAMI III LANTERN v5 precision-filter holdout 14-15:queued;32366100781:CAMI III LANTERN Toy short-read benchmark:in_progress;32366100753:CAMI III LANTERN metaMDBG long-read development benchmark:queued;32366100709:Repair LANTERN v4 holdout input lifetime and dispatch validation:queued;32366100671:CAMI III LANTERN domain-specific SPAdes development:in_progress;32366100662:CAMI III LANTERN high-depth metaMDBG development:queued;32366100661:CAMI III LANTERN v4 corrected untouched holdout 14-15:queued;32366100651:CAMI III LANTERN additive-rescue untouched holdout 10-11:in_progress;32365847800:LANTERN v7 untouched official Toy holdout 18-19:queued;32365761907:CAMI III LANTERN additive-rescue untouched holdout 10-11:in_progress;32365761863:CAMI III LANTERN high-depth metaMDBG development:in_progress;32365761503:CAMI III LANTERN v4 corrected untouched holdout 14-15:queued;32365761453:CAMI III LANTERN Toy short-read benchmark:in_progress;32365761410:CAMI III LANTERN metaMDBG long-read development benchmark:queued;32364881967:CAMI III LANTERN v4 corrected untouched holdout 14-15:queued;32364881941:CAMI III LANTERN metaMDBG long-read development benchmark:queued
2026-08-20T13:12:00.375791+00:00	30	30	32370296647:LANTERN v7 official Toy holdout 18-19 finalizer v2:in_progress;32369519543:LANTERN v7 official Toy holdout 18-19 finalizer v2:in_progress;32369399441:LANTERN v7 official Toy holdout 18-19 finalizer v2:queued;32369030791:LANTERN v7 official Toy holdout 18-19 finalizer v2:in_progress;32368791937:LANTERN global versus pair coassembly finalizer:in_progress;32368276602:LANTERN global versus pair coassembly finalizer:queued;32368254148:LANTERN v7 official Toy holdout 18-19 finalizer v2:queued;32368147357:LANTERN global versus pair coassembly finalizer:queued;32368087422:LANTERN v7 official Toy holdout 18-19 finalizer v2:in_progress;32367365950:LANTERN global versus pair coassembly finalizer:queued;32367365878:LANTERN global coassembly pivot audit:queued;32366268684:LANTERN v7 official Toy holdout 18-19 finalizer v2:in_progress;32366268605:LANTERN v7 untouched official Toy holdout 18-19:queued;32366101004:LANTERN terminal evidence closer:in_progress;32366100809:CAMI III LANTERN v5 precision-filter holdout 14-15:queued;32366100781:CAMI III LANTERN Toy short-read benchmark:in_progress;32366100753:CAMI III LANTERN metaMDBG long-read development benchmark:queued;32366100709:Repair LANTERN v4 holdout input lifetime and dispatch validation:queued;32366100671:CAMI III LANTERN domain-specific SPAdes development:in_progress;32366100662:CAMI III LANTERN high-depth metaMDBG development:queued;32366100661:CAMI III LANTERN v4 corrected untouched holdout 14-15:queued;32366100651:CAMI III LANTERN additive-rescue untouched holdout 10-11:in_progress;32365847800:LANTERN v7 untouched official Toy holdout 18-19:queued;32365761907:CAMI III LANTERN additive-rescue untouched holdout 10-11:in_progress;32365761863:CAMI III LANTERN high-depth metaMDBG development:in_progress;32365761503:CAMI III LANTERN v4 corrected untouched holdout 14-15:queued;32365761453:CAMI III LANTERN Toy short-read benchmark:in_progress;32365761410:CAMI III LANTERN metaMDBG long-read development benchmark:queued;32364881967:CAMI III LANTERN v4 corrected untouched holdout 14-15:queued;32364881941:CAMI III LANTERN metaMDBG long-read development benchmark:queued
2026-08-20T13:13:02.538847+00:00	31	30	32370296647:LANTERN v7 official Toy holdout 18-19 finalizer v2:in_progress;32369519543:LANTERN v7 official Toy holdout 18-19 finalizer v2:in_progress;32369399441:LANTERN v7 official Toy holdout 18-19 finalizer v2:queued;32369030791:LANTERN v7 official Toy holdout 18-19 finalizer v2:in_progress;32368791937:LANTERN global versus pair coassembly finalizer:in_progress;32368276602:LANTERN global versus pair coassembly finalizer:queued;32368254148:LANTERN v7 official Toy holdout 18-19 finalizer v2:queued;32368147357:LANTERN global versus pair coassembly finalizer:queued;32368087422:LANTERN v7 official Toy holdout 18-19 finalizer v2:in_progress;32367365950:LANTERN global versus pair coassembly finalizer:queued;32367365878:LANTERN global coassembly pivot audit:queued;32366268684:LANTERN v7 official Toy holdout 18-19 finalizer v2:in_progress;32366268605:LANTERN v7 untouched official Toy holdout 18-19:queued;32366101004:LANTERN terminal evidence closer:in_progress;32366100809:CAMI III LANTERN v5 precision-filter holdout 14-15:queued;32366100781:CAMI III LANTERN Toy short-read benchmark:in_progress;32366100753:CAMI III LANTERN metaMDBG long-read development benchmark:queued;32366100709:Repair LANTERN v4 holdout input lifetime and dispatch validation:queued;32366100671:CAMI III LANTERN domain-specific SPAdes development:in_progress;32366100662:CAMI III LANTERN high-depth metaMDBG development:queued;32366100661:CAMI III LANTERN v4 corrected untouched holdout 14-15:queued;32366100651:CAMI III LANTERN additive-rescue untouched holdout 10-11:in_progress;32365847800:LANTERN v7 untouched official Toy holdout 18-19:queued;32365761907:CAMI III LANTERN additive-rescue untouched holdout 10-11:in_progress;32365761863:CAMI III LANTERN high-depth metaMDBG development:in_progress;32365761503:CAMI III LANTERN v4 corrected untouched holdout 14-15:queued;32365761453:CAMI III LANTERN Toy short-read benchmark:in_progress;32365761410:CAMI III LANTERN metaMDBG long-read development benchmark:queued;32364881967:CAMI III LANTERN v4 corrected untouched holdout 14-15:queued;32364881941:CAMI III LANTERN metaMDBG long-read development benchmark:queued
2026-08-20T13:14:04.547769+00:00	32	30	32370296647:LANTERN v7 official Toy holdout 18-19 finalizer v2:in_progress;32369519543:LANTERN v7 official Toy holdout 18-19 finalizer v2:in_progress;32369399441:LANTERN v7 official Toy holdout 18-19 finalizer v2:queued;32369030791:LANTERN v7 official Toy holdout 18-19 finalizer v2:in_progress;32368791937:LANTERN global versus pair coassembly finalizer:in_progress;32368276602:LANTERN global versus pair coassembly finalizer:queued;32368254148:LANTERN v7 official Toy holdout 18-19 finalizer v2:queued;32368147357:LANTERN global versus pair coassembly finalizer:queued;32368087422:LANTERN v7 official Toy holdout 18-19 finalizer v2:in_progress;32367365950:LANTERN global versus pair coassembly finalizer:queued;32367365878:LANTERN global coassembly pivot audit:queued;32366268684:LANTERN v7 official Toy holdout 18-19 finalizer v2:in_progress;32366268605:LANTERN v7 untouched official Toy holdout 18-19:queued;32366101004:LANTERN terminal evidence closer:in_progress;32366100809:CAMI III LANTERN v5 precision-filter holdout 14-15:queued;32366100781:CAMI III LANTERN Toy short-read benchmark:in_progress;32366100753:CAMI III LANTERN metaMDBG long-read development benchmark:queued;32366100709:Repair LANTERN v4 holdout input lifetime and dispatch validation:queued;32366100671:CAMI III LANTERN domain-specific SPAdes development:in_progress;32366100662:CAMI III LANTERN high-depth metaMDBG development:queued;32366100661:CAMI III LANTERN v4 corrected untouched holdout 14-15:queued;32366100651:CAMI III LANTERN additive-rescue untouched holdout 10-11:in_progress;32365847800:LANTERN v7 untouched official Toy holdout 18-19:queued;32365761907:CAMI III LANTERN additive-rescue untouched holdout 10-11:in_progress;32365761863:CAMI III LANTERN high-depth metaMDBG development:in_progress;32365761503:CAMI III LANTERN v4 corrected untouched holdout 14-15:queued;32365761453:CAMI III LANTERN Toy short-read benchmark:in_progress;32365761410:CAMI III LANTERN metaMDBG long-read development benchmark:queued;32364881967:CAMI III LANTERN v4 corrected untouched holdout 14-15:queued;32364881941:CAMI III LANTERN metaMDBG long-read development benchmark:queued
2026-08-20T13:15:06.282898+00:00	33	30	32370296647:LANTERN v7 official Toy holdout 18-19 finalizer v2:in_progress;32369519543:LANTERN v7 official Toy holdout 18-19 finalizer v2:in_progress;32369399441:LANTERN v7 official Toy holdout 18-19 finalizer v2:queued;32369030791:LANTERN v7 official Toy holdout 18-19 finalizer v2:in_progress;32368791937:LANTERN global versus pair coassembly finalizer:in_progress;32368276602:LANTERN global versus pair coassembly finalizer:queued;32368254148:LANTERN v7 official Toy holdout 18-19 finalizer v2:queued;32368147357:LANTERN global versus pair coassembly finalizer:queued;32368087422:LANTERN v7 official Toy holdout 18-19 finalizer v2:in_progress;32367365950:LANTERN global versus pair coassembly finalizer:queued;32367365878:LANTERN global coassembly pivot audit:queued;32366268684:LANTERN v7 official Toy holdout 18-19 finalizer v2:in_progress;32366268605:LANTERN v7 untouched official Toy holdout 18-19:queued;32366101004:LANTERN terminal evidence closer:in_progress;32366100809:CAMI III LANTERN v5 precision-filter holdout 14-15:queued;32366100781:CAMI III LANTERN Toy short-read benchmark:in_progress;32366100753:CAMI III LANTERN metaMDBG long-read development benchmark:queued;32366100709:Repair LANTERN v4 holdout input lifetime and dispatch validation:queued;32366100671:CAMI III LANTERN domain-specific SPAdes development:in_progress;32366100662:CAMI III LANTERN high-depth metaMDBG development:queued;32366100661:CAMI III LANTERN v4 corrected untouched holdout 14-15:queued;32366100651:CAMI III LANTERN additive-rescue untouched holdout 10-11:in_progress;32365847800:LANTERN v7 untouched official Toy holdout 18-19:queued;32365761907:CAMI III LANTERN additive-rescue untouched holdout 10-11:in_progress;32365761863:CAMI III LANTERN high-depth metaMDBG development:in_progress;32365761503:CAMI III LANTERN v4 corrected untouched holdout 14-15:queued;32365761453:CAMI III LANTERN Toy short-read benchmark:in_progress;32365761410:CAMI III LANTERN metaMDBG long-read development benchmark:queued;32364881967:CAMI III LANTERN v4 corrected untouched holdout 14-15:queued;32364881941:CAMI III LANTERN metaMDBG long-read development benchmark:queued
2026-08-20T13:16:08.107577+00:00	34	30	32370296647:LANTERN v7 official Toy holdout 18-19 finalizer v2:in_progress;32369519543:LANTERN v7 official Toy holdout 18-19 finalizer v2:in_progress;32369399441:LANTERN v7 official Toy holdout 18-19 finalizer v2:queued;32369030791:LANTERN v7 official Toy holdout 18-19 finalizer v2:in_progress;32368791937:LANTERN global versus pair coassembly finalizer:in_progress;32368276602:LANTERN global versus pair coassembly finalizer:queued;32368254148:LANTERN v7 official Toy holdout 18-19 finalizer v2:queued;32368147357:LANTERN global versus pair coassembly finalizer:queued;32368087422:LANTERN v7 official Toy holdout 18-19 finalizer v2:in_progress;32367365950:LANTERN global versus pair coassembly finalizer:queued;32367365878:LANTERN global coassembly pivot audit:queued;32366268684:LANTERN v7 official Toy holdout 18-19 finalizer v2:in_progress;32366268605:LANTERN v7 untouched official Toy holdout 18-19:queued;32366101004:LANTERN terminal evidence closer:in_progress;32366100809:CAMI III LANTERN v5 precision-filter holdout 14-15:queued;32366100781:CAMI III LANTERN Toy short-read benchmark:in_progress;32366100753:CAMI III LANTERN metaMDBG long-read development benchmark:queued;32366100709:Repair LANTERN v4 holdout input lifetime and dispatch validation:queued;32366100671:CAMI III LANTERN domain-specific SPAdes development:in_progress;32366100662:CAMI III LANTERN high-depth metaMDBG development:queued;32366100661:CAMI III LANTERN v4 corrected untouched holdout 14-15:queued;32366100651:CAMI III LANTERN additive-rescue untouched holdout 10-11:in_progress;32365847800:LANTERN v7 untouched official Toy holdout 18-19:queued;32365761907:CAMI III LANTERN additive-rescue untouched holdout 10-11:in_progress;32365761863:CAMI III LANTERN high-depth metaMDBG development:in_progress;32365761503:CAMI III LANTERN v4 corrected untouched holdout 14-15:queued;32365761453:CAMI III LANTERN Toy short-read benchmark:in_progress;32365761410:CAMI III LANTERN metaMDBG long-read development benchmark:queued;32364881967:CAMI III LANTERN v4 corrected untouched holdout 14-15:queued;32364881941:CAMI III LANTERN metaMDBG long-read development benchmark:queued
2026-08-20T13:17:10.070638+00:00	35	30	32370296647:LANTERN v7 official Toy holdout 18-19 finalizer v2:in_progress;32369519543:LANTERN v7 official Toy holdout 18-19 finalizer v2:in_progress;32369399441:LANTERN v7 official Toy holdout 18-19 finalizer v2:queued;32369030791:LANTERN v7 official Toy holdout 18-19 finalizer v2:in_progress;32368791937:LANTERN global versus pair coassembly finalizer:in_progress;32368276602:LANTERN global versus pair coassembly finalizer:queued;32368254148:LANTERN v7 official Toy holdout 18-19 finalizer v2:queued;32368147357:LANTERN global versus pair coassembly finalizer:queued;32368087422:LANTERN v7 official Toy holdout 18-19 finalizer v2:in_progress;32367365950:LANTERN global versus pair coassembly finalizer:queued;32367365878:LANTERN global coassembly pivot audit:queued;32366268684:LANTERN v7 official Toy holdout 18-19 finalizer v2:in_progress;32366268605:LANTERN v7 untouched official Toy holdout 18-19:queued;32366101004:LANTERN terminal evidence closer:in_progress;32366100809:CAMI III LANTERN v5 precision-filter holdout 14-15:queued;32366100781:CAMI III LANTERN Toy short-read benchmark:in_progress;32366100753:CAMI III LANTERN metaMDBG long-read development benchmark:queued;32366100709:Repair LANTERN v4 holdout input lifetime and dispatch validation:queued;32366100671:CAMI III LANTERN domain-specific SPAdes development:in_progress;32366100662:CAMI III LANTERN high-depth metaMDBG development:queued;32366100661:CAMI III LANTERN v4 corrected untouched holdout 14-15:queued;32366100651:CAMI III LANTERN additive-rescue untouched holdout 10-11:in_progress;32365847800:LANTERN v7 untouched official Toy holdout 18-19:queued;32365761907:CAMI III LANTERN additive-rescue untouched holdout 10-11:in_progress;32365761863:CAMI III LANTERN high-depth metaMDBG development:in_progress;32365761503:CAMI III LANTERN v4 corrected untouched holdout 14-15:queued;32365761453:CAMI III LANTERN Toy short-read benchmark:in_progress;32365761410:CAMI III LANTERN metaMDBG long-read development benchmark:queued;32364881967:CAMI III LANTERN v4 corrected untouched holdout 14-15:queued;32364881941:CAMI III LANTERN metaMDBG long-read development benchmark:queued
2026-08-20T13:18:12.369252+00:00	36	30	32370296647:LANTERN v7 official Toy holdout 18-19 finalizer v2:in_progress;32369519543:LANTERN v7 official Toy holdout 18-19 finalizer v2:in_progress;32369399441:LANTERN v7 official Toy holdout 18-19 finalizer v2:queued;32369030791:LANTERN v7 official Toy holdout 18-19 finalizer v2:in_progress;32368791937:LANTERN global versus pair coassembly finalizer:in_progress;32368276602:LANTERN global versus pair coassembly finalizer:queued;32368254148:LANTERN v7 official Toy holdout 18-19 finalizer v2:queued;32368147357:LANTERN global versus pair coassembly finalizer:queued;32368087422:LANTERN v7 official Toy holdout 18-19 finalizer v2:in_progress;32367365950:LANTERN global versus pair coassembly finalizer:queued;32367365878:LANTERN global coassembly pivot audit:queued;32366268684:LANTERN v7 official Toy holdout 18-19 finalizer v2:in_progress;32366268605:LANTERN v7 untouched official Toy holdout 18-19:queued;32366101004:LANTERN terminal evidence closer:in_progress;32366100809:CAMI III LANTERN v5 precision-filter holdout 14-15:queued;32366100781:CAMI III LANTERN Toy short-read benchmark:in_progress;32366100753:CAMI III LANTERN metaMDBG long-read development benchmark:queued;32366100709:Repair LANTERN v4 holdout input lifetime and dispatch validation:queued;32366100671:CAMI III LANTERN domain-specific SPAdes development:in_progress;32366100662:CAMI III LANTERN high-depth metaMDBG development:queued;32366100661:CAMI III LANTERN v4 corrected untouched holdout 14-15:queued;32366100651:CAMI III LANTERN additive-rescue untouched holdout 10-11:in_progress;32365847800:LANTERN v7 untouched official Toy holdout 18-19:queued;32365761907:CAMI III LANTERN additive-rescue untouched holdout 10-11:in_progress;32365761863:CAMI III LANTERN high-depth metaMDBG development:in_progress;32365761503:CAMI III LANTERN v4 corrected untouched holdout 14-15:queued;32365761453:CAMI III LANTERN Toy short-read benchmark:in_progress;32365761410:CAMI III LANTERN metaMDBG long-read development benchmark:queued;32364881967:CAMI III LANTERN v4 corrected untouched holdout 14-15:queued;32364881941:CAMI III LANTERN metaMDBG long-read development benchmark:queued
2026-08-20T13:19:14.583748+00:00	37	30	32370296647:LANTERN v7 official Toy holdout 18-19 finalizer v2:in_progress;32369519543:LANTERN v7 official Toy holdout 18-19 finalizer v2:in_progress;32369399441:LANTERN v7 official Toy holdout 18-19 finalizer v2:queued;32369030791:LANTERN v7 official Toy holdout 18-19 finalizer v2:in_progress;32368791937:LANTERN global versus pair coassembly finalizer:in_progress;32368276602:LANTERN global versus pair coassembly finalizer:queued;32368254148:LANTERN v7 official Toy holdout 18-19 finalizer v2:queued;32368147357:LANTERN global versus pair coassembly finalizer:queued;32368087422:LANTERN v7 official Toy holdout 18-19 finalizer v2:in_progress;32367365950:LANTERN global versus pair coassembly finalizer:queued;32367365878:LANTERN global coassembly pivot audit:queued;32366268684:LANTERN v7 official Toy holdout 18-19 finalizer v2:in_progress;32366268605:LANTERN v7 untouched official Toy holdout 18-19:queued;32366101004:LANTERN terminal evidence closer:in_progress;32366100809:CAMI III LANTERN v5 precision-filter holdout 14-15:queued;32366100781:CAMI III LANTERN Toy short-read benchmark:in_progress;32366100753:CAMI III LANTERN metaMDBG long-read development benchmark:queued;32366100709:Repair LANTERN v4 holdout input lifetime and dispatch validation:queued;32366100671:CAMI III LANTERN domain-specific SPAdes development:in_progress;32366100662:CAMI III LANTERN high-depth metaMDBG development:queued;32366100661:CAMI III LANTERN v4 corrected untouched holdout 14-15:queued;32366100651:CAMI III LANTERN additive-rescue untouched holdout 10-11:in_progress;32365847800:LANTERN v7 untouched official Toy holdout 18-19:queued;32365761907:CAMI III LANTERN additive-rescue untouched holdout 10-11:in_progress;32365761863:CAMI III LANTERN high-depth metaMDBG development:in_progress;32365761503:CAMI III LANTERN v4 corrected untouched holdout 14-15:queued;32365761453:CAMI III LANTERN Toy short-read benchmark:in_progress;32365761410:CAMI III LANTERN metaMDBG long-read development benchmark:queued;32364881967:CAMI III LANTERN v4 corrected untouched holdout 14-15:queued;32364881941:CAMI III LANTERN metaMDBG long-read development benchmark:queued
2026-08-20T13:20:16.424986+00:00	38	29	32370296647:LANTERN v7 official Toy holdout 18-19 finalizer v2:in_progress;32369519543:LANTERN v7 official Toy holdout 18-19 finalizer v2:in_progress;32369399441:LANTERN v7 official Toy holdout 18-19 finalizer v2:queued;32369030791:LANTERN v7 official Toy holdout 18-19 finalizer v2:in_progress;32368791937:LANTERN global versus pair coassembly finalizer:in_progress;32368276602:LANTERN global versus pair coassembly finalizer:queued;32368254148:LANTERN v7 official Toy holdout 18-19 finalizer v2:in_progress;32368147357:LANTERN global versus pair coassembly finalizer:queued;32368087422:LANTERN v7 official Toy holdout 18-19 finalizer v2:in_progress;32367365950:LANTERN global versus pair coassembly finalizer:in_progress;32367365878:LANTERN global coassembly pivot audit:queued;32366268684:LANTERN v7 official Toy holdout 18-19 finalizer v2:in_progress;32366268605:LANTERN v7 untouched official Toy holdout 18-19:queued;32366101004:LANTERN terminal evidence closer:in_progress;32366100809:CAMI III LANTERN v5 precision-filter holdout 14-15:queued;32366100781:CAMI III LANTERN Toy short-read benchmark:in_progress;32366100753:CAMI III LANTERN metaMDBG long-read development benchmark:queued;32366100709:Repair LANTERN v4 holdout input lifetime and dispatch validation:queued;32366100671:CAMI III LANTERN domain-specific SPAdes development:in_progress;32366100662:CAMI III LANTERN high-depth metaMDBG development:queued;32366100661:CAMI III LANTERN v4 corrected untouched holdout 14-15:queued;32366100651:CAMI III LANTERN additive-rescue untouched holdout 10-11:in_progress;32365847800:LANTERN v7 untouched official Toy holdout 18-19:queued;32365761907:CAMI III LANTERN additive-rescue untouched holdout 10-11:in_progress;32365761863:CAMI III LANTERN high-depth metaMDBG development:in_progress;32365761503:CAMI III LANTERN v4 corrected untouched holdout 14-15:queued;32365761410:CAMI III LANTERN metaMDBG long-read development benchmark:queued;32364881967:CAMI III LANTERN v4 corrected untouched holdout 14-15:queued;32364881941:CAMI III LANTERN metaMDBG long-read development benchmark:queued
2026-08-20T13:21:18.491069+00:00	39	29	32370296647:LANTERN v7 official Toy holdout 18-19 finalizer v2:in_progress;32369519543:LANTERN v7 official Toy holdout 18-19 finalizer v2:in_progress;32369399441:LANTERN v7 official Toy holdout 18-19 finalizer v2:queued;32369030791:LANTERN v7 official Toy holdout 18-19 finalizer v2:in_progress;32368791937:LANTERN global versus pair coassembly finalizer:in_progress;32368276602:LANTERN global versus pair coassembly finalizer:queued;32368254148:LANTERN v7 official Toy holdout 18-19 finalizer v2:in_progress;32368147357:LANTERN global versus pair coassembly finalizer:queued;32368087422:LANTERN v7 official Toy holdout 18-19 finalizer v2:in_progress;32367365950:LANTERN global versus pair coassembly finalizer:in_progress;32367365878:LANTERN global coassembly pivot audit:queued;32366268684:LANTERN v7 official Toy holdout 18-19 finalizer v2:in_progress;32366268605:LANTERN v7 untouched official Toy holdout 18-19:queued;32366101004:LANTERN terminal evidence closer:in_progress;32366100809:CAMI III LANTERN v5 precision-filter holdout 14-15:queued;32366100781:CAMI III LANTERN Toy short-read benchmark:in_progress;32366100753:CAMI III LANTERN metaMDBG long-read development benchmark:queued;32366100709:Repair LANTERN v4 holdout input lifetime and dispatch validation:queued;32366100671:CAMI III LANTERN domain-specific SPAdes development:in_progress;32366100662:CAMI III LANTERN high-depth metaMDBG development:queued;32366100661:CAMI III LANTERN v4 corrected untouched holdout 14-15:queued;32366100651:CAMI III LANTERN additive-rescue untouched holdout 10-11:in_progress;32365847800:LANTERN v7 untouched official Toy holdout 18-19:queued;32365761907:CAMI III LANTERN additive-rescue untouched holdout 10-11:in_progress;32365761863:CAMI III LANTERN high-depth metaMDBG development:in_progress;32365761503:CAMI III LANTERN v4 corrected untouched holdout 14-15:queued;32365761410:CAMI III LANTERN metaMDBG long-read development benchmark:queued;32364881967:CAMI III LANTERN v4 corrected untouched holdout 14-15:queued;32364881941:CAMI III LANTERN metaMDBG long-read development benchmark:queued
2026-08-20T13:22:20.458133+00:00	40	28	32370296647:LANTERN v7 official Toy holdout 18-19 finalizer v2:in_progress;32369519543:LANTERN v7 official Toy holdout 18-19 finalizer v2:in_progress;32369399441:LANTERN v7 official Toy holdout 18-19 finalizer v2:queued;32369030791:LANTERN v7 official Toy holdout 18-19 finalizer v2:in_progress;32368791937:LANTERN global versus pair coassembly finalizer:in_progress;32368276602:LANTERN global versus pair coassembly finalizer:queued;32368254148:LANTERN v7 official Toy holdout 18-19 finalizer v2:in_progress;32368147357:LANTERN global versus pair coassembly finalizer:queued;32368087422:LANTERN v7 official Toy holdout 18-19 finalizer v2:in_progress;32367365950:LANTERN global versus pair coassembly finalizer:in_progress;32367365878:LANTERN global coassembly pivot audit:queued;32366268605:LANTERN v7 untouched official Toy holdout 18-19:queued;32366101004:LANTERN terminal evidence closer:in_progress;32366100809:CAMI III LANTERN v5 precision-filter holdout 14-15:queued;32366100781:CAMI III LANTERN Toy short-read benchmark:in_progress;32366100753:CAMI III LANTERN metaMDBG long-read development benchmark:queued;32366100709:Repair LANTERN v4 holdout input lifetime and dispatch validation:queued;32366100671:CAMI III LANTERN domain-specific SPAdes development:in_progress;32366100662:CAMI III LANTERN high-depth metaMDBG development:queued;32366100661:CAMI III LANTERN v4 corrected untouched holdout 14-15:queued;32366100651:CAMI III LANTERN additive-rescue untouched holdout 10-11:in_progress;32365847800:LANTERN v7 untouched official Toy holdout 18-19:queued;32365761907:CAMI III LANTERN additive-rescue untouched holdout 10-11:in_progress;32365761863:CAMI III LANTERN high-depth metaMDBG development:in_progress;32365761503:CAMI III LANTERN v4 corrected untouched holdout 14-15:queued;32365761410:CAMI III LANTERN metaMDBG long-read development benchmark:queued;32364881967:CAMI III LANTERN v4 corrected untouched holdout 14-15:queued;32364881941:CAMI III LANTERN metaMDBG long-read development benchmark:queued
2026-08-20T13:23:22.220312+00:00	41	27	32370296647:LANTERN v7 official Toy holdout 18-19 finalizer v2:in_progress;32369519543:LANTERN v7 official Toy holdout 18-19 finalizer v2:in_progress;32369399441:LANTERN v7 official Toy holdout 18-19 finalizer v2:queued;32369030791:LANTERN v7 official Toy holdout 18-19 finalizer v2:in_progress;32368791937:LANTERN global versus pair coassembly finalizer:in_progress;32368276602:LANTERN global versus pair coassembly finalizer:queued;32368254148:LANTERN v7 official Toy holdout 18-19 finalizer v2:in_progress;32368147357:LANTERN global versus pair coassembly finalizer:queued;32368087422:LANTERN v7 official Toy holdout 18-19 finalizer v2:in_progress;32367365950:LANTERN global versus pair coassembly finalizer:in_progress;32367365878:LANTERN global coassembly pivot audit:queued;32366268605:LANTERN v7 untouched official Toy holdout 18-19:queued;32366101004:LANTERN terminal evidence closer:in_progress;32366100809:CAMI III LANTERN v5 precision-filter holdout 14-15:queued;32366100753:CAMI III LANTERN metaMDBG long-read development benchmark:queued;32366100709:Repair LANTERN v4 holdout input lifetime and dispatch validation:queued;32366100671:CAMI III LANTERN domain-specific SPAdes development:in_progress;32366100662:CAMI III LANTERN high-depth metaMDBG development:in_progress;32366100661:CAMI III LANTERN v4 corrected untouched holdout 14-15:queued;32366100651:CAMI III LANTERN additive-rescue untouched holdout 10-11:in_progress;32365847800:LANTERN v7 untouched official Toy holdout 18-19:queued;32365761907:CAMI III LANTERN additive-rescue untouched holdout 10-11:in_progress;32365761863:CAMI III LANTERN high-depth metaMDBG development:in_progress;32365761503:CAMI III LANTERN v4 corrected untouched holdout 14-15:queued;32365761410:CAMI III LANTERN metaMDBG long-read development benchmark:queued;32364881967:CAMI III LANTERN v4 corrected untouched holdout 14-15:queued;32364881941:CAMI III LANTERN metaMDBG long-read development benchmark:queued
2026-08-20T13:24:24.059292+00:00	42	27	32370296647:LANTERN v7 official Toy holdout 18-19 finalizer v2:in_progress;32369519543:LANTERN v7 official Toy holdout 18-19 finalizer v2:in_progress;32369399441:LANTERN v7 official Toy holdout 18-19 finalizer v2:queued;32369030791:LANTERN v7 official Toy holdout 18-19 finalizer v2:in_progress;32368791937:LANTERN global versus pair coassembly finalizer:in_progress;32368276602:LANTERN global versus pair coassembly finalizer:queued;32368254148:LANTERN v7 official Toy holdout 18-19 finalizer v2:in_progress;32368147357:LANTERN global versus pair coassembly finalizer:queued;32368087422:LANTERN v7 official Toy holdout 18-19 finalizer v2:in_progress;32367365950:LANTERN global versus pair coassembly finalizer:in_progress;32367365878:LANTERN global coassembly pivot audit:queued;32366268605:LANTERN v7 untouched official Toy holdout 18-19:queued;32366101004:LANTERN terminal evidence closer:in_progress;32366100809:CAMI III LANTERN v5 precision-filter holdout 14-15:queued;32366100753:CAMI III LANTERN metaMDBG long-read development benchmark:queued;32366100709:Repair LANTERN v4 holdout input lifetime and dispatch validation:queued;32366100671:CAMI III LANTERN domain-specific SPAdes development:in_progress;32366100662:CAMI III LANTERN high-depth metaMDBG development:in_progress;32366100661:CAMI III LANTERN v4 corrected untouched holdout 14-15:queued;32366100651:CAMI III LANTERN additive-rescue untouched holdout 10-11:in_progress;32365847800:LANTERN v7 untouched official Toy holdout 18-19:queued;32365761907:CAMI III LANTERN additive-rescue untouched holdout 10-11:in_progress;32365761863:CAMI III LANTERN high-depth metaMDBG development:in_progress;32365761503:CAMI III LANTERN v4 corrected untouched holdout 14-15:queued;32365761410:CAMI III LANTERN metaMDBG long-read development benchmark:queued;32364881967:CAMI III LANTERN v4 corrected untouched holdout 14-15:queued;32364881941:CAMI III LANTERN metaMDBG long-read development benchmark:queued
2026-08-20T13:25:26.129419+00:00	43	27	32370296647:LANTERN v7 official Toy holdout 18-19 finalizer v2:in_progress;32369519543:LANTERN v7 official Toy holdout 18-19 finalizer v2:in_progress;32369399441:LANTERN v7 official Toy holdout 18-19 finalizer v2:queued;32369030791:LANTERN v7 official Toy holdout 18-19 finalizer v2:in_progress;32368791937:LANTERN global versus pair coassembly finalizer:in_progress;32368276602:LANTERN global versus pair coassembly finalizer:queued;32368254148:LANTERN v7 official Toy holdout 18-19 finalizer v2:in_progress;32368147357:LANTERN global versus pair coassembly finalizer:queued;32368087422:LANTERN v7 official Toy holdout 18-19 finalizer v2:in_progress;32367365950:LANTERN global versus pair coassembly finalizer:in_progress;32367365878:LANTERN global coassembly pivot audit:queued;32366268605:LANTERN v7 untouched official Toy holdout 18-19:queued;32366101004:LANTERN terminal evidence closer:in_progress;32366100809:CAMI III LANTERN v5 precision-filter holdout 14-15:queued;32366100753:CAMI III LANTERN metaMDBG long-read development benchmark:queued;32366100709:Repair LANTERN v4 holdout input lifetime and dispatch validation:queued;32366100671:CAMI III LANTERN domain-specific SPAdes development:in_progress;32366100662:CAMI III LANTERN high-depth metaMDBG development:in_progress;32366100661:CAMI III LANTERN v4 corrected untouched holdout 14-15:queued;32366100651:CAMI III LANTERN additive-rescue untouched holdout 10-11:in_progress;32365847800:LANTERN v7 untouched official Toy holdout 18-19:queued;32365761907:CAMI III LANTERN additive-rescue untouched holdout 10-11:in_progress;32365761863:CAMI III LANTERN high-depth metaMDBG development:in_progress;32365761503:CAMI III LANTERN v4 corrected untouched holdout 14-15:queued;32365761410:CAMI III LANTERN metaMDBG long-read development benchmark:queued;32364881967:CAMI III LANTERN v4 corrected untouched holdout 14-15:queued;32364881941:CAMI III LANTERN metaMDBG long-read development benchmark:queued
2026-08-20T13:26:28.034965+00:00	44	27	32370296647:LANTERN v7 official Toy holdout 18-19 finalizer v2:in_progress;32369519543:LANTERN v7 official Toy holdout 18-19 finalizer v2:in_progress;32369399441:LANTERN v7 official Toy holdout 18-19 finalizer v2:queued;32369030791:LANTERN v7 official Toy holdout 18-19 finalizer v2:in_progress;32368791937:LANTERN global versus pair coassembly finalizer:in_progress;32368276602:LANTERN global versus pair coassembly finalizer:queued;32368254148:LANTERN v7 official Toy holdout 18-19 finalizer v2:in_progress;32368147357:LANTERN global versus pair coassembly finalizer:queued;32368087422:LANTERN v7 official Toy holdout 18-19 finalizer v2:in_progress;32367365950:LANTERN global versus pair coassembly finalizer:in_progress;32367365878:LANTERN global coassembly pivot audit:queued;32366268605:LANTERN v7 untouched official Toy holdout 18-19:queued;32366101004:LANTERN terminal evidence closer:in_progress;32366100809:CAMI III LANTERN v5 precision-filter holdout 14-15:queued;32366100753:CAMI III LANTERN metaMDBG long-read development benchmark:queued;32366100709:Repair LANTERN v4 holdout input lifetime and dispatch validation:queued;32366100671:CAMI III LANTERN domain-specific SPAdes development:in_progress;32366100662:CAMI III LANTERN high-depth metaMDBG development:in_progress;32366100661:CAMI III LANTERN v4 corrected untouched holdout 14-15:in_progress;32366100651:CAMI III LANTERN additive-rescue untouched holdout 10-11:in_progress;32365847800:LANTERN v7 untouched official Toy holdout 18-19:queued;32365761907:CAMI III LANTERN additive-rescue untouched holdout 10-11:in_progress;32365761863:CAMI III LANTERN high-depth metaMDBG development:in_progress;32365761503:CAMI III LANTERN v4 corrected untouched holdout 14-15:queued;32365761410:CAMI III LANTERN metaMDBG long-read development benchmark:queued;32364881967:CAMI III LANTERN v4 corrected untouched holdout 14-15:queued;32364881941:CAMI III LANTERN metaMDBG long-read development benchmark:queued
2026-08-20T13:27:30.048327+00:00	45	27	32370296647:LANTERN v7 official Toy holdout 18-19 finalizer v2:in_progress;32369519543:LANTERN v7 official Toy holdout 18-19 finalizer v2:in_progress;32369399441:LANTERN v7 official Toy holdout 18-19 finalizer v2:queued;32369030791:LANTERN v7 official Toy holdout 18-19 finalizer v2:in_progress;32368791937:LANTERN global versus pair coassembly finalizer:in_progress;32368276602:LANTERN global versus pair coassembly finalizer:queued;32368254148:LANTERN v7 official Toy holdout 18-19 finalizer v2:in_progress;32368147357:LANTERN global versus pair coassembly finalizer:queued;32368087422:LANTERN v7 official Toy holdout 18-19 finalizer v2:in_progress;32367365950:LANTERN global versus pair coassembly finalizer:in_progress;32367365878:LANTERN global coassembly pivot audit:queued;32366268605:LANTERN v7 untouched official Toy holdout 18-19:queued;32366101004:LANTERN terminal evidence closer:in_progress;32366100809:CAMI III LANTERN v5 precision-filter holdout 14-15:queued;32366100753:CAMI III LANTERN metaMDBG long-read development benchmark:queued;32366100709:Repair LANTERN v4 holdout input lifetime and dispatch validation:queued;32366100671:CAMI III LANTERN domain-specific SPAdes development:in_progress;32366100662:CAMI III LANTERN high-depth metaMDBG development:in_progress;32366100661:CAMI III LANTERN v4 corrected untouched holdout 14-15:in_progress;32366100651:CAMI III LANTERN additive-rescue untouched holdout 10-11:in_progress;32365847800:LANTERN v7 untouched official Toy holdout 18-19:queued;32365761907:CAMI III LANTERN additive-rescue untouched holdout 10-11:in_progress;32365761863:CAMI III LANTERN high-depth metaMDBG development:in_progress;32365761503:CAMI III LANTERN v4 corrected untouched holdout 14-15:queued;32365761410:CAMI III LANTERN metaMDBG long-read development benchmark:queued;32364881967:CAMI III LANTERN v4 corrected untouched holdout 14-15:queued;32364881941:CAMI III LANTERN metaMDBG long-read development benchmark:queued
2026-08-20T13:28:32.346694+00:00	46	27	32370296647:LANTERN v7 official Toy holdout 18-19 finalizer v2:in_progress;32369519543:LANTERN v7 official Toy holdout 18-19 finalizer v2:in_progress;32369399441:LANTERN v7 official Toy holdout 18-19 finalizer v2:queued;32369030791:LANTERN v7 official Toy holdout 18-19 finalizer v2:in_progress;32368791937:LANTERN global versus pair coassembly finalizer:in_progress;32368276602:LANTERN global versus pair coassembly finalizer:queued;32368254148:LANTERN v7 official Toy holdout 18-19 finalizer v2:in_progress;32368147357:LANTERN global versus pair coassembly finalizer:queued;32368087422:LANTERN v7 official Toy holdout 18-19 finalizer v2:in_progress;32367365950:LANTERN global versus pair coassembly finalizer:in_progress;32367365878:LANTERN global coassembly pivot audit:queued;32366268605:LANTERN v7 untouched official Toy holdout 18-19:queued;32366101004:LANTERN terminal evidence closer:in_progress;32366100809:CAMI III LANTERN v5 precision-filter holdout 14-15:queued;32366100753:CAMI III LANTERN metaMDBG long-read development benchmark:queued;32366100709:Repair LANTERN v4 holdout input lifetime and dispatch validation:queued;32366100671:CAMI III LANTERN domain-specific SPAdes development:in_progress;32366100662:CAMI III LANTERN high-depth metaMDBG development:in_progress;32366100661:CAMI III LANTERN v4 corrected untouched holdout 14-15:in_progress;32366100651:CAMI III LANTERN additive-rescue untouched holdout 10-11:in_progress;32365847800:LANTERN v7 untouched official Toy holdout 18-19:queued;32365761907:CAMI III LANTERN additive-rescue untouched holdout 10-11:in_progress;32365761863:CAMI III LANTERN high-depth metaMDBG development:in_progress;32365761503:CAMI III LANTERN v4 corrected untouched holdout 14-15:queued;32365761410:CAMI III LANTERN metaMDBG long-read development benchmark:queued;32364881967:CAMI III LANTERN v4 corrected untouched holdout 14-15:queued;32364881941:CAMI III LANTERN metaMDBG long-read development benchmark:queued
2026-08-20T13:29:34.040137+00:00	47	27	32370296647:LANTERN v7 official Toy holdout 18-19 finalizer v2:in_progress;32369519543:LANTERN v7 official Toy holdout 18-19 finalizer v2:in_progress;32369399441:LANTERN v7 official Toy holdout 18-19 finalizer v2:queued;32369030791:LANTERN v7 official Toy holdout 18-19 finalizer v2:in_progress;32368791937:LANTERN global versus pair coassembly finalizer:in_progress;32368276602:LANTERN global versus pair coassembly finalizer:queued;32368254148:LANTERN v7 official Toy holdout 18-19 finalizer v2:in_progress;32368147357:LANTERN global versus pair coassembly finalizer:queued;32368087422:LANTERN v7 official Toy holdout 18-19 finalizer v2:in_progress;32367365950:LANTERN global versus pair coassembly finalizer:in_progress;32367365878:LANTERN global coassembly pivot audit:queued;32366268605:LANTERN v7 untouched official Toy holdout 18-19:queued;32366101004:LANTERN terminal evidence closer:in_progress;32366100809:CAMI III LANTERN v5 precision-filter holdout 14-15:queued;32366100753:CAMI III LANTERN metaMDBG long-read development benchmark:queued;32366100709:Repair LANTERN v4 holdout input lifetime and dispatch validation:queued;32366100671:CAMI III LANTERN domain-specific SPAdes development:in_progress;32366100662:CAMI III LANTERN high-depth metaMDBG development:in_progress;32366100661:CAMI III LANTERN v4 corrected untouched holdout 14-15:in_progress;32366100651:CAMI III LANTERN additive-rescue untouched holdout 10-11:in_progress;32365847800:LANTERN v7 untouched official Toy holdout 18-19:queued;32365761907:CAMI III LANTERN additive-rescue untouched holdout 10-11:in_progress;32365761863:CAMI III LANTERN high-depth metaMDBG development:in_progress;32365761503:CAMI III LANTERN v4 corrected untouched holdout 14-15:queued;32365761410:CAMI III LANTERN metaMDBG long-read development benchmark:queued;32364881967:CAMI III LANTERN v4 corrected untouched holdout 14-15:queued;32364881941:CAMI III LANTERN metaMDBG long-read development benchmark:queued
2026-08-20T13:30:35.921728+00:00	48	26	32370296647:LANTERN v7 official Toy holdout 18-19 finalizer v2:in_progress;32369519543:LANTERN v7 official Toy holdout 18-19 finalizer v2:in_progress;32369399441:LANTERN v7 official Toy holdout 18-19 finalizer v2:queued;32369030791:LANTERN v7 official Toy holdout 18-19 finalizer v2:in_progress;32368791937:LANTERN global versus pair coassembly finalizer:in_progress;32368276602:LANTERN global versus pair coassembly finalizer:queued;32368254148:LANTERN v7 official Toy holdout 18-19 finalizer v2:in_progress;32368147357:LANTERN global versus pair coassembly finalizer:in_progress;32368087422:LANTERN v7 official Toy holdout 18-19 finalizer v2:in_progress;32367365950:LANTERN global versus pair coassembly finalizer:in_progress;32367365878:LANTERN global coassembly pivot audit:queued;32366268605:LANTERN v7 untouched official Toy holdout 18-19:queued;32366101004:LANTERN terminal evidence closer:in_progress;32366100809:CAMI III LANTERN v5 precision-filter holdout 14-15:queued;32366100753:CAMI III LANTERN metaMDBG long-read development benchmark:queued;32366100709:Repair LANTERN v4 holdout input lifetime and dispatch validation:queued;32366100671:CAMI III LANTERN domain-specific SPAdes development:in_progress;32366100662:CAMI III LANTERN high-depth metaMDBG development:in_progress;32366100661:CAMI III LANTERN v4 corrected untouched holdout 14-15:in_progress;32366100651:CAMI III LANTERN additive-rescue untouched holdout 10-11:in_progress;32365847800:LANTERN v7 untouched official Toy holdout 18-19:queued;32365761863:CAMI III LANTERN high-depth metaMDBG development:in_progress;32365761503:CAMI III LANTERN v4 corrected untouched holdout 14-15:queued;32365761410:CAMI III LANTERN metaMDBG long-read development benchmark:queued;32364881967:CAMI III LANTERN v4 corrected untouched holdout 14-15:queued;32364881941:CAMI III LANTERN metaMDBG long-read development benchmark:queued
2026-08-20T13:31:37.771410+00:00	49	26	32370296647:LANTERN v7 official Toy holdout 18-19 finalizer v2:in_progress;32369519543:LANTERN v7 official Toy holdout 18-19 finalizer v2:in_progress;32369399441:LANTERN v7 official Toy holdout 18-19 finalizer v2:in_progress;32369030791:LANTERN v7 official Toy holdout 18-19 finalizer v2:in_progress;32368791937:LANTERN global versus pair coassembly finalizer:in_progress;32368276602:LANTERN global versus pair coassembly finalizer:queued;32368254148:LANTERN v7 official Toy holdout 18-19 finalizer v2:in_progress;32368147357:LANTERN global versus pair coassembly finalizer:in_progress;32368087422:LANTERN v7 official Toy holdout 18-19 finalizer v2:in_progress;32367365950:LANTERN global versus pair coassembly finalizer:in_progress;32367365878:LANTERN global coassembly pivot audit:queued;32366268605:LANTERN v7 untouched official Toy holdout 18-19:queued;32366101004:LANTERN terminal evidence closer:in_progress;32366100809:CAMI III LANTERN v5 precision-filter holdout 14-15:queued;32366100753:CAMI III LANTERN metaMDBG long-read development benchmark:queued;32366100709:Repair LANTERN v4 holdout input lifetime and dispatch validation:queued;32366100671:CAMI III LANTERN domain-specific SPAdes development:in_progress;32366100662:CAMI III LANTERN high-depth metaMDBG development:in_progress;32366100661:CAMI III LANTERN v4 corrected untouched holdout 14-15:in_progress;32366100651:CAMI III LANTERN additive-rescue untouched holdout 10-11:in_progress;32365847800:LANTERN v7 untouched official Toy holdout 18-19:queued;32365761863:CAMI III LANTERN high-depth metaMDBG development:in_progress;32365761503:CAMI III LANTERN v4 corrected untouched holdout 14-15:queued;32365761410:CAMI III LANTERN metaMDBG long-read development benchmark:queued;32364881967:CAMI III LANTERN v4 corrected untouched holdout 14-15:queued;32364881941:CAMI III LANTERN metaMDBG long-read development benchmark:queued
2026-08-20T13:32:39.631670+00:00	50	25	32370296647:LANTERN v7 official Toy holdout 18-19 finalizer v2:in_progress;32369519543:LANTERN v7 official Toy holdout 18-19 finalizer v2:in_progress;32369399441:LANTERN v7 official Toy holdout 18-19 finalizer v2:in_progress;32369030791:LANTERN v7 official Toy holdout 18-19 finalizer v2:in_progress;32368276602:LANTERN global versus pair coassembly finalizer:queued;32368254148:LANTERN v7 official Toy holdout 18-19 finalizer v2:in_progress;32368147357:LANTERN global versus pair coassembly finalizer:in_progress;32368087422:LANTERN v7 official Toy holdout 18-19 finalizer v2:in_progress;32367365950:LANTERN global versus pair coassembly finalizer:in_progress;32367365878:LANTERN global coassembly pivot audit:in_progress;32366268605:LANTERN v7 untouched official Toy holdout 18-19:queued;32366101004:LANTERN terminal evidence closer:in_progress;32366100809:CAMI III LANTERN v5 precision-filter holdout 14-15:queued;32366100753:CAMI III LANTERN metaMDBG long-read development benchmark:queued;32366100709:Repair LANTERN v4 holdout input lifetime and dispatch validation:queued;32366100671:CAMI III LANTERN domain-specific SPAdes development:in_progress;32366100662:CAMI III LANTERN high-depth metaMDBG development:in_progress;32366100661:CAMI III LANTERN v4 corrected untouched holdout 14-15:in_progress;32366100651:CAMI III LANTERN additive-rescue untouched holdout 10-11:in_progress;32365847800:LANTERN v7 untouched official Toy holdout 18-19:queued;32365761863:CAMI III LANTERN high-depth metaMDBG development:in_progress;32365761503:CAMI III LANTERN v4 corrected untouched holdout 14-15:queued;32365761410:CAMI III LANTERN metaMDBG long-read development benchmark:queued;32364881967:CAMI III LANTERN v4 corrected untouched holdout 14-15:queued;32364881941:CAMI III LANTERN metaMDBG long-read development benchmark:queued
2026-08-20T13:33:41.765023+00:00	51	25	32370296647:LANTERN v7 official Toy holdout 18-19 finalizer v2:in_progress;32369519543:LANTERN v7 official Toy holdout 18-19 finalizer v2:in_progress;32369399441:LANTERN v7 official Toy holdout 18-19 finalizer v2:in_progress;32369030791:LANTERN v7 official Toy holdout 18-19 finalizer v2:in_progress;32368276602:LANTERN global versus pair coassembly finalizer:queued;32368254148:LANTERN v7 official Toy holdout 18-19 finalizer v2:in_progress;32368147357:LANTERN global versus pair coassembly finalizer:in_progress;32368087422:LANTERN v7 official Toy holdout 18-19 finalizer v2:in_progress;32367365950:LANTERN global versus pair coassembly finalizer:in_progress;32367365878:LANTERN global coassembly pivot audit:in_progress;32366268605:LANTERN v7 untouched official Toy holdout 18-19:queued;32366101004:LANTERN terminal evidence closer:in_progress;32366100809:CAMI III LANTERN v5 precision-filter holdout 14-15:queued;32366100753:CAMI III LANTERN metaMDBG long-read development benchmark:queued;32366100709:Repair LANTERN v4 holdout input lifetime and dispatch validation:queued;32366100671:CAMI III LANTERN domain-specific SPAdes development:in_progress;32366100662:CAMI III LANTERN high-depth metaMDBG development:in_progress;32366100661:CAMI III LANTERN v4 corrected untouched holdout 14-15:in_progress;32366100651:CAMI III LANTERN additive-rescue untouched holdout 10-11:in_progress;32365847800:LANTERN v7 untouched official Toy holdout 18-19:queued;32365761863:CAMI III LANTERN high-depth metaMDBG development:in_progress;32365761503:CAMI III LANTERN v4 corrected untouched holdout 14-15:queued;32365761410:CAMI III LANTERN metaMDBG long-read development benchmark:queued;32364881967:CAMI III LANTERN v4 corrected untouched holdout 14-15:queued;32364881941:CAMI III LANTERN metaMDBG long-read development benchmark:queued
2026-08-20T13:34:43.932467+00:00	52	24	32370296647:LANTERN v7 official Toy holdout 18-19 finalizer v2:in_progress;32369519543:LANTERN v7 official Toy holdout 18-19 finalizer v2:in_progress;32369399441:LANTERN v7 official Toy holdout 18-19 finalizer v2:in_progress;32369030791:LANTERN v7 official Toy holdout 18-19 finalizer v2:in_progress;32368276602:LANTERN global versus pair coassembly finalizer:queued;32368254148:LANTERN v7 official Toy holdout 18-19 finalizer v2:in_progress;32368147357:LANTERN global versus pair coassembly finalizer:in_progress;32367365950:LANTERN global versus pair coassembly finalizer:in_progress;32367365878:LANTERN global coassembly pivot audit:in_progress;32366268605:LANTERN v7 untouched official Toy holdout 18-19:queued;32366101004:LANTERN terminal evidence closer:in_progress;32366100809:CAMI III LANTERN v5 precision-filter holdout 14-15:queued;32366100753:CAMI III LANTERN metaMDBG long-read development benchmark:in_progress;32366100709:Repair LANTERN v4 holdout input lifetime and dispatch validation:queued;32366100671:CAMI III LANTERN domain-specific SPAdes development:in_progress;32366100662:CAMI III LANTERN high-depth metaMDBG development:in_progress;32366100661:CAMI III LANTERN v4 corrected untouched holdout 14-15:in_progress;32366100651:CAMI III LANTERN additive-rescue untouched holdout 10-11:in_progress;32365847800:LANTERN v7 untouched official Toy holdout 18-19:queued;32365761863:CAMI III LANTERN high-depth metaMDBG development:in_progress;32365761503:CAMI III LANTERN v4 corrected untouched holdout 14-15:queued;32365761410:CAMI III LANTERN metaMDBG long-read development benchmark:queued;32364881967:CAMI III LANTERN v4 corrected untouched holdout 14-15:queued;32364881941:CAMI III LANTERN metaMDBG long-read development benchmark:queued
2026-08-20T13:35:45.938323+00:00	53	23	32370296647:LANTERN v7 official Toy holdout 18-19 finalizer v2:in_progress;32369519543:LANTERN v7 official Toy holdout 18-19 finalizer v2:in_progress;32369399441:LANTERN v7 official Toy holdout 18-19 finalizer v2:in_progress;32369030791:LANTERN v7 official Toy holdout 18-19 finalizer v2:in_progress;32368276602:LANTERN global versus pair coassembly finalizer:in_progress;32368254148:LANTERN v7 official Toy holdout 18-19 finalizer v2:in_progress;32368147357:LANTERN global versus pair coassembly finalizer:in_progress;32367365950:LANTERN global versus pair coassembly finalizer:in_progress;32367365878:LANTERN global coassembly pivot audit:queued;32366268605:LANTERN v7 untouched official Toy holdout 18-19:queued;32366101004:LANTERN terminal evidence closer:in_progress;32366100809:CAMI III LANTERN v5 precision-filter holdout 14-15:in_progress;32366100753:CAMI III LANTERN metaMDBG long-read development benchmark:queued;32366100671:CAMI III LANTERN domain-specific SPAdes development:in_progress;32366100662:CAMI III LANTERN high-depth metaMDBG development:in_progress;32366100661:CAMI III LANTERN v4 corrected untouched holdout 14-15:in_progress;32366100651:CAMI III LANTERN additive-rescue untouched holdout 10-11:in_progress;32365847800:LANTERN v7 untouched official Toy holdout 18-19:queued;32365761863:CAMI III LANTERN high-depth metaMDBG development:in_progress;32365761503:CAMI III LANTERN v4 corrected untouched holdout 14-15:queued;32365761410:CAMI III LANTERN metaMDBG long-read development benchmark:queued;32364881967:CAMI III LANTERN v4 corrected untouched holdout 14-15:queued;32364881941:CAMI III LANTERN metaMDBG long-read development benchmark:queued
2026-08-20T13:36:48.285904+00:00	54	21	32370296647:LANTERN v7 official Toy holdout 18-19 finalizer v2:in_progress;32369399441:LANTERN v7 official Toy holdout 18-19 finalizer v2:in_progress;32369030791:LANTERN v7 official Toy holdout 18-19 finalizer v2:in_progress;32368276602:LANTERN global versus pair coassembly finalizer:in_progress;32368254148:LANTERN v7 official Toy holdout 18-19 finalizer v2:in_progress;32368147357:LANTERN global versus pair coassembly finalizer:in_progress;32367365950:LANTERN global versus pair coassembly finalizer:in_progress;32367365878:LANTERN global coassembly pivot audit:queued;32366268605:LANTERN v7 untouched official Toy holdout 18-19:queued;32366101004:LANTERN terminal evidence closer:in_progress;32366100753:CAMI III LANTERN metaMDBG long-read development benchmark:queued;32366100671:CAMI III LANTERN domain-specific SPAdes development:in_progress;32366100662:CAMI III LANTERN high-depth metaMDBG development:in_progress;32366100661:CAMI III LANTERN v4 corrected untouched holdout 14-15:in_progress;32366100651:CAMI III LANTERN additive-rescue untouched holdout 10-11:in_progress;32365847800:LANTERN v7 untouched official Toy holdout 18-19:queued;32365761863:CAMI III LANTERN high-depth metaMDBG development:in_progress;32365761503:CAMI III LANTERN v4 corrected untouched holdout 14-15:queued;32365761410:CAMI III LANTERN metaMDBG long-read development benchmark:queued;32364881967:CAMI III LANTERN v4 corrected untouched holdout 14-15:queued;32364881941:CAMI III LANTERN metaMDBG long-read development benchmark:queued
2026-08-20T13:37:50.183650+00:00	55	20	32370296647:LANTERN v7 official Toy holdout 18-19 finalizer v2:in_progress;32369399441:LANTERN v7 official Toy holdout 18-19 finalizer v2:in_progress;32369030791:LANTERN v7 official Toy holdout 18-19 finalizer v2:in_progress;32368276602:LANTERN global versus pair coassembly finalizer:in_progress;32368254148:LANTERN v7 official Toy holdout 18-19 finalizer v2:in_progress;32368147357:LANTERN global versus pair coassembly finalizer:in_progress;32367365950:LANTERN global versus pair coassembly finalizer:in_progress;32367365878:LANTERN global coassembly pivot audit:queued;32366268605:LANTERN v7 untouched official Toy holdout 18-19:queued;32366101004:LANTERN terminal evidence closer:in_progress;32366100753:CAMI III LANTERN metaMDBG long-read development benchmark:queued;32366100671:CAMI III LANTERN domain-specific SPAdes development:in_progress;32366100662:CAMI III LANTERN high-depth metaMDBG development:in_progress;32366100661:CAMI III LANTERN v4 corrected untouched holdout 14-15:in_progress;32366100651:CAMI III LANTERN additive-rescue untouched holdout 10-11:in_progress;32365847800:LANTERN v7 untouched official Toy holdout 18-19:queued;32365761863:CAMI III LANTERN high-depth metaMDBG development:in_progress;32365761503:CAMI III LANTERN v4 corrected untouched holdout 14-15:queued;32365761410:CAMI III LANTERN metaMDBG long-read development benchmark:queued;32364881967:CAMI III LANTERN v4 corrected untouched holdout 14-15:queued
2026-08-20T13:38:52.161292+00:00	56	19	32369399441:LANTERN v7 official Toy holdout 18-19 finalizer v2:in_progress;32369030791:LANTERN v7 official Toy holdout 18-19 finalizer v2:in_progress;32368276602:LANTERN global versus pair coassembly finalizer:in_progress;32368254148:LANTERN v7 official Toy holdout 18-19 finalizer v2:in_progress;32368147357:LANTERN global versus pair coassembly finalizer:in_progress;32367365950:LANTERN global versus pair coassembly finalizer:in_progress;32367365878:LANTERN global coassembly pivot audit:queued;32366268605:LANTERN v7 untouched official Toy holdout 18-19:queued;32366101004:LANTERN terminal evidence closer:in_progress;32366100753:CAMI III LANTERN metaMDBG long-read development benchmark:queued;32366100671:CAMI III LANTERN domain-specific SPAdes development:in_progress;32366100662:CAMI III LANTERN high-depth metaMDBG development:in_progress;32366100661:CAMI III LANTERN v4 corrected untouched holdout 14-15:in_progress;32366100651:CAMI III LANTERN additive-rescue untouched holdout 10-11:in_progress;32365847800:LANTERN v7 untouched official Toy holdout 18-19:queued;32365761863:CAMI III LANTERN high-depth metaMDBG development:in_progress;32365761503:CAMI III LANTERN v4 corrected untouched holdout 14-15:queued;32365761410:CAMI III LANTERN metaMDBG long-read development benchmark:queued;32364881967:CAMI III LANTERN v4 corrected untouched holdout 14-15:queued
2026-08-20T13:39:54.146040+00:00	57	18	32369399441:LANTERN v7 official Toy holdout 18-19 finalizer v2:in_progress;32368276602:LANTERN global versus pair coassembly finalizer:in_progress;32368254148:LANTERN v7 official Toy holdout 18-19 finalizer v2:in_progress;32368147357:LANTERN global versus pair coassembly finalizer:in_progress;32367365950:LANTERN global versus pair coassembly finalizer:in_progress;32367365878:LANTERN global coassembly pivot audit:queued;32366268605:LANTERN v7 untouched official Toy holdout 18-19:queued;32366101004:LANTERN terminal evidence closer:in_progress;32366100753:CAMI III LANTERN metaMDBG long-read development benchmark:queued;32366100671:CAMI III LANTERN domain-specific SPAdes development:in_progress;32366100662:CAMI III LANTERN high-depth metaMDBG development:in_progress;32366100661:CAMI III LANTERN v4 corrected untouched holdout 14-15:in_progress;32366100651:CAMI III LANTERN additive-rescue untouched holdout 10-11:in_progress;32365847800:LANTERN v7 untouched official Toy holdout 18-19:queued;32365761863:CAMI III LANTERN high-depth metaMDBG development:in_progress;32365761503:CAMI III LANTERN v4 corrected untouched holdout 14-15:queued;32365761410:CAMI III LANTERN metaMDBG long-read development benchmark:queued;32364881967:CAMI III LANTERN v4 corrected untouched holdout 14-15:queued
2026-08-20T13:40:55.958467+00:00	58	17	32369399441:LANTERN v7 official Toy holdout 18-19 finalizer v2:in_progress;32368276602:LANTERN global versus pair coassembly finalizer:in_progress;32368254148:LANTERN v7 official Toy holdout 18-19 finalizer v2:in_progress;32368147357:LANTERN global versus pair coassembly finalizer:in_progress;32367365950:LANTERN global versus pair coassembly finalizer:in_progress;32367365878:LANTERN global coassembly pivot audit:queued;32366268605:LANTERN v7 untouched official Toy holdout 18-19:queued;32366101004:LANTERN terminal evidence closer:in_progress;32366100753:CAMI III LANTERN metaMDBG long-read development benchmark:queued;32366100671:CAMI III LANTERN domain-specific SPAdes development:in_progress;32366100662:CAMI III LANTERN high-depth metaMDBG development:in_progress;32366100661:CAMI III LANTERN v4 corrected untouched holdout 14-15:in_progress;32365847800:LANTERN v7 untouched official Toy holdout 18-19:queued;32365761863:CAMI III LANTERN high-depth metaMDBG development:in_progress;32365761503:CAMI III LANTERN v4 corrected untouched holdout 14-15:queued;32365761410:CAMI III LANTERN metaMDBG long-read development benchmark:queued;32364881967:CAMI III LANTERN v4 corrected untouched holdout 14-15:queued
2026-08-20T13:41:57.811332+00:00	59	15	32369399441:LANTERN v7 official Toy holdout 18-19 finalizer v2:in_progress;32368276602:LANTERN global versus pair coassembly finalizer:in_progress;32368254148:LANTERN v7 official Toy holdout 18-19 finalizer v2:in_progress;32368147357:LANTERN global versus pair coassembly finalizer:in_progress;32367365950:LANTERN global versus pair coassembly finalizer:in_progress;32367365878:LANTERN global coassembly pivot audit:queued;32366268605:LANTERN v7 untouched official Toy holdout 18-19:queued;32366101004:LANTERN terminal evidence closer:in_progress;32366100753:CAMI III LANTERN metaMDBG long-read development benchmark:queued;32366100662:CAMI III LANTERN high-depth metaMDBG development:in_progress;32366100661:CAMI III LANTERN v4 corrected untouched holdout 14-15:in_progress;32365847800:LANTERN v7 untouched official Toy holdout 18-19:queued;32365761503:CAMI III LANTERN v4 corrected untouched holdout 14-15:queued;32365761410:CAMI III LANTERN metaMDBG long-read development benchmark:queued;32364881967:CAMI III LANTERN v4 corrected untouched holdout 14-15:queued
2026-08-20T13:42:59.693377+00:00	60	15	32369399441:LANTERN v7 official Toy holdout 18-19 finalizer v2:in_progress;32368276602:LANTERN global versus pair coassembly finalizer:in_progress;32368254148:LANTERN v7 official Toy holdout 18-19 finalizer v2:in_progress;32368147357:LANTERN global versus pair coassembly finalizer:in_progress;32367365950:LANTERN global versus pair coassembly finalizer:in_progress;32367365878:LANTERN global coassembly pivot audit:queued;32366268605:LANTERN v7 untouched official Toy holdout 18-19:queued;32366101004:LANTERN terminal evidence closer:in_progress;32366100753:CAMI III LANTERN metaMDBG long-read development benchmark:queued;32366100662:CAMI III LANTERN high-depth metaMDBG development:in_progress;32366100661:CAMI III LANTERN v4 corrected untouched holdout 14-15:in_progress;32365847800:LANTERN v7 untouched official Toy holdout 18-19:queued;32365761503:CAMI III LANTERN v4 corrected untouched holdout 14-15:queued;32365761410:CAMI III LANTERN metaMDBG long-read development benchmark:queued;32364881967:CAMI III LANTERN v4 corrected untouched holdout 14-15:queued
2026-08-20T13:44:01.593368+00:00	61	15	32369399441:LANTERN v7 official Toy holdout 18-19 finalizer v2:in_progress;32368276602:LANTERN global versus pair coassembly finalizer:in_progress;32368254148:LANTERN v7 official Toy holdout 18-19 finalizer v2:in_progress;32368147357:LANTERN global versus pair coassembly finalizer:in_progress;32367365950:LANTERN global versus pair coassembly finalizer:in_progress;32367365878:LANTERN global coassembly pivot audit:queued;32366268605:LANTERN v7 untouched official Toy holdout 18-19:queued;32366101004:LANTERN terminal evidence closer:in_progress;32366100753:CAMI III LANTERN metaMDBG long-read development benchmark:queued;32366100662:CAMI III LANTERN high-depth metaMDBG development:in_progress;32366100661:CAMI III LANTERN v4 corrected untouched holdout 14-15:in_progress;32365847800:LANTERN v7 untouched official Toy holdout 18-19:queued;32365761503:CAMI III LANTERN v4 corrected untouched holdout 14-15:queued;32365761410:CAMI III LANTERN metaMDBG long-read development benchmark:queued;32364881967:CAMI III LANTERN v4 corrected untouched holdout 14-15:in_progress
2026-08-20T13:45:03.656643+00:00	62	15	32369399441:LANTERN v7 official Toy holdout 18-19 finalizer v2:in_progress;32368276602:LANTERN global versus pair coassembly finalizer:in_progress;32368254148:LANTERN v7 official Toy holdout 18-19 finalizer v2:in_progress;32368147357:LANTERN global versus pair coassembly finalizer:in_progress;32367365950:LANTERN global versus pair coassembly finalizer:in_progress;32367365878:LANTERN global coassembly pivot audit:queued;32366268605:LANTERN v7 untouched official Toy holdout 18-19:queued;32366101004:LANTERN terminal evidence closer:in_progress;32366100753:CAMI III LANTERN metaMDBG long-read development benchmark:queued;32366100662:CAMI III LANTERN high-depth metaMDBG development:in_progress;32366100661:CAMI III LANTERN v4 corrected untouched holdout 14-15:in_progress;32365847800:LANTERN v7 untouched official Toy holdout 18-19:queued;32365761503:CAMI III LANTERN v4 corrected untouched holdout 14-15:queued;32365761410:CAMI III LANTERN metaMDBG long-read development benchmark:queued;32364881967:CAMI III LANTERN v4 corrected untouched holdout 14-15:in_progress
2026-08-20T13:46:05.784580+00:00	63	15	32369399441:LANTERN v7 official Toy holdout 18-19 finalizer v2:in_progress;32368276602:LANTERN global versus pair coassembly finalizer:in_progress;32368254148:LANTERN v7 official Toy holdout 18-19 finalizer v2:in_progress;32368147357:LANTERN global versus pair coassembly finalizer:in_progress;32367365950:LANTERN global versus pair coassembly finalizer:in_progress;32367365878:LANTERN global coassembly pivot audit:queued;32366268605:LANTERN v7 untouched official Toy holdout 18-19:queued;32366101004:LANTERN terminal evidence closer:in_progress;32366100753:CAMI III LANTERN metaMDBG long-read development benchmark:queued;32366100662:CAMI III LANTERN high-depth metaMDBG development:in_progress;32366100661:CAMI III LANTERN v4 corrected untouched holdout 14-15:in_progress;32365847800:LANTERN v7 untouched official Toy holdout 18-19:queued;32365761503:CAMI III LANTERN v4 corrected untouched holdout 14-15:queued;32365761410:CAMI III LANTERN metaMDBG long-read development benchmark:queued;32364881967:CAMI III LANTERN v4 corrected untouched holdout 14-15:in_progress
2026-08-20T13:47:08.064550+00:00	64	15	32369399441:LANTERN v7 official Toy holdout 18-19 finalizer v2:in_progress;32368276602:LANTERN global versus pair coassembly finalizer:in_progress;32368254148:LANTERN v7 official Toy holdout 18-19 finalizer v2:in_progress;32368147357:LANTERN global versus pair coassembly finalizer:in_progress;32367365950:LANTERN global versus pair coassembly finalizer:in_progress;32367365878:LANTERN global coassembly pivot audit:queued;32366268605:LANTERN v7 untouched official Toy holdout 18-19:queued;32366101004:LANTERN terminal evidence closer:in_progress;32366100753:CAMI III LANTERN metaMDBG long-read development benchmark:queued;32366100662:CAMI III LANTERN high-depth metaMDBG development:in_progress;32366100661:CAMI III LANTERN v4 corrected untouched holdout 14-15:in_progress;32365847800:LANTERN v7 untouched official Toy holdout 18-19:queued;32365761503:CAMI III LANTERN v4 corrected untouched holdout 14-15:queued;32365761410:CAMI III LANTERN metaMDBG long-read development benchmark:queued;32364881967:CAMI III LANTERN v4 corrected untouched holdout 14-15:in_progress
2026-08-20T13:48:10.247293+00:00	65	15	32369399441:LANTERN v7 official Toy holdout 18-19 finalizer v2:in_progress;32368276602:LANTERN global versus pair coassembly finalizer:in_progress;32368254148:LANTERN v7 official Toy holdout 18-19 finalizer v2:in_progress;32368147357:LANTERN global versus pair coassembly finalizer:in_progress;32367365950:LANTERN global versus pair coassembly finalizer:in_progress;32367365878:LANTERN global coassembly pivot audit:queued;32366268605:LANTERN v7 untouched official Toy holdout 18-19:queued;32366101004:LANTERN terminal evidence closer:in_progress;32366100753:CAMI III LANTERN metaMDBG long-read development benchmark:queued;32366100662:CAMI III LANTERN high-depth metaMDBG development:in_progress;32366100661:CAMI III LANTERN v4 corrected untouched holdout 14-15:in_progress;32365847800:LANTERN v7 untouched official Toy holdout 18-19:queued;32365761503:CAMI III LANTERN v4 corrected untouched holdout 14-15:queued;32365761410:CAMI III LANTERN metaMDBG long-read development benchmark:queued;32364881967:CAMI III LANTERN v4 corrected untouched holdout 14-15:in_progress
2026-08-20T13:49:12.312633+00:00	66	15	32369399441:LANTERN v7 official Toy holdout 18-19 finalizer v2:in_progress;32368276602:LANTERN global versus pair coassembly finalizer:in_progress;32368254148:LANTERN v7 official Toy holdout 18-19 finalizer v2:in_progress;32368147357:LANTERN global versus pair coassembly finalizer:in_progress;32367365950:LANTERN global versus pair coassembly finalizer:in_progress;32367365878:LANTERN global coassembly pivot audit:queued;32366268605:LANTERN v7 untouched official Toy holdout 18-19:queued;32366101004:LANTERN terminal evidence closer:in_progress;32366100753:CAMI III LANTERN metaMDBG long-read development benchmark:queued;32366100662:CAMI III LANTERN high-depth metaMDBG development:in_progress;32366100661:CAMI III LANTERN v4 corrected untouched holdout 14-15:in_progress;32365847800:LANTERN v7 untouched official Toy holdout 18-19:queued;32365761503:CAMI III LANTERN v4 corrected untouched holdout 14-15:queued;32365761410:CAMI III LANTERN metaMDBG long-read development benchmark:queued;32364881967:CAMI III LANTERN v4 corrected untouched holdout 14-15:in_progress
2026-08-20T13:50:14.565951+00:00	67	15	32369399441:LANTERN v7 official Toy holdout 18-19 finalizer v2:in_progress;32368276602:LANTERN global versus pair coassembly finalizer:in_progress;32368254148:LANTERN v7 official Toy holdout 18-19 finalizer v2:in_progress;32368147357:LANTERN global versus pair coassembly finalizer:in_progress;32367365950:LANTERN global versus pair coassembly finalizer:in_progress;32367365878:LANTERN global coassembly pivot audit:queued;32366268605:LANTERN v7 untouched official Toy holdout 18-19:queued;32366101004:LANTERN terminal evidence closer:in_progress;32366100753:CAMI III LANTERN metaMDBG long-read development benchmark:queued;32366100662:CAMI III LANTERN high-depth metaMDBG development:in_progress;32366100661:CAMI III LANTERN v4 corrected untouched holdout 14-15:in_progress;32365847800:LANTERN v7 untouched official Toy holdout 18-19:queued;32365761503:CAMI III LANTERN v4 corrected untouched holdout 14-15:queued;32365761410:CAMI III LANTERN metaMDBG long-read development benchmark:queued;32364881967:CAMI III LANTERN v4 corrected untouched holdout 14-15:in_progress
2026-08-20T13:51:16.581401+00:00	68	15	32369399441:LANTERN v7 official Toy holdout 18-19 finalizer v2:in_progress;32368276602:LANTERN global versus pair coassembly finalizer:in_progress;32368254148:LANTERN v7 official Toy holdout 18-19 finalizer v2:in_progress;32368147357:LANTERN global versus pair coassembly finalizer:in_progress;32367365950:LANTERN global versus pair coassembly finalizer:in_progress;32367365878:LANTERN global coassembly pivot audit:queued;32366268605:LANTERN v7 untouched official Toy holdout 18-19:queued;32366101004:LANTERN terminal evidence closer:in_progress;32366100753:CAMI III LANTERN metaMDBG long-read development benchmark:queued;32366100662:CAMI III LANTERN high-depth metaMDBG development:in_progress;32366100661:CAMI III LANTERN v4 corrected untouched holdout 14-15:in_progress;32365847800:LANTERN v7 untouched official Toy holdout 18-19:queued;32365761503:CAMI III LANTERN v4 corrected untouched holdout 14-15:queued;32365761410:CAMI III LANTERN metaMDBG long-read development benchmark:queued;32364881967:CAMI III LANTERN v4 corrected untouched holdout 14-15:in_progress
2026-08-20T13:52:18.889153+00:00	69	14	32369399441:LANTERN v7 official Toy holdout 18-19 finalizer v2:in_progress;32368276602:LANTERN global versus pair coassembly finalizer:in_progress;32368254148:LANTERN v7 official Toy holdout 18-19 finalizer v2:in_progress;32368147357:LANTERN global versus pair coassembly finalizer:in_progress;32367365950:LANTERN global versus pair coassembly finalizer:in_progress;32367365878:LANTERN global coassembly pivot audit:queued;32366268605:LANTERN v7 untouched official Toy holdout 18-19:queued;32366101004:LANTERN terminal evidence closer:in_progress;32366100753:CAMI III LANTERN metaMDBG long-read development benchmark:queued;32366100661:CAMI III LANTERN v4 corrected untouched holdout 14-15:in_progress;32365847800:LANTERN v7 untouched official Toy holdout 18-19:queued;32365761503:CAMI III LANTERN v4 corrected untouched holdout 14-15:queued;32365761410:CAMI III LANTERN metaMDBG long-read development benchmark:queued;32364881967:CAMI III LANTERN v4 corrected untouched holdout 14-15:in_progress
2026-08-20T13:53:21.351479+00:00	70	14	32369399441:LANTERN v7 official Toy holdout 18-19 finalizer v2:in_progress;32368276602:LANTERN global versus pair coassembly finalizer:in_progress;32368254148:LANTERN v7 official Toy holdout 18-19 finalizer v2:in_progress;32368147357:LANTERN global versus pair coassembly finalizer:in_progress;32367365950:LANTERN global versus pair coassembly finalizer:in_progress;32367365878:LANTERN global coassembly pivot audit:queued;32366268605:LANTERN v7 untouched official Toy holdout 18-19:queued;32366101004:LANTERN terminal evidence closer:in_progress;32366100753:CAMI III LANTERN metaMDBG long-read development benchmark:queued;32366100661:CAMI III LANTERN v4 corrected untouched holdout 14-15:in_progress;32365847800:LANTERN v7 untouched official Toy holdout 18-19:queued;32365761503:CAMI III LANTERN v4 corrected untouched holdout 14-15:queued;32365761410:CAMI III LANTERN metaMDBG long-read development benchmark:queued;32364881967:CAMI III LANTERN v4 corrected untouched holdout 14-15:in_progress
2026-08-20T13:54:23.803454+00:00	71	14	32369399441:LANTERN v7 official Toy holdout 18-19 finalizer v2:in_progress;32368276602:LANTERN global versus pair coassembly finalizer:in_progress;32368254148:LANTERN v7 official Toy holdout 18-19 finalizer v2:in_progress;32368147357:LANTERN global versus pair coassembly finalizer:in_progress;32367365950:LANTERN global versus pair coassembly finalizer:in_progress;32367365878:LANTERN global coassembly pivot audit:queued;32366268605:LANTERN v7 untouched official Toy holdout 18-19:queued;32366101004:LANTERN terminal evidence closer:in_progress;32366100753:CAMI III LANTERN metaMDBG long-read development benchmark:queued;32366100661:CAMI III LANTERN v4 corrected untouched holdout 14-15:in_progress;32365847800:LANTERN v7 untouched official Toy holdout 18-19:queued;32365761503:CAMI III LANTERN v4 corrected untouched holdout 14-15:queued;32365761410:CAMI III LANTERN metaMDBG long-read development benchmark:queued;32364881967:CAMI III LANTERN v4 corrected untouched holdout 14-15:in_progress
2026-08-20T13:55:26.130352+00:00	72	14	32369399441:LANTERN v7 official Toy holdout 18-19 finalizer v2:in_progress;32368276602:LANTERN global versus pair coassembly finalizer:in_progress;32368254148:LANTERN v7 official Toy holdout 18-19 finalizer v2:in_progress;32368147357:LANTERN global versus pair coassembly finalizer:in_progress;32367365950:LANTERN global versus pair coassembly finalizer:in_progress;32367365878:LANTERN global coassembly pivot audit:queued;32366268605:LANTERN v7 untouched official Toy holdout 18-19:queued;32366101004:LANTERN terminal evidence closer:in_progress;32366100753:CAMI III LANTERN metaMDBG long-read development benchmark:queued;32366100661:CAMI III LANTERN v4 corrected untouched holdout 14-15:in_progress;32365847800:LANTERN v7 untouched official Toy holdout 18-19:queued;32365761503:CAMI III LANTERN v4 corrected untouched holdout 14-15:queued;32365761410:CAMI III LANTERN metaMDBG long-read development benchmark:queued;32364881967:CAMI III LANTERN v4 corrected untouched holdout 14-15:in_progress
2026-08-20T13:56:28.134308+00:00	73	14	32369399441:LANTERN v7 official Toy holdout 18-19 finalizer v2:in_progress;32368276602:LANTERN global versus pair coassembly finalizer:in_progress;32368254148:LANTERN v7 official Toy holdout 18-19 finalizer v2:in_progress;32368147357:LANTERN global versus pair coassembly finalizer:in_progress;32367365950:LANTERN global versus pair coassembly finalizer:in_progress;32367365878:LANTERN global coassembly pivot audit:queued;32366268605:LANTERN v7 untouched official Toy holdout 18-19:queued;32366101004:LANTERN terminal evidence closer:in_progress;32366100753:CAMI III LANTERN metaMDBG long-read development benchmark:queued;32366100661:CAMI III LANTERN v4 corrected untouched holdout 14-15:queued;32365847800:LANTERN v7 untouched official Toy holdout 18-19:queued;32365761503:CAMI III LANTERN v4 corrected untouched holdout 14-15:queued;32365761410:CAMI III LANTERN metaMDBG long-read development benchmark:queued;32364881967:CAMI III LANTERN v4 corrected untouched holdout 14-15:in_progress
2026-08-20T13:57:29.797224+00:00	74	12	32369399441:LANTERN v7 official Toy holdout 18-19 finalizer v2:in_progress;32368276602:LANTERN global versus pair coassembly finalizer:in_progress;32368147357:LANTERN global versus pair coassembly finalizer:in_progress;32367365878:LANTERN global coassembly pivot audit:queued;32366268605:LANTERN v7 untouched official Toy holdout 18-19:queued;32366101004:LANTERN terminal evidence closer:in_progress;32366100753:CAMI III LANTERN metaMDBG long-read development benchmark:queued;32366100661:CAMI III LANTERN v4 corrected untouched holdout 14-15:queued;32365847800:LANTERN v7 untouched official Toy holdout 18-19:queued;32365761503:CAMI III LANTERN v4 corrected untouched holdout 14-15:in_progress;32365761410:CAMI III LANTERN metaMDBG long-read development benchmark:queued;32364881967:CAMI III LANTERN v4 corrected untouched holdout 14-15:in_progress
2026-08-20T13:58:31.970281+00:00	75	11	32369399441:LANTERN v7 official Toy holdout 18-19 finalizer v2:in_progress;32368276602:LANTERN global versus pair coassembly finalizer:in_progress;32368147357:LANTERN global versus pair coassembly finalizer:in_progress;32367365878:LANTERN global coassembly pivot audit:queued;32366268605:LANTERN v7 untouched official Toy holdout 18-19:queued;32366101004:LANTERN terminal evidence closer:in_progress;32366100753:CAMI III LANTERN metaMDBG long-read development benchmark:queued;32366100661:CAMI III LANTERN v4 corrected untouched holdout 14-15:queued;32365847800:LANTERN v7 untouched official Toy holdout 18-19:queued;32365761503:CAMI III LANTERN v4 corrected untouched holdout 14-15:in_progress;32364881967:CAMI III LANTERN v4 corrected untouched holdout 14-15:in_progress
2026-08-20T13:59:34.161151+00:00	76	11	32369399441:LANTERN v7 official Toy holdout 18-19 finalizer v2:in_progress;32368276602:LANTERN global versus pair coassembly finalizer:in_progress;32368147357:LANTERN global versus pair coassembly finalizer:in_progress;32367365878:LANTERN global coassembly pivot audit:queued;32366268605:LANTERN v7 untouched official Toy holdout 18-19:queued;32366101004:LANTERN terminal evidence closer:in_progress;32366100753:CAMI III LANTERN metaMDBG long-read development benchmark:queued;32366100661:CAMI III LANTERN v4 corrected untouched holdout 14-15:queued;32365847800:LANTERN v7 untouched official Toy holdout 18-19:queued;32365761503:CAMI III LANTERN v4 corrected untouched holdout 14-15:in_progress;32364881967:CAMI III LANTERN v4 corrected untouched holdout 14-15:in_progress
2026-08-20T14:00:35.980430+00:00	77	10	32369399441:LANTERN v7 official Toy holdout 18-19 finalizer v2:in_progress;32368276602:LANTERN global versus pair coassembly finalizer:in_progress;32368147357:LANTERN global versus pair coassembly finalizer:in_progress;32367365878:LANTERN global coassembly pivot audit:queued;32366268605:LANTERN v7 untouched official Toy holdout 18-19:queued;32366101004:LANTERN terminal evidence closer:in_progress;32366100661:CAMI III LANTERN v4 corrected untouched holdout 14-15:queued;32365847800:LANTERN v7 untouched official Toy holdout 18-19:queued;32365761503:CAMI III LANTERN v4 corrected untouched holdout 14-15:in_progress;32364881967:CAMI III LANTERN v4 corrected untouched holdout 14-15:in_progress
2026-08-20T14:01:38.160683+00:00	78	10	32369399441:LANTERN v7 official Toy holdout 18-19 finalizer v2:in_progress;32368276602:LANTERN global versus pair coassembly finalizer:in_progress;32368147357:LANTERN global versus pair coassembly finalizer:in_progress;32367365878:LANTERN global coassembly pivot audit:queued;32366268605:LANTERN v7 untouched official Toy holdout 18-19:queued;32366101004:LANTERN terminal evidence closer:in_progress;32366100661:CAMI III LANTERN v4 corrected untouched holdout 14-15:queued;32365847800:LANTERN v7 untouched official Toy holdout 18-19:queued;32365761503:CAMI III LANTERN v4 corrected untouched holdout 14-15:in_progress;32364881967:CAMI III LANTERN v4 corrected untouched holdout 14-15:in_progress
2026-08-20T14:02:39.982277+00:00	79	10	32369399441:LANTERN v7 official Toy holdout 18-19 finalizer v2:in_progress;32368276602:LANTERN global versus pair coassembly finalizer:in_progress;32368147357:LANTERN global versus pair coassembly finalizer:in_progress;32367365878:LANTERN global coassembly pivot audit:queued;32366268605:LANTERN v7 untouched official Toy holdout 18-19:queued;32366101004:LANTERN terminal evidence closer:in_progress;32366100661:CAMI III LANTERN v4 corrected untouched holdout 14-15:queued;32365847800:LANTERN v7 untouched official Toy holdout 18-19:queued;32365761503:CAMI III LANTERN v4 corrected untouched holdout 14-15:in_progress;32364881967:CAMI III LANTERN v4 corrected untouched holdout 14-15:in_progress
2026-08-20T14:03:41.692536+00:00	80	10	32369399441:LANTERN v7 official Toy holdout 18-19 finalizer v2:in_progress;32368276602:LANTERN global versus pair coassembly finalizer:in_progress;32368147357:LANTERN global versus pair coassembly finalizer:in_progress;32367365878:LANTERN global coassembly pivot audit:queued;32366268605:LANTERN v7 untouched official Toy holdout 18-19:queued;32366101004:LANTERN terminal evidence closer:in_progress;32366100661:CAMI III LANTERN v4 corrected untouched holdout 14-15:queued;32365847800:LANTERN v7 untouched official Toy holdout 18-19:queued;32365761503:CAMI III LANTERN v4 corrected untouched holdout 14-15:in_progress;32364881967:CAMI III LANTERN v4 corrected untouched holdout 14-15:in_progress
2026-08-20T14:04:43.781277+00:00	81	10	32369399441:LANTERN v7 official Toy holdout 18-19 finalizer v2:in_progress;32368276602:LANTERN global versus pair coassembly finalizer:in_progress;32368147357:LANTERN global versus pair coassembly finalizer:in_progress;32367365878:LANTERN global coassembly pivot audit:queued;32366268605:LANTERN v7 untouched official Toy holdout 18-19:queued;32366101004:LANTERN terminal evidence closer:in_progress;32366100661:CAMI III LANTERN v4 corrected untouched holdout 14-15:queued;32365847800:LANTERN v7 untouched official Toy holdout 18-19:queued;32365761503:CAMI III LANTERN v4 corrected untouched holdout 14-15:in_progress;32364881967:CAMI III LANTERN v4 corrected untouched holdout 14-15:in_progress
2026-08-20T14:05:45.712080+00:00	82	10	32369399441:LANTERN v7 official Toy holdout 18-19 finalizer v2:in_progress;32368276602:LANTERN global versus pair coassembly finalizer:in_progress;32368147357:LANTERN global versus pair coassembly finalizer:in_progress;32367365878:LANTERN global coassembly pivot audit:queued;32366268605:LANTERN v7 untouched official Toy holdout 18-19:queued;32366101004:LANTERN terminal evidence closer:in_progress;32366100661:CAMI III LANTERN v4 corrected untouched holdout 14-15:queued;32365847800:LANTERN v7 untouched official Toy holdout 18-19:queued;32365761503:CAMI III LANTERN v4 corrected untouched holdout 14-15:in_progress;32364881967:CAMI III LANTERN v4 corrected untouched holdout 14-15:in_progress
2026-08-20T14:06:47.690279+00:00	83	9	32368276602:LANTERN global versus pair coassembly finalizer:in_progress;32368147357:LANTERN global versus pair coassembly finalizer:in_progress;32367365878:LANTERN global coassembly pivot audit:queued;32366268605:LANTERN v7 untouched official Toy holdout 18-19:queued;32366101004:LANTERN terminal evidence closer:in_progress;32366100661:CAMI III LANTERN v4 corrected untouched holdout 14-15:queued;32365847800:LANTERN v7 untouched official Toy holdout 18-19:queued;32365761503:CAMI III LANTERN v4 corrected untouched holdout 14-15:in_progress;32364881967:CAMI III LANTERN v4 corrected untouched holdout 14-15:in_progress
2026-08-20T14:07:49.408235+00:00	84	9	32368276602:LANTERN global versus pair coassembly finalizer:in_progress;32368147357:LANTERN global versus pair coassembly finalizer:in_progress;32367365878:LANTERN global coassembly pivot audit:queued;32366268605:LANTERN v7 untouched official Toy holdout 18-19:queued;32366101004:LANTERN terminal evidence closer:in_progress;32366100661:CAMI III LANTERN v4 corrected untouched holdout 14-15:queued;32365847800:LANTERN v7 untouched official Toy holdout 18-19:queued;32365761503:CAMI III LANTERN v4 corrected untouched holdout 14-15:in_progress;32364881967:CAMI III LANTERN v4 corrected untouched holdout 14-15:in_progress
2026-08-20T14:08:51.470145+00:00	85	9	32368276602:LANTERN global versus pair coassembly finalizer:in_progress;32368147357:LANTERN global versus pair coassembly finalizer:in_progress;32367365878:LANTERN global coassembly pivot audit:queued;32366268605:LANTERN v7 untouched official Toy holdout 18-19:queued;32366101004:LANTERN terminal evidence closer:in_progress;32366100661:CAMI III LANTERN v4 corrected untouched holdout 14-15:queued;32365847800:LANTERN v7 untouched official Toy holdout 18-19:queued;32365761503:CAMI III LANTERN v4 corrected untouched holdout 14-15:in_progress;32364881967:CAMI III LANTERN v4 corrected untouched holdout 14-15:in_progress
2026-08-20T14:09:53.380288+00:00	86	9	32368276602:LANTERN global versus pair coassembly finalizer:in_progress;32368147357:LANTERN global versus pair coassembly finalizer:in_progress;32367365878:LANTERN global coassembly pivot audit:queued;32366268605:LANTERN v7 untouched official Toy holdout 18-19:queued;32366101004:LANTERN terminal evidence closer:in_progress;32366100661:CAMI III LANTERN v4 corrected untouched holdout 14-15:queued;32365847800:LANTERN v7 untouched official Toy holdout 18-19:queued;32365761503:CAMI III LANTERN v4 corrected untouched holdout 14-15:in_progress;32364881967:CAMI III LANTERN v4 corrected untouched holdout 14-15:in_progress
2026-08-20T14:10:55.255927+00:00	87	9	32368276602:LANTERN global versus pair coassembly finalizer:in_progress;32368147357:LANTERN global versus pair coassembly finalizer:in_progress;32367365878:LANTERN global coassembly pivot audit:queued;32366268605:LANTERN v7 untouched official Toy holdout 18-19:queued;32366101004:LANTERN terminal evidence closer:in_progress;32366100661:CAMI III LANTERN v4 corrected untouched holdout 14-15:queued;32365847800:LANTERN v7 untouched official Toy holdout 18-19:queued;32365761503:CAMI III LANTERN v4 corrected untouched holdout 14-15:in_progress;32364881967:CAMI III LANTERN v4 corrected untouched holdout 14-15:in_progress
2026-08-20T14:11:57.377726+00:00	88	8	32368276602:LANTERN global versus pair coassembly finalizer:in_progress;32367365878:LANTERN global coassembly pivot audit:queued;32366268605:LANTERN v7 untouched official Toy holdout 18-19:queued;32366101004:LANTERN terminal evidence closer:in_progress;32366100661:CAMI III LANTERN v4 corrected untouched holdout 14-15:queued;32365847800:LANTERN v7 untouched official Toy holdout 18-19:queued;32365761503:CAMI III LANTERN v4 corrected untouched holdout 14-15:in_progress;32364881967:CAMI III LANTERN v4 corrected untouched holdout 14-15:in_progress
2026-08-20T14:12:59.452396+00:00	89	8	32368276602:LANTERN global versus pair coassembly finalizer:in_progress;32367365878:LANTERN global coassembly pivot audit:in_progress;32366268605:LANTERN v7 untouched official Toy holdout 18-19:queued;32366101004:LANTERN terminal evidence closer:in_progress;32366100661:CAMI III LANTERN v4 corrected untouched holdout 14-15:in_progress;32365847800:LANTERN v7 untouched official Toy holdout 18-19:queued;32365761503:CAMI III LANTERN v4 corrected untouched holdout 14-15:in_progress;32364881967:CAMI III LANTERN v4 corrected untouched holdout 14-15:in_progress
2026-08-20T14:14:01.427109+00:00	90	7	32368276602:LANTERN global versus pair coassembly finalizer:in_progress;32366268605:LANTERN v7 untouched official Toy holdout 18-19:queued;32366101004:LANTERN terminal evidence closer:in_progress;32366100661:CAMI III LANTERN v4 corrected untouched holdout 14-15:in_progress;32365847800:LANTERN v7 untouched official Toy holdout 18-19:queued;32365761503:CAMI III LANTERN v4 corrected untouched holdout 14-15:in_progress;32364881967:CAMI III LANTERN v4 corrected untouched holdout 14-15:in_progress
2026-08-20T14:15:03.747150+00:00	91	7	32368276602:LANTERN global versus pair coassembly finalizer:in_progress;32366268605:LANTERN v7 untouched official Toy holdout 18-19:queued;32366101004:LANTERN terminal evidence closer:in_progress;32366100661:CAMI III LANTERN v4 corrected untouched holdout 14-15:in_progress;32365847800:LANTERN v7 untouched official Toy holdout 18-19:in_progress;32365761503:CAMI III LANTERN v4 corrected untouched holdout 14-15:in_progress;32364881967:CAMI III LANTERN v4 corrected untouched holdout 14-15:in_progress
2026-08-20T14:16:06.049409+00:00	92	7	32368276602:LANTERN global versus pair coassembly finalizer:in_progress;32366268605:LANTERN v7 untouched official Toy holdout 18-19:queued;32366101004:LANTERN terminal evidence closer:in_progress;32366100661:CAMI III LANTERN v4 corrected untouched holdout 14-15:in_progress;32365847800:LANTERN v7 untouched official Toy holdout 18-19:in_progress;32365761503:CAMI III LANTERN v4 corrected untouched holdout 14-15:in_progress;32364881967:CAMI III LANTERN v4 corrected untouched holdout 14-15:in_progress
2026-08-20T14:17:08.233630+00:00	93	7	32368276602:LANTERN global versus pair coassembly finalizer:in_progress;32366268605:LANTERN v7 untouched official Toy holdout 18-19:queued;32366101004:LANTERN terminal evidence closer:in_progress;32366100661:CAMI III LANTERN v4 corrected untouched holdout 14-15:in_progress;32365847800:LANTERN v7 untouched official Toy holdout 18-19:in_progress;32365761503:CAMI III LANTERN v4 corrected untouched holdout 14-15:in_progress;32364881967:CAMI III LANTERN v4 corrected untouched holdout 14-15:in_progress
2026-08-20T14:18:09.935945+00:00	94	7	32368276602:LANTERN global versus pair coassembly finalizer:in_progress;32366268605:LANTERN v7 untouched official Toy holdout 18-19:queued;32366101004:LANTERN terminal evidence closer:in_progress;32366100661:CAMI III LANTERN v4 corrected untouched holdout 14-15:in_progress;32365847800:LANTERN v7 untouched official Toy holdout 18-19:in_progress;32365761503:CAMI III LANTERN v4 corrected untouched holdout 14-15:in_progress;32364881967:CAMI III LANTERN v4 corrected untouched holdout 14-15:in_progress
2026-08-20T14:19:12.149515+00:00	95	7	32368276602:LANTERN global versus pair coassembly finalizer:in_progress;32366268605:LANTERN v7 untouched official Toy holdout 18-19:queued;32366101004:LANTERN terminal evidence closer:in_progress;32366100661:CAMI III LANTERN v4 corrected untouched holdout 14-15:in_progress;32365847800:LANTERN v7 untouched official Toy holdout 18-19:in_progress;32365761503:CAMI III LANTERN v4 corrected untouched holdout 14-15:in_progress;32364881967:CAMI III LANTERN v4 corrected untouched holdout 14-15:in_progress
2026-08-20T14:20:14.111518+00:00	96	7	32368276602:LANTERN global versus pair coassembly finalizer:in_progress;32366268605:LANTERN v7 untouched official Toy holdout 18-19:in_progress;32366101004:LANTERN terminal evidence closer:in_progress;32366100661:CAMI III LANTERN v4 corrected untouched holdout 14-15:in_progress;32365847800:LANTERN v7 untouched official Toy holdout 18-19:in_progress;32365761503:CAMI III LANTERN v4 corrected untouched holdout 14-15:in_progress;32364881967:CAMI III LANTERN v4 corrected untouched holdout 14-15:in_progress
2026-08-20T14:21:16.145414+00:00	97	7	32368276602:LANTERN global versus pair coassembly finalizer:in_progress;32366268605:LANTERN v7 untouched official Toy holdout 18-19:in_progress;32366101004:LANTERN terminal evidence closer:in_progress;32366100661:CAMI III LANTERN v4 corrected untouched holdout 14-15:in_progress;32365847800:LANTERN v7 untouched official Toy holdout 18-19:in_progress;32365761503:CAMI III LANTERN v4 corrected untouched holdout 14-15:in_progress;32364881967:CAMI III LANTERN v4 corrected untouched holdout 14-15:in_progress
2026-08-20T14:22:18.039226+00:00	98	7	32368276602:LANTERN global versus pair coassembly finalizer:in_progress;32366268605:LANTERN v7 untouched official Toy holdout 18-19:in_progress;32366101004:LANTERN terminal evidence closer:in_progress;32366100661:CAMI III LANTERN v4 corrected untouched holdout 14-15:in_progress;32365847800:LANTERN v7 untouched official Toy holdout 18-19:in_progress;32365761503:CAMI III LANTERN v4 corrected untouched holdout 14-15:in_progress;32364881967:CAMI III LANTERN v4 corrected untouched holdout 14-15:in_progress
2026-08-20T14:23:20.408577+00:00	99	7	32368276602:LANTERN global versus pair coassembly finalizer:in_progress;32366268605:LANTERN v7 untouched official Toy holdout 18-19:in_progress;32366101004:LANTERN terminal evidence closer:in_progress;32366100661:CAMI III LANTERN v4 corrected untouched holdout 14-15:in_progress;32365847800:LANTERN v7 untouched official Toy holdout 18-19:in_progress;32365761503:CAMI III LANTERN v4 corrected untouched holdout 14-15:in_progress;32364881967:CAMI III LANTERN v4 corrected untouched holdout 14-15:in_progress
2026-08-20T14:24:22.364809+00:00	100	7	32368276602:LANTERN global versus pair coassembly finalizer:in_progress;32366268605:LANTERN v7 untouched official Toy holdout 18-19:in_progress;32366101004:LANTERN terminal evidence closer:in_progress;32366100661:CAMI III LANTERN v4 corrected untouched holdout 14-15:in_progress;32365847800:LANTERN v7 untouched official Toy holdout 18-19:in_progress;32365761503:CAMI III LANTERN v4 corrected untouched holdout 14-15:in_progress;32364881967:CAMI III LANTERN v4 corrected untouched holdout 14-15:in_progress
2026-08-20T14:25:24.523684+00:00	101	6	32368276602:LANTERN global versus pair coassembly finalizer:in_progress;32366268605:LANTERN v7 untouched official Toy holdout 18-19:in_progress;32366101004:LANTERN terminal evidence closer:in_progress;32366100661:CAMI III LANTERN v4 corrected untouched holdout 14-15:in_progress;32365761503:CAMI III LANTERN v4 corrected untouched holdout 14-15:in_progress;32364881967:CAMI III LANTERN v4 corrected untouched holdout 14-15:in_progress
2026-08-20T14:26:26.598704+00:00	102	6	32368276602:LANTERN global versus pair coassembly finalizer:in_progress;32366268605:LANTERN v7 untouched official Toy holdout 18-19:in_progress;32366101004:LANTERN terminal evidence closer:in_progress;32366100661:CAMI III LANTERN v4 corrected untouched holdout 14-15:in_progress;32365761503:CAMI III LANTERN v4 corrected untouched holdout 14-15:in_progress;32364881967:CAMI III LANTERN v4 corrected untouched holdout 14-15:in_progress
2026-08-20T14:27:28.404085+00:00	103	6	32368276602:LANTERN global versus pair coassembly finalizer:in_progress;32366268605:LANTERN v7 untouched official Toy holdout 18-19:in_progress;32366101004:LANTERN terminal evidence closer:in_progress;32366100661:CAMI III LANTERN v4 corrected untouched holdout 14-15:in_progress;32365761503:CAMI III LANTERN v4 corrected untouched holdout 14-15:in_progress;32364881967:CAMI III LANTERN v4 corrected untouched holdout 14-15:in_progress
2026-08-20T14:28:30.179223+00:00	104	6	32368276602:LANTERN global versus pair coassembly finalizer:in_progress;32366268605:LANTERN v7 untouched official Toy holdout 18-19:in_progress;32366101004:LANTERN terminal evidence closer:in_progress;32366100661:CAMI III LANTERN v4 corrected untouched holdout 14-15:in_progress;32365761503:CAMI III LANTERN v4 corrected untouched holdout 14-15:in_progress;32364881967:CAMI III LANTERN v4 corrected untouched holdout 14-15:in_progress
2026-08-20T14:29:32.279419+00:00	105	6	32368276602:LANTERN global versus pair coassembly finalizer:in_progress;32366268605:LANTERN v7 untouched official Toy holdout 18-19:in_progress;32366101004:LANTERN terminal evidence closer:in_progress;32366100661:CAMI III LANTERN v4 corrected untouched holdout 14-15:in_progress;32365761503:CAMI III LANTERN v4 corrected untouched holdout 14-15:in_progress;32364881967:CAMI III LANTERN v4 corrected untouched holdout 14-15:in_progress
2026-08-20T14:30:33.961970+00:00	106	6	32368276602:LANTERN global versus pair coassembly finalizer:in_progress;32366268605:LANTERN v7 untouched official Toy holdout 18-19:in_progress;32366101004:LANTERN terminal evidence closer:in_progress;32366100661:CAMI III LANTERN v4 corrected untouched holdout 14-15:in_progress;32365761503:CAMI III LANTERN v4 corrected untouched holdout 14-15:in_progress;32364881967:CAMI III LANTERN v4 corrected untouched holdout 14-15:in_progress
2026-08-20T14:31:36.100299+00:00	107	6	32368276602:LANTERN global versus pair coassembly finalizer:in_progress;32366268605:LANTERN v7 untouched official Toy holdout 18-19:in_progress;32366101004:LANTERN terminal evidence closer:in_progress;32366100661:CAMI III LANTERN v4 corrected untouched holdout 14-15:in_progress;32365761503:CAMI III LANTERN v4 corrected untouched holdout 14-15:in_progress;32364881967:CAMI III LANTERN v4 corrected untouched holdout 14-15:in_progress
2026-08-20T14:32:38.357045+00:00	108	6	32368276602:LANTERN global versus pair coassembly finalizer:in_progress;32366268605:LANTERN v7 untouched official Toy holdout 18-19:in_progress;32366101004:LANTERN terminal evidence closer:in_progress;32366100661:CAMI III LANTERN v4 corrected untouched holdout 14-15:in_progress;32365761503:CAMI III LANTERN v4 corrected untouched holdout 14-15:in_progress;32364881967:CAMI III LANTERN v4 corrected untouched holdout 14-15:in_progress
2026-08-20T14:33:40.497145+00:00	109	5	32368276602:LANTERN global versus pair coassembly finalizer:in_progress;32366268605:LANTERN v7 untouched official Toy holdout 18-19:in_progress;32366101004:LANTERN terminal evidence closer:in_progress;32366100661:CAMI III LANTERN v4 corrected untouched holdout 14-15:in_progress;32365761503:CAMI III LANTERN v4 corrected untouched holdout 14-15:in_progress
2026-08-20T14:34:42.221106+00:00	110	5	32368276602:LANTERN global versus pair coassembly finalizer:in_progress;32366268605:LANTERN v7 untouched official Toy holdout 18-19:in_progress;32366101004:LANTERN terminal evidence closer:in_progress;32366100661:CAMI III LANTERN v4 corrected untouched holdout 14-15:in_progress;32365761503:CAMI III LANTERN v4 corrected untouched holdout 14-15:in_progress
2026-08-20T14:35:44.254679+00:00	111	4	32368276602:LANTERN global versus pair coassembly finalizer:in_progress;32366101004:LANTERN terminal evidence closer:in_progress;32366100661:CAMI III LANTERN v4 corrected untouched holdout 14-15:in_progress;32365761503:CAMI III LANTERN v4 corrected untouched holdout 14-15:in_progress
2026-08-20T14:36:46.127173+00:00	112	4	32368276602:LANTERN global versus pair coassembly finalizer:in_progress;32366101004:LANTERN terminal evidence closer:in_progress;32366100661:CAMI III LANTERN v4 corrected untouched holdout 14-15:in_progress;32365761503:CAMI III LANTERN v4 corrected untouched holdout 14-15:in_progress
2026-08-20T14:37:48.179006+00:00	113	4	32368276602:LANTERN global versus pair coassembly finalizer:in_progress;32366101004:LANTERN terminal evidence closer:in_progress;32366100661:CAMI III LANTERN v4 corrected untouched holdout 14-15:in_progress;32365761503:CAMI III LANTERN v4 corrected untouched holdout 14-15:in_progress
2026-08-20T14:38:50.385713+00:00	114	4	32368276602:LANTERN global versus pair coassembly finalizer:in_progress;32366101004:LANTERN terminal evidence closer:in_progress;32366100661:CAMI III LANTERN v4 corrected untouched holdout 14-15:in_progress;32365761503:CAMI III LANTERN v4 corrected untouched holdout 14-15:in_progress
2026-08-20T14:39:52.345343+00:00	115	4	32368276602:LANTERN global versus pair coassembly finalizer:in_progress;32366101004:LANTERN terminal evidence closer:in_progress;32366100661:CAMI III LANTERN v4 corrected untouched holdout 14-15:in_progress;32365761503:CAMI III LANTERN v4 corrected untouched holdout 14-15:in_progress
2026-08-20T14:40:54.554889+00:00	116	4	32368276602:LANTERN global versus pair coassembly finalizer:in_progress;32366101004:LANTERN terminal evidence closer:in_progress;32366100661:CAMI III LANTERN v4 corrected untouched holdout 14-15:in_progress;32365761503:CAMI III LANTERN v4 corrected untouched holdout 14-15:in_progress
2026-08-20T14:41:56.863841+00:00	117	4	32368276602:LANTERN global versus pair coassembly finalizer:in_progress;32366101004:LANTERN terminal evidence closer:in_progress;32366100661:CAMI III LANTERN v4 corrected untouched holdout 14-15:in_progress;32365761503:CAMI III LANTERN v4 corrected untouched holdout 14-15:in_progress
2026-08-20T14:42:59.123759+00:00	118	4	32368276602:LANTERN global versus pair coassembly finalizer:in_progress;32366101004:LANTERN terminal evidence closer:in_progress;32366100661:CAMI III LANTERN v4 corrected untouched holdout 14-15:in_progress;32365761503:CAMI III LANTERN v4 corrected untouched holdout 14-15:in_progress
2026-08-20T14:44:01.165673+00:00	119	4	32368276602:LANTERN global versus pair coassembly finalizer:in_progress;32366101004:LANTERN terminal evidence closer:in_progress;32366100661:CAMI III LANTERN v4 corrected untouched holdout 14-15:in_progress;32365761503:CAMI III LANTERN v4 corrected untouched holdout 14-15:in_progress
2026-08-20T14:45:03.187244+00:00	120	3	32368276602:LANTERN global versus pair coassembly finalizer:in_progress;32366101004:LANTERN terminal evidence closer:in_progress;32366100661:CAMI III LANTERN v4 corrected untouched holdout 14-15:in_progress
2026-08-20T14:46:05.329186+00:00	121	3	32368276602:LANTERN global versus pair coassembly finalizer:in_progress;32366101004:LANTERN terminal evidence closer:in_progress;32366100661:CAMI III LANTERN v4 corrected untouched holdout 14-15:in_progress
2026-08-20T14:47:07.147178+00:00	122	3	32368276602:LANTERN global versus pair coassembly finalizer:in_progress;32366101004:LANTERN terminal evidence closer:in_progress;32366100661:CAMI III LANTERN v4 corrected untouched holdout 14-15:in_progress
2026-08-20T14:48:08.978768+00:00	123	3	32368276602:LANTERN global versus pair coassembly finalizer:in_progress;32366101004:LANTERN terminal evidence closer:in_progress;32366100661:CAMI III LANTERN v4 corrected untouched holdout 14-15:in_progress
2026-08-20T14:49:10.908990+00:00	124	3	32368276602:LANTERN global versus pair coassembly finalizer:in_progress;32366101004:LANTERN terminal evidence closer:in_progress;32366100661:CAMI III LANTERN v4 corrected untouched holdout 14-15:in_progress
2026-08-20T14:50:12.954580+00:00	125	3	32368276602:LANTERN global versus pair coassembly finalizer:in_progress;32366101004:LANTERN terminal evidence closer:in_progress;32366100661:CAMI III LANTERN v4 corrected untouched holdout 14-15:in_progress
2026-08-20T14:51:15.025930+00:00	126	2	32368276602:LANTERN global versus pair coassembly finalizer:in_progress;32366101004:LANTERN terminal evidence closer:in_progress
2026-08-20T14:52:17.251366+00:00	127	2	32368276602:LANTERN global versus pair coassembly finalizer:in_progress;32366101004:LANTERN terminal evidence closer:in_progress
2026-08-20T14:53:19.056711+00:00	128	2	32368276602:LANTERN global versus pair coassembly finalizer:in_progress;32366101004:LANTERN terminal evidence closer:in_progress
2026-08-20T14:54:21.051706+00:00	129	2	32368276602:LANTERN global versus pair coassembly finalizer:in_progress;32366101004:LANTERN terminal evidence closer:in_progress
2026-08-20T14:55:23.062668+00:00	130	2	32368276602:LANTERN global versus pair coassembly finalizer:in_progress;32366101004:LANTERN terminal evidence closer:in_progress
2026-08-20T14:56:25.092544+00:00	131	2	32368276602:LANTERN global versus pair coassembly finalizer:in_progress;32366101004:LANTERN terminal evidence closer:in_progress
2026-08-20T14:57:27.164518+00:00	132	2	32368276602:LANTERN global versus pair coassembly finalizer:in_progress;32366101004:LANTERN terminal evidence closer:in_progress
2026-08-20T14:58:29.224699+00:00	133	2	32368276602:LANTERN global versus pair coassembly finalizer:in_progress;32366101004:LANTERN terminal evidence closer:in_progress
2026-08-20T14:59:31.240376+00:00	134	2	32368276602:LANTERN global versus pair coassembly finalizer:in_progress;32366101004:LANTERN terminal evidence closer:in_progress
2026-08-20T15:00:34.784507+00:00	135	2	32368276602:LANTERN global versus pair coassembly finalizer:in_progress;32366101004:LANTERN terminal evidence closer:in_progress
2026-08-20T15:01:36.776746+00:00	136	2	32368276602:LANTERN global versus pair coassembly finalizer:in_progress;32366101004:LANTERN terminal evidence closer:in_progress
2026-08-20T15:02:38.721458+00:00	137	1	32366101004:LANTERN terminal evidence closer:in_progress
2026-08-20T15:03:41.053108+00:00	138	1	32366101004:LANTERN terminal evidence closer:in_progress
2026-08-20T15:04:43.466005+00:00	139	1	32366101004:LANTERN terminal evidence closer:in_progress
2026-08-20T15:05:45.549363+00:00	140	1	32366101004:LANTERN terminal evidence closer:in_progress
2026-08-20T15:06:47.754610+00:00	141	1	32366101004:LANTERN terminal evidence closer:in_progress
2026-08-20T15:07:50.028752+00:00	142	1	32366101004:LANTERN terminal evidence closer:in_progress
2026-08-20T15:08:52.063645+00:00	143	1	32366101004:LANTERN terminal evidence closer:in_progress
2026-08-20T15:09:54.057882+00:00	144	1	32366101004:LANTERN terminal evidence closer:in_progress
2026-08-20T15:10:56.176138+00:00	145	1	32366101004:LANTERN terminal evidence closer:in_progress
2026-08-20T15:11:58.185638+00:00	146	1	32366101004:LANTERN terminal evidence closer:in_progress
2026-08-20T15:13:00.295604+00:00	147	1	32366101004:LANTERN terminal evidence closer:in_progress
2026-08-20T15:14:02.338543+00:00	148	1	32366101004:LANTERN terminal evidence closer:in_progress
2026-08-20T15:15:04.361486+00:00	149	1	32366101004:LANTERN terminal evidence closer:in_progress
2026-08-20T15:16:06.631191+00:00	150	1	32366101004:LANTERN terminal evidence closer:in_progress
2026-08-20T15:17:08.734661+00:00	151	1	32366101004:LANTERN terminal evidence closer:in_progress
2026-08-20T15:18:11.045432+00:00	152	1	32366101004:LANTERN terminal evidence closer:in_progress
2026-08-20T15:19:13.042867+00:00	153	1	32366101004:LANTERN terminal evidence closer:in_progress
2026-08-20T15:20:15.227191+00:00	154	1	32366101004:LANTERN terminal evidence closer:in_progress
2026-08-20T15:21:17.302303+00:00	155	1	32366101004:LANTERN terminal evidence closer:in_progress
2026-08-20T15:22:19.263678+00:00	156	1	32366101004:LANTERN terminal evidence closer:in_progress
2026-08-20T15:23:21.270267+00:00	157	1	32366101004:LANTERN terminal evidence closer:in_progress
2026-08-20T15:24:23.383888+00:00	158	1	32366101004:LANTERN terminal evidence closer:in_progress
2026-08-20T15:25:25.946237+00:00	159	1	32366101004:LANTERN terminal evidence closer:in_progress
2026-08-20T15:26:27.924082+00:00	160	1	32366101004:LANTERN terminal evidence closer:in_progress
2026-08-20T15:27:29.863897+00:00	161	1	32366101004:LANTERN terminal evidence closer:in_progress
2026-08-20T15:28:31.849658+00:00	162	1	32366101004:LANTERN terminal evidence closer:in_progress
2026-08-20T15:29:33.853052+00:00	163	1	32366101004:LANTERN terminal evidence closer:in_progress
2026-08-20T15:30:35.840443+00:00	164	9	32386552798:CAMI III LANTERN Toy pair deterministic downsample v1:queued;32386552787:CAMI III LANTERN resume frozen Toy gold evaluation:queued;32386552692:CAMI III LANTERN additive-rescue development audit:queued;32386552678:CAMI III LANTERN synthetic integration tests:queued;32386552657:CAMI III LANTERN v5 precision-filter holdout 14-15:queued;32386552655:CAMI III LANTERN high-depth metaMDBG development:queued;32386552623:CAMI III LANTERN additive-rescue untouched holdout 10-11:queued;32386552602:CAMI III LANTERN v4 hybrid-backbone development:queued;32366101004:LANTERN terminal evidence closer:in_progress
2026-08-20T15:31:38.012702+00:00	165	13	32386569764:CAMI III LANTERN v4 hybrid-backbone development:in_progress;32386552975:CAMI III LANTERN v4 corrected untouched holdout 14-15:queued;32386552836:CAMI III LANTERN metaMDBG long-read development benchmark:queued;32386552817:CAMI III LANTERN metaMDBG holdout 14-15 baseline:queued;32386552810:CAMI III LANTERN Toy short-read benchmark:in_progress;32386552798:CAMI III LANTERN Toy pair deterministic downsample v1:queued;32386552787:CAMI III LANTERN resume frozen Toy gold evaluation:in_progress;32386552692:CAMI III LANTERN additive-rescue development audit:in_progress;32386552657:CAMI III LANTERN v5 precision-filter holdout 14-15:queued;32386552655:CAMI III LANTERN high-depth metaMDBG development:in_progress;32386552623:CAMI III LANTERN additive-rescue untouched holdout 10-11:in_progress;32386552602:CAMI III LANTERN v4 hybrid-backbone development:queued;32366101004:LANTERN terminal evidence closer:in_progress
2026-08-20T15:32:40.141381+00:00	166	12	32386569764:CAMI III LANTERN v4 hybrid-backbone development:in_progress;32386552975:CAMI III LANTERN v4 corrected untouched holdout 14-15:queued;32386552836:CAMI III LANTERN metaMDBG long-read development benchmark:queued;32386552817:CAMI III LANTERN metaMDBG holdout 14-15 baseline:queued;32386552810:CAMI III LANTERN Toy short-read benchmark:in_progress;32386552798:CAMI III LANTERN Toy pair deterministic downsample v1:queued;32386552787:CAMI III LANTERN resume frozen Toy gold evaluation:in_progress;32386552692:CAMI III LANTERN additive-rescue development audit:in_progress;32386552655:CAMI III LANTERN high-depth metaMDBG development:in_progress;32386552623:CAMI III LANTERN additive-rescue untouched holdout 10-11:in_progress;32386552602:CAMI III LANTERN v4 hybrid-backbone development:in_progress;32366101004:LANTERN terminal evidence closer:in_progress
2026-08-20T15:33:42.253856+00:00	167	12	32386569764:CAMI III LANTERN v4 hybrid-backbone development:in_progress;32386552975:CAMI III LANTERN v4 corrected untouched holdout 14-15:queued;32386552836:CAMI III LANTERN metaMDBG long-read development benchmark:queued;32386552817:CAMI III LANTERN metaMDBG holdout 14-15 baseline:in_progress;32386552810:CAMI III LANTERN Toy short-read benchmark:in_progress;32386552798:CAMI III LANTERN Toy pair deterministic downsample v1:in_progress;32386552787:CAMI III LANTERN resume frozen Toy gold evaluation:in_progress;32386552692:CAMI III LANTERN additive-rescue development audit:in_progress;32386552655:CAMI III LANTERN high-depth metaMDBG development:in_progress;32386552623:CAMI III LANTERN additive-rescue untouched holdout 10-11:in_progress;32386552602:CAMI III LANTERN v4 hybrid-backbone development:in_progress;32366101004:LANTERN terminal evidence closer:in_progress
2026-08-20T15:34:44.127448+00:00	168	11	32386569764:CAMI III LANTERN v4 hybrid-backbone development:in_progress;32386552975:CAMI III LANTERN v4 corrected untouched holdout 14-15:in_progress;32386552836:CAMI III LANTERN metaMDBG long-read development benchmark:queued;32386552810:CAMI III LANTERN Toy short-read benchmark:in_progress;32386552798:CAMI III LANTERN Toy pair deterministic downsample v1:in_progress;32386552787:CAMI III LANTERN resume frozen Toy gold evaluation:in_progress;32386552692:CAMI III LANTERN additive-rescue development audit:in_progress;32386552655:CAMI III LANTERN high-depth metaMDBG development:in_progress;32386552623:CAMI III LANTERN additive-rescue untouched holdout 10-11:in_progress;32386552602:CAMI III LANTERN v4 hybrid-backbone development:in_progress;32366101004:LANTERN terminal evidence closer:in_progress
2026-08-20T15:35:46.668283+00:00	169	10	32386569764:CAMI III LANTERN v4 hybrid-backbone development:in_progress;32386552975:CAMI III LANTERN v4 corrected untouched holdout 14-15:in_progress;32386552836:CAMI III LANTERN metaMDBG long-read development benchmark:in_progress;32386552810:CAMI III LANTERN Toy short-read benchmark:in_progress;32386552798:CAMI III LANTERN Toy pair deterministic downsample v1:in_progress;32386552787:CAMI III LANTERN resume frozen Toy gold evaluation:in_progress;32386552655:CAMI III LANTERN high-depth metaMDBG development:in_progress;32386552623:CAMI III LANTERN additive-rescue untouched holdout 10-11:in_progress;32386552602:CAMI III LANTERN v4 hybrid-backbone development:in_progress;32366101004:LANTERN terminal evidence closer:in_progress
2026-08-20T15:36:48.667193+00:00	170	8	32386569764:CAMI III LANTERN v4 hybrid-backbone development:in_progress;32386552975:CAMI III LANTERN v4 corrected untouched holdout 14-15:in_progress;32386552810:CAMI III LANTERN Toy short-read benchmark:in_progress;32386552798:CAMI III LANTERN Toy pair deterministic downsample v1:in_progress;32386552655:CAMI III LANTERN high-depth metaMDBG development:in_progress;32386552623:CAMI III LANTERN additive-rescue untouched holdout 10-11:in_progress;32386552602:CAMI III LANTERN v4 hybrid-backbone development:in_progress;32366101004:LANTERN terminal evidence closer:in_progress
2026-08-20T15:37:50.844402+00:00	171	8	32386569764:CAMI III LANTERN v4 hybrid-backbone development:in_progress;32386552975:CAMI III LANTERN v4 corrected untouched holdout 14-15:in_progress;32386552810:CAMI III LANTERN Toy short-read benchmark:in_progress;32386552798:CAMI III LANTERN Toy pair deterministic downsample v1:in_progress;32386552655:CAMI III LANTERN high-depth metaMDBG development:in_progress;32386552623:CAMI III LANTERN additive-rescue untouched holdout 10-11:in_progress;32386552602:CAMI III LANTERN v4 hybrid-backbone development:in_progress;32366101004:LANTERN terminal evidence closer:in_progress
2026-08-20T15:38:52.753022+00:00	172	8	32386569764:CAMI III LANTERN v4 hybrid-backbone development:in_progress;32386552975:CAMI III LANTERN v4 corrected untouched holdout 14-15:in_progress;32386552810:CAMI III LANTERN Toy short-read benchmark:in_progress;32386552798:CAMI III LANTERN Toy pair deterministic downsample v1:in_progress;32386552655:CAMI III LANTERN high-depth metaMDBG development:in_progress;32386552623:CAMI III LANTERN additive-rescue untouched holdout 10-11:in_progress;32386552602:CAMI III LANTERN v4 hybrid-backbone development:in_progress;32366101004:LANTERN terminal evidence closer:in_progress
2026-08-20T15:39:54.537024+00:00	173	21	32387381818:CAMI III LANTERN resume frozen Toy gold evaluation:in_progress;32387381813:CAMI III LANTERN Toy pair deterministic downsample v1:queued;32387381788:CAMI III LANTERN metaMDBG holdout 14-15 baseline:queued;32387381744:CAMI III LANTERN v5 precision-filter holdout 14-15:queued;32387381710:CAMI III LANTERN high-depth metaMDBG development:queued;32387381691:CAMI III LANTERN additive-rescue development audit:queued;32387381616:CAMI III LANTERN additive-rescue untouched holdout 10-11:queued;32387381615:CAMI III LANTERN synthetic integration tests:queued;32387381596:Repair and dispatch CAMI III LANTERN v4:queued;32387381573:CAMI III LANTERN v4 corrected untouched holdout 14-15:queued;32387381548:CAMI III LANTERN Toy short-read benchmark:queued;32387381529:CAMI III LANTERN metaMDBG long-read development benchmark:in_progress;32387381505:CAMI III LANTERN v4 hybrid-backbone development:in_progress;32386569764:CAMI III LANTERN v4 hybrid-backbone development:in_progress;32386552975:CAMI III LANTERN v4 corrected untouched holdout 14-15:in_progress;32386552810:CAMI III LANTERN Toy short-read benchmark:in_progress;32386552798:CAMI III LANTERN Toy pair deterministic downsample v1:in_progress;32386552655:CAMI III LANTERN high-depth metaMDBG development:in_progress;32386552623:CAMI III LANTERN additive-rescue untouched holdout 10-11:in_progress;32386552602:CAMI III LANTERN v4 hybrid-backbone development:in_progress;32366101004:LANTERN terminal evidence closer:in_progress
2026-08-20T15:40:56.808920+00:00	174	21	32387524642:CAMI III LANTERN v4 hybrid-backbone development:queued;32387381818:CAMI III LANTERN resume frozen Toy gold evaluation:in_progress;32387381813:CAMI III LANTERN Toy pair deterministic downsample v1:queued;32387381788:CAMI III LANTERN metaMDBG holdout 14-15 baseline:queued;32387381744:CAMI III LANTERN v5 precision-filter holdout 14-15:queued;32387381710:CAMI III LANTERN high-depth metaMDBG development:queued;32387381691:CAMI III LANTERN additive-rescue development audit:queued;32387381616:CAMI III LANTERN additive-rescue untouched holdout 10-11:queued;32387381615:CAMI III LANTERN synthetic integration tests:queued;32387381573:CAMI III LANTERN v4 corrected untouched holdout 14-15:queued;32387381548:CAMI III LANTERN Toy short-read benchmark:queued;32387381529:CAMI III LANTERN metaMDBG long-read development benchmark:queued;32387381505:CAMI III LANTERN v4 hybrid-backbone development:in_progress;32386569764:CAMI III LANTERN v4 hybrid-backbone development:in_progress;32386552975:CAMI III LANTERN v4 corrected untouched holdout 14-15:in_progress;32386552810:CAMI III LANTERN Toy short-read benchmark:in_progress;32386552798:CAMI III LANTERN Toy pair deterministic downsample v1:in_progress;32386552655:CAMI III LANTERN high-depth metaMDBG development:in_progress;32386552623:CAMI III LANTERN additive-rescue untouched holdout 10-11:in_progress;32386552602:CAMI III LANTERN v4 hybrid-backbone development:in_progress;32366101004:LANTERN terminal evidence closer:in_progress
2026-08-20T15:41:59.111037+00:00	175	21	32387524642:CAMI III LANTERN v4 hybrid-backbone development:queued;32387381818:CAMI III LANTERN resume frozen Toy gold evaluation:in_progress;32387381813:CAMI III LANTERN Toy pair deterministic downsample v1:queued;32387381788:CAMI III LANTERN metaMDBG holdout 14-15 baseline:queued;32387381744:CAMI III LANTERN v5 precision-filter holdout 14-15:queued;32387381710:CAMI III LANTERN high-depth metaMDBG development:queued;32387381691:CAMI III LANTERN additive-rescue development audit:queued;32387381616:CAMI III LANTERN additive-rescue untouched holdout 10-11:queued;32387381615:CAMI III LANTERN synthetic integration tests:queued;32387381573:CAMI III LANTERN v4 corrected untouched holdout 14-15:queued;32387381548:CAMI III LANTERN Toy short-read benchmark:queued;32387381529:CAMI III LANTERN metaMDBG long-read development benchmark:queued;32387381505:CAMI III LANTERN v4 hybrid-backbone development:in_progress;32386569764:CAMI III LANTERN v4 hybrid-backbone development:in_progress;32386552975:CAMI III LANTERN v4 corrected untouched holdout 14-15:in_progress;32386552810:CAMI III LANTERN Toy short-read benchmark:in_progress;32386552798:CAMI III LANTERN Toy pair deterministic downsample v1:in_progress;32386552655:CAMI III LANTERN high-depth metaMDBG development:in_progress;32386552623:CAMI III LANTERN additive-rescue untouched holdout 10-11:in_progress;32386552602:CAMI III LANTERN v4 hybrid-backbone development:in_progress;32366101004:LANTERN terminal evidence closer:in_progress
2026-08-20T15:43:01.424808+00:00	176	20	32387524642:CAMI III LANTERN v4 hybrid-backbone development:queued;32387381818:CAMI III LANTERN resume frozen Toy gold evaluation:in_progress;32387381813:CAMI III LANTERN Toy pair deterministic downsample v1:queued;32387381788:CAMI III LANTERN metaMDBG holdout 14-15 baseline:queued;32387381744:CAMI III LANTERN v5 precision-filter holdout 14-15:queued;32387381710:CAMI III LANTERN high-depth metaMDBG development:queued;32387381691:CAMI III LANTERN additive-rescue development audit:queued;32387381616:CAMI III LANTERN additive-rescue untouched holdout 10-11:queued;32387381615:CAMI III LANTERN synthetic integration tests:queued;32387381573:CAMI III LANTERN v4 corrected untouched holdout 14-15:queued;32387381548:CAMI III LANTERN Toy short-read benchmark:queued;32387381529:CAMI III LANTERN metaMDBG long-read development benchmark:queued;32387381505:CAMI III LANTERN v4 hybrid-backbone development:in_progress;32386569764:CAMI III LANTERN v4 hybrid-backbone development:in_progress;32386552975:CAMI III LANTERN v4 corrected untouched holdout 14-15:in_progress;32386552810:CAMI III LANTERN Toy short-read benchmark:in_progress;32386552798:CAMI III LANTERN Toy pair deterministic downsample v1:in_progress;32386552655:CAMI III LANTERN high-depth metaMDBG development:in_progress;32386552623:CAMI III LANTERN additive-rescue untouched holdout 10-11:in_progress;32386552602:CAMI III LANTERN v4 hybrid-backbone development:in_progress
2026-08-20T15:44:03.478829+00:00	177	20	32387524642:CAMI III LANTERN v4 hybrid-backbone development:in_progress;32387381818:CAMI III LANTERN resume frozen Toy gold evaluation:in_progress;32387381813:CAMI III LANTERN Toy pair deterministic downsample v1:queued;32387381788:CAMI III LANTERN metaMDBG holdout 14-15 baseline:queued;32387381744:CAMI III LANTERN v5 precision-filter holdout 14-15:queued;32387381710:CAMI III LANTERN high-depth metaMDBG development:queued;32387381691:CAMI III LANTERN additive-rescue development audit:queued;32387381616:CAMI III LANTERN additive-rescue untouched holdout 10-11:queued;32387381615:CAMI III LANTERN synthetic integration tests:queued;32387381573:CAMI III LANTERN v4 corrected untouched holdout 14-15:queued;32387381548:CAMI III LANTERN Toy short-read benchmark:queued;32387381529:CAMI III LANTERN metaMDBG long-read development benchmark:queued;32387381505:CAMI III LANTERN v4 hybrid-backbone development:in_progress;32386569764:CAMI III LANTERN v4 hybrid-backbone development:in_progress;32386552975:CAMI III LANTERN v4 corrected untouched holdout 14-15:in_progress;32386552810:CAMI III LANTERN Toy short-read benchmark:in_progress;32386552798:CAMI III LANTERN Toy pair deterministic downsample v1:in_progress;32386552655:CAMI III LANTERN high-depth metaMDBG development:in_progress;32386552623:CAMI III LANTERN additive-rescue untouched holdout 10-11:in_progress;32386552602:CAMI III LANTERN v4 hybrid-backbone development:in_progress
2026-08-20T15:45:05.830724+00:00	178	18	32387524642:CAMI III LANTERN v4 hybrid-backbone development:in_progress;32387381813:CAMI III LANTERN Toy pair deterministic downsample v1:queued;32387381788:CAMI III LANTERN metaMDBG holdout 14-15 baseline:queued;32387381744:CAMI III LANTERN v5 precision-filter holdout 14-15:queued;32387381710:CAMI III LANTERN high-depth metaMDBG development:queued;32387381691:CAMI III LANTERN additive-rescue development audit:queued;32387381616:CAMI III LANTERN additive-rescue untouched holdout 10-11:queued;32387381615:CAMI III LANTERN synthetic integration tests:queued;32387381573:CAMI III LANTERN v4 corrected untouched holdout 14-15:queued;32387381548:CAMI III LANTERN Toy short-read benchmark:in_progress;32387381529:CAMI III LANTERN metaMDBG long-read development benchmark:queued;32387381505:CAMI III LANTERN v4 hybrid-backbone development:in_progress;32386569764:CAMI III LANTERN v4 hybrid-backbone development:in_progress;32386552975:CAMI III LANTERN v4 corrected untouched holdout 14-15:queued;32386552810:CAMI III LANTERN Toy short-read benchmark:in_progress;32386552655:CAMI III LANTERN high-depth metaMDBG development:in_progress;32386552623:CAMI III LANTERN additive-rescue untouched holdout 10-11:in_progress;32386552602:CAMI III LANTERN v4 hybrid-backbone development:in_progress
2026-08-20T15:46:07.970838+00:00	179	31	32388084044:LANTERN corrected mapping and submission freeze v2:queued;32388083994:CAMI III LANTERN v5 precision-filter holdout 14-15:queued;32388083981:CAMI III LANTERN v4 corrected untouched holdout 14-15:queued;32388083971:CAMI III LANTERN resume frozen Toy gold evaluation:queued;32388083968:CAMI III LANTERN Toy pair deterministic downsample v1:queued;32388083959:CAMI III LANTERN Toy short-read benchmark:queued;32388083951:CAMI III LANTERN metaMDBG long-read development benchmark:queued;32388083940:CAMI III LANTERN synthetic integration tests:queued;32388083890:CAMI III LANTERN v4 hybrid-backbone development:queued;32388083883:CAMI III LANTERN additive-rescue untouched holdout 10-11:queued;32388083877:CAMI III LANTERN additive-rescue development audit:queued;32388083797:CAMI III LANTERN high-depth metaMDBG development:queued;32388083722:CAMI III LANTERN metaMDBG holdout 14-15 baseline:queued;32388083697:Repair and dispatch CAMI III LANTERN v4:queued;32387524642:CAMI III LANTERN v4 hybrid-backbone development:in_progress;32387381813:CAMI III LANTERN Toy pair deterministic downsample v1:queued;32387381788:CAMI III LANTERN metaMDBG holdout 14-15 baseline:queued;32387381744:CAMI III LANTERN v5 precision-filter holdout 14-15:queued;32387381710:CAMI III LANTERN high-depth metaMDBG development:queued;32387381691:CAMI III LANTERN additive-rescue development audit:queued;32387381616:CAMI III LANTERN additive-rescue untouched holdout 10-11:queued;32387381573:CAMI III LANTERN v4 corrected untouched holdout 14-15:queued;32387381548:CAMI III LANTERN Toy short-read benchmark:in_progress;32387381529:CAMI III LANTERN metaMDBG long-read development benchmark:queued;32387381505:CAMI III LANTERN v4 hybrid-backbone development:in_progress;32386569764:CAMI III LANTERN v4 hybrid-backbone development:in_progress;32386552975:CAMI III LANTERN v4 corrected untouched holdout 14-15:queued;32386552810:CAMI III LANTERN Toy short-read benchmark:in_progress;32386552655:CAMI III LANTERN high-depth metaMDBG development:in_progress;32386552623:CAMI III LANTERN additive-rescue untouched holdout 10-11:in_progress;32386552602:CAMI III LANTERN v4 hybrid-backbone development:in_progress
2026-08-20T15:47:10.366462+00:00	180	31	32388084044:LANTERN corrected mapping and submission freeze v2:queued;32388083994:CAMI III LANTERN v5 precision-filter holdout 14-15:queued;32388083981:CAMI III LANTERN v4 corrected untouched holdout 14-15:queued;32388083971:CAMI III LANTERN resume frozen Toy gold evaluation:queued;32388083968:CAMI III LANTERN Toy pair deterministic downsample v1:queued;32388083959:CAMI III LANTERN Toy short-read benchmark:queued;32388083951:CAMI III LANTERN metaMDBG long-read development benchmark:queued;32388083940:CAMI III LANTERN synthetic integration tests:queued;32388083890:CAMI III LANTERN v4 hybrid-backbone development:queued;32388083883:CAMI III LANTERN additive-rescue untouched holdout 10-11:queued;32388083877:CAMI III LANTERN additive-rescue development audit:queued;32388083797:CAMI III LANTERN high-depth metaMDBG development:queued;32388083722:CAMI III LANTERN metaMDBG holdout 14-15 baseline:queued;32388083697:Repair and dispatch CAMI III LANTERN v4:queued;32387524642:CAMI III LANTERN v4 hybrid-backbone development:in_progress;32387381813:CAMI III LANTERN Toy pair deterministic downsample v1:queued;32387381788:CAMI III LANTERN metaMDBG holdout 14-15 baseline:queued;32387381744:CAMI III LANTERN v5 precision-filter holdout 14-15:queued;32387381710:CAMI III LANTERN high-depth metaMDBG development:queued;32387381691:CAMI III LANTERN additive-rescue development audit:in_progress;32387381616:CAMI III LANTERN additive-rescue untouched holdout 10-11:queued;32387381573:CAMI III LANTERN v4 corrected untouched holdout 14-15:queued;32387381548:CAMI III LANTERN Toy short-read benchmark:in_progress;32387381529:CAMI III LANTERN metaMDBG long-read development benchmark:queued;32387381505:CAMI III LANTERN v4 hybrid-backbone development:in_progress;32386569764:CAMI III LANTERN v4 hybrid-backbone development:in_progress;32386552975:CAMI III LANTERN v4 corrected untouched holdout 14-15:queued;32386552810:CAMI III LANTERN Toy short-read benchmark:in_progress;32386552655:CAMI III LANTERN high-depth metaMDBG development:in_progress;32386552623:CAMI III LANTERN additive-rescue untouched holdout 10-11:in_progress;32386552602:CAMI III LANTERN v4 hybrid-backbone development:in_progress
